row,title,author,publisher,year,language,source,file
1,"森林, 我们的母亲! -- 马共中央机关队成员霄鹏同志遗作汇编",,21世纪出版社 Twenty First Century Publication,2026,"[""Chinese""]",placeholder,"covers/2026_森林,_我们的母亲!_--_马共中央机关队成员霄鹏同志遗作汇编_PLACEHOLDER.jpg"
2,国内革命战争时期（五）-- 马共20个月反围剿胜利结束,,21世纪出版社 Twenty First Century Publication,2026,"[""Chinese""]",placeholder,covers/2026_国内革命战争时期（五）--_马共20个月反围剿胜利结束_PLACEHOLDER.jpg
3,抗日战争时期 (三) -- 抗日时期资料续编,,21世纪出版社 Penerbitan Abad Dua Puluh Satu,2026,"[""Chinese""]",placeholder,covers/2026_抗日战争时期_(三)_--_抗日时期资料续编_PLACEHOLDER.jpg
4,勿洞城外月如钩 -- 第十二支队指挥员梁希元同志遗作选编 (续),,21世纪出版社 Penerbitan Abad Dua Puluh Satu,2026,"[""Chinese""]",placeholder,covers/2026_勿洞城外月如钩_--_第十二支队指挥员梁希元同志遗作选编_(续)_PLACEHOLDER.jpg
5,Memoir Shamsiah Fakeh Dari Awas Ke Rejimen Ke-10,,Strategic Information And Research Development Centre (Sird),2026,"[""Malay""]",placeholder,covers/2026_Memoir_Shamsiah_Fakeh_Dari_Awas_Ke_Rejimen_Ke-10_PLACEHOLDER.jpg
6,参军出国边区下山 -- 军事干部宏胜同志回忆录,宏胜（刘志生）,21世纪出版社 Penerbitan Abad Dua Puluh Satu,2026,"[""Chinese""]",placeholder,covers/2026_参军出国边区下山_--_军事干部宏胜同志回忆录_PLACEHOLDER.jpg
7,抗日战争时期 (二) -- 马来亚人民抗日军光荣史,,21世纪出版社 Penerbitan Abad Dua Puluh Satu,2026,"[""Chinese""]",placeholder,covers/2026_抗日战争时期_(二)_--_马来亚人民抗日军光荣史_PLACEHOLDER.jpg
8,Komrad Asi (Rejimen 10) Dalam Denyut Nihilisme Sejarah,Aziz Suriani,Gerakbudaya Enterprise,2026,"[""Malay""]",placeholder,covers/2026_Komrad_Asi_(Rejimen_10)_Dalam_Denyut_Nihilisme_Sejarah_PLACEHOLDER.jpg
9,谁救了手雷女郎？ -- 马来亚紧急状态风云录,"Lei Zi Jian/ Looi Chee Kian, Chen Jian Dan Yang Shan Yong",I-Serdang Media Enterprise,2026,"[""Chinese""]",placeholder,covers/2026_谁救了手雷女郎？_--_马来亚紧急状态风云录_PLACEHOLDER.jpg
10,国内革命战争时期（一） -- 偃旗息鼓埋头苦干,,21世纪出版社 Penerbitan Abad Dua Puluh Satu,2026,"[""Chinese""]",placeholder,covers/2026_国内革命战争时期（一）_--_偃旗息鼓埋头苦干_PLACEHOLDER.jpg
11,霹雳河畔的战歌 -- 人民军第五突击队的战斗历程,,21世纪出版社 Penerbitan Abad Dua Puluh Satu,2026,"[""Chinese""]",placeholder,covers/2026_霹雳河畔的战歌_--_人民军第五突击队的战斗历程_PLACEHOLDER.jpg
12,Mao Zedong: China Dalam Dunia Abad Ke-20,Rebecca E. Karl/ Dian Saleh,Ibde Ilham Sdn. Bhd.,2026,"[""Malay""]",placeholder,covers/2026_Mao_Zedong_China_Dalam_Dunia_Abad_Ke-20_PLACEHOLDER.jpg
13,国内革命战争时期（四）-- 肃反与平反反党与分裂,,21世纪出版社 Twenty First Century Publication,2026,"[""Chinese""]",placeholder,covers/2026_国内革命战争时期（四）--_肃反与平反反党与分裂_PLACEHOLDER.jpg
14,国内革命战争时期 (二) -- 新方针重整旗鼓,,21世纪出版社 Penerbitan Abad Dua Puluh Satu,2026,"[""Chinese""]",placeholder,covers/2026_国内革命战争时期_(二)_--_新方针重整旗鼓_PLACEHOLDER.jpg
15,I'll Always Be With You,Monica Murphy,Penguin Random House,2026,"[""English""]",placeholder,covers/2026_I'll_Always_Be_With_You_PLACEHOLDER.jpg
16,Things I Wanted To Say,Monica Murphy,Penguin Random House,2026,"[""English""]",placeholder,covers/2026_Things_I_Wanted_To_Say_PLACEHOLDER.jpg
17,Things I Wanted To Say But Never Did,Monica Murphy,Penguin Random House,2026,"[""English""]",placeholder,covers/2026_Things_I_Wanted_To_Say_But_Never_Did_PLACEHOLDER.jpg
18,You Said I Was Your Favorite,Monica Murphy,Penguin Random House,2026,"[""English""]",placeholder,covers/2026_You_Said_I_Was_Your_Favorite_PLACEHOLDER.jpg
19,Eyes On Me,Sara Cate,Sourcebooks Casablanca,2026,"[""English""]",open_library,covers/2026_Eyes_On_Me.jpg
20,Play With Me,Becka Mack,Simon & Schuster (Australia) Pty Limited,2026,"[""English""]",open_library,covers/2026_Play_With_Me.jpg
21,Promises We Meant To Keep,Monica Murphy,Penguin Random House,2026,"[""English""]",open_library,covers/2026_Promises_We_Meant_To_Keep.jpg
22,Men Out Of Uniform,"Maya Banks, Sylvia Day Dan Karin Tabke",Penguin Group,2026,"[""English""]",placeholder,covers/2026_Men_Out_Of_Uniform_PLACEHOLDER.jpg
23,"It's Perfectly Normal Changing Bodies, Growing Up, Sex, Gender, And Sexual Health",Robie H. Harris Dan Michael Emberley,Candlewick Press,2026,"[""English""]",placeholder,"covers/2026_It's_Perfectly_Normal_Changing_Bodies,_Growing_Up,_Sex,_Gender,_And_Sexual_Health_PLACEHOLDER.jpg"
24,Permata Baiduri 3,Puteri Izma (Mohamad Abdul Hamid),Usnie Publisher,2026,"[""Malay""]",placeholder,covers/2026_Permata_Baiduri_3_PLACEHOLDER.jpg
25,Seni Nafkah Batin Permata Yang Hilang,Ibnu Yusof,"Penerbitan Al-Kafilah, Kota Bharu",2026,"[""Malay""]",placeholder,covers/2026_Seni_Nafkah_Batin_Permata_Yang_Hilang_PLACEHOLDER.jpg
26,Siapa Jodoh Anda?,Hatta Al Mukmin,Mukminin Publications,2026,"[""Malay""]",placeholder,covers/2026_Siapa_Jodoh_Anda_PLACEHOLDER.jpg
27,Sigandi,M. Navin/ Saravanan Satianandan,Buku Fixi Sdn. Bhd.,2026,"[""Malay""]",placeholder,covers/2026_Sigandi_PLACEHOLDER.jpg
28,My Shadow Is Purple,Scott Stuart,Larrikin House 2022,2025,"[""English""]",open_library,covers/2025_My_Shadow_Is_Purple.jpg
29,All That's Left In The World,Erik J. Brown,Balzer + Gray,2025,"[""English""]",open_library,covers/2025_All_That's_Left_In_The_World.jpg
30,Koleksi Puisi Masturbasi,Amir Hamzah Bin Akal Ali (Benz Ali),Orange Dove Sdn.Bhd.,2025,"[""Malay""]",placeholder,covers/2025_Koleksi_Puisi_Masturbasi_PLACEHOLDER.jpg
31,The Goal Of The Wise: The Gospel Of The Riser Of The Family Of Mohammed,Abdullah Hashem,The Ahmadi Religion Of Peace And Light,2025,"[""English""]",placeholder,covers/2025_The_Goal_Of_The_Wise_The_Gospel_Of_The_Riser_Of_The_Family_Of_Mohammed_PLACEHOLDER.jpg
32,Suka Duka Perjalanan Dhul-Qarnain Cyrus The Great Dan Iskandar Agung,,,2025,"[""Malay""]",placeholder,covers/2025_Suka_Duka_Perjalanan_Dhul-Qarnain_Cyrus_The_Great_Dan_Iskandar_Agung_PLACEHOLDER.jpg
33,"Love, Theoretically",Ali Hazelwood,"Sphere An Imprint Of Little, Brown Book Group",2025,"[""English""]",open_library,"covers/2025_Love,_Theoretically.jpg"
34,Darlingku Mr. Cold Mafia,Nur Firsha Nadia Binti Mohd Noor Kusairi (Shadhia),Penerbitan Kaki Novel Sdn.Bhd.,2025,"[""Malay""]",placeholder,covers/2025_Darlingku_Mr._Cold_Mafia_PLACEHOLDER.jpg
35,Tuan Ziyad: Forbidden Love,Bellesa,Idea Kreatif Publication,2025,"[""Malay""]",placeholder,covers/2025_Tuan_Ziyad_Forbidden_Love_PLACEHOLDER.jpg
36,Mischievous Killer,Amira Syuhairah Noradzan (Ariaseva),Fajar Pakeer Sdn.Bhd.,2025,"[""Malay""]",placeholder,covers/2025_Mischievous_Killer_PLACEHOLDER.jpg
37,The American Roommate Experiment,Elena Armas,Simon & Schuster Uk Ltd,2025,"[""English""]",open_library,covers/2025_The_American_Roommate_Experiment.jpg
38,Kougar 2,Shaz Johar,Buku Fixi Sdn.Bhd.,2025,"[""Malay""]",placeholder,covers/2025_Kougar_2_PLACEHOLDER.jpg
39,Suhuf Abraham,,,2025,"[""Malay""]",placeholder,covers/2025_Suhuf_Abraham_PLACEHOLDER.jpg
40,Chase Me,Tessa Bailey,Avon An Imprint Of Harpercollins Publisher,2025,"[""English""]",open_library,covers/2025_Chase_Me.jpg
41,Ammar Zahrain: The Obsessive Husband,Nssignature,Idea Kreatif Publication,2025,"[""Malay""]",placeholder,covers/2025_Ammar_Zahrain_The_Obsessive_Husband_PLACEHOLDER.jpg
42,Tales From Beyond The Rainbow,Pete Jordi Wood,Penguin Random House Uk,2025,"[""English""]",placeholder,covers/2025_Tales_From_Beyond_The_Rainbow_PLACEHOLDER.jpg
43,I Am Jazz,Jessica Herthel & Jazz Jennings,Penguin Group (Usa) Llc,2025,"[""English""]",placeholder,covers/2025_I_Am_Jazz_PLACEHOLDER.jpg
44,A Day In The Life Of Marlon Bundo,Marlon Bundo With Jill Twiss,Chronicle Books Llc,2025,"[""English""]",open_library,covers/2025_A_Day_In_The_Life_Of_Marlon_Bundo.jpg
45,The (Nearly) Teenage Boy's Guide To (Almost) Everything,Dr.Sharie Coombes,Autumn Publishing An Imprint Of Igloo Books Ltd.,2025,"[""English""]",placeholder,covers/2025_The_(Nearly)_Teenage_Boy's_Guide_To_(Almost)_Everything_PLACEHOLDER.jpg
46,The (Nearly) Teenage Girl's Guide To (Almost) Everything,Dr.Sharie Coombes,Autumn Publishing An Imprint Of Igloo Books Ltd.,2025,"[""English""]",placeholder,covers/2025_The_(Nearly)_Teenage_Girl's_Guide_To_(Almost)_Everything_PLACEHOLDER.jpg
47,Call Me By Your Name,Andre Aciman,Atlantic Books An Imprint Of Atlantic Books Ltd,2025,"[""English""]",open_library,covers/2025_Call_Me_By_Your_Name.jpg
48,Grandad's Camper,Harry Woodgate,Andersen Press Ltd.,2025,"[""English""]",open_library,covers/2025_Grandad's_Camper.jpg
49,Just By Looking At Him,Ryan O Connell,"Sphere An Imprint Of Little, Brown Book Group",2025,"[""English""]",placeholder,covers/2025_Just_By_Looking_At_Him_PLACEHOLDER.jpg
50,David Bowie Made Me Gay 100 Years Of Lgbt Music,Darryl W. Bullock,Duckworth Overlook,2025,"[""English""]",placeholder,covers/2025_David_Bowie_Made_Me_Gay_100_Years_Of_Lgbt_Music_PLACEHOLDER.jpg
51,Julian Is A Mermaid,Jessica Love,Walker Books Ltd.,2025,"[""English""]",open_library,covers/2025_Julian_Is_A_Mermaid.jpg
52,Punai,Asyraf Bakti,Buku Fixi Sdn.Bhd.,2024,"[""Malay""]",placeholder,covers/2024_Punai_PLACEHOLDER.jpg
53,Scattered Showers,Rainbow Rowell,Macmillan Children's Books,2024,"[""English""]",open_library,covers/2024_Scattered_Showers.jpg
54,Lose You To Find Me,Erik J. Brown,Balzer + Gray,2024,"[""English""]",open_library,covers/2024_Lose_You_To_Find_Me.jpg
55,What If It's Us,Becky Albertalli Dan Adam Silverra,Balzer + Gray,2024,"[""English""]",placeholder,covers/2024_What_If_It's_Us_PLACEHOLDER.jpg
56,When Everything Feels Like The Movies,Raziel Reid,Arsenal Pulp Press,2024,"[""English""]",open_library,covers/2024_When_Everything_Feels_Like_The_Movies.jpg
57,A Million Kisses In Your Lifetime,Monica Murphy,Penguin Books,2024,"[""English""]",open_library,covers/2024_A_Million_Kisses_In_Your_Lifetime.jpg
58,Aku,Shaz Johar,Buku Fixi Sdn Bhd,2023,"[""Malay""]",placeholder,covers/2023_Aku_PLACEHOLDER.jpg
59,Jacob's Room To Choose,Sarah And Ian Hoffman,Magination Press,2023,"[""English""]",placeholder,covers/2023_Jacob's_Room_To_Choose_PLACEHOLDER.jpg
60,The Tale Of Steven,Rebecca Sugar,Abrams,2023,"[""English""]",open_library,covers/2023_The_Tale_Of_Steven.jpg
61,"Apa-Apa Penerbitan Yang Berkaitan Dengan Lesbian, Gay, Bisexual, Transgender,Gueer And + Plus (Lgbtq+) Dalam Apa-Apa Bentuk Yang Terdapat Pada Jam Swatch Dalam Apa-Apa Koleksi Termasuk Kotak, ....",,Swatch Limited,2023,,placeholder,"covers/2023_Apa-Apa_Penerbitan_Yang_Berkaitan_Dengan_Lesbian,_Gay,_Bisexual,_Transgender,Gueer_And_+_Plus_(Lgbtq_PLACEHOLDER.jpg"
62,When I Was A Kid 3,Cheeming Boey,Grey Pigeon Sdn. Bhd.,2023,"[""English""]",placeholder,covers/2023_When_I_Was_A_Kid_3_PLACEHOLDER.jpg
63,Chelsia Amanda (Berdasarkan Kisah Benar),Mizs Flower,Bwb Production,2022,"[""Malay""]",placeholder,covers/2022_Chelsia_Amanda_(Berdasarkan_Kisah_Benar)_PLACEHOLDER.jpg
64,Cekik,Ridhwan Saidi,Buku Fixi Sdn Bhd,2022,"[""Malay""]",placeholder,covers/2022_Cekik_PLACEHOLDER.jpg
65,Heartstopper Volume 2,Alice Oseman,Hodder Children's Books,2022,"[""English""]",open_library,covers/2022_Heartstopper_Volume_2.jpg
66,Kama Sutra For 21St Century Lovers,Ann Hooper,Dorling Kindersley,2021,"[""English""]",placeholder,covers/2021_Kama_Sutra_For_21St_Century_Lovers_PLACEHOLDER.jpg
67,"Rebirth: Reformasi, Resistance, And Hope In New Malaysia",Kean Wong,Strategic Information And Research Development Centre,2020,"[""English""]",placeholder,"covers/2020_Rebirth_Reformasi,_Resistance,_And_Hope_In_New_Malaysia_PLACEHOLDER.jpg"
68,Atlas Of Military History,Dr Aaron Ralby,Parragon,2020,"[""English""]",placeholder,covers/2020_Atlas_Of_Military_History_PLACEHOLDER.jpg
69,Gay Is Ok! A Christian Perspective,Ngeo Boon Lin,Gerakbudaya Enterprise,2020,"[""English""]",placeholder,covers/2020_Gay_Is_Ok!_A_Christian_Perspective_PLACEHOLDER.jpg
70,Peichi,M.Navin,Penerbitan Vallinam,2020,"[""Tamil""]",placeholder,covers/2020_Peichi_PLACEHOLDER.jpg
71,Kamasutra: A Position A Day 365 Days A Year,Claudia Blake,Dorling Kindersley,2019,"[""English""]",placeholder,covers/2019_Kamasutra_A_Position_A_Day_365_Days_A_Year_PLACEHOLDER.jpg
72,Infernal Goatrashing Aggression,,Evil Dead Production,2019,"[""Malay""]",placeholder,covers/2019_Infernal_Goatrashing_Aggression_PLACEHOLDER.jpg
73,Hidden Agendas,Lora Leigh,St. Martin's Press,2018,"[""English""]",placeholder,covers/2018_Hidden_Agendas_PLACEHOLDER.jpg
74,Confesions: A Secret Diary,Amber Stephens,Avon A Division Of Harpercollins Publishers,2018,"[""English""]",placeholder,covers/2018_Confesions_A_Secret_Diary_PLACEHOLDER.jpg
75,Islam Dan Teologi Pembebasan,Asghar Ali Engineer / Agung Prihantoro,Pustaka Pelajar,2018,"[""Indonesian""]",placeholder,covers/2018_Islam_Dan_Teologi_Pembebasan_PLACEHOLDER.jpg
76,The Road To Muhammad,Jalaluddin Rakhmat,Penerbitan Mizan,2018,"[""Indonesian""]",placeholder,covers/2018_The_Road_To_Muhammad_PLACEHOLDER.jpg
77,Mutiara Sastra Ali: Muhammad Hashem Edisi Surat & Aforisme,Muhammad Hashem,Penerbitan Al-Huda,2018,"[""Indonesian""]",placeholder,covers/2018_Mutiara_Sastra_Ali_Muhammad_Hashem_Edisi_Surat_&_Aforisme_PLACEHOLDER.jpg
78,Mengenal Allah Melalui Agama-Agama Purba: Gautama Buddha Seorang Nabi?,Kamaludin Endol,Pustaka Kanzun Mahfiyyan,2018,"[""Malay""]",placeholder,covers/2018_Mengenal_Allah_Melalui_Agama-Agama_Purba_Gautama_Buddha_Seorang_Nabi_PLACEHOLDER.jpg
79,Album Gambar Sejarah Parti Komunis Malaya (I),,Penerbitan Abad Dua Puluh Satu,2018,"[""Malay"", ""English"", ""Chinese""]",placeholder,covers/2018_Album_Gambar_Sejarah_Parti_Komunis_Malaya_(I)_PLACEHOLDER.jpg
80,Manifesto Komunis,Karl Marx & Friedrich Engels/Manya,Thukul Cetak,2017,"[""Malay""]",placeholder,covers/2017_Manifesto_Komunis_PLACEHOLDER.jpg
81,The Book Of Loving Sex,Nitya Lacroix,Ultimate Edition Imprint Of Anness Publishing Limited,2017,"[""English""]",open_library,covers/2017_The_Book_Of_Loving_Sex.jpg
82,Maxim (Vol18 No5 June 2014) (Usa Edition),,Maxim Inc.,2017,"[""English""]",placeholder,covers/2017_Maxim_(Vol18_No5_June_2014)_(Usa_Edition)_PLACEHOLDER.jpg
83,Isu Semasa Dalam Risalah: Hukum Barat Pun Islam,Mun`Im A. Sirry/ Al-Mustaqeem Mahmod Radhi,Middle-Eastern Graduates Ceter Sdn. Bhd Dengan Kerjasama Konrad Adenauer Foundation,2017,"[""Malay""]",placeholder,covers/2017_Isu_Semasa_Dalam_Risalah_Hukum_Barat_Pun_Islam_PLACEHOLDER.jpg
84,Isu Semasa Dalam Risalah: Konsep Kebebasan Dan Agama,Al-Mustaqueem Mahmod Radhi,Middle-Eastern Graduates Centre Sdn Bhd Dengan Kerjasama Adenaue Founder,2017,"[""Malay""]",placeholder,covers/2017_Isu_Semasa_Dalam_Risalah_Konsep_Kebebasan_Dan_Agama_PLACEHOLDER.jpg
85,Menuju Reformasi Peruntukan Islam,"Abdullahi Ahmed An-Na`Im / Al-Mustaqeem Mahmod Radhi, Adib Zalkapli, Omarsaid",Middle-Eastern Graduates Center Sdn Bhd,2017,"[""Malay""]",placeholder,covers/2017_Menuju_Reformasi_Peruntukan_Islam_PLACEHOLDER.jpg
86,Zainab Srikandi Cucu Baginda Muhammad S.A.W,Nurfaridah Rubani,Kharisma Network Sdn Bhd,2017,"[""Malay""]",placeholder,covers/2017_Zainab_Srikandi_Cucu_Baginda_Muhammad_S.A.W_PLACEHOLDER.jpg
87,Saucy Seaside Postcards,Alan Wykes,Dolphin Publications,2017,"[""English""]",placeholder,covers/2017_Saucy_Seaside_Postcards_PLACEHOLDER.jpg
88,From Majapahit To Putrajaya: Searching For Another Malaysia,Farish A. Noor,Silverfishbooks,2017,"[""English""]",placeholder,covers/2017_From_Majapahit_To_Putrajaya_Searching_For_Another_Malaysia_PLACEHOLDER.jpg
89,Al-Yahud: Eternal Islamic Enmity & The Jews,Elias Al-Maqdisi & Sam Solomon,Anm Publishers,2017,"[""English""]",placeholder,covers/2017_Al-Yahud_Eternal_Islamic_Enmity_&_The_Jews_PLACEHOLDER.jpg
90,Imam Mahdi Yang Ditunggu Dan Malapetaka Akhir Zaman,Abdul Latif Rafqi,Jasmin Publication,2017,"[""Malay""]",placeholder,covers/2017_Imam_Mahdi_Yang_Ditunggu_Dan_Malapetaka_Akhir_Zaman_PLACEHOLDER.jpg
91,Drive Me Wild,Christine Warren,St. Martin's Press,2017,"[""English""]",open_library,covers/2017_Drive_Me_Wild.jpg
92,28 Hari: Jurnal Rock N' Roll + Anarki Di Kuala Lumpur,Mohd Jayzuan,Lejen Press,2017,"[""Malay""]",placeholder,covers/2017_28_Hari_Jurnal_Rock_N'_Roll_+_Anarki_Di_Kuala_Lumpur_PLACEHOLDER.jpg
93,Habibi,Craig Thompson,"Pantheon Books,",2017,"[""English""]",open_library,covers/2017_Habibi.jpg
94,Humanisme Islam: Kajian Terhadap Pemikiran Filosofis Muhammad Arkoun,Baedhowi M. Ag/ Prof. Dr M. Amin Abdullah,Pustaka Pelajar,2017,"[""Indonesian""]",placeholder,covers/2017_Humanisme_Islam_Kajian_Terhadap_Pemikiran_Filosofis_Muhammad_Arkoun_PLACEHOLDER.jpg
95,Menanti Buah Hati Dan Hadiah Untuk Yang Dinanti,Abdul Hakim Bin Amir (Abu Unaisah),"Pustaka Mu`Awiyah Bin Abi Sufyan,",2017,"[""Indonesian""]",placeholder,covers/2017_Menanti_Buah_Hati_Dan_Hadiah_Untuk_Yang_Dinanti_PLACEHOLDER.jpg
96,Kisah Para Nabi,Abu Al-Fida` Ismail Bin Katsir / M. Abdul Ghoffar,Pustaka Azzam,2017,"[""Indonesian""]",placeholder,covers/2017_Kisah_Para_Nabi_PLACEHOLDER.jpg
97,Bid`Ah Menurut Ahli Sunnah Wal-Jamaah (Di Dalam Buku Ini Terjawab Berbagai Persoalan Bid`Ah) Jilid 1,Ust Rasul Bin Dahri,Syarikat Umul Qura Sdn Bhd.,2017,"[""Malay""]",placeholder,covers/2017_Bid`Ah_Menurut_Ahli_Sunnah_Wal-Jamaah_(Di_Dalam_Buku_Ini_Terjawab_Berbagai_Persoalan_Bid`Ah)_Jilid_1_PLACEHOLDER.jpg
98,Aina Allah? Di Mana Allah,Mohd Hairi Nonchi,Perniagaan Jahabersa,2017,"[""Malay""]",placeholder,covers/2017_Aina_Allah_Di_Mana_Allah_PLACEHOLDER.jpg
99,Piramid: Rahsia Purba Yang Dapat Anda Manfaatkan,Prof. Dr. Mohd Arief Ph.D,Perguruan Seni Bela Diri Cakra Alam Malaysia,2017,"[""Malay""]",placeholder,covers/2017_Piramid_Rahsia_Purba_Yang_Dapat_Anda_Manfaatkan_PLACEHOLDER.jpg
100,Menyingkap Misteri Pulau Besar,Ana Faqir,Penerbitan Seribu Dinar Sdn Bhd,2017,"[""Malay""]",placeholder,covers/2017_Menyingkap_Misteri_Pulau_Besar_PLACEHOLDER.jpg
101,Agama Allah Rahmat Dan Penyelamat Bagi Seluruh Alam,Tuan Abdul Rahim Al Hassaniyah,,2017,"[""Malay""]",placeholder,covers/2017_Agama_Allah_Rahmat_Dan_Penyelamat_Bagi_Seluruh_Alam_PLACEHOLDER.jpg
102,Misteri Merong Maha Wangsa Dan Penyebaran Islam Di Timur ( Part 1) Kisah Khalifah Sharif Yang Di-Pertuan Kedah Dan Legasinya,Megat Al-Jefri,,2017,"[""Malay""]",placeholder,covers/2017_Misteri_Merong_Maha_Wangsa_Dan_Penyebaran_Islam_Di_Timur_(_Part_1)_Kisah_Khalifah_Sharif_Yang_Di-Per_PLACEHOLDER.jpg
103,Kasyaf Al-Haq (Mengenal Allah),Mohd Yusof Cik Wok/ Hj. Shaari Hj. Mohd Yusof,Likur Enterprise,2017,"[""Malay""]",placeholder,covers/2017_Kasyaf_Al-Haq_(Mengenal_Allah)_PLACEHOLDER.jpg
104,Fatimah Az Zahara Wanita Solehah Sinaran Zaman,Rosline Harun/ Nurfaridah Rubani,Kharisma Network Sdn Bhd,2017,"[""Malay""]",placeholder,covers/2017_Fatimah_Az_Zahara_Wanita_Solehah_Sinaran_Zaman_PLACEHOLDER.jpg
105,Berdialog Dengan Jin Islam,Muhammad Isa Dawud/ Suzilawati Abdullah,Hijjaz Records Publishing,2017,"[""Malay""]",placeholder,covers/2017_Berdialog_Dengan_Jin_Islam_PLACEHOLDER.jpg
106,Kisah-Kisah Ghaib Dalam Ahdis Sahih,Prof. Dr. Umar Sulaiman/ Al-Asyqar/ Ruqayyah Mansur/ Arifin Ladari,Berlian Publications Sdn Bhd,2017,"[""Malay""]",placeholder,covers/2017_Kisah-Kisah_Ghaib_Dalam_Ahdis_Sahih_PLACEHOLDER.jpg
107,At-Thariq Ilallah Thariqat Al-Hassaniyyah,Tuan Haji Abdul Rahim Al-Hassaniyyah,An Nisa Publication,2017,"[""Malay""]",placeholder,covers/2017_At-Thariq_Ilallah_Thariqat_Al-Hassaniyyah_PLACEHOLDER.jpg
108,Imam Mahdi Di Ambang Pintu: Kedatangan Yang Ditunggu-Tunggu Jilid 1,Muhammad Isa Dawud/ Dr. Syamsuddin Ali Nasution,Pustaka Syuhada,2017,"[""Malay""]",placeholder,covers/2017_Imam_Mahdi_Di_Ambang_Pintu_Kedatangan_Yang_Ditunggu-Tunggu_Jilid_1_PLACEHOLDER.jpg
109,Imam Mahdi Di Ambang Pintu: Kedatangan Yang Ditunggu-Tunggu Jilid 2,Muhammad Isa Dawud/ Dr. Syamsuddin Ali Nasution,Percetakan Syuhada,2017,"[""Malay""]",placeholder,covers/2017_Imam_Mahdi_Di_Ambang_Pintu_Kedatangan_Yang_Ditunggu-Tunggu_Jilid_2_PLACEHOLDER.jpg
110,The Meaning Of The Holy Quran ( Chinese Translation Edition),,Khawaja Moinuddin Chisti Welfare Association (Kuala Lumpur & Selangor ) Malaysia,2017,"[""Chinese""]",placeholder,covers/2017_The_Meaning_Of_The_Holy_Quran_(_Chinese_Translation_Edition)_PLACEHOLDER.jpg
111,Islam Without Extremes : A Muslim Case For Liberty,Mustafa Akyol,"W.W. Norton & Company, Inc.",2017,"[""English""]",open_library,covers/2017_Islam_Without_Extremes_A_Muslim_Case_For_Liberty.jpg
112,The Quran Modern English Translation,Abdullah Yusuf Ali,Sam Synergy Media Sdn Bhd,2017,"[""English""]",placeholder,covers/2017_The_Quran_Modern_English_Translation_PLACEHOLDER.jpg
113,Translation Of The Quran,Abdullah Yusuf Ali,Multiracial Reverted Muslims,2017,"[""English""]",placeholder,covers/2017_Translation_Of_The_Quran_PLACEHOLDER.jpg
115,Al-Qur'an Translation,Abdullah Yusuf Ali,Knowledge Inbound Sdn. Bhd.,2017,"[""English""]",placeholder,covers/2017_Al-Qur'an_Translation_PLACEHOLDER.jpg
116,Tantra: The Search For Ecstasy,Indra Sinha,"Hamlyn, And Imprint Of Reed Consumer Books Limited,",2017,"[""English""]",placeholder,covers/2017_Tantra_The_Search_For_Ecstasy_PLACEHOLDER.jpg
117,Islam Kemodernan Dan Keindonesiaan,Nurcholish Madjid / Agus Edi Santoso,Penerbit Mizan,2017,"[""Indonesian""]",placeholder,covers/2017_Islam_Kemodernan_Dan_Keindonesiaan_PLACEHOLDER.jpg
118,Islam Dan Iman : Aturan-Aturan Pokok,Dr. Muhammad Syahrur / Sabrur R.Soenardi,Penerbit Jendela,2017,"[""Indonesian""]",placeholder,covers/2017_Islam_Dan_Iman_Aturan-Aturan_Pokok_PLACEHOLDER.jpg
119,Sekitar Masalah Thariqat (Naqsyabandiyah),Drs. H. Imron Abu Amar,"""Menara"" Kudus",2017,"[""Indonesian""]",placeholder,covers/2017_Sekitar_Masalah_Thariqat_(Naqsyabandiyah)_PLACEHOLDER.jpg
120,The Meaning Of The Glorious Qur'an Korean Edition,,Persatuan Kebajikan Khawaja Moinuddin Chisti (Kuala Lumpur & Selangor),2017,"[""Korean""]",placeholder,covers/2017_The_Meaning_Of_The_Glorious_Qur'an_Korean_Edition_PLACEHOLDER.jpg
121,Terjemahan Al-Quran Bahasa Melayu,,Sam Synergy Media Sdn Bhd,2017,"[""Malay""]",placeholder,covers/2017_Terjemahan_Al-Quran_Bahasa_Melayu_PLACEHOLDER.jpg
122,Meniti Jalan Hidayah Menuju Toriqah Khotmul-Auliya,Sayidi Ahmad Al-Hadi Al-Hasani Al-Maghribi/ Ust Mohd Bakri At-Tijany,,2017,"[""Malay""]",placeholder,covers/2017_Meniti_Jalan_Hidayah_Menuju_Toriqah_Khotmul-Auliya_PLACEHOLDER.jpg
123,Terjemahan Al-Qur'an,,Knowledge Inbound Sdn Bhd,2017,"[""Malay""]",placeholder,covers/2017_Terjemahan_Al-Qur'an_PLACEHOLDER.jpg
124,Wacana Pemikiran Reformis (Jilid Ii),Ahmad Farouk Musa,Islamis Renaissance Front Berhad,2017,"[""Malay""]",placeholder,covers/2017_Wacana_Pemikiran_Reformis_(Jilid_Ii)_PLACEHOLDER.jpg
125,Islam Tanpa Keekstreman : Berhujah Untuk Kebebasan,Mustafa Akyol/ Nur Asyhraff Mohd Noor/ Shuhaib Ar Rumy Ismail & Ahmad Farouk Musa,Islamic Renaissance Front Berhad,2017,"[""Malay""]",placeholder,covers/2017_Islam_Tanpa_Keekstreman_Berhujah_Untuk_Kebebasan_PLACEHOLDER.jpg
126,Wacana Pemikiran Reformis (Jilid 1),Ahmad Farouk Musa,Islamic Renaissance Front Berhad,2017,"[""Malay""]",placeholder,covers/2017_Wacana_Pemikiran_Reformis_(Jilid_1)_PLACEHOLDER.jpg
127,Ulama Yang Bukan Pewaris Nabi,Wan Ji Wan Hussin,Ilham Books,2017,"[""Malay""]",placeholder,covers/2017_Ulama_Yang_Bukan_Pewaris_Nabi_PLACEHOLDER.jpg
128,"Aku___, Maka Aku Ada!",Faisal Tehrani,Dubook Press Sdn Bhd,2017,"[""Malay""]",placeholder,"covers/2017_Aku_,_Maka_Aku_Ada!_PLACEHOLDER.jpg"
129,Perjalanan Yang Cemerlang 1930 -1980,Pkm,Pejabat Pembebasan Malaya,2017,"[""Malay"", ""Chinese""]",placeholder,covers/2017_Perjalanan_Yang_Cemerlang_1930_-1980_PLACEHOLDER.jpg
130,Guo Nan Nv No.2,,,2017,"[""Chinese""]",placeholder,covers/2017_Guo_Nan_Nv_No.2_PLACEHOLDER.jpg
131,Intense Pleasure,Lora Leigh,St. Martin's Paperbacks,2017,"[""English""]",open_library,covers/2017_Intense_Pleasure.jpg
132,It's All About Muhammad: A Biography Of The World's Most Notorious Prophet,F.W Burleigh,Zenga Books,2017,"[""English""]",placeholder,covers/2017_It's_All_About_Muhammad_A_Biography_Of_The_World's_Most_Notorious_Prophet_PLACEHOLDER.jpg
133,Agama Masa Depan: Perspektif Filasafat Perennial,Komaruddin Hidayat Dan Muhammad Wahyuni Nafis,Penerbit Paramadina,2017,"[""Indonesian""]",placeholder,covers/2017_Agama_Masa_Depan_Perspektif_Filasafat_Perennial_PLACEHOLDER.jpg
134,Amalan Mustajab & Murah Rezeki,Nurhafidz Abdullah,Pustaka Azhar,2017,"[""Malay""]",placeholder,covers/2017_Amalan_Mustajab_&_Murah_Rezeki_PLACEHOLDER.jpg
135,Warisan Ilmu Tok Kenali - Hampir Tidak Kesampaian Berakhir Tiada Kesudahan,Mohd Yusof Che Wook,Penyuluh Qalbu Enterprise,2017,"[""Malay""]",placeholder,covers/2017_Warisan_Ilmu_Tok_Kenali_-_Hampir_Tidak_Kesampaian_Berakhir_Tiada_Kesudahan_PLACEHOLDER.jpg
136,Warisan Ilmu Tok Kenali - Dimanakan Ku Cari Ganti,Mohd Yusof Che Wook,Penyuluh Qalbu Enterprise,2017,"[""Malay""]",placeholder,covers/2017_Warisan_Ilmu_Tok_Kenali_-_Dimanakan_Ku_Cari_Ganti_PLACEHOLDER.jpg
137,Warisan Ilmu Tok Kenali - Jangan Sampai Terlihat Adanya Diri,Mohd Yusof Che Wook,Penyuluh Qalbu Enterprise,2017,"[""Malay""]",placeholder,covers/2017_Warisan_Ilmu_Tok_Kenali_-_Jangan_Sampai_Terlihat_Adanya_Diri_PLACEHOLDER.jpg
138,Warisan Ilmu Tok Kenali - Pencarian Ilmu Dipenghujung Rasa,Mohd Yusof Che Wook,Penyuluh Qalbu Enterprise,2017,"[""Malay""]",placeholder,covers/2017_Warisan_Ilmu_Tok_Kenali_-_Pencarian_Ilmu_Dipenghujung_Rasa_PLACEHOLDER.jpg
139,100 Keajaiban Dunia,Muhammad Miqdad,Penerbitan Seribu Dinar Sdn Bhd,2017,"[""Malay""]",placeholder,covers/2017_100_Keajaiban_Dunia_PLACEHOLDER.jpg
140,Anti Thesis,Amir Hamzah Akal Ali (Benz Ali),Dubook Press Sdn Bhd,2017,"[""Malay""]",placeholder,covers/2017_Anti_Thesis_PLACEHOLDER.jpg
141,Senjata & Pendinding Mukmin,Idrus H. Alkaf,Darul Nu'man,2017,"[""Malay""]",placeholder,covers/2017_Senjata_&_Pendinding_Mukmin_PLACEHOLDER.jpg
142,Asma Ul Husna: Rahsia & Amalan 99 Nama Allah,Syahrin Jasah,Darul Nu'man,2017,"[""Malay""]",placeholder,covers/2017_Asma_Ul_Husna_Rahsia_&_Amalan_99_Nama_Allah_PLACEHOLDER.jpg
143,Rahsia & Kelebihan Kayu Kokka: Jenis Kayu Bahtera Nabi Nuh As - Tongkat Nabi Musa As,Fathur Rahman,Darul Nu'man,2017,"[""Malay""]",placeholder,covers/2017_Rahsia_&_Kelebihan_Kayu_Kokka_Jenis_Kayu_Bahtera_Nabi_Nuh_As_-_Tongkat_Nabi_Musa_As_PLACEHOLDER.jpg
144,25 Kisah Mukjizat Rasulullah,Nurul Asmayani,Al-Madinah,2017,"[""Malay""]",placeholder,covers/2017_25_Kisah_Mukjizat_Rasulullah_PLACEHOLDER.jpg
145,Meneladani Rasulullah & Cerita Lain,Dewi Mulyani,Al-Madinah,2017,"[""Malay""]",placeholder,covers/2017_Meneladani_Rasulullah_&_Cerita_Lain_PLACEHOLDER.jpg
146,Qun Jiao Wang Shi,,,2017,"[""Chinese""]",placeholder,covers/2017_Qun_Jiao_Wang_Shi_PLACEHOLDER.jpg
147,36F Da Bo Mei De You Huo,,,2017,"[""Chinese""]",placeholder,covers/2017_36F_Da_Bo_Mei_De_You_Huo_PLACEHOLDER.jpg
148,Loaded (Issue 242 June 2014),,Simian Publishing Ltd,2017,"[""English""]",placeholder,covers/2017_Loaded_(Issue_242_June_2014)_PLACEHOLDER.jpg
149,Ajaran Makrifat Syekh Siti Jenar,Abu Fajar Al-Qalami,"Pustaka Media, Surabaya",2016,"[""Indonesian""]",placeholder,covers/2016_Ajaran_Makrifat_Syekh_Siti_Jenar_PLACEHOLDER.jpg
150,Israk Mikraj : Tinjauan Saintifik Di Sebalik Kontroversi,Armansyah / Yusammir Yusuf,Pts Islamika Sdn. Bhd.,2016,"[""Malay""]",placeholder,covers/2016_Israk_Mikraj_Tinjauan_Saintifik_Di_Sebalik_Kontroversi_PLACEHOLDER.jpg
151,Grey (Fifty Shades Of Grey As Told By Christians),E L James,Vintage Books,2016,"[""English""]",placeholder,covers/2016_Grey_(Fifty_Shades_Of_Grey_As_Told_By_Christians)_PLACEHOLDER.jpg
152,"Sex, Pork, And Persecution : How One Young Man's Fight Against Conformity Led To Imprisonment And Vilification",Alvin Tan,Tan Jye Yee,2016,"[""English""]",placeholder,"covers/2016_Sex,_Pork,_And_Persecution_How_One_Young_Man's_Fight_Against_Conformity_Led_To_Imprisonment_And_Vili_PLACEHOLDER.jpg"
153,Orang Ngomong Anjing Gong Gong,Mutalib Uthman,Dubook Press Sdn. Bhd.,2016,"[""Malay""]",placeholder,covers/2016_Orang_Ngomong_Anjing_Gong_Gong_PLACEHOLDER.jpg
154,Rasulullah Saw.: Sejak Hijrah Hingga Wafat,Dr. Ali Syariati/Dr. Afif Muhammad,Pustaka Hidayah,2016,"[""Indonesian""]",placeholder,covers/2016_Rasulullah_Saw._Sejak_Hijrah_Hingga_Wafat_PLACEHOLDER.jpg
155,Tafsir Ayat-Ayat Kematian,Muhammad Husain Al-Hasani Al-Husaini Ath-Thabathabai(Alamah Thabathabai) / Irwan Kurniawan,Pustaka Hidayah,2016,"[""Indonesian""]",placeholder,covers/2016_Tafsir_Ayat-Ayat_Kematian_PLACEHOLDER.jpg
156,Sinema Spiritual: Dramaturgi Dan Kritikan,Faisal Tehrani,Unit Buku Harakah,2016,"[""Malay""]",placeholder,covers/2016_Sinema_Spiritual_Dramaturgi_Dan_Kritikan_PLACEHOLDER.jpg
157,Malaysia And The Club Of Doom: The Collapse Of The Islamic Countries,Syed Akbar Ali,Syed Akbar Ali,2016,"[""English""]",placeholder,covers/2016_Malaysia_And_The_Club_Of_Doom_The_Collapse_Of_The_Islamic_Countries_PLACEHOLDER.jpg
158,The Koran : A Very Short Introduction,Micheal Cook,"Oxford University Press Inc.,",2016,"[""English""]",placeholder,covers/2016_The_Koran_A_Very_Short_Introduction_PLACEHOLDER.jpg
159,Pergolakan Pemikiran Islam: Catatan Harian Ahmad Wahib,Ahmad Wahib,"Middle-Eastern Graduates Centre Sdn. Bhd. (Megc),",2016,"[""Indonesian""]",placeholder,covers/2016_Pergolakan_Pemikiran_Islam_Catatan_Harian_Ahmad_Wahib_PLACEHOLDER.jpg
160,Torture In Malaysia Prisons: Who You Didn't Know And Need To Know To Act,Varatharajoo Murugan,,2016,"[""English""]",placeholder,covers/2016_Torture_In_Malaysia_Prisons_Who_You_Didn't_Know_And_Need_To_Know_To_Act_PLACEHOLDER.jpg
161,Islam And Homosexuality Volume 1,Samar Habib,Praeger ( An Imprint Of Abc-Cleo),2016,"[""English""]",placeholder,covers/2016_Islam_And_Homosexuality_Volume_1_PLACEHOLDER.jpg
162,Isu Semasa Dalam Risalah: Kahwin Campur Antara Muslim Dengan Non Muslim,,Middle-Eastern Graduates Centre Sdn. Bhd,2016,"[""Malay""]",placeholder,covers/2016_Isu_Semasa_Dalam_Risalah_Kahwin_Campur_Antara_Muslim_Dengan_Non_Muslim_PLACEHOLDER.jpg
163,Sexual Intimacy For Women: A Guide For Same-Sex Couples,Dr. Glenda Corwin,Seal Press,2016,"[""English""]",placeholder,covers/2016_Sexual_Intimacy_For_Women_A_Guide_For_Same-Sex_Couples_PLACEHOLDER.jpg
164,The Whole Lesbian Sex Book A Passionate Guide For All Of Us,Felice Newman,Cleis Press Inc.,2016,"[""English""]",placeholder,covers/2016_The_Whole_Lesbian_Sex_Book_A_Passionate_Guide_For_All_Of_Us_PLACEHOLDER.jpg
165,Lesbian Sex Positions: 100 Passionate Positions From Intimate And Sensual To Wild And Naughty,Shanna Katz,Amorata Press,2016,"[""English""]",placeholder,covers/2016_Lesbian_Sex_Positions_100_Passionate_Positions_From_Intimate_And_Sensual_To_Wild_And_Naughty_PLACEHOLDER.jpg
166,Kissing Cousins? Christians And Muslims Face To Face,Bill A. Musk,Monarch Books,2016,"[""English""]",placeholder,covers/2016_Kissing_Cousins_Christians_And_Muslims_Face_To_Face_PLACEHOLDER.jpg
167,A Treasury Of Asian Literature,John D. Yohannan,"Meridian (Penguin Group), Penguin Books Usa Inc",2016,"[""English""]",open_library_isbn,covers/2016_A_Treasury_Of_Asian_Literature.jpg
168,What Went Wrong? The Clash Between Islam And Modernity In The Middle East,Bernard Lewis,Harper Perennial,2016,"[""English""]",placeholder,covers/2016_What_Went_Wrong_The_Clash_Between_Islam_And_Modernity_In_The_Middle_East_PLACEHOLDER.jpg
169,Nomad: From Islam To America A Personal Journey Through The Clash Of Civilizations,Ayaan Hirsi Ali,"Free Press A Division Of Simon & Schuster, Inc",2016,"[""English""]",placeholder,covers/2016_Nomad_From_Islam_To_America_A_Personal_Journey_Through_The_Clash_Of_Civilizations_PLACEHOLDER.jpg
170,Perimbon Wanita Dan Tafsir Mimpi (Lengkap),Ny. Ninik Happianti,Sandro Jaya Jakarta,2016,"[""Indonesian""]",placeholder,covers/2016_Perimbon_Wanita_Dan_Tafsir_Mimpi_(Lengkap)_PLACEHOLDER.jpg
171,Sejarah Syekh Abdul Wahab Tuan Guru Babussalam,H. Ahmad Fuad Said,Pustaka Rokam Medan,2016,"[""Indonesian""]",placeholder,covers/2016_Sejarah_Syekh_Abdul_Wahab_Tuan_Guru_Babussalam_PLACEHOLDER.jpg
172,Kitab Berlian Syahadat,Kh Syeh Muhammad Yusuf Mr,Pusat Kuliah Ma`Rifatullah Penguruan Tinggi Ilmu Rohiniyah Al-Firdaus,2016,"[""Indonesian""]",placeholder,covers/2016_Kitab_Berlian_Syahadat_PLACEHOLDER.jpg
173,Ibnu Taimiyah: Rekam Jejak Sang Pembaharu,Sha`Ib Abdul Hamid,Penerbit Citra,2016,"[""Indonesian""]",placeholder,covers/2016_Ibnu_Taimiyah_Rekam_Jejak_Sang_Pembaharu_PLACEHOLDER.jpg
174,Mencontoh Para Wali,M.Z. Hasan Amruhi,Penerbit Al-Huda,2016,"[""Indonesian""]",placeholder,covers/2016_Mencontoh_Para_Wali_PLACEHOLDER.jpg
175,Syi'ar Manifestasi Tuhan Dalam Wanita,,Penerbit Al-Huda,2016,"[""Indonesian""]",placeholder,covers/2016_Syi'ar_Manifestasi_Tuhan_Dalam_Wanita_PLACEHOLDER.jpg
176,1000 Hikmat,Ali Zulkafar,Percetakan Almuarif Sdn. Bhd,2016,"[""Malay""]",placeholder,covers/2016_1000_Hikmat_PLACEHOLDER.jpg
177,Sabda Rasulullah S.A.W; Mahdi Aku Ada Dua Tanda,Mohd Zain Bin Hassan,,2016,"[""Malay""]",placeholder,covers/2016_Sabda_Rasulullah_S.A.W;_Mahdi_Aku_Ada_Dua_Tanda_PLACEHOLDER.jpg
178,Misteri Alam Arwah: Persiapan Menjelang Ajal Dan Kisah-Kisah Mayat,Abu Sulaiman Ad Darani,Jasmin Enterprise,2016,"[""Malay""]",placeholder,covers/2016_Misteri_Alam_Arwah_Persiapan_Menjelang_Ajal_Dan_Kisah-Kisah_Mayat_PLACEHOLDER.jpg
179,Senjata Mukmin,Abu Mazaya Al Hafiz,Al-Hidayah Publication,2016,"[""Malay""]",placeholder,covers/2016_Senjata_Mukmin_PLACEHOLDER.jpg
180,Mereka Adalah Teroris (Sebuah Tinjauan Syari`At),Al Ustadz Luqman Bin Muhammad Ba`Aduh,Pustaka Qaulan Sadida,2016,"[""Indonesian""]",placeholder,covers/2016_Mereka_Adalah_Teroris_(Sebuah_Tinjauan_Syari`At)_PLACEHOLDER.jpg
181,Nabiyyurahmah Minzoril Qurani Ahlil Bayt,Muhammaduriyy Sahri,"Darul Hadith Littiba`Ati Wan Nasri, Qom, Iran",2016,"[""Arabic""]",placeholder,covers/2016_Nabiyyurahmah_Minzoril_Qurani_Ahlil_Bayt_PLACEHOLDER.jpg
182,"Hidup Bagaikan Sungai Mengalir Kisah 16 Orang Wanita Dalam Gerakan Anti Jepun, Anti Penjajah Dan Kemerdekaan Di Malaysia - Singapura (1938 - 1989)",Agnes Khoo / Inderajaya ( Anas ),Strategic Information And Research Development Center (Sird),2016,"[""Malay""]",placeholder,"covers/2016_Hidup_Bagaikan_Sungai_Mengalir_Kisah_16_Orang_Wanita_Dalam_Gerakan_Anti_Jepun,_Anti_Penjajah_Dan_Kem_PLACEHOLDER.jpg"
183,Fifty Shades Of Bliss: The Guide To Spicing Up Your Sex Life,Lexie Sutton,Summersdale Publishers Ltd,2016,"[""English""]",placeholder,covers/2016_Fifty_Shades_Of_Bliss_The_Guide_To_Spicing_Up_Your_Sex_Life_PLACEHOLDER.jpg
184,Only Two Can Play,Tim Brown,Dragon's World Ltd,2016,"[""English""]",placeholder,covers/2016_Only_Two_Can_Play_PLACEHOLDER.jpg
185,The Loving Touch,Consultant Dr Andrew Stanway,Book Club Associates By Arrangement With Macdonald & Co (Publishers) Ltd London & Sydney,2016,"[""English""]",placeholder,covers/2016_The_Loving_Touch_PLACEHOLDER.jpg
186,Revenge Of The Sarong Party Girl,Jim Aitchison & Theseus Chan,Angsana Books (Imprint Of Flame Of The Forest Publishing Pte Ltd),2016,"[""English""]",placeholder,covers/2016_Revenge_Of_The_Sarong_Party_Girl_PLACEHOLDER.jpg
187,Kamasutra & Kecerdasan Seks Modern,Ki Guno Asmoro,"Smile-Books, Perum Sidorejo Bumi Indah (Sbi)",2016,"[""Indonesian""]",placeholder,covers/2016_Kamasutra_&_Kecerdasan_Seks_Modern_PLACEHOLDER.jpg
188,Pelacur Kelas Pertama,Melati Rahim,Orange Dove Sdn. Bhd,2016,"[""Malay""]",placeholder,covers/2016_Pelacur_Kelas_Pertama_PLACEHOLDER.jpg
189,Nikmatnya Melayari Bahtara Malam Pertama,Mazlan B. Yahya,Best Seller Publication,2016,"[""Malay""]",placeholder,covers/2016_Nikmatnya_Melayari_Bahtara_Malam_Pertama_PLACEHOLDER.jpg
190,Nazi Goreng,Marco Ferrarese,Dubook Press Sdn. Bhd.,2016,"[""Malay""]",placeholder,covers/2016_Nazi_Goreng_PLACEHOLDER.jpg
191,The Gospel Of Ali Penghargaan Islam Ata Yesus,Mehdi Montazer Qaem ( Mahdi Muntazhir Qaim) / Satrio Pinandito,Penerbit Citra,2016,"[""Indonesian""]",placeholder,covers/2016_The_Gospel_Of_Ali_Penghargaan_Islam_Ata_Yesus_PLACEHOLDER.jpg
192,"Tafsir Al-'Usyr Al-Akhir Dari Al-Quran Al-Karim Jus (28,29,30) Disertai Hukum-Hukum Penting Bagi Seorang Muslim",,,2016,"[""Indonesian""]",placeholder,"covers/2016_Tafsir_Al-'Usyr_Al-Akhir_Dari_Al-Quran_Al-Karim_Jus_(28,29,30)_Disertai_Hukum-Hukum_Penting_Bagi_Seo_PLACEHOLDER.jpg"
193,Bila Anak-Anak Bertanya Tentang Allah Dan Alam Ghaib Inilah 48 Jawapannya...,Muhammad Muhyidin,Rijal Media,2016,"[""Malay""]",placeholder,covers/2016_Bila_Anak-Anak_Bertanya_Tentang_Allah_Dan_Alam_Ghaib_Inilah_48_Jawapannya_PLACEHOLDER.jpg
194,"Maxim (Vol 18, No 9 November 2014) (Usa Edition)",,Maxim Inc,2016,"[""English""]",placeholder,"covers/2016_Maxim_(Vol_18,_No_9_November_2014)_(Usa_Edition)_PLACEHOLDER.jpg"
195,Pop Psychedelic,Melissa Lin,Last Gasp,2016,"[""English""]",placeholder,covers/2016_Pop_Psychedelic_PLACEHOLDER.jpg
196,Black Men Special Edition,,Enoble Media Group Inc,2016,"[""English""]",placeholder,covers/2016_Black_Men_Special_Edition_PLACEHOLDER.jpg
197,Al-Fatihin: Surat Kabar Bagi Muhajirin Berbahasa Melayu Di Daulah Islamiyyah,,,2016,"[""Malay""]",placeholder,covers/2016_Al-Fatihin_Surat_Kabar_Bagi_Muhajirin_Berbahasa_Melayu_Di_Daulah_Islamiyyah_PLACEHOLDER.jpg
198,Fifty Shades Of Grey,E L James,Vintage Books,2015,"[""English""]",open_library,covers/2015_Fifty_Shades_Of_Grey.jpg
199,Fifty Shades Darker,E L James,Vintage Books,2015,"[""English""]",open_library,covers/2015_Fifty_Shades_Darker.jpg
200,Fifty Shades Freed,E L James,Vintage Books,2015,"[""English""]",open_library,covers/2015_Fifty_Shades_Freed.jpg
201,In The Path Of God Islam And Political Power,Daniel Pipes,Transaction Publishers,2015,"[""English""]",placeholder,covers/2015_In_The_Path_Of_God_Islam_And_Political_Power_PLACEHOLDER.jpg
202,English Translation Of The Meanings Of The Holy Quran,"The Message International- Usa, Saheeh International Uk, Dar Al Mountada-Saudi Arabia, Al-Qummah-Eygpt",The Massage International,2015,"[""English""]",placeholder,covers/2015_English_Translation_Of_The_Meanings_Of_The_Holy_Quran_PLACEHOLDER.jpg
203,Pagar Hikmah Himpunan Amalan Tok Janggut,Haji Abdul Razak Bin Kasman (Tok Janggut),Pustaka Muda,2015,"[""Malay""]",placeholder,covers/2015_Pagar_Hikmah_Himpunan_Amalan_Tok_Janggut_PLACEHOLDER.jpg
204,Dunia Hikmat,Ali Zulfakar,Pustaka Muda,2015,"[""Malay""]",placeholder,covers/2015_Dunia_Hikmat_PLACEHOLDER.jpg
205,Islam: Politik Dan Spiritual,Hafidz Abdurrahman,Penerbit Lisan Ul-Haq,2015,"[""Malay""]",placeholder,covers/2015_Islam_Politik_Dan_Spiritual_PLACEHOLDER.jpg
206,Amalan Hikmat & Rahsia Dari Al-Quran,Ustaz Kurdi Ismail Hj. Za,Darul Nu'man,2015,"[""Malay""]",placeholder,covers/2015_Amalan_Hikmat_&_Rahsia_Dari_Al-Quran_PLACEHOLDER.jpg
207,Rahsia & Khasiat Huruf-Huruf Hijaiyah (Siri Perubatan Islam),Abu Al Baqir Ad-Dusuki ( Ustaz Mohd Fadil Bin Ariffin),Al Baqir Enterprise,2015,"[""Malay""]",placeholder,covers/2015_Rahsia_&_Khasiat_Huruf-Huruf_Hijaiyah_(Siri_Perubatan_Islam)_PLACEHOLDER.jpg
208,The Golden Laws: History Through The Eyes Of The Eternal Buddha,"Ryuho Okawa/ Lantern Books A Division Of Booklight Inc. Lantern Books A Division Of 128 Second Place Brooklyn, Ny 11231",Lantern Books,2015,"[""English""]",placeholder,covers/2015_The_Golden_Laws_History_Through_The_Eyes_Of_The_Eternal_Buddha_PLACEHOLDER.jpg
209,Muhammad: A Story Of God's Messengger And The Revelation That Change The World,Deepak Chopra,"Harpercollins Publishers,",2015,"[""English""]",placeholder,covers/2015_Muhammad_A_Story_Of_God's_Messengger_And_The_Revelation_That_Change_The_World_PLACEHOLDER.jpg
210,55 Dongeng Teladan Untuk Anak Muslim,Mb. Rahimsyah. Ar,Penerbit Putra Jaya Surabaya,2015,"[""Indonesian""]",placeholder,covers/2015_55_Dongeng_Teladan_Untuk_Anak_Muslim_PLACEHOLDER.jpg
211,Sakit Apakah Ubatnya? Penelitian Daripada Al-Quran Dan Hadis,Wan Md Jamal Bin Hj. Wan Md Saman,Wjsb Resources,2015,"[""Malay""]",placeholder,covers/2015_Sakit_Apakah_Ubatnya_Penelitian_Daripada_Al-Quran_Dan_Hadis_PLACEHOLDER.jpg
212,Misteri Aneh Dan Ganjil 2 Membongkar Kewujudan Makhluk Halus,Abu Talhah Iqamuddin,Pustaka Al-Ehsan,2015,"[""Malay""]",placeholder,covers/2015_Misteri_Aneh_Dan_Ganjil_2_Membongkar_Kewujudan_Makhluk_Halus_PLACEHOLDER.jpg
213,Misteri Aneh Dan Ganjil Bukti Keagungan Allah,Abu Talhah Iqamuddin,Pustaka Al Ehsan,2015,"[""Malay""]",placeholder,covers/2015_Misteri_Aneh_Dan_Ganjil_Bukti_Keagungan_Allah_PLACEHOLDER.jpg
214,To Love Ru Darkness,Saki Hasemi / Kentaro Yabuki,Tongli Publishing Co.,2015,"[""Chinese""]",placeholder,covers/2015_To_Love_Ru_Darkness_PLACEHOLDER.jpg
215,"Doa Jausyan Shaghir (Doa Yastasir Doa Simat, Doa Masylul, Doa Adilah, Ziarah Jami Al Kabir)",Tim Zahra,Zahra Publishing House,2015,"[""Indonesian""]",placeholder,"covers/2015_Doa_Jausyan_Shaghir_(Doa_Yastasir_Doa_Simat,_Doa_Masylul,_Doa_Adilah,_Ziarah_Jami_Al_Kabir)_PLACEHOLDER.jpg"
216,"Doa Nudbah, Doa Ahd, Doa Faraj(Keluasan), Doa Ziarah & Doa Untuk Kegaiban Imam Mahdi",Tim Zahra/Yudi,Zahra Publishing House,2015,"[""Indonesian""]",placeholder,"covers/2015_Doa_Nudbah,_Doa_Ahd,_Doa_Faraj(Keluasan),_Doa_Ziarah_&_Doa_Untuk_Kegaiban_Imam_Mahdi_PLACEHOLDER.jpg"
217,The Mammoth Book Of Best New Erotica 11,Mazim Jakubowski,Running Press Book Publishers,2015,"[""English""]",placeholder,covers/2015_The_Mammoth_Book_Of_Best_New_Erotica_11_PLACEHOLDER.jpg
218,"Nazi Goreng: Young Malay, Fanatic, Skinheads",Marco Ferrarese,Monsoon Books Ptd. Ltd.,2015,"[""English""]",placeholder,"covers/2015_Nazi_Goreng_Young_Malay,_Fanatic,_Skinheads_PLACEHOLDER.jpg"
219,Teacher's And Parent's Guide (Pre-School Level),Institutes Department Of Curriculum Studies,Islamic Publications Limited For The Institute Of Ismaili Studies,2015,"[""English""]",placeholder,covers/2015_Teacher's_And_Parent's_Guide_(Pre-School_Level)_PLACEHOLDER.jpg
220,Mawlana Ali Peace Be On Him,Institutes Department Of Curriculum Studies,Islamic Publications Limited For The Institute Of Ismaili Studies,2015,"[""English""]",placeholder,covers/2015_Mawlana_Ali_Peace_Be_On_Him_PLACEHOLDER.jpg
221,Mawlana Hazir Imam,Institutes Department Of Curriculum Studies,Islamic Publications Limited For The Institute Of Ismaili Studies,2015,"[""English""]",placeholder,covers/2015_Mawlana_Hazir_Imam_PLACEHOLDER.jpg
222,Ya Ali Madad,Institutes Department Of Curriculum Studies,Islamic Publications Limited For The Institute Of Ismaili Studies,2015,"[""English""]",placeholder,covers/2015_Ya_Ali_Madad_PLACEHOLDER.jpg
223,Psiko,Ehsan El Bakri,Lejen Press,2015,"[""Malay""]",placeholder,covers/2015_Psiko_PLACEHOLDER.jpg
224,Hadits Pilihan Shahih Bukhari,Ust. Labib Mz,Bintang Usaha Jaya,2015,"[""Indonesian""]",placeholder,covers/2015_Hadits_Pilihan_Shahih_Bukhari_PLACEHOLDER.jpg
225,Perukonan Romanise,Norain H. Muhammad,H. Hashim Bin H. Abdullah,2015,"[""Malay""]",placeholder,covers/2015_Perukonan_Romanise_PLACEHOLDER.jpg
226,Siri Pahlawan Islam Bilal Bin Rabah,Mohamad Fadhil Umar,Buku Prima Sdn. Bhd.,2015,"[""Malay""]",placeholder,covers/2015_Siri_Pahlawan_Islam_Bilal_Bin_Rabah_PLACEHOLDER.jpg
227,"Apa-Apa Pakaian Berwarna Kuning Dan Yang Mengandungi Perkataan ""Bersih 4"" Dan Apa-Apa Bahan Bercetak Lain Dan Risalah Yang Mendorong Kepada Perhimpunan Bersih 4",,,2015,,placeholder,covers/2015_Apa-Apa_Pakaian_Berwarna_Kuning_Dan_Yang_Mengandungi_Perkataan_Bersih_4_Dan_Apa-Apa_Bahan_Bercetak_L_PLACEHOLDER.jpg
228,Warisan Ilmu Tok Kenali Kelantan: Mengenal Diri,Mohd Yusof Cik Wook,Tujuh Likur Enterprise,2015,"[""Malay""]",placeholder,covers/2015_Warisan_Ilmu_Tok_Kenali_Kelantan_Mengenal_Diri_PLACEHOLDER.jpg
229,Warisan Ilmu Tok Kenali Kelantan: Mati Sebelum Mati,Mohd Yusof Cik Wook / Hj. Shaari Bin Hj. Mohd Yusof,Tujuh Likur Enterprise,2015,"[""Malay""]",placeholder,covers/2015_Warisan_Ilmu_Tok_Kenali_Kelantan_Mati_Sebelum_Mati_PLACEHOLDER.jpg
230,Warisan Ilmu Tok Kenali Kelantan: 7 Petala Langit Dan 7 Petala Bumi,Mohd Yusof Cik Wook / Hj. Shaari Bin Hj. Mohd Yusof,Tujuh Likur Enterprise,2015,"[""Malay""]",placeholder,covers/2015_Warisan_Ilmu_Tok_Kenali_Kelantan_7_Petala_Langit_Dan_7_Petala_Bumi_PLACEHOLDER.jpg
231,Warisan Ilmu Tok Kenali Kelantan: Mengenal Allah,Mohd Yusof Cik Wook,Tujuh Likur Enterprise,2015,"[""Malay""]",placeholder,covers/2015_Warisan_Ilmu_Tok_Kenali_Kelantan_Mengenal_Allah_PLACEHOLDER.jpg
232,Pusaka Ilmu Tok Kenali Mengenal Allah (Tok Kenali Kelantan),Mohd Yusof Cik Wook,Tujuh Likur Enterprise,2015,"[""Malay""]",placeholder,covers/2015_Pusaka_Ilmu_Tok_Kenali_Mengenal_Allah_(Tok_Kenali_Kelantan)_PLACEHOLDER.jpg
233,Pusaka Ilmu Tok Kenali Mengenal Diri (Tok Kenali Kelantan),Mohd Yusof Cik Wook,Tujuh Likur Enterprise,2015,"[""Malay""]",placeholder,covers/2015_Pusaka_Ilmu_Tok_Kenali_Mengenal_Diri_(Tok_Kenali_Kelantan)_PLACEHOLDER.jpg
234,Warisan Ilmu Tok Kenali Kelantan: Cahaya Di Atas Cahaya,Mohd Yusof Cik Wook / Hj. Shaari Bin Hj. Mohd Yusof,Tujuh Likur Enterprise,2015,,placeholder,covers/2015_Warisan_Ilmu_Tok_Kenali_Kelantan_Cahaya_Di_Atas_Cahaya_PLACEHOLDER.jpg
235,"The Teachings Of ""The Quran""",H.U. Weitbrecht Stanton,Discovery Publishing House,2015,"[""English""]",placeholder,covers/2015_The_Teachings_Of_The_Quran_PLACEHOLDER.jpg
236,Baha'ullah And The New Era An Introduction To The Bahai Faith,J.E. Esslemont,Baha'i Publishing,2015,"[""English""]",placeholder,covers/2015_Baha'ullah_And_The_New_Era_An_Introduction_To_The_Bahai_Faith_PLACEHOLDER.jpg
237,"Detik-Detik Pembongkaran Agama: Mempopulerkan Agama Kebajikan, Mengagas Pluralisme-Pembebasan",Nur Khalik Ridhwan / Sirsaeba Alafsana,Cv. Arruz Book Gallery Penerbit Naskhah Nusantara,2015,"[""Indonesian""]",placeholder,"covers/2015_Detik-Detik_Pembongkaran_Agama_Mempopulerkan_Agama_Kebajikan,_Mengagas_Pluralisme-Pembebasan_PLACEHOLDER.jpg"
238,Jalan Yang Lurus : Kita Harus Meneroka Jalan Ini,Kassim Ahmad,Pekan Ilmu Publications Sdn. Bhd.,2015,"[""Malay""]",placeholder,covers/2015_Jalan_Yang_Lurus_Kita_Harus_Meneroka_Jalan_Ini_PLACEHOLDER.jpg
239,Tabut: Penjelasan Tentang Segala Sesuatu,Abdul Kahar Bin Ahmad Jalal,,2015,"[""Malay""]",placeholder,covers/2015_Tabut_Penjelasan_Tentang_Segala_Sesuatu_PLACEHOLDER.jpg
240,After,Claire Tristram,Allison & Busby Limited,2014,"[""English""]",open_library,covers/2014_After.jpg
241,Memories Of Muhammad: Why The Prophet Matters,Omid Safi,Harper Collins Publishers,2014,"[""English""]",placeholder,covers/2014_Memories_Of_Muhammad_Why_The_Prophet_Matters_PLACEHOLDER.jpg
242,Saling Memberi Saling Menerima,Sayyid Mahdi As Sadr / Ali Bin Yahya,Pustaka Zahra,2014,"[""Malay""]",placeholder,covers/2014_Saling_Memberi_Saling_Menerima_PLACEHOLDER.jpg
243,Imamul Muhtadin 'Ali Bin Abi Thalib,H.M.H Hamid Al-Husaini,Pustaka Hidayah,2014,"[""Malay""]",placeholder,covers/2014_Imamul_Muhtadin_'Ali_Bin_Abi_Thalib_PLACEHOLDER.jpg
244,Fatimah Az-Zahra' & 9 Keturunannya Yang Mulia,Tarikuddin Bin Haji Hassan,Perniagaan Jahabersa,2014,"[""Malay""]",placeholder,covers/2014_Fatimah_Az-Zahra'_&_9_Keturunannya_Yang_Mulia_PLACEHOLDER.jpg
245,Agama Politik Nalar Politik Islam,Ahmad Vaezi / Ali Syahab,Penerbit Citra,2014,"[""Malay""]",placeholder,covers/2014_Agama_Politik_Nalar_Politik_Islam_PLACEHOLDER.jpg
246,Fatwa-Fatwa 2 Soal-Jawab Seputar Muamalah Ahlulbait,Ayatullah Al-Uzhma Imam Ali Khamenei / Muhsin Labib,Penerbit Al-Huda,2014,"[""Malay""]",placeholder,covers/2014_Fatwa-Fatwa_2_Soal-Jawab_Seputar_Muamalah_Ahlulbait_PLACEHOLDER.jpg
247,Teladan Abadi Ja'far Shadiq Sang Mahaguru,Husain Nahrawi,Penerbit Al-Huda,2014,"[""Malay""]",placeholder,covers/2014_Teladan_Abadi_Ja'far_Shadiq_Sang_Mahaguru_PLACEHOLDER.jpg
248,Teladan Abadi Hasan Askari Tumpuan Kaum Papa,M. Ilyas & Hasan Al-Habsyi,Penerbit Al-Huda,2014,"[""Malay""]",placeholder,covers/2014_Teladan_Abadi_Hasan_Askari_Tumpuan_Kaum_Papa_PLACEHOLDER.jpg
249,Teladan Abadi Husain Syahid,Abdullah Beik,Penerbit Al-Huda,2014,"[""Malay""]",placeholder,covers/2014_Teladan_Abadi_Husain_Syahid_PLACEHOLDER.jpg
250,Akhirnya Ku Temui Kebenaran,Dr. Muhammad Al-Tijani Al-Samawi/ Terjemahan Kumpulan Pengajian Islam Uia,,2014,"[""Malay""]",placeholder,covers/2014_Akhirnya_Ku_Temui_Kebenaran_PLACEHOLDER.jpg
251,99 Wasiat Imam Ja'far Ash-Shadiq Lentera Ilahi,Rahmani Astuti,Mizan Media Utama (Mmu),2014,"[""Malay""]",placeholder,covers/2014_99_Wasiat_Imam_Ja'far_Ash-Shadiq_Lentera_Ilahi_PLACEHOLDER.jpg
252,Meniti Titian Kebenaran,Khair Izzah,Al-Muntazar Resourcers,2014,"[""Malay""]",placeholder,covers/2014_Meniti_Titian_Kebenaran_PLACEHOLDER.jpg
253,Ultraman The Ultra Power,,Resign Publications,2014,"[""Malay""]",placeholder,covers/2014_Ultraman_The_Ultra_Power_PLACEHOLDER.jpg
254,Perempuan Nan Bercinta,Faisal Tehrani,Institut Terjemahan & Buku Malaysia Berhad,2014,"[""Malay""]",open_library,covers/2014_Perempuan_Nan_Bercinta.jpg
255,Mengenal Diri Ilmu Peninggalan Tok' Kenali Kelantan,Mohd Yusof Che Wook,Penyuluh Hati Enterprise,2014,"[""Malay""]",placeholder,covers/2014_Mengenal_Diri_Ilmu_Peninggalan_Tok'_Kenali_Kelantan_PLACEHOLDER.jpg
256,Al Fathun Nawa Jilid 1/2011,"Dr. Halo-N / Salma, M.Ag",Cv Pustaka Al Fathun Nawa,2014,"[""Malay""]",placeholder,covers/2014_Al_Fathun_Nawa_Jilid_1_2011_PLACEHOLDER.jpg
257,"Sultan Ismail Petra Of Kelantan, Dethroning Of A Malay Ruler. An Authorised Biographical Account Narrated By Tengku Muhammad Fakhry To The Author",Prof Salleh Buang,,2014,"[""English""]",placeholder,"covers/2014_Sultan_Ismail_Petra_Of_Kelantan,_Dethroning_Of_A_Malay_Ruler._An_Authorised_Biographical_Account_Nar_PLACEHOLDER.jpg"
258,Mencari Jalan Pulang Daripada Sosialisme Kepada Islam,Kassim Ahmad,Zi Publications Sdn. Bhd.,2014,"[""Malay""]",placeholder,covers/2014_Mencari_Jalan_Pulang_Daripada_Sosialisme_Kepada_Islam_PLACEHOLDER.jpg
259,Where Did I Come From?,Peter Mayle,Tian Xia Magazine Co. Ltd.,2014,"[""Chinese""]",placeholder,covers/2014_Where_Did_I_Come_From_PLACEHOLDER.jpg
260,The Meaning Of The Holy Qur'an For Kids,Yahiya J. Emerick,Ifna Bookstore,2014,"[""English""]",placeholder,covers/2014_The_Meaning_Of_The_Holy_Qur'an_For_Kids_PLACEHOLDER.jpg
261,Metodologi Fiqih Islam Kontemporer,Dr. Ir. Muhammad Shahrur,Penerbit Elsaq,2014,"[""Malay""]",placeholder,covers/2014_Metodologi_Fiqih_Islam_Kontemporer_PLACEHOLDER.jpg
262,Ilmu Pengasihan Sejati,S. Rahayu Wibowo,Penerbit Cv. Aneka (Anggota Ikapi),2014,"[""Indonesian""]",placeholder,covers/2014_Ilmu_Pengasihan_Sejati_PLACEHOLDER.jpg
263,Ilmu Kharang Tinggi,L.T. Prabowo,Penerbit Cv. Aneka (Anggota Ikapi),2014,"[""Indonesian""]",placeholder,covers/2014_Ilmu_Kharang_Tinggi_PLACEHOLDER.jpg
264,Aji Mantra Cinta Dan Peraih Cinta,Fuad Kauma,Penerbit Cv. Aneka (Anggota Ikapi),2014,"[""Indonesian""]",placeholder,covers/2014_Aji_Mantra_Cinta_Dan_Peraih_Cinta_PLACEHOLDER.jpg
265,Primbon Mujarobat Ketabiban Dalam Islam,Ust. T.M Sanihiyyah Mz./ Ust. Labib Mz,Bintang Usaha Jaya,2014,"[""Indonesian""]",placeholder,covers/2014_Primbon_Mujarobat_Ketabiban_Dalam_Islam_PLACEHOLDER.jpg
266,Kisah Paling Menarik Yang Pernah Diceritakan,,Bibles Internatoinal Of Canada,2014,"[""Indonesian""]",placeholder,covers/2014_Kisah_Paling_Menarik_Yang_Pernah_Diceritakan_PLACEHOLDER.jpg
267,Tegar Di Atas Tauhid,Abu Sulaiman Aman Abdurrahman,Shotul Haq,2013,"[""Malay""]",placeholder,covers/2013_Tegar_Di_Atas_Tauhid_PLACEHOLDER.jpg
268,Jihadmagz,Drs. M. Fachry,Ar-Rahmah Media Group,2013,"[""Malay""]",placeholder,covers/2013_Jihadmagz_PLACEHOLDER.jpg
269,Pengantar Ilmu-Ilmu Islam,Murtadha Muthahhari,Pustaka Zahra,2012,"[""Malay""]",placeholder,covers/2012_Pengantar_Ilmu-Ilmu_Islam_PLACEHOLDER.jpg
270,Tafsir Sufi Al-Fatihah Mukadimah,Jalaluddin Rakhmat,Pt Remaja Rosdakarya,2012,"[""Malay""]",placeholder,covers/2012_Tafsir_Sufi_Al-Fatihah_Mukadimah_PLACEHOLDER.jpg
271,Dialog Sunnah Syi'ah,A. Syarafuddin Al-Musawi,Penerbit Mizan,2012,"[""Malay""]",placeholder,covers/2012_Dialog_Sunnah_Syi'ah_PLACEHOLDER.jpg
272,"""Where Did I Come From?""",Peter Mayle,Kensington Publishing Corp.,2012,"[""English""]",placeholder,covers/2012_Where_Did_I_Come_From_PLACEHOLDER.jpg
273,"Allah, Liberty And Love",Irshad Manji,Free Press,2012,"[""English""]",open_library,"covers/2012_Allah,_Liberty_And_Love.jpg"
274,"Allah, Kebebasan & Cinta",Irshad Manji,Zi Publications Sdn. Bhd.,2012,"[""Malay""]",placeholder,"covers/2012_Allah,_Kebebasan_&_Cinta_PLACEHOLDER.jpg"
275,Islam Evil In The Name Of God,,Felibri Publications,2011,"[""English""]",placeholder,covers/2011_Islam_Evil_In_The_Name_Of_God_PLACEHOLDER.jpg
276,Sensasi #3,,,2010,"[""Malay""]",placeholder,covers/2010_Sensasi_#3_PLACEHOLDER.jpg
277,Sensasi - Majalah Lelaki Millennium,,,2010,"[""Malay""]",placeholder,covers/2010_Sensasi_-_Majalah_Lelaki_Millennium_PLACEHOLDER.jpg
278,Dendam Nafsu Jalinan Nafsu Edisi #2,Nor Rafeena,,2010,"[""Malay""]",placeholder,covers/2010_Dendam_Nafsu_Jalinan_Nafsu_Edisi_#2_PLACEHOLDER.jpg
279,Kama Asmara Edisi 1,Casandra,,2010,"[""Malay""]",placeholder,covers/2010_Kama_Asmara_Edisi_1_PLACEHOLDER.jpg
280,Gelora Nafsu #7,,,2010,"[""Malay""]",placeholder,covers/2010_Gelora_Nafsu_#7_PLACEHOLDER.jpg
281,Sensasi Edisi Ke-2,,,2010,"[""Malay""]",placeholder,covers/2010_Sensasi_Edisi_Ke-2_PLACEHOLDER.jpg
282,Tips-Tips Bahagia Bersama Pasangan,,Ilhamology Sdn. Bhd.,2010,"[""Malay""]",placeholder,covers/2010_Tips-Tips_Bahagia_Bersama_Pasangan_PLACEHOLDER.jpg
283,Antara Kasih & Dosa,Fahmi Ismail,Penerbitan Metrozone Sdn. Bhd. (255642-K),2010,"[""Malay""]",placeholder,covers/2010_Antara_Kasih_&_Dosa_PLACEHOLDER.jpg
284,Jendela Hati Kompilasi 4 Cerita Terbaik,Jamal Shamsudin,Penerbitan Azam Klasik,2010,"[""Malay""]",placeholder,covers/2010_Jendela_Hati_Kompilasi_4_Cerita_Terbaik_PLACEHOLDER.jpg
285,Gelora Nafsu #6,Nawawi Munir,Penerbitan Azam Klasik,2010,"[""Malay""]",placeholder,covers/2010_Gelora_Nafsu_#6_PLACEHOLDER.jpg
286,Gelora Nafsu 3 Kompilasi 5 Cerita Terbaik,Jamal Shamsudin,Penerbitan Azam Klasik,2010,"[""Malay""]",placeholder,covers/2010_Gelora_Nafsu_3_Kompilasi_5_Cerita_Terbaik_PLACEHOLDER.jpg
287,Gelora Nafsu 2 Kompilasi 6 Cerita Terbaik,Nawawi Munir,Penerbitan Azam Klasik,2010,"[""Malay""]",placeholder,covers/2010_Gelora_Nafsu_2_Kompilasi_6_Cerita_Terbaik_PLACEHOLDER.jpg
288,Kamasutra Jawa & Kuantum Cinta,Dr Razmi Ali Raden Amir/Siti Nurul Ainor B.Sc,Kalam Ilham Sdn. Bhd. (273791-D),2010,"[""Malay""]",placeholder,covers/2010_Kamasutra_Jawa_&_Kuantum_Cinta_PLACEHOLDER.jpg
289,Aan-Penn Eruttarai Valkhai,Tamilvanan,Manimegalai Pirasuram,2010,"[""Tamil""]",placeholder,covers/2010_Aan-Penn_Eruttarai_Valkhai_PLACEHOLDER.jpg
290,Aanmai Kuraivum-Penmai Kuraivum,Tamilvanan,Manimegalai Pirasuram,2010,"[""Tamil""]",placeholder,covers/2010_Aanmai_Kuraivum-Penmai_Kuraivum_PLACEHOLDER.jpg
291,Sex Exercise,Tamilvanan,Manimegalai Pirasuram,2010,"[""Tamil""]",placeholder,covers/2010_Sex_Exercise_PLACEHOLDER.jpg
292,Hard Magazine,,Chun Jia Co. Ltd.,2010,"[""Chinese""]",placeholder,covers/2010_Hard_Magazine_PLACEHOLDER.jpg
293,Gadis Jelita Yang Matang,,Qiang Ba Publishing House,2010,"[""Chinese""]",placeholder,covers/2010_Gadis_Jelita_Yang_Matang_PLACEHOLDER.jpg
294,Dewi Pesona,,Qiang Ba Publishing House,2010,"[""Chinese""]",placeholder,covers/2010_Dewi_Pesona_PLACEHOLDER.jpg
295,Visionary No. 2 - 3,Ujin,Leed Publishing Ltd. Co.,2010,"[""Chinese""]",placeholder,covers/2010_Visionary_No._2_-_3_PLACEHOLDER.jpg
296,X President No. 6,,Da Han Publishing House,2010,"[""Chinese""]",placeholder,covers/2010_X_President_No._6_PLACEHOLDER.jpg
297,1 Funny Malaysia,Zunar,Kinibooks,2010,"[""English""]",placeholder,covers/2010_1_Funny_Malaysia_PLACEHOLDER.jpg
298,Perak Darul Kartun,Zunar,Sepakat Efektif Sdn. Bhd.(857921-P),2010,"[""Malay""]",placeholder,covers/2010_Perak_Darul_Kartun_PLACEHOLDER.jpg
299,The March To Putrajaya-Malaysia's New Era Is At Hand,Kim Quek,"Oriengroup Sdn. Bhd,(211571-M)",2010,"[""English""]",placeholder,covers/2010_The_March_To_Putrajaya-Malaysia's_New_Era_Is_At_Hand_PLACEHOLDER.jpg
300,Oh Fazrah,,Teras Perkasa Ent.,2009,"[""Malay""]",placeholder,covers/2009_Oh_Fazrah_PLACEHOLDER.jpg
301,Isteri Romantik Di Kamar Yang Indah,Fahmi Marwan,Jasmine Enterprise Berinovatif Dan Berkreatif,2009,"[""Malay""]",placeholder,covers/2009_Isteri_Romantik_Di_Kamar_Yang_Indah_PLACEHOLDER.jpg
302,Suami Romantik Di Kamar Yang Indah,Fahmi Marwan,Jasmine Enterprise Berinovatif Dan Berkreatif,2009,"[""Malay""]",placeholder,covers/2009_Suami_Romantik_Di_Kamar_Yang_Indah_PLACEHOLDER.jpg
303,Rintihan Jiwa Seorang Lesbian,,M&S Production,2009,"[""Malay""]",placeholder,covers/2009_Rintihan_Jiwa_Seorang_Lesbian_PLACEHOLDER.jpg
304,Permata Gemilang,Hj. Wan Halim Bashah (Ibhar),Percetakan S.T. Sdn. Bhd.,2009,"[""Malay""]",placeholder,covers/2009_Permata_Gemilang_PLACEHOLDER.jpg
305,Rahsia Dalam Rahsia Di Sebalik Tirai Kamar Suami Isteri,Othman Haji Jaafar,Darul Nu'man,2009,"[""Malay""]",placeholder,covers/2009_Rahsia_Dalam_Rahsia_Di_Sebalik_Tirai_Kamar_Suami_Isteri_PLACEHOLDER.jpg
306,Khazanah Mutiara Hikmah Suami Isteri & Bakal Pengantin,Ustaz Hj Ibrahim Muhammad,Darul Nu'man,2009,"[""Malay""]",placeholder,covers/2009_Khazanah_Mutiara_Hikmah_Suami_Isteri_&_Bakal_Pengantin_PLACEHOLDER.jpg
307,Menyingkap Rahsia Keistimewaan Wanita,Ain Aina,Zanzan Production,2009,"[""Malay""]",placeholder,covers/2009_Menyingkap_Rahsia_Keistimewaan_Wanita_PLACEHOLDER.jpg
308,Senggama Kubur,Abdullah Harahap,Seramist,2009,"[""Malay""]",placeholder,covers/2009_Senggama_Kubur_PLACEHOLDER.jpg
309,Pengantin Remaja,Puteri Izma,Progressive Publishing House Sdn. Bhd.,2009,"[""Malay""]",placeholder,covers/2009_Pengantin_Remaja_PLACEHOLDER.jpg
310,Cinta Awak Dalam Sehari,,Penerbitan Maju Jaya Center Sdn. Bhd.,2009,"[""Malay""]",placeholder,covers/2009_Cinta_Awak_Dalam_Sehari_PLACEHOLDER.jpg
311,Serakah Anak-Anak Zombie,Ron Sikana,Penerbitan Karang Media,2009,"[""Malay""]",placeholder,covers/2009_Serakah_Anak-Anak_Zombie_PLACEHOLDER.jpg
312,55 Masalah Seksual Yang Anda Malu Tanya,Rosaida Roslan B.Sc,Kalam Ilham Sdn. Bhd.,2009,"[""Malay""]",placeholder,covers/2009_55_Masalah_Seksual_Yang_Anda_Malu_Tanya_PLACEHOLDER.jpg
313,God Is Not Great How Religion Poisons Everything,Christopher Hitchens,Twelve Hachette Book Group Usa,2009,"[""English""]",placeholder,covers/2009_God_Is_Not_Great_How_Religion_Poisons_Everything_PLACEHOLDER.jpg
314,The Qur'an A New Translation,Thomas Cleary,Starlatch Press,2009,"[""English""]",placeholder,covers/2009_The_Qur'an_A_New_Translation_PLACEHOLDER.jpg
315,The Trouble With Islam Today,Irshad Manji,St. Martin's Press,2009,"[""English""]",open_library,covers/2009_The_Trouble_With_Islam_Today.jpg
316,The Politically Incorrect Guide To Islam (And The Crusades),Robert Spencer,Regnery Publishing,2009,"[""English""]",open_library,covers/2009_The_Politically_Incorrect_Guide_To_Islam_(And_The_Crusades).jpg
317,Antichrist Islam's Awaited Messiah,Joel Richardson,Pleasant Word (A Division Of Wine Press Publishing),2009,"[""English""]",placeholder,covers/2009_Antichrist_Islam's_Awaited_Messiah_PLACEHOLDER.jpg
318,Islam And The West The Making Of An Image,Norman Daniel,Oneworld Publications (Sales And Editorial),2009,"[""English""]",placeholder,covers/2009_Islam_And_The_West_The_Making_Of_An_Image_PLACEHOLDER.jpg
319,Qabil & Habil,S. Aneesa,Little Angels' World,2009,"[""English""]",placeholder,covers/2009_Qabil_&_Habil_PLACEHOLDER.jpg
320,Ibrahim A.S. And Sarah,S. Aneesa,Little Angels' World,2009,"[""English""]",placeholder,covers/2009_Ibrahim_A.S._And_Sarah_PLACEHOLDER.jpg
321,The Jewel Of Medina,Sherry Jones,"Beaufort Books, New York",2009,"[""English""]",open_library,covers/2009_The_Jewel_Of_Medina.jpg
322,Hamka Bercerita Kisah Nabi & Rasul Jilid 1,M. Saribi Afn,Pustaka Dini Sdn. Bhd.,2009,"[""Malay""]",placeholder,covers/2009_Hamka_Bercerita_Kisah_Nabi_&_Rasul_Jilid_1_PLACEHOLDER.jpg
323,Hamka Bercerita Kisah Nabi & Rasul Jilid 2,M. Saribi Afn,Pustaka Dini Sdn. Bhd.,2009,"[""Malay""]",placeholder,covers/2009_Hamka_Bercerita_Kisah_Nabi_&_Rasul_Jilid_2_PLACEHOLDER.jpg
324,Allah Paling Hebat,Hf Rahadian,Pts One Sdn. Bhd.,2009,"[""Malay""]",placeholder,covers/2009_Allah_Paling_Hebat_PLACEHOLDER.jpg
325,Petua Cemerlang Suami Isteri,,Ilhamology Sdn. Bhd.,2009,"[""Malay""]",placeholder,covers/2009_Petua_Cemerlang_Suami_Isteri_PLACEHOLDER.jpg
326,Secrets Of The Koran: Revealing Insights Into Islam's Holy Book,Don Richardson,Regal Books,2008,"[""English""]",placeholder,covers/2008_Secrets_Of_The_Koran_Revealing_Insights_Into_Islam's_Holy_Book_PLACEHOLDER.jpg
327,Qur'an And Women Rereading The Sacred Text From A Woman's Perspective,Amina Wadud,Oxford University Press,2008,"[""English""]",placeholder,covers/2008_Qur'an_And_Women_Rereading_The_Sacred_Text_From_A_Woman's_Perspective_PLACEHOLDER.jpg
328,The Importance Of Muhammad,Marilyn Tower Oliver,Lucent Books,2008,"[""English""]",placeholder,covers/2008_The_Importance_Of_Muhammad_PLACEHOLDER.jpg
329,"World Faiths Islam Worship, Festival And Ceremonies From Aroundthe World",Trevor Barnes,Kingfisher,2008,"[""English""]",placeholder,"covers/2008_World_Faiths_Islam_Worship,_Festival_And_Ceremonies_From_Aroundthe_World_PLACEHOLDER.jpg"
330,What Makes Me A Muslim,Catherine M. Petrini,"Kidhaven Press,",2008,"[""English""]",open_library,covers/2008_What_Makes_Me_A_Muslim.jpg
331,Women In Islam,Margaret Speaker Yuan,Green Haven Press,2008,"[""English""]",open_library,covers/2008_Women_In_Islam.jpg
332,Islam Unveiled: Disturbing Questions About The World's Fastest-Growing Faith,Robert Spencer,Encounter Books,2008,"[""English""]",placeholder,covers/2008_Islam_Unveiled_Disturbing_Questions_About_The_World's_Fastest-Growing_Faith_PLACEHOLDER.jpg
333,The Two Faces Of Islam: Saudi Fundamentalism And Its Role In Terrorism,Stephen Schwartz,Anchor Books,2008,"[""English""]",placeholder,covers/2008_The_Two_Faces_Of_Islam_Saudi_Fundamentalism_And_Its_Role_In_Terrorism_PLACEHOLDER.jpg
334,Islam & Pluralisme,"Al-Mustaqeem Mahmod Radhi,Khairul Anam Che Mentri",Middle-Eastern Graduate Centre Sdn.Bhd.(Megc),2008,"[""Malay""]",placeholder,covers/2008_Islam_&_Pluralisme_PLACEHOLDER.jpg
335,Amalan Kemurahan Rezeki,Iffa Karimah,Jasmin Enterprise,2008,"[""Malay""]",placeholder,covers/2008_Amalan_Kemurahan_Rezeki_PLACEHOLDER.jpg
336,Rahsia Jalan Yang Lurus,,Al Mustaqiim,2008,"[""Malay""]",placeholder,covers/2008_Rahsia_Jalan_Yang_Lurus_PLACEHOLDER.jpg
337,All For Passion Love,Wu Ro Quan,Penerbitan Fang Zhi,2008,"[""Chinese""]",placeholder,covers/2008_All_For_Passion_Love_PLACEHOLDER.jpg
338,Av Angel,,Av Co.,2008,"[""Chinese""]",placeholder,covers/2008_Av_Angel_PLACEHOLDER.jpg
339,Pelik Tapi Benar Dalam Solat,Ustaz Abdul Rahman Mohamed,Telaga Biru Sdn.Bhd.,2008,"[""Malay""]",placeholder,covers/2008_Pelik_Tapi_Benar_Dalam_Solat_PLACEHOLDER.jpg
340,"Ananda Vikatan Dis 12, 2007",,,2008,"[""Tamil""]",placeholder,"covers/2008_Ananda_Vikatan_Dis_12,_2007_PLACEHOLDER.jpg"
341,Kumudam 12-12-2007,,,2008,"[""Tamil""]",placeholder,covers/2008_Kumudam_12-12-2007_PLACEHOLDER.jpg
342,Apakah Itu Ahmadiyah?,Mirza Bashiruddin Mahmud Ahmad,Jemaat Islam Ahmadiyah Malaysia 1995,2007,"[""Malay""]",placeholder,covers/2007_Apakah_Itu_Ahmadiyah_PLACEHOLDER.jpg
343,Nine Part Of Desire The Hidden Workd Of Islamic Women,Geraldine Brooks,Anchor Books,2007,"[""English""]",placeholder,covers/2007_Nine_Part_Of_Desire_The_Hidden_Workd_Of_Islamic_Women_PLACEHOLDER.jpg
344,Feminism And Islamic Fundamentalism The Limits Of Postmodern Analysis,Haideh Moghissi,Zed Books Ltd,2007,"[""English""]",placeholder,covers/2007_Feminism_And_Islamic_Fundamentalism_The_Limits_Of_Postmodern_Analysis_PLACEHOLDER.jpg
345,Unveiled At Last,Bob Sjogren,Ymaw Publishing A Ministry Of Youth With A Mission,2007,"[""English""]",open_library,covers/2007_Unveiled_At_Last.jpg
346,Heart Of The Koran,Lex Hixon,The Theosophical Publishing House,2007,"[""English""]",open_library,covers/2007_Heart_Of_The_Koran.jpg
347,The Fifth Pillar A Spritual Pilgrimage,David Zeidan,Piquant,2007,"[""English""]",placeholder,covers/2007_The_Fifth_Pillar_A_Spritual_Pilgrimage_PLACEHOLDER.jpg
348,My Journey From The Christianity Of Ahlul Sunnah Wal Jamaah To The Islam Of The Prophet,Saim Bakar,,2007,"[""English""]",placeholder,covers/2007_My_Journey_From_The_Christianity_Of_Ahlul_Sunnah_Wal_Jamaah_To_The_Islam_Of_The_Prophet_PLACEHOLDER.jpg
349,Now You Can Knows What Muslims Believe,,Ministries To Muslims,2007,"[""English""]",placeholder,covers/2007_Now_You_Can_Knows_What_Muslims_Believe_PLACEHOLDER.jpg
350,"Introducing Islam. Islam, Christianity, And Judaism",Dorothy Kavanaugh,Mason Crest Publishers,2007,"[""English""]",open_library,"covers/2007_Introducing_Islam._Islam,_Christianity,_And_Judaism.jpg"
351,Introdusing Islam. Islam:The Basics,Kim Whiteheads,Mason Crest Publishers,2007,"[""English""]",placeholder,covers/2007_Introdusing_Islam._Islam_The_Basics_PLACEHOLDER.jpg
352,The Life And Times Of Muhammad,Sir John Glubb,Mardison Books,2007,"[""English""]",placeholder,covers/2007_The_Life_And_Times_Of_Muhammad_PLACEHOLDER.jpg
353,Murder In The Name Of Allah,Harzat Mirza Tahir Ahmad,Lutterworth Press,2007,"[""English""]",placeholder,covers/2007_Murder_In_The_Name_Of_Allah_PLACEHOLDER.jpg
354,The Last Of The Giants,George Parshall,Fleming H.Revell A Division Of Baker Book House Company,2007,"[""English""]",placeholder,covers/2007_The_Last_Of_The_Giants_PLACEHOLDER.jpg
355,Jesus And Muhammad Profound Differences And Surprising Similarities,"Mark A. Gabriel, Phd",Charisma House A Strang Company,2007,"[""English""]",placeholder,covers/2007_Jesus_And_Muhammad_Profound_Differences_And_Surprising_Similarities_PLACEHOLDER.jpg
356,Answering Islam The Cresent In Light Of The Cross,Norman I Geisler Abdul Saleeb,Bakers Books A Division Of Baker Book House Company,2007,"[""English""]",placeholder,covers/2007_Answering_Islam_The_Cresent_In_Light_Of_The_Cross_PLACEHOLDER.jpg
357,Inside The Community: Understanding Muslims Through Their Traditions,Phil Parshall,Baker Books A Division Of Baker Book House Company,2007,"[""English""]",placeholder,covers/2007_Inside_The_Community_Understanding_Muslims_Through_Their_Traditions_PLACEHOLDER.jpg
358,"Islam In Context Past, Present, And Future",Peter G.Riddell Peter Cootterell,Baker Books A Division Of Baker Book House Company,2007,"[""English""]",placeholder,"covers/2007_Islam_In_Context_Past,_Present,_And_Future_PLACEHOLDER.jpg"
359,"Islam At The Crossroads Understanding Its Beliefs, History, And Conflicts",Paul Marshall Roberts Green Lela Gilbert,Baker Books A Division Of Baker Book House Company,2007,"[""English""]",placeholder,"covers/2007_Islam_At_The_Crossroads_Understanding_Its_Beliefs,_History,_And_Conflicts_PLACEHOLDER.jpg"
360,New Paths In Muslim Evangelism Evangelical Approaches To Contextualization,Phill Parshall,Baker Book House,2007,"[""English""]",placeholder,covers/2007_New_Paths_In_Muslim_Evangelism_Evangelical_Approaches_To_Contextualization_PLACEHOLDER.jpg
361,Glad News! God Loves You My Muslim Friend,Samy Tanagho,Authentic Mmemdia,2007,"[""English""]",open_library,covers/2007_Glad_News!_God_Loves_You_My_Muslim_Friend.jpg
362,Blind Following Of Madhabs,Shaykh Muhammad Sultaan Al-Ma`Oomee Al-Khajnadee,Al-Hidayah Publishing & Distribution,2007,"[""English""]",placeholder,covers/2007_Blind_Following_Of_Madhabs_PLACEHOLDER.jpg
363,Ombak Hidup Mengalami Damai Di Masa Taufan,,Yayasan Isahi Nusantara (Yin),2007,"[""Malay""]",placeholder,covers/2007_Ombak_Hidup_Mengalami_Damai_Di_Masa_Taufan_PLACEHOLDER.jpg
364,Rahsia Manusia Menyingkap Ruh Ilahi,Syekh Nur Ad-Din Ar Raniri,Pustaka Sufi,2007,"[""Malay""]",placeholder,covers/2007_Rahsia_Manusia_Menyingkap_Ruh_Ilahi_PLACEHOLDER.jpg
365,Tasawuf Dalam Qur`An,Dr. Mir Valiudin/Tim Pustaka Firdaus,Pustaka Firdaus Ji,2007,"[""Malay""]",placeholder,covers/2007_Tasawuf_Dalam_Qur`An_PLACEHOLDER.jpg
366,Pilihan Do`A Jaljalut Mengantisipasi Gejolak Zaman Modern,Muh. Rofi` Si,Pt Grafikatama Jaya,2007,"[""Malay""]",placeholder,covers/2007_Pilihan_Do`A_Jaljalut_Mengantisipasi_Gejolak_Zaman_Modern_PLACEHOLDER.jpg
367,Pengantar Psikologi Al-Quran Dimensi Keilmuan Di Balik Mushaf Utsmani,Dr. Lukman Saksonro. M Se Drs Anharudin,Pt Grafikatama Jaya,2007,"[""Malay""]",placeholder,covers/2007_Pengantar_Psikologi_Al-Quran_Dimensi_Keilmuan_Di_Balik_Mushaf_Utsmani_PLACEHOLDER.jpg
368,Bahaya Tarikat Sufi/Tasawuf Terhadap Masyarakat,Ustaz Rasul Bin Dahri,Perniagaan Jahabersa,2007,"[""Malay""]",placeholder,covers/2007_Bahaya_Tarikat_Sufi_Tasawuf_Terhadap_Masyarakat_PLACEHOLDER.jpg
369,Menyoal Relevensi Sunnah Dalam Islam Modern,Daniel W.Brown/Jaziar Radiiati Dan Entin Sriani Muslim,Penerbitan Mizan Anggota Ikapi,2007,"[""Malay""]",placeholder,covers/2007_Menyoal_Relevensi_Sunnah_Dalam_Islam_Modern_PLACEHOLDER.jpg
370,One True God Risiko Sejarah Bertuhan Satu,Rodney Stark /M. Sadat Ismail,Penerbit Qalam Ji,2007,"[""Malay""]",placeholder,covers/2007_One_True_God_Risiko_Sejarah_Bertuhan_Satu_PLACEHOLDER.jpg
371,Islam Tanpa Syariat Menggali Universalitas Tradisi,Ziauddin Sardar,Penerbit Grafindo Khazanah Ilmu Pp Pemuda Muhammadiyah,2007,"[""Malay""]",placeholder,covers/2007_Islam_Tanpa_Syariat_Menggali_Universalitas_Tradisi_PLACEHOLDER.jpg
372,The Passion Of The Christ Kesengsaraan Al-Masihi,,,2007,"[""Malay""]",placeholder,covers/2007_The_Passion_Of_The_Christ_Kesengsaraan_Al-Masihi_PLACEHOLDER.jpg
373,"Inside Islam The Faith, The People And The Conflicts Of The Word`S Fastest Growing Religion",,Marlowe & Company An Imprint Of Avalon Publishing Group Incorporated,2007,"[""Malay""]",placeholder,"covers/2007_Inside_Islam_The_Faith,_The_People_And_The_Conflicts_Of_The_Word`S_Fastest_Growing_Religion_PLACEHOLDER.jpg"
374,Wahdat Al-Adyan Dialog Pluralisme Agama,Fathimah Usman,Lk Isyogyakarta Salakan Baru,2007,"[""Malay""]",placeholder,covers/2007_Wahdat_Al-Adyan_Dialog_Pluralisme_Agama_PLACEHOLDER.jpg
375,Ringkasan Mafatih Al-Jinan Kunci Pembuka Syurga,Syeikh At-Tusiy,Jasmin Enterprise,2007,"[""Malay""]",placeholder,covers/2007_Ringkasan_Mafatih_Al-Jinan_Kunci_Pembuka_Syurga_PLACEHOLDER.jpg
376,Mujarobat Ilmu Kekebalan,Ahmad Toha Abdu Ghoni,Cv. Bintang Pelajar,2007,"[""Malay""]",placeholder,covers/2007_Mujarobat_Ilmu_Kekebalan_PLACEHOLDER.jpg
377,Ikhtisar Tajul Muluk (Mahkota Raja),Abdul Hamid Zahwan,Cv. Aneka,2007,"[""Malay""]",placeholder,covers/2007_Ikhtisar_Tajul_Muluk_(Mahkota_Raja)_PLACEHOLDER.jpg
378,Petunjuk Membuat Azimat Dan Benda Bertuah,Abd. Hamid Zahwan,Cv. Aneka,2007,"[""Malay""]",placeholder,covers/2007_Petunjuk_Membuat_Azimat_Dan_Benda_Bertuah_PLACEHOLDER.jpg
379,Rahsia Di Kamar & Kunci Wanita,Tok Nujum,Usnie Sdn. Bhd,2007,"[""Malay""]",placeholder,covers/2007_Rahsia_Di_Kamar_&_Kunci_Wanita_PLACEHOLDER.jpg
380,Rahsia Nombor 1 Untuk Wanita Ii,Tok Nujum,Usnie Sdn. Bhd,2007,"[""Malay""]",placeholder,covers/2007_Rahsia_Nombor_1_Untuk_Wanita_Ii_PLACEHOLDER.jpg
381,Rahsia Kenikmatan Rumahtangga,Tabib Haji Anwar Khan,Tabib Haji Anwar Khan Enterprise,2007,"[""Malay""]",placeholder,covers/2007_Rahsia_Kenikmatan_Rumahtangga_PLACEHOLDER.jpg
382,Al-Kafilah Siapakah Yang Dikatakan Gadis,Puteri Izma (Mohamad Abdul Hamid),Usnie Pulisher,2007,"[""Malay""]",placeholder,covers/2007_Al-Kafilah_Siapakah_Yang_Dikatakan_Gadis_PLACEHOLDER.jpg
383,Pendidikan Seks Rumah Tangga Kemuncak Rahsia Kebahagiaan & Kasih Sayang Sejati Rahsia Menguatkan Tenaga Batin Teknik Bercumbu Dan Berjimak,Jaafar Salleh,Al-Hidayah Publishers,2007,"[""Malay""]",placeholder,covers/2007_Pendidikan_Seks_Rumah_Tangga_Kemuncak_Rahsia_Kebahagiaan_&_Kasih_Sayang_Sejati_Rahsia_Menguatkan_Ten_PLACEHOLDER.jpg
384,Masalah Seksual Lelaki & Rawatan Alternatif,,Teguh Ringgit Publishing House,2007,"[""Malay""]",placeholder,covers/2007_Masalah_Seksual_Lelaki_&_Rawatan_Alternatif_PLACEHOLDER.jpg
385,Islamic Fundamentalism Since 1945,Beverly Milon - Edwards,Routledge,2007,"[""English""]",placeholder,covers/2007_Islamic_Fundamentalism_Since_1945_PLACEHOLDER.jpg
386,Onward Muslim Soldier,Robert Spencer,Regnery Publishing Inc,2007,"[""English""]",placeholder,covers/2007_Onward_Muslim_Soldier_PLACEHOLDER.jpg
387,The Qur'an,M.A.S. Abdel Haleem,"Oxford University Press Inc., New York",2007,"[""English""]",open_library,covers/2007_The_Qur'an.jpg
388,Who Can Be Saved? And World Religions,Terrance L.Tiessen,"Inter-Varsity Press,",2007,"[""English""]",placeholder,covers/2007_Who_Can_Be_Saved_And_World_Religions_PLACEHOLDER.jpg
389,The Koran,M.H. Shakir,Goodword Books,2007,"[""English""]",placeholder,covers/2007_The_Koran_PLACEHOLDER.jpg
390,Islamic Aesthetics: An Introduction,Oliver Leaman,Edinburgh University Press Ltd,2007,"[""English""]",placeholder,covers/2007_Islamic_Aesthetics_An_Introduction_PLACEHOLDER.jpg
391,The Koran : Selected Suras,Arthur Jeffery,"Dover Publications, Inc",2007,"[""English""]",placeholder,covers/2007_The_Koran_Selected_Suras_PLACEHOLDER.jpg
392,"War, Terror & Peace In The Qur'an And In Islam: Insights For Military & Goverment Leaders",T.P.Schwartz Barcott,Army War College Foundation Press,2007,"[""English""]",placeholder,"covers/2007_War,_Terror_&_Peace_In_The_Qur'an_And_In_Islam_Insights_For_Military_&_Goverment_Leaders_PLACEHOLDER.jpg"
393,Vampire Master,Urushihara Chishi,Shonen Gahosha Co.,2007,"[""Chinese""]",placeholder,covers/2007_Vampire_Master_PLACEHOLDER.jpg
394,Xenos,Mio Murao,Shonen Gahosha Co.,2007,"[""Chinese""]",placeholder,covers/2007_Xenos_PLACEHOLDER.jpg
395,16 Years Old Virgin Met Sex Maniac,,,2007,"[""Chinese""]",placeholder,covers/2007_16_Years_Old_Virgin_Met_Sex_Maniac_PLACEHOLDER.jpg
396,Ibu Tiri Berumur 30 Tahun Yang Seksi,,,2007,"[""Chinese""]",placeholder,covers/2007_Ibu_Tiri_Berumur_30_Tahun_Yang_Seksi_PLACEHOLDER.jpg
397,Gadis Miang Makan Pisang,,,2007,"[""Chinese""]",placeholder,covers/2007_Gadis_Miang_Makan_Pisang_PLACEHOLDER.jpg
398,Kakak Lawa Miang Tujuh Kali Dalam Semalam,Da Jie Da,,2007,"[""Chinese""]",placeholder,covers/2007_Kakak_Lawa_Miang_Tujuh_Kali_Dalam_Semalam_PLACEHOLDER.jpg
399,Hiyoko Brand,Hiyoko Kobayashi,Huang Ye Comics Co.,2007,"[""Chinese""]",placeholder,covers/2007_Hiyoko_Brand_PLACEHOLDER.jpg
400,Victim Of Proud Eagle,Lin Xue Er,Homer Culture Ind. Co. Ltd,2007,"[""Chinese""]",placeholder,covers/2007_Victim_Of_Proud_Eagle_PLACEHOLDER.jpg
401,Aya 4X1 Amazing Love Story,Aki Katsu,He Feng Publishing House,2007,"[""Chinese""]",placeholder,covers/2007_Aya_4X1_Amazing_Love_Story_PLACEHOLDER.jpg
402,Step Up Love Story,Aki Katsu,He Feng Publishing House,2007,"[""Chinese""]",placeholder,covers/2007_Step_Up_Love_Story_PLACEHOLDER.jpg
403,To Turn On The Potential Energy Of Sex,Li Jia Xiong/Jian Zhen,Dong You Culture Ind. Co. Ltd.,2007,"[""Chinese""]",placeholder,covers/2007_To_Turn_On_The_Potential_Energy_Of_Sex_PLACEHOLDER.jpg
404,Gakuen Heaven,You Ren,Ri Yue Publishing Co. Ltd,2007,"[""Chinese""]",placeholder,covers/2007_Gakuen_Heaven_PLACEHOLDER.jpg
405,Love Distortion,Sukune Inugami,Zhang Hong Publishing House Co. Ltd,2007,"[""Chinese""]",placeholder,covers/2007_Love_Distortion_PLACEHOLDER.jpg
406,Sexual Gift,Hikaru Tohyama,Tian Gong Publication House,2007,"[""Chinese""]",placeholder,covers/2007_Sexual_Gift_PLACEHOLDER.jpg
407,Shamese's Delivery Service,Hikaru Tohyama,Tian Gong Publication House,2007,"[""Chinese""]",placeholder,covers/2007_Shamese's_Delivery_Service_PLACEHOLDER.jpg
408,Kehidupan Kucar Kacir Dalam Kongsi Gelap,Ah Huo,Hong Dai Yang Manufacture Co. Ltd.,2007,"[""Chinese""]",placeholder,covers/2007_Kehidupan_Kucar_Kacir_Dalam_Kongsi_Gelap_PLACEHOLDER.jpg
409,Politik Islam Membawa Kasih Sayang,Ustaz Hj. Ashaari Muhammad,One Art Productions (001662932-D),2007,"[""Malay""]",placeholder,covers/2007_Politik_Islam_Membawa_Kasih_Sayang_PLACEHOLDER.jpg
410,Penyembuhan Cara Sufi,Saykh Ghulam Moinuddin,Yayasan Bentang Budaya,2007,"[""Malay""]",placeholder,covers/2007_Penyembuhan_Cara_Sufi_PLACEHOLDER.jpg
411,Tasawuf Perenial Kearifan Kritis Kaum Sufi,Kautsar Azhari Noer,Pt Serambi Ilmu Semesta,2007,"[""Malay""]",placeholder,covers/2007_Tasawuf_Perenial_Kearifan_Kritis_Kaum_Sufi_PLACEHOLDER.jpg
412,The Muslim Jesus: Kisah Dan Sabda Yesus Dalam Literatur Islam,Tarif Khalidi,Pt Serambi Ilmu Semesta,2007,"[""Malay""]",placeholder,covers/2007_The_Muslim_Jesus_Kisah_Dan_Sabda_Yesus_Dalam_Literatur_Islam_PLACEHOLDER.jpg
413,Tajul Muluk,Tuan Husin Besut Ibn Al Marhum Tuan Ishak Fatani,Percetakan Almuarif Sdn. Bhd;,2007,"[""Malay""]",placeholder,covers/2007_Tajul_Muluk_PLACEHOLDER.jpg
414,Kitab Kaysf Al-Asrar,Al Sheikh Muhamad Salleh Bin Abdullah Mengkabui,,2007,"[""Malay""]",placeholder,covers/2007_Kitab_Kaysf_Al-Asrar_PLACEHOLDER.jpg
415,Kumpulan Ilmu Ghaib,Imam Ghazali,Mahkota Surabaya,2007,"[""Malay""]",placeholder,covers/2007_Kumpulan_Ilmu_Ghaib_PLACEHOLDER.jpg
416,Fiqh Perempuan,Kh. Husein Muhamad,Lkis Yogyakarta Gambiran,2007,"[""Malay""]",placeholder,covers/2007_Fiqh_Perempuan_PLACEHOLDER.jpg
417,Hero Berani,,Sun Empire Comics Ltd.,2007,"[""Chinese""]",placeholder,covers/2007_Hero_Berani_PLACEHOLDER.jpg
418,Ralph,,Men's Focus Company Ltd,2007,"[""Chinese""]",placeholder,covers/2007_Ralph_PLACEHOLDER.jpg
419,Merangsang Keseronokan,,Lai Publisher,2007,"[""Chinese""]",placeholder,covers/2007_Merangsang_Keseronokan_PLACEHOLDER.jpg
420,Water Novels,,Homer Publishing Co. Ltd,2007,"[""Chinese""]",placeholder,covers/2007_Water_Novels_PLACEHOLDER.jpg
421,Sweet Pocket,,Homer Publishing Co. Ltd,2007,"[""Chinese""]",placeholder,covers/2007_Sweet_Pocket_PLACEHOLDER.jpg
422,Gaya Seksi Musim Panas,,Boon Hua Publishing,2007,"[""Chinese""]",placeholder,covers/2007_Gaya_Seksi_Musim_Panas_PLACEHOLDER.jpg
423,Gaya Seksi Musim Bunga,,Xin Hu Publishing House,2007,"[""Chinese""]",placeholder,covers/2007_Gaya_Seksi_Musim_Bunga_PLACEHOLDER.jpg
424,Gadis Tidak Sopan,,Qiang Ba Publishing House,2007,"[""Chinese""]",placeholder,covers/2007_Gadis_Tidak_Sopan_PLACEHOLDER.jpg
425,Sukar Dilupakan,,Qiang Ba Publishing House,2007,"[""Chinese""]",placeholder,covers/2007_Sukar_Dilupakan_PLACEHOLDER.jpg
426,"Artikel Bertajuk ""Cartoon Not Much Impact Here""",,The Sarawak Press Sdn.Bhd.,2006,"[""English""]",placeholder,covers/2006_Artikel_Bertajuk_Cartoon_Not_Much_Impact_Here_PLACEHOLDER.jpg
427,"Artikel Bertajuk ""Media Eropah Siarkan Semula Karikatur Meningkatkan Kontroversi Akhbar Denmark Hina Agama Islam, Mohom Maaf"" Yang Disiarkan Dalam Akhbar Guan Ming Daily Edisi Petang Pada 3 Februari 2",,Guang Ming Ribao Sdn Bhd.,2006,"[""Chinese""]",placeholder,covers/2006_Artikel_Bertajuk_Media_Eropah_Siarkan_Semula_Karikatur_Meningkatkan_Kontroversi_Akhbar_Denmark_Hina_PLACEHOLDER.jpg
428,Weed World,,Weed World,2006,"[""English""]",placeholder,covers/2006_Weed_World_PLACEHOLDER.jpg
429,High Times,,Trans-High Corporation,2006,"[""English""]",placeholder,covers/2006_High_Times_PLACEHOLDER.jpg
430,Cannabis Culture,,Avalon Sunsplash Ltd.,2006,"[""English""]",open_library,covers/2006_Cannabis_Culture.jpg
431,Hakikat & Hikmah 7 Hari Dalam Seminggu,Abu Nashr Al-Hamdaniy,Pustaka Ilmi,2006,"[""Malay""]",placeholder,covers/2006_Hakikat_&_Hikmah_7_Hari_Dalam_Seminggu_PLACEHOLDER.jpg
432,A Fundamental Fear Eurocentrism And The Emergence Of Islamism,Bobby S Sayyid,Zed Books Ltd,2006,"[""English""]",placeholder,covers/2006_A_Fundamental_Fear_Eurocentrism_And_The_Emergence_Of_Islamism_PLACEHOLDER.jpg
433,Islam Revealed A Christian Arab's View Of Islam,Dr. Anis A. Shorrosh,"Thomas Nelson Publishers Nashville,Tennessee",2006,"[""English""]",placeholder,covers/2006_Islam_Revealed_A_Christian_Arab's_View_Of_Islam_PLACEHOLDER.jpg
434,Islam,Matthew S. Gordon,"Oxford University Press.Inc,198.Madison Avenue,New York,Ny,10016-4314",2006,"[""English""]",open_library,covers/2006_Islam.jpg
435,What Everyone Needs To Know About Islam,John L. Esposito,"Oxford University Press,Inc.",2006,"[""English""]",open_library,covers/2006_What_Everyone_Needs_To_Know_About_Islam.jpg
436,Mini-Skirts Mothers & Muslims,Christine Mallouhi,,2006,"[""English""]",placeholder,covers/2006_Mini-Skirts_Mothers_&_Muslims_PLACEHOLDER.jpg
437,Sacred Books Of The East,Epiphanius Wilson,J-Jetley Asian Educational Services,2006,"[""English""]",placeholder,covers/2006_Sacred_Books_Of_The_East_PLACEHOLDER.jpg
438,"The Battle For God Fundamentalism In Judaism,Christianity And Islam",Karen Amstrong,Harpercollins Publishers,2006,"[""English""]",placeholder,"covers/2006_The_Battle_For_God_Fundamentalism_In_Judaism,Christianity_And_Islam_PLACEHOLDER.jpg"
439,Kontroversi Hukum Hudud,Kassim Ahmad,Forum Iqra' Berhad,2006,"[""English""]",placeholder,covers/2006_Kontroversi_Hukum_Hudud_PLACEHOLDER.jpg
440,Risalah No.2 Dilema Umat Islam - Antara Hadis Dan Quran,Kassim Ahmad,Forum Iqra' Berhad,2006,"[""English""]",placeholder,covers/2006_Risalah_No.2_Dilema_Umat_Islam_-_Antara_Hadis_Dan_Quran_PLACEHOLDER.jpg
441,"Cult, World Religions And The Occult",Kenneth Boa,Chariot Victor Publishing,2006,"[""English""]",placeholder,"covers/2006_Cult,_World_Religions_And_The_Occult_PLACEHOLDER.jpg"
442,The Bargaining For Israel: In The Shadow Of Amargeddon,Mona Johnian,"Bridge-Logos,Publishers",2006,"[""English""]",placeholder,covers/2006_The_Bargaining_For_Israel_In_The_Shadow_Of_Amargeddon_PLACEHOLDER.jpg
443,Sharing Your Faith With A Muslim,Abdiyah Akbar Abdul-Haqq,Bethany House Publishers,2006,"[""English""]",placeholder,covers/2006_Sharing_Your_Faith_With_A_Muslim_PLACEHOLDER.jpg
444,Lifting The Veil,Trudio Crawford,Apple Oh Gold,2006,"[""English""]",placeholder,covers/2006_Lifting_The_Veil_PLACEHOLDER.jpg
445,"Petua Dan Doa Pendinding,Penawar, Penyembuh Penyakit",Awang Mohd Yahya,Usnie Publisher,2006,"[""Malay""]",placeholder,"covers/2006_Petua_Dan_Doa_Pendinding,Penawar,_Penyembuh_Penyakit_PLACEHOLDER.jpg"
446,Siri 7 Amalan-Amalan Bid'ah Pada Bulan Syaban,Ustaz Rasul Bin Dahri,Perniagaan Jahabersa,2006,"[""Malay""]",placeholder,covers/2006_Siri_7_Amalan-Amalan_Bid'ah_Pada_Bulan_Syaban_PLACEHOLDER.jpg
447,Pemuda Bani Tamim Perintis Jalan Imam Mahdi,Abu Muhammad Atta,Penerbit Giliran Timur,2006,"[""Malay""]",placeholder,covers/2006_Pemuda_Bani_Tamim_Perintis_Jalan_Imam_Mahdi_PLACEHOLDER.jpg
448,Beach Story By Ernesto Mestre-Reed,David Morgan,,2006,"[""English""]",placeholder,covers/2006_Beach_Story_By_Ernesto_Mestre-Reed_PLACEHOLDER.jpg
449,Scar Tissue,Anthony Kiedis Bersama-Sama La,Hyperion,2006,"[""English""]",placeholder,covers/2006_Scar_Tissue_PLACEHOLDER.jpg
450,The Sexual Life Of Catherine M.,Chatherine Millet,Grove Press,2006,"[""English""]",placeholder,covers/2006_The_Sexual_Life_Of_Catherine_M_PLACEHOLDER.jpg
451,The Queer Movie Poster Book,Jenni Olson,Chronicle Books Llc,2006,"[""English""]",open_library,covers/2006_The_Queer_Movie_Poster_Book.jpg
452,Skin Shows The Tattoo Bible,Chris Wroblewski,Collins & Brown Chrysalis Books Group Plc,2006,"[""English""]",placeholder,covers/2006_Skin_Shows_The_Tattoo_Bible_PLACEHOLDER.jpg
453,The Pornographer's Poem,Michael Tuner,"Vintage Canada,Suatu Bahagian Random House Of Canada Limited",2006,"[""English""]",placeholder,covers/2006_The_Pornographer's_Poem_PLACEHOLDER.jpg
454,Lighting For Nude Photograpy,Rod Ashford,Roto Vision Sa,2006,"[""English""]",placeholder,covers/2006_Lighting_For_Nude_Photograpy_PLACEHOLDER.jpg
455,Sexual Pleasure Reaching New Heights Of Sexual Arousal And Intimacy,"Barbara Keesling, Ph.D",Orient Paperbacks,2006,"[""English""]",placeholder,covers/2006_Sexual_Pleasure_Reaching_New_Heights_Of_Sexual_Arousal_And_Intimacy_PLACEHOLDER.jpg
456,Naked Rooms,Peter Gorman,Goliath,2006,"[""English""]",open_library,covers/2006_Naked_Rooms.jpg
457,Erotic Home Photograpy - How To Take Your Own Nude Portraits,Tom Ang Bersama-Sama Wendy Ang,Fire Book(U.S) Inc.,2006,"[""English""]",placeholder,covers/2006_Erotic_Home_Photograpy_-_How_To_Take_Your_Own_Nude_Portraits_PLACEHOLDER.jpg
458,Tristan Taormino's True Lust,Tristan Taormino,Cleis Press Inc.,2006,"[""English""]",open_library,covers/2006_Tristan_Taormino's_True_Lust.jpg
459,Caught Up!,Winston Chapman,Black Pearl Books,2006,"[""English""]",open_library,covers/2006_Caught_Up!.jpg
460,Jock Sturges Notes,Jock Sturges,Aperture Foundation,2006,"[""English""]",placeholder,covers/2006_Jock_Sturges_Notes_PLACEHOLDER.jpg
461,Classic Nude Photography Techniques And Images,Peter Gowland & Alice Gowland,Amferst Media Inc.,2006,"[""English""]",placeholder,covers/2006_Classic_Nude_Photography_Techniques_And_Images_PLACEHOLDER.jpg
462,Box Lunch The Layperson's Guide To Cunnilingus,Diana Cage,Alyson Publications,2006,"[""English""]",placeholder,covers/2006_Box_Lunch_The_Layperson's_Guide_To_Cunnilingus_PLACEHOLDER.jpg
463,Kundalini For Beginners,Ravindra Kumar,Health Harmony B. Jain Publishers (P) Ltd.,2006,"[""English""]",open_library,covers/2006_Kundalini_For_Beginners.jpg
464,Rahsia Penyegar Tenaga Batin Suami Isteri,Dr.Ruhani,Al-Hidayah Publishers,2006,"[""Malay""]",placeholder,covers/2006_Rahsia_Penyegar_Tenaga_Batin_Suami_Isteri_PLACEHOLDER.jpg
465,Pengakuan Mangsa Rogol,Ayu Mayangsari,Visi Mega Publications,2006,"[""Malay""]",placeholder,covers/2006_Pengakuan_Mangsa_Rogol_PLACEHOLDER.jpg
466,Umee Srimas Pakar Repair `Anu' Lelaki,Webah Salleh,Teguh Ringgit Publishing House,2006,"[""Malay""]",placeholder,covers/2006_Umee_Srimas_Pakar_Repair_`Anu'_Lelaki_PLACEHOLDER.jpg
467,Kamasutra Apakah Kebaikannya?,Drs Munir Rahmat,Kalam Ilham Sdn.Bhd.,2006,"[""Malay""]",placeholder,covers/2006_Kamasutra_Apakah_Kebaikannya_PLACEHOLDER.jpg
468,Jejak-Jejak Sufi Di Malaysia Dan Kesannya Ke Atas Dakwah Islamiah,Abu Nu`Man Sulaiman Ibrahim Al-Bahuri,Jabatan Mufti Wilayah Negeri Sembilan Malaysia,2006,"[""Arabic""]",placeholder,covers/2006_Jejak-Jejak_Sufi_Di_Malaysia_Dan_Kesannya_Ke_Atas_Dakwah_Islamiah_PLACEHOLDER.jpg
469,Bahaya Taqlid Buta & Ta`Sub Mazhab,Rasul Dahri,Perniagaan Jahabersa,2006,"[""Malay""]",placeholder,covers/2006_Bahaya_Taqlid_Buta_&_Ta`Sub_Mazhab_PLACEHOLDER.jpg
470,"Siri 2: Imam Syafie (Rahimanhullah) Mengharamkan Kenduri Arwah, Tahlilan, Yasinan & Selamatan",Ustaz Rasul Bin Dahri,Perniagaan Jahabersa,2006,"[""Malay""]",placeholder,"covers/2006_Siri_2_Imam_Syafie_(Rahimanhullah)_Mengharamkan_Kenduri_Arwah,_Tahlilan,_Yasinan_&_Selamatan_PLACEHOLDER.jpg"
471,Mengapa Sebahagian Bekas Pemimpin Arqam Menentang Haji Ashaari,Dr. Mohd Noor Mohd Basir Dan Alifi Alias,Perniagaan Mata Angin (001618055-V),2006,"[""Malay""]",placeholder,covers/2006_Mengapa_Sebahagian_Bekas_Pemimpin_Arqam_Menentang_Haji_Ashaari_PLACEHOLDER.jpg
472,Abuya Ashaari Muhammad Pemimpin Paling Ajaib Di Zamannya,Ustazah Khadijah Aam,Penerbitan Minda Ikhwan (001283198-V),2006,"[""Malay""]",placeholder,covers/2006_Abuya_Ashaari_Muhammad_Pemimpin_Paling_Ajaib_Di_Zamannya_PLACEHOLDER.jpg
473,Tsunami Pembawa Mesej Dari Tuhan,Ustaz Ashaari Muhammad Dan Ustazah Khadijah Aam,Penerbitan Minda Ikhwan (001283198-V),2006,"[""Malay""]",placeholder,covers/2006_Tsunami_Pembawa_Mesej_Dari_Tuhan_PLACEHOLDER.jpg
474,Pendidikan Rapat Dengan Rohaniah Manusia,Ustaz Hj. Ashaari Muhammad,Penerbitan Minda Ikhwan (001283198-V),2006,"[""Malay""]",placeholder,covers/2006_Pendidikan_Rapat_Dengan_Rohaniah_Manusia_PLACEHOLDER.jpg
475,Islam And The West - A New Political And Religious Order Post September 11,Robert Van De Weyer,Synergy Books International,2006,"[""English""]",placeholder,covers/2006_Islam_And_The_West_-_A_New_Political_And_Religious_Order_Post_September_11_PLACEHOLDER.jpg
476,Negara Tuhan,Penterjemah - Tigga,Putra Langit,2006,"[""Malay""]",placeholder,covers/2006_Negara_Tuhan_PLACEHOLDER.jpg
477,Buku Pintar Al Qur`An Referensi Lengkap Memahami Kitab Suci Al-Qur`An,"Penterjemah - Sudarmaji.,S.Pd@Gruphermes.Mlg",Ladang Pustaka & Intimedia,2006,"[""Malay""]",placeholder,covers/2006_Buku_Pintar_Al_Qur`An_Referensi_Lengkap_Memahami_Kitab_Suci_Al-Qur`An_PLACEHOLDER.jpg
478,The Origin Of Species - Asal-Usul Spesies,Penterjemah - F.Susilohardo / Basuku Hernowo,Ikon Teralitera,2006,"[""Malay""]",placeholder,covers/2006_The_Origin_Of_Species_-_Asal-Usul_Spesies_PLACEHOLDER.jpg
479,Islam : A Short History / Sepintas Sejarah Islam,Penterjemah : Ira Puspito Rini,Ikon Teralitera,2006,"[""Malay""]",placeholder,covers/2006_Islam_A_Short_History_Sepintas_Sejarah_Islam_PLACEHOLDER.jpg
480,Siapakah Muslim?,,Sathiyamey Jeyam,2006,"[""Tamil""]",placeholder,covers/2006_Siapakah_Muslim_PLACEHOLDER.jpg
481,Mac 8,K.Arumugam,Separuthi Publications Sdn.Bhd. (409768-U),2006,"[""Tamil""]",placeholder,covers/2006_Mac_8_PLACEHOLDER.jpg
482,The Word Of Islam,John Alden Williams,Thames And Hudson Ltd. London,2005,"[""English""]",open_library,covers/2005_The_Word_Of_Islam.jpg
483,The Sterling Dictionary Of Religion,Amrita Sharma,Sterling Publishers Pvt.Ltd.,2005,"[""English""]",placeholder,covers/2005_The_Sterling_Dictionary_Of_Religion_PLACEHOLDER.jpg
484,Mercy Ocean's Lovestream,Sheikh Nazim Al-Qubrusi,Sheik Nazim C/O Baysal Gulboy,2005,"[""English""]",placeholder,covers/2005_Mercy_Ocean's_Lovestream_PLACEHOLDER.jpg
485,Great Religions Of The World,,National Geographic Society,2005,"[""English""]",placeholder,covers/2005_Great_Religions_Of_The_World_PLACEHOLDER.jpg
486,Mysterious Facts Strange World,Richard O`Neill,Grange Books,2005,"[""English""]",placeholder,covers/2005_Mysterious_Facts_Strange_World_PLACEHOLDER.jpg
487,Mysterious Facts Gods & Demons,Amanda O`Neill,Grange Books,2005,"[""English""]",placeholder,covers/2005_Mysterious_Facts_Gods_&_Demons_PLACEHOLDER.jpg
488,Women And Islam,Fatima Mernissi,Blackwell Publishers,2005,"[""English""]",open_library,covers/2005_Women_And_Islam.jpg
489,The Cross And The Crescent,Phil Parshall,"Tyndale House Publisher, Inc.,Wheaton, Illinois",2005,"[""English""]",open_library,covers/2005_The_Cross_And_The_Crescent.jpg
490,Muhammad A Biography Of The Prophet,Karen Armstrong,Harper Collins Publishers,2005,"[""English""]",placeholder,covers/2005_Muhammad_A_Biography_Of_The_Prophet_PLACEHOLDER.jpg
491,Messiah War In The Middle East & Road To Armageddon,Grant R. Jeffrey,Frontier Research Publications,2005,"[""English""]",placeholder,covers/2005_Messiah_War_In_The_Middle_East_&_Road_To_Armageddon_PLACEHOLDER.jpg
492,The Bing Bang,Emma Taylor Dan Lorelei Sharke,Penguin Group (Usa) Inc.,2005,"[""English""]",placeholder,covers/2005_The_Bing_Bang_PLACEHOLDER.jpg
493,"Eminem ""Talking""",Chuck Weiner,Omnibus Press,2005,"[""English""]",open_library,covers/2005_Eminem_Talking.jpg
494,The Price Of Pleasure,Joan Elizabeth Lloyd,Kensington Publishing Corp.,2005,"[""English""]",open_library,covers/2005_The_Price_Of_Pleasure.jpg
495,The Vice Guide To Sex And Drugs And Rock And Roll,"Suroosh Alvi, Gavin Mclnnes","Harper Collins Warner Books, Inc.",2005,"[""English""]",placeholder,covers/2005_The_Vice_Guide_To_Sex_And_Drugs_And_Rock_And_Roll_PLACEHOLDER.jpg
496,Lesbian Couple A Guide Ti Creating Healthy Relationships,D.Merilee Clunis & G.Dorsey,Seal Press,2005,"[""English""]",placeholder,covers/2005_Lesbian_Couple_A_Guide_Ti_Creating_Healthy_Relationships_PLACEHOLDER.jpg
497,Lesbian,Radzi Sayed,Ar Communications.,2005,"[""Malay""]",placeholder,covers/2005_Lesbian_PLACEHOLDER.jpg
498,Permata Baiduri Ii ( Petua Merawat Semula Dara Yang Telah Hilang ),Puteri Izma (Mohamad Abd.Hamid),Usnie Publisher,2005,"[""Malay""]",placeholder,covers/2005_Permata_Baiduri_Ii_(_Petua_Merawat_Semula_Dara_Yang_Telah_Hilang_)_PLACEHOLDER.jpg
499,Permata Baiduri ( Tujuh Rormula Mengenal Gadis Masih Dara Atau Tidak ),Puteri Izma(Mohamad Abd.Hamid),Usnie Publisher,2005,"[""Malay""]",placeholder,covers/2005_Permata_Baiduri_(_Tujuh_Rormula_Mengenal_Gadis_Masih_Dara_Atau_Tidak_)_PLACEHOLDER.jpg
500,Rahsia Wanita,,Zzan Publication,2005,"[""Malay""]",placeholder,covers/2005_Rahsia_Wanita_PLACEHOLDER.jpg
501,Korban Nafsu,A Hamid Osman,Teguh Ringgit Publishing House.,2005,"[""Malay""]",placeholder,covers/2005_Korban_Nafsu_PLACEHOLDER.jpg
502,Malam Pengantin - Indahkah Malam Pengantin Anda Berdua?,Puteri Izma Mohamad Abdul,Progressive Publishing House Sdn.Bhd.,2005,"[""Malay""]",placeholder,covers/2005_Malam_Pengantin_-_Indahkah_Malam_Pengantin_Anda_Berdua_PLACEHOLDER.jpg
503,Pengantin Remaja ( Pelamin Impianku ),Puteri Izma,Progressive Publishing House Sdn.Bhd.,2005,"[""Malay""]",placeholder,covers/2005_Pengantin_Remaja_(_Pelamin_Impianku_)_PLACEHOLDER.jpg
504,Air Mata Gadis,Puteri Izma(Mohamad Abd.Hamid),Progressive Publihing House Sdn.Bhd.,2005,"[""Malay""]",placeholder,covers/2005_Air_Mata_Gadis_PLACEHOLDER.jpg
505,Permata Sukma,Rozai Sulaiman,Mediakota Publishing,2005,"[""Malay""]",placeholder,covers/2005_Permata_Sukma_PLACEHOLDER.jpg
506,Is3Hot,Deq Nan,D Linx Publishers,2005,"[""Malay""]",placeholder,covers/2005_Is3Hot_PLACEHOLDER.jpg
507,40 Hari Khalwat Catatan Harian Seorang Psikologi Dalam Pengasingan Diri Sufistik,Michaela Ozelsel,Pustaka Hidayah,2005,"[""Malay""]",placeholder,covers/2005_40_Hari_Khalwat_Catatan_Harian_Seorang_Psikologi_Dalam_Pengasingan_Diri_Sufistik_PLACEHOLDER.jpg
508,Quran Menurut Perempuan,Amina Wadud,Pt Serambi Ilmu Semesta,2005,"[""Malay""]",placeholder,covers/2005_Quran_Menurut_Perempuan_PLACEHOLDER.jpg
509,Mengapa Kita Mencintai Keluarga Nabi Saw,Muhammad Kadzim Muhammad,Pt Lentera Basritama,2005,"[""Malay""]",placeholder,covers/2005_Mengapa_Kita_Mencintai_Keluarga_Nabi_Saw_PLACEHOLDER.jpg
510,Hakikat Lafadz A.L.L.A.H.,Muhyiddin Ibnu Arabi,Penerbit Pustaka Progressif,2005,"[""Malay""]",placeholder,covers/2005_Hakikat_Lafadz_A.L.L.A.H_PLACEHOLDER.jpg
511,Setetes Rahasia Alam Tuhan Melalui Peristiwa Metafisika Al-Mi'raj,Kh.Bahaudin Mudhary,Penerbit Pustaka Progressif,2005,"[""Malay""]",placeholder,covers/2005_Setetes_Rahasia_Alam_Tuhan_Melalui_Peristiwa_Metafisika_Al-Mi'raj_PLACEHOLDER.jpg
512,Jemaat Yang Mengalami Terobosan Strategi-Strategi Apostolik,Dr.Jonathan David,Nafiri Gabriel,2005,"[""Malay""]",placeholder,covers/2005_Jemaat_Yang_Mengalami_Terobosan_Strategi-Strategi_Apostolik_PLACEHOLDER.jpg
513,Kisah Tongkat Nabi Musa,Kh.Abdullah Zakiy Al-Kaaf,Cv Pustaka Setia,2005,"[""Malay""]",placeholder,covers/2005_Kisah_Tongkat_Nabi_Musa_PLACEHOLDER.jpg
514,Delapan Adzab Allah Swt,Kh. Abdullah Zakiy Al-Kaaf,Cv Pustaka Setia,2005,"[""Malay""]",placeholder,covers/2005_Delapan_Adzab_Allah_Swt_PLACEHOLDER.jpg
515,Dari Zaman Nabi Muhammad Saw Dan Para Sahabat,Kh. Abdullah Zakiy Al-Kaaf Drs. Maman Abd. Djaliel,Cv Pustaka Setia,2005,"[""Malay""]",placeholder,covers/2005_Dari_Zaman_Nabi_Muhammad_Saw_Dan_Para_Sahabat_PLACEHOLDER.jpg
516,Al-Audah Ila Al-Quran ( Kembali Kepada Al-Quran ),Kassim Ahmad,Maktabah Madbuli Al-Saghir,2005,,placeholder,covers/2005_Al-Audah_Ila_Al-Quran_(_Kembali_Kepada_Al-Quran_)_PLACEHOLDER.jpg
517,Wanita Jelita,,Yin Ye Press Co.Ltd.,2005,"[""Chinese""]",placeholder,covers/2005_Wanita_Jelita_PLACEHOLDER.jpg
518,Isteri Muda Yang Berlaku Curang,,"Yin Ye Press Co,Ltd.",2005,"[""Chinese""]",placeholder,covers/2005_Isteri_Muda_Yang_Berlaku_Curang_PLACEHOLDER.jpg
519,Pasangan Berahi,,"Yin Ye Press Co, Ltd.",2005,"[""Chinese""]",placeholder,covers/2005_Pasangan_Berahi_PLACEHOLDER.jpg
520,Gadis Hamba Nafsu,,"Yin Ye Press Co, Ltd.",2005,"[""Chinese""]",placeholder,covers/2005_Gadis_Hamba_Nafsu_PLACEHOLDER.jpg
521,Wanita Yang Kesepian,,"Yin Ye Press Co, Ltd.",2005,"[""Chinese""]",placeholder,covers/2005_Wanita_Yang_Kesepian_PLACEHOLDER.jpg
522,Si Comel,,Quan Long Press Co.Ltd.,2005,"[""Chinese""]",placeholder,covers/2005_Si_Comel_PLACEHOLDER.jpg
523,Cinta Liar,,Quan Long Press Co.Ltd.,2005,"[""Chinese""]",placeholder,covers/2005_Cinta_Liar_PLACEHOLDER.jpg
524,Gadis Yang Mengejar Nafsu,,Quan Long Press Co.Ltd.,2005,"[""Chinese""]",placeholder,covers/2005_Gadis_Yang_Mengejar_Nafsu_PLACEHOLDER.jpg
525,Mimpi Pisang,,Quan Long Press Co. Ltd.,2005,"[""Chinese""]",placeholder,covers/2005_Mimpi_Pisang_PLACEHOLDER.jpg
526,Cinta Kota,,"Ngan Hon Investmant Co,Ltd.",2005,"[""Chinese""]",placeholder,covers/2005_Cinta_Kota_PLACEHOLDER.jpg
527,Guru Dara,,New Port Printing & Binding Co.,2005,"[""Chinese""]",placeholder,covers/2005_Guru_Dara_PLACEHOLDER.jpg
528,Kisah Doktor Yang Tak Siuman,,New Port Printing & Binding Co.,2005,"[""Chinese""]",placeholder,covers/2005_Kisah_Doktor_Yang_Tak_Siuman_PLACEHOLDER.jpg
529,Pink Lady,,Jin Tian Press Co.Ltd.,2005,"[""Chinese""]",placeholder,covers/2005_Pink_Lady_PLACEHOLDER.jpg
530,Wanita Seksi,,Jin Tian Press Co.Ltd.,2005,"[""Chinese""]",placeholder,covers/2005_Wanita_Seksi_PLACEHOLDER.jpg
531,Godaan Seks,,Jin Tian Press Co.Ltd.,2005,"[""Chinese""]",placeholder,covers/2005_Godaan_Seks_PLACEHOLDER.jpg
532,Cinta Haram,,Jin Tian Press Co.Ltd.,2005,"[""Chinese""]",placeholder,covers/2005_Cinta_Haram_PLACEHOLDER.jpg
533,Angel,,Jin Tian Press Co.Ltd.,2005,"[""Chinese""]",placeholder,covers/2005_Angel_PLACEHOLDER.jpg
534,Sexy Girl,,Jin Tian Press Co.Ltd.,2005,"[""Chinese""]",placeholder,covers/2005_Sexy_Girl_PLACEHOLDER.jpg
535,Kak Long,,Jin Tian Press Co.Ltd.,2005,"[""Chinese""]",placeholder,covers/2005_Kak_Long_PLACEHOLDER.jpg
536,Body Girl,,Jin Tian Press Co.Ltd.,2005,"[""Chinese""]",placeholder,covers/2005_Body_Girl_PLACEHOLDER.jpg
537,Wanita Yang Merayau Sepanjang Malam,,Jin Tian Press Co.Ltd.,2005,"[""Chinese""]",placeholder,covers/2005_Wanita_Yang_Merayau_Sepanjang_Malam_PLACEHOLDER.jpg
538,Lelaki Yang Bertanggung Jawab,,Jin Tian Press Co.Ltd.,2005,"[""Chinese""]",placeholder,covers/2005_Lelaki_Yang_Bertanggung_Jawab_PLACEHOLDER.jpg
539,Hot! Girl,,Jin Tian Press Co. Ltd.,2005,"[""Chinese""]",placeholder,covers/2005_Hot!_Girl_PLACEHOLDER.jpg
540,Kisah Tengah Malam,,Hua Ming Publishing House,2005,"[""Chinese""]",placeholder,covers/2005_Kisah_Tengah_Malam_PLACEHOLDER.jpg
541,Perempuan Tidak Bermoral,,Hua Ming Publishing House,2005,"[""Chinese""]",placeholder,covers/2005_Perempuan_Tidak_Bermoral_PLACEHOLDER.jpg
542,Dunia Romantik,,Hong Kong Giant Publishing Group,2005,"[""Chinese""]",placeholder,covers/2005_Dunia_Romantik_PLACEHOLDER.jpg
543,Dunia Ceria,,Hong Kong Fei Da Publishing Group,2005,"[""Chinese""]",placeholder,covers/2005_Dunia_Ceria_PLACEHOLDER.jpg
544,Burung Berapi,,,2004,"[""Chinese""]",placeholder,covers/2004_Burung_Berapi_PLACEHOLDER.jpg
545,Ichiban,Lung Siu Tin,Million Solid Ltd,2004,"[""Chinese""]",placeholder,covers/2004_Ichiban_PLACEHOLDER.jpg
546,Kama Sastera Ahti Sangkarar (Bhs Tamil),Mathan,Golden Publication,2004,"[""Malay"", ""English""]",placeholder,covers/2004_Kama_Sastera_Ahti_Sangkarar_(Bhs_Tamil)_PLACEHOLDER.jpg
547,Kama Sastera,Sangkaracharier,Kudumba Nulagam,2004,"[""Tamil""]",placeholder,covers/2004_Kama_Sastera_PLACEHOLDER.jpg
548,Gadis Jelita,,Xin Cheng Publishing Co.Ltd.,2004,"[""Chinese""]",placeholder,covers/2004_Gadis_Jelita_PLACEHOLDER.jpg
549,Genit Bandar,,Weng Li Publishing Co. Ltd.,2004,"[""Chinese""]",placeholder,covers/2004_Genit_Bandar_PLACEHOLDER.jpg
550,Suki Chan Sau Yu,Ryuji Nishimoto,Wei Yip Publishing House,2004,"[""Chinese""]",placeholder,covers/2004_Suki_Chan_Sau_Yu_PLACEHOLDER.jpg
551,Peperangan Zaman Moden Antara Lelaki & Perempuan-Wanita Genit,,Wah Kou Commercial Building,2004,"[""Chinese""]",placeholder,covers/2004_Peperangan_Zaman_Moden_Antara_Lelaki_&_Perempuan-Wanita_Genit_PLACEHOLDER.jpg
552,Ratu Judi,Madeko Kato/Lin Zhi Cun,Tong Yuan Publishing House,2004,"[""Chinese""]",placeholder,covers/2004_Ratu_Judi_PLACEHOLDER.jpg
553,Tikar-Tikar Jed,Wu Zhao Ming,Sun Empire Creation Ltd.,2004,"[""Chinese""]",placeholder,covers/2004_Tikar-Tikar_Jed_PLACEHOLDER.jpg
554,Gadis Liar Berumur 16 Tahun,,Success Publishing Co. Ltd.,2004,"[""Chinese""]",placeholder,covers/2004_Gadis_Liar_Berumur_16_Tahun_PLACEHOLDER.jpg
555,Gadis Naif,,Success Publishing Co. Ltd.,2004,"[""Chinese""]",placeholder,covers/2004_Gadis_Naif_PLACEHOLDER.jpg
556,Jururawat Gasang,,Quan Long Press Co. Ltd,2004,"[""Chinese""]",placeholder,covers/2004_Jururawat_Gasang_PLACEHOLDER.jpg
557,Gadis Rupawan,,Quan Long Press Co. Ltd,2004,"[""Chinese""]",placeholder,covers/2004_Gadis_Rupawan_PLACEHOLDER.jpg
558,Kisah Miang Gadis Jelita,,Quan Long Press Co. Ltd,2004,"[""Chinese""]",placeholder,covers/2004_Kisah_Miang_Gadis_Jelita_PLACEHOLDER.jpg
559,Atas Nama Cinta / In The Name Of Love( Lagu),Penyanyi -Faye Wong,Pengeluar - Sony Music Entertainment(Taiwan) Ltd.,2004,"[""Chinese""]",placeholder,covers/2004_Atas_Nama_Cinta_In_The_Name_Of_Love(_Lagu)_PLACEHOLDER.jpg
560,Akasi,,Ngan Hon Development Co. Ltd.,2004,"[""Chinese""]",placeholder,covers/2004_Akasi_PLACEHOLDER.jpg
561,One Night Stand,,Ngan Hon Development Co. Ltd.,2004,"[""Chinese""]",placeholder,covers/2004_One_Night_Stand_PLACEHOLDER.jpg
562,Gadis Miang,,,2004,"[""Chinese""]",placeholder,covers/2004_Gadis_Miang_PLACEHOLDER.jpg
563,Kekasih Yang Seksi,,,2004,"[""Chinese""]",placeholder,covers/2004_Kekasih_Yang_Seksi_PLACEHOLDER.jpg
564,Gadis Genit,,Man Lee Publishing Co. Ltd.,2004,"[""Chinese""]",placeholder,covers/2004_Gadis_Genit_PLACEHOLDER.jpg
565,Peperangan Zaman Moden Antara Lelaki & Perempuan-Gadis Miang,,Hang Soon Commercial Building,2004,"[""Chinese""]",placeholder,covers/2004_Peperangan_Zaman_Moden_Antara_Lelaki_&_Perempuan-Gadis_Miang_PLACEHOLDER.jpg
566,Peperangan Zaman Moden Antara Lelaki & Perempuan-Perlakuan Seks Yang Keterlaluan,,Golden Goose Commercial Building,2004,"[""Chinese""]",placeholder,covers/2004_Peperangan_Zaman_Moden_Antara_Lelaki_&_Perempuan-Perlakuan_Seks_Yang_Keterlaluan_PLACEHOLDER.jpg
567,Lelaki Perempuan Berpakaian Berwarna Warni,,Golden Goose Commercial Building,2004,"[""Chinese""]",placeholder,covers/2004_Lelaki_Perempuan_Berpakaian_Berwarna_Warni_PLACEHOLDER.jpg
568,Oscar,Kazuo Koike/Guo Si Xin,Freeman Holdings Ltd.,2004,"[""Chinese""]",placeholder,covers/2004_Oscar_PLACEHOLDER.jpg
569,Beppin,,Eic Publication (H.K) Ltd,2004,"[""Chinese""]",placeholder,covers/2004_Beppin_PLACEHOLDER.jpg
570,Pemandu Pelancong Wanita,,East Port Publishing House,2004,"[""Chinese""]",placeholder,covers/2004_Pemandu_Pelancong_Wanita_PLACEHOLDER.jpg
571,Hotline,,Cosmos Publishing Co. Ltd.,2004,"[""Chinese""]",placeholder,covers/2004_Hotline_PLACEHOLDER.jpg
572,Bisikan Tengah Malam,,Cocmos Publishing Co. Ltd.,2004,"[""Chinese""]",placeholder,covers/2004_Bisikan_Tengah_Malam_PLACEHOLDER.jpg
573,Oru Kanniyin Karpanai (Mimpi Seorang Gadis) (Bhs Tamil),Priya,Varma Pathippagam,2004,"[""Malay"", ""English""]",placeholder,covers/2004_Oru_Kanniyin_Karpanai_(Mimpi_Seorang_Gadis)_(Bhs_Tamil)_PLACEHOLDER.jpg
574,Kudumba Seks Kathaigal (Kisah-Kisah Seks Keluarga),Priya,Varma Pathippagam,2004,"[""Tamil""]",placeholder,covers/2004_Kudumba_Seks_Kathaigal_(Kisah-Kisah_Seks_Keluarga)_PLACEHOLDER.jpg
575,Koleksi Cerita Lucah,Kikuni Masahiko/Yang Feng Song,Tong Yuan Publishing House,2004,"[""Chinese""]",placeholder,covers/2004_Koleksi_Cerita_Lucah_PLACEHOLDER.jpg
576,Pornografi,Wu Zhao Ming,Sun Empire Creation Ltd.,2004,"[""Chinese""]",placeholder,covers/2004_Pornografi_PLACEHOLDER.jpg
577,The Joy Of Sensual Massage,Roger W.Hicks & Victoria Day,Wark Lock,2004,"[""English""]",placeholder,covers/2004_The_Joy_Of_Sensual_Massage_PLACEHOLDER.jpg
578,The Intimate Couple,Jack Lee Rosenberg & Beverly K,Turner Publishing Inc.,2004,"[""English""]",placeholder,covers/2004_The_Intimate_Couple_PLACEHOLDER.jpg
579,Eat Me,Linda Jaivin,The Text Publishing Company Pty Ltd,2004,"[""English""]",open_library,covers/2004_Eat_Me.jpg
580,My Secret Garden,Nancy Friday,Pocket Books A Division Of Simon Schuster,2004,"[""English""]",placeholder,covers/2004_My_Secret_Garden_PLACEHOLDER.jpg
581,Forbidden Flowers,Nancy Friday,Pocket Books,2004,"[""English""]",open_library,covers/2004_Forbidden_Flowers.jpg
582,Women On Top,Nancy Friday,Pocket Books,2004,"[""English""]",open_library,covers/2004_Women_On_Top.jpg
583,101 Nights Of Grrreat Sex,Laura Corn,"Park Avenue Publisher,Inc.",2004,"[""English""]",open_library,covers/2004_101_Nights_Of_Grrreat_Sex.jpg
584,The Art Of Sensual Aromatherapy,Nitya Lacroix & Sakina Bowhay,Henry Holt And Company,2004,"[""English""]",placeholder,covers/2004_The_Art_Of_Sensual_Aromatherapy_PLACEHOLDER.jpg
585,The Ecstatic Moment,Marianna Beck&Jack Hafferkamp,Dell Publishing,2004,"[""English""]",placeholder,covers/2004_The_Ecstatic_Moment_PLACEHOLDER.jpg
586,Tropic Of Capricorn,Henry Miller,"Book-Of-The-Month-Club,New York",2004,"[""English""]",placeholder,covers/2004_Tropic_Of_Capricorn_PLACEHOLDER.jpg
587,Helen And Desire,Alexander Trocchi,"Book-Of-The-Month Club, New York",2004,"[""English""]",open_library,covers/2004_Helen_And_Desire.jpg
588,Best American Gay Fiction,Brian Bouldrey,"Little, Brown & Company (Canada) Limited",2004,"[""English""]",open_library,covers/2004_Best_American_Gay_Fiction.jpg
589,The Gay Guy's Guide To Love,Ken Hanes,Crown Trade Paperbacks,2004,"[""English""]",open_library,covers/2004_The_Gay_Guy's_Guide_To_Love.jpg
590,The Mammoth Book Of Gay Erotica,Lawrence Schimel,"Carrol & Graf Publishers,Inc.",2004,"[""English""]",open_library,covers/2004_The_Mammoth_Book_Of_Gay_Erotica.jpg
591,My Secret Life Part Two,Anonymous,"Book-Of-The-Month Club, New York",2004,"[""English""]",placeholder,covers/2004_My_Secret_Life_Part_Two_PLACEHOLDER.jpg
592,Gq (Julai 2003,,"The Conde Nast Publications Ltd,",2004,"[""English""]",placeholder,covers/2004_Gq_(Julai_2003_PLACEHOLDER.jpg
593,Fast Car (Edisi Uk),,Steven Kung Fu Ray,2004,"[""English""]",placeholder,covers/2004_Fast_Car_(Edisi_Uk)_PLACEHOLDER.jpg
594,American Curves,,Robert Keneddy Canusa Products Inc.,2004,"[""English""]",placeholder,covers/2004_American_Curves_PLACEHOLDER.jpg
595,Bikes (Edisi Uk),,,2004,"[""English""]",placeholder,covers/2004_Bikes_(Edisi_Uk)_PLACEHOLDER.jpg
596,Vegas (Edisi Uk),,,2004,"[""English""]",placeholder,covers/2004_Vegas_(Edisi_Uk)_PLACEHOLDER.jpg
597,Zink (Edisi Usa),,Jormic Media Group,2004,"[""English""]",placeholder,covers/2004_Zink_(Edisi_Usa)_PLACEHOLDER.jpg
598,Ironman (Edisi Kanada),,John Balik,2004,"[""English""]",placeholder,covers/2004_Ironman_(Edisi_Kanada)_PLACEHOLDER.jpg
599,Cosmopolitan (Uk) (November 2003),,Jan Adcock,2004,"[""English""]",placeholder,covers/2004_Cosmopolitan_(Uk)_(November_2003)_PLACEHOLDER.jpg
600,Loaded (Edisi Uk),,Ipc Media,2004,"[""English""]",placeholder,covers/2004_Loaded_(Edisi_Uk)_PLACEHOLDER.jpg
601,Bizarre (Edisi Uk),,I Feel Good Ltd,2004,"[""English""]",placeholder,covers/2004_Bizarre_(Edisi_Uk)_PLACEHOLDER.jpg
602,Front (Edisi Uk),,Highbury-Cabal A Division Of Highbury House Communications Pic.,2004,"[""English""]",placeholder,covers/2004_Front_(Edisi_Uk)_PLACEHOLDER.jpg
603,Redline (Edisi Uk),,"Future Publishing Limited, 2000",2004,"[""English""]",placeholder,covers/2004_Redline_(Edisi_Uk)_PLACEHOLDER.jpg
604,Hammer (Edisi Uk),,Future Publishing,2004,"[""English""]",placeholder,covers/2004_Hammer_(Edisi_Uk)_PLACEHOLDER.jpg
605,Boys Toys,,Freestyle Publications Limited,2004,"[""English""]",placeholder,covers/2004_Boys_Toys_PLACEHOLDER.jpg
606,Fhm (For Him Magazine) Edisi Uk,,Fhm Mappin House,2004,"[""English""]",placeholder,covers/2004_Fhm_(For_Him_Magazine)_Edisi_Uk_PLACEHOLDER.jpg
607,Fhm (For Him Magazine) Edisi Usa,,Fhm,2004,"[""English""]",placeholder,covers/2004_Fhm_(For_Him_Magazine)_Edisi_Usa_PLACEHOLDER.jpg
608,Arena,,"Emap Elan Network Ltd.,",2004,"[""English""]",open_library,covers/2004_Arena.jpg
609,The Face (Edisi Uk),,Emap East,2004,"[""English""]",placeholder,covers/2004_The_Face_(Edisi_Uk)_PLACEHOLDER.jpg
610,Max Power (Edisi Uk),,Emap Automotive Publications,2004,"[""English""]",placeholder,covers/2004_Max_Power_(Edisi_Uk)_PLACEHOLDER.jpg
611,Revs (Edisi Uk),,Emap Automative Ltd.,2004,"[""English""]",placeholder,covers/2004_Revs_(Edisi_Uk)_PLACEHOLDER.jpg
612,Maxim (Edisi Us),,"Dennis Publishing Inc.,",2004,"[""English""]",placeholder,covers/2004_Maxim_(Edisi_Us)_PLACEHOLDER.jpg
613,Stuff,,"Dennis Publishing Inc.,",2004,"[""English""]",placeholder,covers/2004_Stuff_PLACEHOLDER.jpg
614,Maxim (Edisi Uk),,Dennis Lifestyle Ltd. Company Englang,2004,"[""English""]",placeholder,covers/2004_Maxim_(Edisi_Uk)_PLACEHOLDER.jpg
615,Ice (Edisi Uk),,Deeper Media Ltd.,2004,"[""English""]",placeholder,covers/2004_Ice_(Edisi_Uk)_PLACEHOLDER.jpg
616,Ralph (Edisi Australia),,Acp Men's Lifestyle,2004,"[""English""]",placeholder,covers/2004_Ralph_(Edisi_Australia)_PLACEHOLDER.jpg
617,Bekal Hidup,"Atha, Muhammad Abdul Qadir",Cv Haji Masagung,2003,"[""Malay""]",placeholder,covers/2003_Bekal_Hidup_PLACEHOLDER.jpg
618,Sorga Firdaus 2,,M.A.Jaya,2003,"[""Malay""]",placeholder,covers/2003_Sorga_Firdaus_2_PLACEHOLDER.jpg
619,Syurga Di Bawah Tapak Kaki Ibu Dengan Iman Dan Takwa,,M.A.Jaya,2003,"[""Malay""]",placeholder,covers/2003_Syurga_Di_Bawah_Tapak_Kaki_Ibu_Dengan_Iman_Dan_Takwa_PLACEHOLDER.jpg
620,Bangkit Dari Kubur,Ustaz Musannif Effendie Alwi.S,M.A.Jaya,2003,"[""Malay""]",placeholder,covers/2003_Bangkit_Dari_Kubur_PLACEHOLDER.jpg
621,Antara Syorga Dan Neraka,Zaery,M.A.Jaya,2003,"[""Malay""]",placeholder,covers/2003_Antara_Syorga_Dan_Neraka_PLACEHOLDER.jpg
622,Berdasarkan Al-Hadits' Dengan Riwayat:Risalah Durhaka,,M.A.Jaya,2003,"[""Malay""]",placeholder,covers/2003_Berdasarkan_Al-Hadits'_Dengan_Riwayat_Risalah_Durhaka_PLACEHOLDER.jpg
623,Sirrul Asrar,As-Syeikh Abdul Qadir Jailani,Thinker's Library Sdn Bhd.,2003,"[""Malay""]",placeholder,covers/2003_Sirrul_Asrar_PLACEHOLDER.jpg
624,Ilmu Tapak Tangan,Sabri Al-Kafawi,Pustaka Muda,2003,"[""Malay""]",placeholder,covers/2003_Ilmu_Tapak_Tangan_PLACEHOLDER.jpg
625,Tokoh-Tokoh Terkemuka Ahlul Bait Nabi Imam Muhammad Al-Baqir A.S Imam Jafar Ash Shadiq A.S Jilid 7-8,Ali Muhammad Ali,Pustaka Jiwa Sdn. Bhd,2003,"[""Malay""]",placeholder,covers/2003_Tokoh-Tokoh_Terkemuka_Ahlul_Bait_Nabi_Imam_Muhammad_Al-Baqir_A.S_Imam_Jafar_Ash_Shadiq_A.S_Jilid_7-8_PLACEHOLDER.jpg
626,Tokoh-Tokoh Terkemuka Ahlul Bait Nabi Rasulullah Saw Fatimah Az-Zahra Jilid 1-2,Ali Muhammad Ali,Pustaka Jiwa Sdn Bhd,2003,"[""Malay""]",placeholder,covers/2003_Tokoh-Tokoh_Terkemuka_Ahlul_Bait_Nabi_Rasulullah_Saw_Fatimah_Az-Zahra_Jilid_1-2_PLACEHOLDER.jpg
627,Tokoh-Tokoh Terkemuka Ahlul Bait Nabi Imam Ali Bin Abi Thalib A.S Imam Hasan Bin Ali A.S Jilid 3-4,Ali Muhammad Ali,Pustaka Jiwa Sdn Bhd,2003,"[""Malay""]",placeholder,covers/2003_Tokoh-Tokoh_Terkemuka_Ahlul_Bait_Nabi_Imam_Ali_Bin_Abi_Thalib_A.S_Imam_Hasan_Bin_Ali_A.S_Jilid_3-4_PLACEHOLDER.jpg
628,Tokoh-Tokoh Terkemuka Ahlul Bait Nabi Imam Musa Al-Kadzim A.S Imam Ali Ar Ridha,Al Muhammad Ali,Pustaka Jiwa Sdn Bhd,2003,"[""Malay""]",placeholder,covers/2003_Tokoh-Tokoh_Terkemuka_Ahlul_Bait_Nabi_Imam_Musa_Al-Kadzim_A.S_Imam_Ali_Ar_Ridha_PLACEHOLDER.jpg
629,Tokoh-Tokoh Terkemuka Ahlul Bait Nabi Imam Muhammad Al-Jawad A.S Imam Ali Al-Hadi A.S Jilid 11-12,Ali Muhammad Ali,Pustaka Jiwa Sdn Bhd,2003,"[""Malay""]",placeholder,covers/2003_Tokoh-Tokoh_Terkemuka_Ahlul_Bait_Nabi_Imam_Muhammad_Al-Jawad_A.S_Imam_Ali_Al-Hadi_A.S_Jilid_11-12_PLACEHOLDER.jpg
630,Tokoh-Tokoh Terkemuka Ahlul Bait Nabi Imam Hasan Al-Askari A.S Imam Muhammad Al-Mahdi A.S Jilid 13-1,Ali Muhammad Ali,Pustaka Jiwa Sdn Bhd,2003,"[""Malay""]",placeholder,covers/2003_Tokoh-Tokoh_Terkemuka_Ahlul_Bait_Nabi_Imam_Hasan_Al-Askari_A.S_Imam_Muhammad_Al-Mahdi_A.S_Jilid_13-1_PLACEHOLDER.jpg
631,Usul Kerohanian Islam (1),Ariffin Bin Ngah (Abn)Nasution,Pustaka Hatnas,2003,"[""Malay""]",placeholder,covers/2003_Usul_Kerohanian_Islam_(1)_PLACEHOLDER.jpg
632,Alkitab:Buku Untuk Masa Kini,John R.W.Stott,Ppa Jalan Cempaka Putih Tengah,2003,"[""Malay""]",placeholder,covers/2003_Alkitab_Buku_Untuk_Masa_Kini_PLACEHOLDER.jpg
633,Memahami Isi Alkitab,John R.W.Stott,Ppa Jalan Cempaka Putih Tengah,2003,"[""Malay""]",placeholder,covers/2003_Memahami_Isi_Alkitab_PLACEHOLDER.jpg
634,Metode Penelaahan Alkitab,Dick & Tinem Maitimoe,"Persekutuan Pembaca Alkitab,",2003,"[""Malay""]",placeholder,covers/2003_Metode_Penelaahan_Alkitab_PLACEHOLDER.jpg
635,Seri Pemahaman Doktrin: Kebenaran,William L.Lane Th.D,Persekutuan Pembaca Alkitab,2003,"[""Malay""]",placeholder,covers/2003_Seri_Pemahaman_Doktrin_Kebenaran_PLACEHOLDER.jpg
636,Seri Pemahaman Doktrin Alkitabiah : Manusia Baru,"Jl Packer Ma,/ D.Phill",Persekutuan Pembaca Alkitab,2003,"[""Malay""]",placeholder,covers/2003_Seri_Pemahaman_Doktrin_Alkitabiah_Manusia_Baru_PLACEHOLDER.jpg
637,Belajar Berjalan Dengan Allah,Charlie Riggs,Persekutuan Pembaca Alkitab,2003,"[""Malay""]",placeholder,covers/2003_Belajar_Berjalan_Dengan_Allah_PLACEHOLDER.jpg
638,Seri Pemahaman Doktrin Al-Kitab: Dunia Kepunyaan Allah,"Arthur E.Cundall Ba, Bd",Persekutuan Pembaca Alkitab,2003,"[""Malay""]",placeholder,covers/2003_Seri_Pemahaman_Doktrin_Al-Kitab_Dunia_Kepunyaan_Allah_PLACEHOLDER.jpg
639,Hukum Mengenai Rokok & Mencukur Janggut,Rasul Dahri,Perniagaan Jahabersa,2003,"[""Malay""]",placeholder,covers/2003_Hukum_Mengenai_Rokok_&_Mencukur_Janggut_PLACEHOLDER.jpg
640,Hakikat Sembahyang,Imam Al Soouti,Perniagaan Jahabersa,2003,"[""Malay""]",placeholder,covers/2003_Hakikat_Sembahyang_PLACEHOLDER.jpg
641,Tafsiran Alkitab Wahyu Yohanes 1,Drs.J.J. Di Heer,Percetakan Bpk Bunung Mulia,2003,"[""Malay""]",placeholder,covers/2003_Tafsiran_Alkitab_Wahyu_Yohanes_1_PLACEHOLDER.jpg
642,Surat-Surat Paulus 2,Lembaga Biblika Indonesia,Penerbitan Kanisius,2003,"[""Malay""]",placeholder,covers/2003_Surat-Surat_Paulus_2_PLACEHOLDER.jpg
643,Doa Santap,Sr.Bernadette Pmy,Penerbitan Kanisius,2003,"[""Malay""]",placeholder,covers/2003_Doa_Santap_PLACEHOLDER.jpg
644,Sejarah Singkat Liturgi Barat,Theodor Klauser,Penerbit Kanisius,2003,"[""Malay""]",placeholder,covers/2003_Sejarah_Singkat_Liturgi_Barat_PLACEHOLDER.jpg
645,Sejarah Kerajaan Allah Jilid 1/2 Perjanjian Lama,Dr.F.L.Bakker,P.D.Nilakandi,2003,"[""Malay""]",placeholder,covers/2003_Sejarah_Kerajaan_Allah_Jilid_1_2_Perjanjian_Lama_PLACEHOLDER.jpg
646,Tokoh-Tokoh Terkemuka Ahlul Bait Nabi Imam Husain Bin Ali A.S Imam Ali Zainal Abidin Jilid 5-6,Ali Muhammad Ali,,2003,"[""Malay""]",placeholder,covers/2003_Tokoh-Tokoh_Terkemuka_Ahlul_Bait_Nabi_Imam_Husain_Bin_Ali_A.S_Imam_Ali_Zainal_Abidin_Jilid_5-6_PLACEHOLDER.jpg
647,Hikmat Dan Keaijaban Ayat Kursi Dan Surah Yaasin Serta Doa Burung Cenderawasih,Walid Muhammad,Jasmin Enterprise Berinovatif Dan Berkreatif,2003,"[""Malay""]",placeholder,covers/2003_Hikmat_Dan_Keaijaban_Ayat_Kursi_Dan_Surah_Yaasin_Serta_Doa_Burung_Cenderawasih_PLACEHOLDER.jpg
648,Amalan Murah Rezeki,M.Ali Hassan Umar,Darul Nu'man,2003,"[""Malay""]",placeholder,covers/2003_Amalan_Murah_Rezeki_PLACEHOLDER.jpg
649,Malaysia Daulah Pemuda Bani Tamim,Dr.Ahmad Fauzi Abd.Hamid,Abuku Hebat Sdn Bhd,2003,"[""Malay""]",placeholder,covers/2003_Malaysia_Daulah_Pemuda_Bani_Tamim_PLACEHOLDER.jpg
650,Mengenal Tulisan Perjanjian Baru,I.Suharyo Pr.,Penerbitan Kanisius,2003,"[""Malay""]",placeholder,covers/2003_Mengenal_Tulisan_Perjanjian_Baru_PLACEHOLDER.jpg
651,The Rough Guide History Of Islam,Justin Wintle,Rought Guides Ltd,2003,"[""English""]",placeholder,covers/2003_The_Rough_Guide_History_Of_Islam_PLACEHOLDER.jpg
652,Kumpulan Mujarobat Kesembuhan,Ustadz Ms Mariyah,Victory Agencie,2002,"[""Malay""]",placeholder,covers/2002_Kumpulan_Mujarobat_Kesembuhan_PLACEHOLDER.jpg
653,Kunci Mencari Rezeki,Kh.Zahwan Anwar,Speedy Self Study System,2002,"[""Malay""]",placeholder,covers/2002_Kunci_Mencari_Rezeki_PLACEHOLDER.jpg
654,Cinta 100 Ela,Raja Azmi,Talent Prestige Sdn.Bhd.,2002,"[""Malay""]",placeholder,covers/2002_Cinta_100_Ela_PLACEHOLDER.jpg
655,Gelora,,Seri Kencana Sdn Bhd,2002,"[""Malay""]",placeholder,covers/2002_Gelora_PLACEHOLDER.jpg
656,Artis-Artis Bernoda,,,2002,"[""Malay""]",placeholder,covers/2002_Artis-Artis_Bernoda_PLACEHOLDER.jpg
657,Balasan Dosa,Johan M.Z,Kota Marketing,2002,"[""Malay""]",placeholder,covers/2002_Balasan_Dosa_PLACEHOLDER.jpg
658,Hubungan Seks Adik & Kakak,Ahmad Albab,Citra Massa Sdn Bhd,2002,"[""Malay""]",placeholder,covers/2002_Hubungan_Seks_Adik_&_Kakak_PLACEHOLDER.jpg
659,Padah Bercina Buta,Ning Baizuka,Citra Massa Sdn Bhd,2002,"[""Malay""]",placeholder,covers/2002_Padah_Bercina_Buta_PLACEHOLDER.jpg
660,Sentuhan Merangsang,Madonna,Kantamas-Kuala Lumpur,2002,"[""Malay""]",placeholder,covers/2002_Sentuhan_Merangsang_PLACEHOLDER.jpg
661,Batas Akhir Gairah,Marina S.,Kantamas-Kuala Lumpur,2002,"[""Malay""]",placeholder,covers/2002_Batas_Akhir_Gairah_PLACEHOLDER.jpg
662,Bersatu Mereguk Kenikmatan,Ratna Juwita,Kantamas-Kuala Lumpur,2002,"[""Malay""]",placeholder,covers/2002_Bersatu_Mereguk_Kenikmatan_PLACEHOLDER.jpg
663,By Hook Or By Crook,Xu Yong Qiang,Syarikat Penerbitan Kuang Ye,2002,"[""Chinese""]",placeholder,covers/2002_By_Hook_Or_By_Crook_PLACEHOLDER.jpg
664,Kebenaran Al-Quran,Ibrahim Batcha,,2002,"[""Tamil""]",placeholder,covers/2002_Kebenaran_Al-Quran_PLACEHOLDER.jpg
665,Glory,Joseph Wang,G&L Publishing Corporation,2001,"[""Chinese""]",placeholder,covers/2001_Glory_PLACEHOLDER.jpg
666,Gq (Taiwan),James An,Conde Nast China International Cultural Enterprise Co.Ltd,2001,"[""Chinese""]",placeholder,covers/2001_Gq_(Taiwan)_PLACEHOLDER.jpg
667,Panduan Hidup Mak Nyah Kembali Pada Fitrah,Mohd.Nur Najmi Abdullah,Yakin Jitu Sdn.Bhd.Desa Tun Razak Kuala Lumpur,2001,"[""Malay""]",placeholder,covers/2001_Panduan_Hidup_Mak_Nyah_Kembali_Pada_Fitrah_PLACEHOLDER.jpg
668,Seri Dasar-Dasar Filsafat Islam Prinsip-Prinsip Islam (Dalam Al-Quran),Dr.Bahesty & Dr.Bahonar,Risalah Masa Jl.Awaluddin Ii,2001,"[""Malay""]",placeholder,covers/2001_Seri_Dasar-Dasar_Filsafat_Islam_Prinsip-Prinsip_Islam_(Dalam_Al-Quran)_PLACEHOLDER.jpg
669,"Siapa, Mengapa Ahlul -Bayt",Hasan Abdul Qadir,Pintu Ilmu Bandung,2001,"[""Malay""]",placeholder,"covers/2001_Siapa,_Mengapa_Ahlul_-Bayt_PLACEHOLDER.jpg"
670,Sebahagian Daripada Rawatan Pesakit Menurut Al-Quran Dan As-Sunnah,Dr.Amran Kasimi Prof.Dr.Harun,Percetakan Watan Sdn.Bhd.,2001,"[""Malay""]",placeholder,covers/2001_Sebahagian_Daripada_Rawatan_Pesakit_Menurut_Al-Quran_Dan_As-Sunnah_PLACEHOLDER.jpg
671,Babi Halal Babi Haram,Abdurrahman Al-Baghdadi,Geme Insani Press,2001,"[""Malay""]",placeholder,covers/2001_Babi_Halal_Babi_Haram_PLACEHOLDER.jpg
672,Tafsir Al-Mizan (Mengupas Ayat-Ayat Ruh Dan Alam Barzah),Allamah Sayyid Muhammad Husein Thabathaba`I,Cv Firdays Ji,2001,"[""Malay""]",placeholder,covers/2001_Tafsir_Al-Mizan_(Mengupas_Ayat-Ayat_Ruh_Dan_Alam_Barzah)_PLACEHOLDER.jpg
673,Inilah Hikayat Nur Muhammad Dan Nabi Bercukur Dan Nabi Wafat Adanya,,Almuarif Press,2001,"[""Malay""]",placeholder,covers/2001_Inilah_Hikayat_Nur_Muhammad_Dan_Nabi_Bercukur_Dan_Nabi_Wafat_Adanya_PLACEHOLDER.jpg
674,200 Bid'ah Hari Jumaat Di Dunia Islam,Abdullah Al-Qari B.Hj.Salleh,Al-Hidayah Publisher,2001,"[""Malay""]",placeholder,covers/2001_200_Bid'ah_Hari_Jumaat_Di_Dunia_Islam_PLACEHOLDER.jpg
675,"Amalan Bid'ah Pada Bulan Muharram,Rejab,Sya'aban Dan Ramadhan",Dr.Abdul Ghani Azmi Bin Hj.Idr,Al-Hidayah,2001,"[""Malay""]",placeholder,"covers/2001_Amalan_Bid'ah_Pada_Bulan_Muharram,Rejab,Sya'aban_Dan_Ramadhan_PLACEHOLDER.jpg"
676,Australia's Internet Directory,Gareth Powell,Powell Magazines Pty Ltd.,2001,"[""English""]",placeholder,covers/2001_Australia's_Internet_Directory_PLACEHOLDER.jpg
677,Escort Vol 19 No 4,James Hundleby,Paul Raymond Publication.Ltd.,2001,"[""English""]",placeholder,covers/2001_Escort_Vol_19_No_4_PLACEHOLDER.jpg
678,Twoblue Couples Volume 3 Issue 5,David Spenser,Galaxy Publications Ltd.,2001,"[""English""]",placeholder,covers/2001_Twoblue_Couples_Volume_3_Issue_5_PLACEHOLDER.jpg
679,Fista Volume 31 Issue 2,Ross Gilfillan,Galaxy Publications Ltd.,2001,"[""English""]",placeholder,covers/2001_Fista_Volume_31_Issue_2_PLACEHOLDER.jpg
680,Knave Ebony & Ivory No.11,Ross Gilfillan,Galaxy Publication Ltd.,2001,"[""English""]",placeholder,covers/2001_Knave_Ebony_&_Ivory_No.11_PLACEHOLDER.jpg
681,Ravers Volume 4 Issue 1,David Spenser His Abba Tattoo,Galaxy Publication Ltd.,2001,"[""English""]",placeholder,covers/2001_Ravers_Volume_4_Issue_1_PLACEHOLDER.jpg
682,Pengakuan Paderi Melayu Kristiankan Beribu-Ribu Orang Melayu,Azizan Ahmad,Mawar Co-Production,2001,"[""Malay""]",placeholder,covers/2001_Pengakuan_Paderi_Melayu_Kristiankan_Beribu-Ribu_Orang_Melayu_PLACEHOLDER.jpg
683,Kisah Jin Ping Mei (Komik),Xu Da Bao,"Sun Century Publishing Co. Ltd., Hong Kong",2000,"[""Chinese""]",placeholder,covers/2000_Kisah_Jin_Ping_Mei_(Komik)_PLACEHOLDER.jpg
684,Wartawan Samseng,Tetsuya Endo,"Lin Li Publishing House,Taipei",2000,"[""Chinese""]",placeholder,covers/2000_Wartawan_Samseng_PLACEHOLDER.jpg
685,Lady Chatterley's Lover,D.H. Lawrence,,2000,"[""Chinese""]",placeholder,covers/2000_Lady_Chatterley's_Lover_PLACEHOLDER.jpg
686,Rapsodi Cahaya Bulan,Yasuyuki Kunitomo,,2000,"[""Chinese""]",placeholder,covers/2000_Rapsodi_Cahaya_Bulan_PLACEHOLDER.jpg
687,Bini Muda Berumur Enam Belas Tahun,,,2000,"[""Chinese""]",placeholder,covers/2000_Bini_Muda_Berumur_Enam_Belas_Tahun_PLACEHOLDER.jpg
688,Watak Seorang Bapa Ayam,,,2000,"[""Chinese""]",placeholder,covers/2000_Watak_Seorang_Bapa_Ayam_PLACEHOLDER.jpg
689,Cinta Percubaan,Sachiko Kayano / Zhan Yi Ding,Tong Li Publishing Co.Ltd.,2000,"[""Chinese""]",placeholder,covers/2000_Cinta_Percubaan_PLACEHOLDER.jpg
690,Tiang Agama,,Pusat Tarbiyyah,2000,"[""Malay""]",placeholder,covers/2000_Tiang_Agama_PLACEHOLDER.jpg
691,Terjemah Mujarobat Lengkap,Ustadz Abdul Ghoni Asykur Thohir,Pt.Dundia Pustaka Jaya,2000,"[""Malay""]",placeholder,covers/2000_Terjemah_Mujarobat_Lengkap_PLACEHOLDER.jpg
692,Mujarrobat Madiinatul Asroor,,M.A.Jaya Jakarta,2000,"[""Malay""]",placeholder,covers/2000_Mujarrobat_Madiinatul_Asroor_PLACEHOLDER.jpg
693,Doa-Doa Jaljalut Shugro,Abd.Hamid Zahwan,C.V.Gunung Mas Pekalongan Jakarta,2000,"[""Malay""]",placeholder,covers/2000_Doa-Doa_Jaljalut_Shugro_PLACEHOLDER.jpg
694,Cara Mengundang Dan Menyuruh Ruh Halus,Abdul Hamid,C.V.Gunung Mas Pekalongan Jakarta,2000,"[""Malay""]",placeholder,covers/2000_Cara_Mengundang_Dan_Menyuruh_Ruh_Halus_PLACEHOLDER.jpg
695,Intisari Ilmu Ghaib,M. Musyaffa' Asmuni,C.V.Bahagia Pekalongan Jakarta,2000,"[""Malay""]",placeholder,covers/2000_Intisari_Ilmu_Ghaib_PLACEHOLDER.jpg
696,"Ilmu Penerawangan Dan Kesaktian Pusaka Aji-Aji Para Aulia', Shuhada Dan Shalih",Abd.Hamid Zahwan,"C.V.Aneka Solo, Jakarta",2000,"[""Malay""]",placeholder,"covers/2000_Ilmu_Penerawangan_Dan_Kesaktian_Pusaka_Aji-Aji_Para_Aulia',_Shuhada_Dan_Shalih_PLACEHOLDER.jpg"
697,Primbon Lengkap Kunci Kesembuhan,Ahmad Thoha Abdul Ghoni,C.V. Bahagia Pekalongan Jakarta,2000,"[""Malay""]",placeholder,covers/2000_Primbon_Lengkap_Kunci_Kesembuhan_PLACEHOLDER.jpg
698,Kehebatan Dan Kesaktian Ilmu Para Wali,Kurdi Ismail Hj. Za,Al-Ikhwani Batang Pekalongan Jakarta,2000,"[""Malay""]",placeholder,covers/2000_Kehebatan_Dan_Kesaktian_Ilmu_Para_Wali_PLACEHOLDER.jpg
699,Cabaran Mujahid Akhir Zaman,Ustaz Zulkifli Bin Ashaari,Mj Enterprise,1999,"[""Malay""]",placeholder,covers/1999_Cabaran_Mujahid_Akhir_Zaman_PLACEHOLDER.jpg
700,Conspiracies Against The Quran,Syed Abdul Wadud,Zalfan Publishers,1999,"[""English""]",placeholder,covers/1999_Conspiracies_Against_The_Quran_PLACEHOLDER.jpg
701,After Imam,Syed Jaffar Al Sagoff,University Publications,1999,"[""English""]",placeholder,covers/1999_After_Imam_PLACEHOLDER.jpg
702,Lore Of Light Stories From The Live Of The Prophets,Hajjah Aminah Hatun,A.S. Noordeen,1999,"[""English""]",placeholder,covers/1999_Lore_Of_Light_Stories_From_The_Live_Of_The_Prophets_PLACEHOLDER.jpg
703,Kuliah Agama Murtad Siri Kedua Menurut Perlembagaan Negara,Peguam Zulkifly Nordin,,1999,"[""Malay""]",placeholder,covers/1999_Kuliah_Agama_Murtad_Siri_Kedua_Menurut_Perlembagaan_Negara_PLACEHOLDER.jpg
704,Intipati Rahsia Sembahyang,Hal Azwan Al-Haj,Tinta Merah,1999,"[""Malay""]",placeholder,covers/1999_Intipati_Rahsia_Sembahyang_PLACEHOLDER.jpg
705,Kitab Ilmu Perubatan Kesufian,Sheikh Hakim Moinuddin Chishti,Thinker's Library Sdn. Bhd.,1999,"[""Malay""]",placeholder,covers/1999_Kitab_Ilmu_Perubatan_Kesufian_PLACEHOLDER.jpg
706,Setiap Bid'ah Menyesatkan,Rasul Dahri,Perniagaan Jahabersa,1999,"[""Malay""]",placeholder,covers/1999_Setiap_Bid'ah_Menyesatkan_PLACEHOLDER.jpg
707,Persoalan Bid'ah Dan Percanggahannya,Rasul Dahri,Perniagaan Jahabersa,1999,"[""Malay""]",placeholder,covers/1999_Persoalan_Bid'ah_Dan_Percanggahannya_PLACEHOLDER.jpg
708,Mujarrobat Melayu,,Maktabah Wa Matbaah Darul Ma'arof,1999,"[""Malay""]",placeholder,covers/1999_Mujarrobat_Melayu_PLACEHOLDER.jpg
709,Kasful Al-Ghaibiyah,Syeikh Zainal Abidin Bin Mohamad Al Fatani,Maktabah Wa Matbaah Darul Ma'arof,1999,"[""Malay""]",placeholder,covers/1999_Kasful_Al-Ghaibiyah_PLACEHOLDER.jpg
710,Mengenal Lelaki,Ibnu Yusof,Al-Kafilah Enterprise,1999,"[""Malay""]",placeholder,covers/1999_Mengenal_Lelaki_PLACEHOLDER.jpg
711,Aku Percaya Akan Penglihatan,Kenneth E. Hagin,Yayasan Perkhabaran Injil,1999,"[""Malay""]",placeholder,covers/1999_Aku_Percaya_Akan_Penglihatan_PLACEHOLDER.jpg
712,Al-Kitab Dan Ilmu Pengetahuan,Jeff Harvey & C. Pallaghy,Yayasan Perkhabaran Injil,1999,"[""Malay""]",placeholder,covers/1999_Al-Kitab_Dan_Ilmu_Pengetahuan_PLACEHOLDER.jpg
713,Analisa Al-Kitab,Howard M. Gering,Yayasan Perkhabaran Injil,1999,"[""Malay""]",placeholder,covers/1999_Analisa_Al-Kitab_PLACEHOLDER.jpg
714,Apakah Yesus Itu Anak Allah,Gordon Lindsay,Yayasan Perkhabaran Injil,1999,"[""Malay""]",placeholder,covers/1999_Apakah_Yesus_Itu_Anak_Allah_PLACEHOLDER.jpg
715,Bagaimana Anda Bisa Disembuhkan Atau Segala Yang Berhubung Dengan Kesembuhan Ilahi,Gordon Lindsay,Yayasan Perkhabaran Injil,1999,"[""Malay""]",placeholder,covers/1999_Bagaimana_Anda_Bisa_Disembuhkan_Atau_Segala_Yang_Berhubung_Dengan_Kesembuhan_Ilahi_PLACEHOLDER.jpg
716,Baptisandan Koruniarohul Kudus,Aril Envondsen,Yayasan Perkhabaran Injil,1999,"[""Malay""]",placeholder,covers/1999_Baptisandan_Koruniarohul_Kudus_PLACEHOLDER.jpg
717,Bukan Sekedar Jumlah,Dr. Paul Y. Cho,Yayasan Perkhabaran Injil,1999,"[""Malay""]",placeholder,covers/1999_Bukan_Sekedar_Jumlah_PLACEHOLDER.jpg
718,Dimensi Ke Empat,Dr. Paul Y. Cho,Yayasan Perkhabaran Injil,1999,"[""Malay""]",placeholder,covers/1999_Dimensi_Ke_Empat_PLACEHOLDER.jpg
719,Kamus Al-Kitab,Howard M. Gering,Yayasan Perkhabaran Injil,1999,"[""Malay""]",placeholder,covers/1999_Kamus_Al-Kitab_PLACEHOLDER.jpg
720,Ucapan Baru,Morris Cerullo,Yayasan Perkhabaran Injil,1999,"[""Malay""]",placeholder,covers/1999_Ucapan_Baru_PLACEHOLDER.jpg
721,Tubuhku Hidupku,Dr. Paul G. Trulin,Yayasan Perkhabaran Injil,1999,"[""Malay""]",placeholder,covers/1999_Tubuhku_Hidupku_PLACEHOLDER.jpg
722,Tanda-Tanda Kedatangan Kristian,Gordon Lindsay,Yayasan Perkhabaran Injil,1999,"[""Malay""]",placeholder,covers/1999_Tanda-Tanda_Kedatangan_Kristian_PLACEHOLDER.jpg
723,Kedatangan Kristus Yang Kedua Kali,Gordon Lindsay,Yayasan Perkhabaran Injil,1999,"[""Malay""]",placeholder,covers/1999_Kedatangan_Kristus_Yang_Kedua_Kali_PLACEHOLDER.jpg
724,Keajaiban Anugerah,Oswald J.Smith,Yayasan Perkhabaran Injil,1999,"[""Malay""]",placeholder,covers/1999_Keajaiban_Anugerah_PLACEHOLDER.jpg
725,Kebutuhan Utama Orang Beriman,John Osteen,Yayasan Perkhabaran Injil,1999,"[""Malay""]",placeholder,covers/1999_Kebutuhan_Utama_Orang_Beriman_PLACEHOLDER.jpg
726,Peta Zaman,Jeff Harvey & Annette Harvey,Yayasan Perkhabaran Injil,1999,"[""Malay""]",placeholder,covers/1999_Peta_Zaman_PLACEHOLDER.jpg
727,Konkordansi Al-Kitab,Howard M. Gering,Yayasan Perkhabaran Injil,1999,"[""Malay""]",placeholder,covers/1999_Konkordansi_Al-Kitab_PLACEHOLDER.jpg
728,Kehidupan Yang Penuh Kemenangan Di Dalam Kristus,Rev. Alex W. Ness,Yayasan Perkhabaran Injil,1999,"[""Malay""]",placeholder,covers/1999_Kehidupan_Yang_Penuh_Kemenangan_Di_Dalam_Kristus_PLACEHOLDER.jpg
729,Pertanyaan Anda Terjawab,Dr. Paul Y. Cho,Yayasan Perkhabaran Injil,1999,"[""Malay""]",placeholder,covers/1999_Pertanyaan_Anda_Terjawab_PLACEHOLDER.jpg
730,Manusia Dalam Tiga Dimensi,Kenneth E. Hagin,Yayasan Perkhabaran Injil,1999,"[""Malay""]",placeholder,covers/1999_Manusia_Dalam_Tiga_Dimensi_PLACEHOLDER.jpg
731,Persepuluh (10%),Jeff & Annetteharvey,Yayasan Perkhabaran Injil,1999,"[""Malay""]",placeholder,covers/1999_Persepuluh_(10%)_PLACEHOLDER.jpg
732,"Korban, Kaabah & Imamat",Jeff & Annette Harvey,Yayasan Perkhabaran Injil,1999,"[""Malay""]",placeholder,"covers/1999_Korban,_Kaabah_&_Imamat_PLACEHOLDER.jpg"
733,Mengenal Korunia-Korunia Roh Kudus,Kenneth E. Hagin,Yayasan Perkhabaran Injil,1999,"[""Malay""]",placeholder,covers/1999_Mengenal_Korunia-Korunia_Roh_Kudus_PLACEHOLDER.jpg
734,Meruntuhkan Benteng-Benteng Pertahanan,John Osteen,Yayasan Perkhabaran Injil,1999,"[""Malay""]",placeholder,covers/1999_Meruntuhkan_Benteng-Benteng_Pertahanan_PLACEHOLDER.jpg
735,Orang Kristian Sebagai Pembawa Doa Syaffat,Kenneth E. Hagin,Yayasan Perkhabaran Injil,1999,"[""Malay""]",placeholder,covers/1999_Orang_Kristian_Sebagai_Pembawa_Doa_Syaffat_PLACEHOLDER.jpg
736,Nama Yesus,Kenneth E. Hagin,Yayasan Perkhabaran Injil,1999,"[""Malay""]",placeholder,covers/1999_Nama_Yesus_PLACEHOLDER.jpg
737,Mengapa Al-Kitab Disebut Firman Allah,Gordon Lindsay,Yayasan Perkhabaran Injil,1999,"[""Malay""]",placeholder,covers/1999_Mengapa_Al-Kitab_Disebut_Firman_Allah_PLACEHOLDER.jpg
738,Kesembuhan Adalah Hak Mutlak Kita,Kenneth E. Hagin,Yayasan Perkhabaran Injil,1999,"[""Malay""]",placeholder,covers/1999_Kesembuhan_Adalah_Hak_Mutlak_Kita_PLACEHOLDER.jpg
739,Kewibawaan Orang Beriman,Kenneth E. Hagin,Yayasan Perkhabaran Injil,1999,"[""Malay""]",placeholder,covers/1999_Kewibawaan_Orang_Beriman_PLACEHOLDER.jpg
740,Hati Yang Berkenaan Kepada Allah,Luis Palau,Yayasan Perkhabaran Injil,1999,"[""Malay""]",placeholder,covers/1999_Hati_Yang_Berkenaan_Kepada_Allah_PLACEHOLDER.jpg
741,Bila Percubaan Datang Apakah Patut Kita Buat,Joln Osteen,Yayasan Perkhabaran Injil,1999,"[""Malay""]",placeholder,covers/1999_Bila_Percubaan_Datang_Apakah_Patut_Kita_Buat_PLACEHOLDER.jpg
742,Baptisan Dan Kepenuhan,Dr. Harun Hadiwijono,Yayasan Perkhabaran Injil,1999,"[""Malay""]",placeholder,covers/1999_Baptisan_Dan_Kepenuhan_PLACEHOLDER.jpg
743,Cara Berpikir Yang Benar Dan Yang Keliru,Kenneth E. Hagin,Yayasan Perkhabaran Injil,1999,"[""Malay""]",placeholder,covers/1999_Cara_Berpikir_Yang_Benar_Dan_Yang_Keliru_PLACEHOLDER.jpg
744,Dimensi Ke Empat Jilid Dua,Dr. Paul Y. Cho,Yayasan Perkhabaran Injil,1999,"[""Malay""]",placeholder,covers/1999_Dimensi_Ke_Empat_Jilid_Dua_PLACEHOLDER.jpg
745,Bagaimana Mengubah Keadaan Putus Asa Sekeliling Kita,Kenneth E. Hagin,Yayasan Perkhabaran Injil,1999,"[""Malay""]",placeholder,covers/1999_Bagaimana_Mengubah_Keadaan_Putus_Asa_Sekeliling_Kita_PLACEHOLDER.jpg
746,Beritakanlah Firman (Pedoman Menghurai Dan Menyajikan Firman Allah Bagi Setiap Penghotbah),Denis J.V. Lane,Yayasan Komunikasi Bina,1999,"[""Malay""]",placeholder,covers/1999_Beritakanlah_Firman_(Pedoman_Menghurai_Dan_Menyajikan_Firman_Allah_Bagi_Setiap_Penghotbah)_PLACEHOLDER.jpg
747,Perencana Dan Pemimpin,Luis Palau,"Yakin, Genting Besar 85 Surabaya, Indonesia",1999,"[""Malay""]",placeholder,covers/1999_Perencana_Dan_Pemimpin_PLACEHOLDER.jpg
748,Saat Untuk Bersorak,Luis Palau,"Yakin, Genting Besar 85 Surabaya, Indonesia",1999,"[""Malay""]",placeholder,covers/1999_Saat_Untuk_Bersorak_PLACEHOLDER.jpg
749,Bagaimana Kita Patut Berdoa,R.A. Torvey,"Yakin, Genting Besar 85 Surabaya, Indonesia",1999,"[""Malay""]",placeholder,covers/1999_Bagaimana_Kita_Patut_Berdoa_PLACEHOLDER.jpg
750,Penuntut Ke Dalam Perjanjian Baru,Hensy H. Halley,"Yakin, Genting Besar 85 Surabaya, Indonesia",1999,"[""Malay""]",placeholder,covers/1999_Penuntut_Ke_Dalam_Perjanjian_Baru_PLACEHOLDER.jpg
751,Tafsiran Kejadian,R.E. Harlow,"Yakin, Genting Besar 85 Surabaya, Indonesia",1999,"[""Malay""]",placeholder,covers/1999_Tafsiran_Kejadian_PLACEHOLDER.jpg
752,Teologi Kekinian,Charles Goldwel Ryrie,"Yakin, Genting Besar 85 Surabaya, Indonesia",1999,"[""Malay""]",placeholder,covers/1999_Teologi_Kekinian_PLACEHOLDER.jpg
753,Tafsiran Injil Yohanes,A.W.Pink,"Yakin, Genting Besar 85 Surabaya, Indonesia",1999,"[""Malay""]",placeholder,covers/1999_Tafsiran_Injil_Yohanes_PLACEHOLDER.jpg
754,Yesus Usang Mesias,Dennis E. Clark,"Yakin, Genting Besar 85 Surabaya, Indonesia",1999,"[""Malay""]",placeholder,covers/1999_Yesus_Usang_Mesias_PLACEHOLDER.jpg
755,Bagaimana Berkhutbah (Jenis Exsposotori),J. Gulleson,"Yakin, Genting Besar 85 Surabaya, Indonesia",1999,"[""Malay""]",placeholder,covers/1999_Bagaimana_Berkhutbah_(Jenis_Exsposotori)_PLACEHOLDER.jpg
756,Berkerjasama Dalam Membangun,Charles R. Swindoll,"Yakin, Genting Besar 85 Surabaya, Indonesia",1999,"[""Malay""]",placeholder,covers/1999_Berkerjasama_Dalam_Membangun_PLACEHOLDER.jpg
757,Khotbah Masa Kini,Jeff Gullesan,"Yakin, Genting Besar 85 Surabaya, Indonesia",1999,"[""Malay""]",placeholder,covers/1999_Khotbah_Masa_Kini_PLACEHOLDER.jpg
758,Marilah Yang Berlelah,Stephen Tong,"Yakin, Genting Besar 85 Surabaya, Indonesia",1999,"[""Malay""]",placeholder,covers/1999_Marilah_Yang_Berlelah_PLACEHOLDER.jpg
759,Perumpamaan-Perumpamaan Tuhan Yesus,J.M Boice,"Yakin, Genting Besar 85 Surabaya, Indonesia",1999,"[""Malay""]",placeholder,covers/1999_Perumpamaan-Perumpamaan_Tuhan_Yesus_PLACEHOLDER.jpg
760,Yesus Kristus Tuhan Kita,John F. Walvoord,"Yakin, Genting Besar 85 Surabaya, Indonesia",1999,"[""Malay""]",placeholder,covers/1999_Yesus_Kristus_Tuhan_Kita_PLACEHOLDER.jpg
761,Tafsiran Kisah Para Rasul,R. Dixon,"Yakin, Genting Besar 85 Surabaya, Indonesia",1999,"[""Malay""]",placeholder,covers/1999_Tafsiran_Kisah_Para_Rasul_PLACEHOLDER.jpg
762,Hidup Sejahtera,Ruth Parsun,"Yakin, Genting Besar 85 Surabaya, Indonesia",1999,"[""Malay""]",placeholder,covers/1999_Hidup_Sejahtera_PLACEHOLDER.jpg
763,Kuasa Kerana Doa,E.M. Bounds,"Yakin Surabaya, Indonesia",1999,"[""Malay""]",placeholder,covers/1999_Kuasa_Kerana_Doa_PLACEHOLDER.jpg
764,Keseimbangan Dalam Pelayaran Kristen,Steven Tong,"Yakin Surabaya, Indonesia",1999,"[""Malay""]",placeholder,covers/1999_Keseimbangan_Dalam_Pelayaran_Kristen_PLACEHOLDER.jpg
765,Maju Tiga Langkah Mundur Dua Langkah,Charles R. Swindoll,"Yakin Surabaya, Indonesia",1999,"[""Malay""]",placeholder,covers/1999_Maju_Tiga_Langkah_Mundur_Dua_Langkah_PLACEHOLDER.jpg
766,Penginjilan Dan Pelayanan Pribadi,W. Stanley Heath,"Yakin Surabaya, Indonesia",1999,"[""Malay""]",placeholder,covers/1999_Penginjilan_Dan_Pelayanan_Pribadi_PLACEHOLDER.jpg
767,Tanggalkan Topeng Anda,Charles R. Swindoll,"Yakin Surabaya, Indonesia",1999,"[""Malay""]",placeholder,covers/1999_Tanggalkan_Topeng_Anda_PLACEHOLDER.jpg
768,Temperamen Yang Diubahkan,Tim Lahaye,"Yakin Surabaya, Indonesia",1999,"[""Malay""]",placeholder,covers/1999_Temperamen_Yang_Diubahkan_PLACEHOLDER.jpg
769,Priorotas: Mana Yang Lebih Dulu,J. Grant Howard,"Yakin 11, Genting Besar Surabaya, Indonesia",1999,"[""Malay""]",placeholder,covers/1999_Priorotas_Mana_Yang_Lebih_Dulu_PLACEHOLDER.jpg
770,Perjanjian Baru Mazmur Dan Amsal,,The Gideon,1999,"[""Malay""]",placeholder,covers/1999_Perjanjian_Baru_Mazmur_Dan_Amsal_PLACEHOLDER.jpg
771,Berita Alam Ghaib Sebelum Dan Sesudah Hari Pembalasan,Drs. Muh Anwar,"S.A. Alydrus, Jakarta Surabaya, Indonesia",1999,"[""Malay""]",placeholder,covers/1999_Berita_Alam_Ghaib_Sebelum_Dan_Sesudah_Hari_Pembalasan_PLACEHOLDER.jpg
772,Temukanlah Sendiri (2) Sukacita Dalam Mengajarkan Penelahan Al-Kitab,Oletta Wald,Penerbitan Gandum Mas Kotak Pos 46 Malang,1999,"[""Malay""]",placeholder,covers/1999_Temukanlah_Sendiri_(2)_Sukacita_Dalam_Mengajarkan_Penelahan_Al-Kitab_PLACEHOLDER.jpg
773,Timur Tengah Ungkapan Nubuat,Derek Prince,Penerbitan Gandum Mas Kotak Pos 46 Malang,1999,"[""Malay""]",placeholder,covers/1999_Timur_Tengah_Ungkapan_Nubuat_PLACEHOLDER.jpg
774,Firman Allah Yang Hidup,,Iruing Bibles International Bauduy,1999,"[""Malay""]",placeholder,covers/1999_Firman_Allah_Yang_Hidup_PLACEHOLDER.jpg
775,Iblis Sudah Keok,Frederick S. Leahy,"Bpk, Gunung Mulia Jakarta Pusat",1999,"[""Malay""]",placeholder,covers/1999_Iblis_Sudah_Keok_PLACEHOLDER.jpg
776,Renungan Masa Kini,Harry Faster,"Bpk, Gunung Mulia Jakarta Pusat",1999,"[""Malay""]",placeholder,covers/1999_Renungan_Masa_Kini_PLACEHOLDER.jpg
777,Titi Dan Toto 4,Zinmia Bryan,"Bpk, Gunung Mulia Jakarta Pusat",1999,"[""Malay""]",placeholder,covers/1999_Titi_Dan_Toto_4_PLACEHOLDER.jpg
778,Gokutsubushi,Tsuchiyama Shigeru / Wang Li Xing,Wei Xiang Publishing House,1999,"[""Chinese""]",placeholder,covers/1999_Gokutsubushi_PLACEHOLDER.jpg
779,The Cop,Kowariyo,Tian Feng Publishing House,1999,"[""Chinese""]",placeholder,covers/1999_The_Cop_PLACEHOLDER.jpg
780,Shuffle,,,1999,"[""Chinese""]",placeholder,covers/1999_Shuffle_PLACEHOLDER.jpg
781,Show!,Kenichi Kotani,Lin Li Publishing House,1999,"[""Chinese""]",placeholder,covers/1999_Show!_PLACEHOLDER.jpg
782,Kachiri,Tadashi Kato,Tong Li Publishing Co. Ltd.,1999,"[""Chinese""]",placeholder,covers/1999_Kachiri_PLACEHOLDER.jpg
783,Kerani Jepun,Kazuo Koike,Nan Qi Publishing House,1999,"[""Chinese""]",placeholder,covers/1999_Kerani_Jepun_PLACEHOLDER.jpg
784,Pencari Emas,Kazuo Koike,Nan Qi Publishing House,1999,"[""Chinese""]",placeholder,covers/1999_Pencari_Emas_PLACEHOLDER.jpg
785,Zaman Chionan,Kazuo Keiko,Da Han Publishing House,1999,"[""Chinese""]",placeholder,covers/1999_Zaman_Chionan_PLACEHOLDER.jpg
786,Lelaki Bernilai = 10 Bilion,Kunitomo Yasuyuki,Da Han Publishing House,1999,"[""Chinese""]",placeholder,covers/1999_Lelaki_Bernilai_=_10_Bilion_PLACEHOLDER.jpg
787,The Body,William A.Ewing,Chronide Books,1999,"[""English""]",placeholder,covers/1999_The_Body_PLACEHOLDER.jpg
788,The Sex Box,Anonymous,Chronide Books,1999,"[""English""]",placeholder,covers/1999_The_Sex_Box_PLACEHOLDER.jpg
789,Graphic Photo 95,Heinke Jenssen & Annetta Crandall,"B. Martin Pepersen Zurich,",1999,"[""English""]",placeholder,covers/1999_Graphic_Photo_95_PLACEHOLDER.jpg
790,Hasselbland Austrian Super Circuit '96,,,1999,"[""English""]",placeholder,covers/1999_Hasselbland_Austrian_Super_Circuit_'96_PLACEHOLDER.jpg
791,Love-The Celebrations In Art Literature,Jane Lahr Dan Lena Taburi,"Stewart, Tabori & Chang",1999,"[""English""]",placeholder,covers/1999_Love-The_Celebrations_In_Art_Literature_PLACEHOLDER.jpg
792,Sex A Man Guide,,"Stefan Bechtec, Laurence Roy Stains",1999,"[""English""]",placeholder,covers/1999_Sex_A_Man_Guide_PLACEHOLDER.jpg
793,The Male Sexual Machine: An Owner's Manual,Kenneth Puruis,St. Martin's Press,1999,"[""English""]",placeholder,covers/1999_The_Male_Sexual_Machine_An_Owner's_Manual_PLACEHOLDER.jpg
794,His Secret Life,Bob Berkowitz,"Simon & Schuster New Yorks, Ny 10020",1999,"[""English""]",open_library,covers/1999_His_Secret_Life.jpg
795,Herotica 4,Marcy Sheiner,"Penguin Group Inc.,",1999,"[""English""]",open_library,covers/1999_Herotica_4.jpg
796,The Complete Kamasutra,Alain Danielou,"Park Street Press Rochester, Vermont",1999,"[""English""]",placeholder,covers/1999_The_Complete_Kamasutra_PLACEHOLDER.jpg
797,Pinktoes,Chester B. Himes,"Olympia Press,",1999,"[""English""]",placeholder,covers/1999_Pinktoes_PLACEHOLDER.jpg
798,The Illustrated Kamasutra Ananga-Ananga *Perfume Garden (The Classic Eastern Love Texts),Richard Burton/ F.F Arduthnot,Octopus Illustrated Publishing,1999,"[""English""]",placeholder,covers/1999_The_Illustrated_Kamasutra_Ananga-Ananga_Perfume_Garden_(The_Classic_Eastern_Love_Texts)_PLACEHOLDER.jpg
799,The Multiorgasmic Man,Mantak Chia Douglas Abrams Arava,"Harper Coluns Publisher,",1999,"[""English""]",placeholder,covers/1999_The_Multiorgasmic_Man_PLACEHOLDER.jpg
800,The New Olympia Reader,Maurice Girodias,Grove Press Inc.,1999,"[""English""]",open_library,covers/1999_The_New_Olympia_Reader.jpg
801,The Art Of Sexual Magic,Margo Anand,G.P. Putnam's Sons Madison Avenue N.York,1999,"[""English""]",open_library,covers/1999_The_Art_Of_Sexual_Magic.jpg
802,Under The Roofs Of Paris,Henry Miller,"Book Of The Month Club, New York",1999,"[""English""]",open_library,covers/1999_Under_The_Roofs_Of_Paris.jpg
803,Candy,Terry Southern/ Mason Hoffen Beg,"Book Of The Month Club, New York",1999,"[""English""]",placeholder,covers/1999_Candy_PLACEHOLDER.jpg
804,Justine,Marquis De Sade,"Book Of The Month Club, New York",1999,"[""English""]",placeholder,covers/1999_Justine_PLACEHOLDER.jpg
805,The Carnal Prayer Mat,Li Yu / Richard Martin,Blue Moon Books Inc.,1999,"[""English""]",placeholder,covers/1999_The_Carnal_Prayer_Mat_PLACEHOLDER.jpg
806,Flesh And The World 4- Gay Erotic Confessionals,Michael Louenthac,Peguin Group Usa Inc.,1999,"[""English""]",placeholder,covers/1999_Flesh_And_The_World_4-_Gay_Erotic_Confessionals_PLACEHOLDER.jpg
807,Pedoman Fardhu Ain (Buku 1 & 2),Abu Abdul Rahman An-Nairusiy,Syarikat Nurulhas,1998,"[""Malay""]",placeholder,covers/1998_Pedoman_Fardhu_Ain_(Buku_1_&_2)_PLACEHOLDER.jpg
808,Taqwa Bekalan Menuju Akhirat,Mohd. Fadli Bin Ismail,Pustaka Al Irshad,1998,"[""Malay""]",placeholder,covers/1998_Taqwa_Bekalan_Menuju_Akhirat_PLACEHOLDER.jpg
809,"""Pembelaan...""","Paul Tan Chee Ing, D.J.",Pusat Penyelidikan Katolik (Catholic Research Centre),1998,"[""Malay""]",placeholder,covers/1998_Pembelaan_PLACEHOLDER.jpg
810,Mujarobat Besar Dan Lengkap,Muh. Sunarto,C.V. 'Cahaya Indah,1998,"[""Malay""]",placeholder,covers/1998_Mujarobat_Besar_Dan_Lengkap_PLACEHOLDER.jpg
811,Keramat Wali-Wali,H.A.Fuad Said,Badan Book Store Sdn Bhd,1998,"[""Malay""]",placeholder,covers/1998_Keramat_Wali-Wali_PLACEHOLDER.jpg
812,Mayat Bertukar Bangkai Khinzir,Ustaz Kamal Ashaari,Al-Faizuun Enterprise,1998,"[""Malay""]",placeholder,covers/1998_Mayat_Bertukar_Bangkai_Khinzir_PLACEHOLDER.jpg
813,Crazy Girl,Yamamoto Aki,Hong Kei Book Co.,1998,"[""Chinese""]",placeholder,covers/1998_Crazy_Girl_PLACEHOLDER.jpg
814,Kelab Tidak Bermoral,Yu Shiki,Zhong Yuen Hong Kei Book Co.,1998,"[""Chinese""]",placeholder,covers/1998_Kelab_Tidak_Bermoral_PLACEHOLDER.jpg
815,Cintaiku Dengan Penuh Mesra,Mikeo Kawasaki/Lin Mu Chi,U-Home Publishing House,1998,"[""Chinese""]",placeholder,covers/1998_Cintaiku_Dengan_Penuh_Mesra_PLACEHOLDER.jpg
816,Pencuri Yang Bernama Tao Si Lang,Reo Takaoka/Chen Yi Jun,Tong Li Publishing Co. Ltd.,1998,"[""Chinese""]",placeholder,covers/1998_Pencuri_Yang_Bernama_Tao_Si_Lang_PLACEHOLDER.jpg
817,Offered,Kazuo Koike,Tong Li Publishing Co. Ltd.,1998,"[""Chinese""]",placeholder,covers/1998_Offered_PLACEHOLDER.jpg
818,Jeritan Wao Itsusei,Kazuo Koike/Chen Zhen Guo,Tian Feng Publishing House,1998,"[""Chinese""]",placeholder,covers/1998_Jeritan_Wao_Itsusei_PLACEHOLDER.jpg
819,Lelaki Yang Dahagakan Seks,Kazuo Koike,Nan Qi Publishing House,1998,"[""Chinese""]",placeholder,covers/1998_Lelaki_Yang_Dahagakan_Seks_PLACEHOLDER.jpg
820,Perempuan Yang Dahagakan Seks,Keigo Izuki,Nan Qi Publishing House,1998,"[""Chinese""]",placeholder,covers/1998_Perempuan_Yang_Dahagakan_Seks_PLACEHOLDER.jpg
821,Awake,Ohsawa Arimasa,Nan Qi Publishing House,1998,"[""Chinese""]",placeholder,covers/1998_Awake_PLACEHOLDER.jpg
822,Tukang Jahit Coli Yang Handal,Yumitsuki Hitari,,1998,"[""Chinese""]",placeholder,covers/1998_Tukang_Jahit_Coli_Yang_Handal_PLACEHOLDER.jpg
823,Moonlight Magic,Shinobu Arimura,,1998,"[""Chinese""]",placeholder,covers/1998_Moonlight_Magic_PLACEHOLDER.jpg
824,Blue Butterfly Fish,Shou Kitagawa,Li Qun Publishing House,1998,"[""Chinese""]",placeholder,covers/1998_Blue_Butterfly_Fish_PLACEHOLDER.jpg
825,Percintaan Yang Hidup Semula,Mikeo Kawasaki,Li Hua Publishing House,1998,"[""Chinese""]",placeholder,covers/1998_Percintaan_Yang_Hidup_Semula_PLACEHOLDER.jpg
826,Mimpi Seorang Perempuan Simpanan,,Li Hua Publishing House,1998,"[""Chinese""]",placeholder,covers/1998_Mimpi_Seorang_Perempuan_Simpanan_PLACEHOLDER.jpg
827,Big Playman,Wu Zao Min,King's Fountain Ltd.,1998,"[""Chinese""]",placeholder,covers/1998_Big_Playman_PLACEHOLDER.jpg
828,Cerita Hantu Hao Yi,Liang Yun Bang,King's Fountain Ltd.,1998,"[""Chinese""]",placeholder,covers/1998_Cerita_Hantu_Hao_Yi_PLACEHOLDER.jpg
829,Sweet Temptation,Seki Masaru,Kabushiki Kaisha Soryusha,1998,"[""Chinese""]",placeholder,covers/1998_Sweet_Temptation_PLACEHOLDER.jpg
830,Yoshiwara Night,Senno-Knife/Zhang Chao Xin,Hunter Comics,1998,"[""Chinese""]",placeholder,covers/1998_Yoshiwara_Night_PLACEHOLDER.jpg
831,Arnab,Kazuo Koike,Gao Deng Publishing House,1998,"[""Chinese""]",placeholder,covers/1998_Arnab_PLACEHOLDER.jpg
832,Yokohama Homeros,Kazuo Koike/Li Zhen Ni,Freeman Holdings Ltd,1998,"[""Chinese""]",placeholder,covers/1998_Yokohama_Homeros_PLACEHOLDER.jpg
833,Mahou De Sudden Death,Masakazu Yamaguchi/Zhong Weiguang,Freeman Holdings Ltd,1998,"[""Chinese""]",placeholder,covers/1998_Mahou_De_Sudden_Death_PLACEHOLDER.jpg
834,Pendekar Lelaki,Kazuo Koike,Da Han Publishing House,1998,"[""Chinese""]",placeholder,covers/1998_Pendekar_Lelaki_PLACEHOLDER.jpg
835,Peperangan Patriotik,Kazuo Koike,Da Han Publishing House,1998,"[""Chinese""]",placeholder,covers/1998_Peperangan_Patriotik_PLACEHOLDER.jpg
836,Wanita Pejabat,Jotsukasa Yamaguchi,Kwong Hung International Co. Ltd.,1997,"[""Chinese""]",placeholder,covers/1997_Wanita_Pejabat_PLACEHOLDER.jpg
837,Ooeru Gumi,Yoshito Usui,Yellow Wing Ltd.,1997,"[""Chinese""]",placeholder,covers/1997_Ooeru_Gumi_PLACEHOLDER.jpg
838,Anbaran Suzon,Yoshito Usui,Yellow Wing Ltd.,1997,"[""Chinese""]",placeholder,covers/1997_Anbaran_Suzon_PLACEHOLDER.jpg
839,Bom Kasut Tumit Tinggi,Mitsuhiro Kasuga,Tong Li Publishing Co. Ltd.,1997,"[""Chinese""]",placeholder,covers/1997_Bom_Kasut_Tumit_Tinggi_PLACEHOLDER.jpg
840,Teman 18,Jotsukasa Yamaguchi,Ngan Hong Investment Co. Ltd,1997,"[""Chinese""]",placeholder,covers/1997_Teman_18_PLACEHOLDER.jpg
841,Gigolo,,,1997,"[""Chinese""]",placeholder,covers/1997_Gigolo_PLACEHOLDER.jpg
842,Lelaki Misteri,,,1997,"[""Chinese""]",placeholder,covers/1997_Lelaki_Misteri_PLACEHOLDER.jpg
843,Kutu Embun,,,1997,"[""Chinese""]",placeholder,covers/1997_Kutu_Embun_PLACEHOLDER.jpg
844,Pejuang Wanita,,Hong Kong Giant Publisher,1997,"[""Chinese""]",placeholder,covers/1997_Pejuang_Wanita_PLACEHOLDER.jpg
845,"Muzik Untuk Orang Dewasa Jld. 1,2,3 (Music For Adults Vol. 1,2,3)",,Taipei Eternal Records & Cassettes Co. Ltd,1996,"[""Chinese""]",placeholder,"covers/1996_Muzik_Untuk_Orang_Dewasa_Jld._1,2,3_(Music_For_Adults_Vol._1,2,3)_PLACEHOLDER.jpg"
846,Majalah Dunia (World Magazine),,Topazman Holding,1996,"[""Chinese""]",placeholder,covers/1996_Majalah_Dunia_(World_Magazine)_PLACEHOLDER.jpg
847,Gadis Berdada Besar (The Girl With Big Bosom),,Vega Publishing House,1996,"[""Chinese""]",placeholder,covers/1996_Gadis_Berdada_Besar_(The_Girl_With_Big_Bosom)_PLACEHOLDER.jpg
848,Gadis Lacur (Erotic Girl),,New Eastern Publishing,1996,"[""Chinese""]",placeholder,covers/1996_Gadis_Lacur_(Erotic_Girl)_PLACEHOLDER.jpg
849,Anak Dara Yang Miang (Lewd Virgin),,,1996,"[""Chinese""]",placeholder,covers/1996_Anak_Dara_Yang_Miang_(Lewd_Virgin)_PLACEHOLDER.jpg
850,Gadis Miang,,,1996,"[""Chinese""]",placeholder,covers/1996_Gadis_Miang_PLACEHOLDER.jpg
851,Gadis Jelita (Beautiful Girl),,,1996,"[""Chinese""]",placeholder,covers/1996_Gadis_Jelita_(Beautiful_Girl)_PLACEHOLDER.jpg
852,Gadis Hangat 95 (95 Hot Girl),,,1996,"[""Chinese""]",placeholder,covers/1996_Gadis_Hangat_95_(95_Hot_Girl)_PLACEHOLDER.jpg
853,Cerita-Cerita Lucah (Lewd Stories),,,1996,"[""Chinese""]",placeholder,covers/1996_Cerita-Cerita_Lucah_(Lewd_Stories)_PLACEHOLDER.jpg
854,No. 1 Abalone,,,1996,"[""Chinese""]",placeholder,covers/1996_No._1_Abalone_PLACEHOLDER.jpg
855,Kupu-Kupu (Butterfly),,,1996,"[""Chinese""]",placeholder,covers/1996_Kupu-Kupu_(Butterfly)_PLACEHOLDER.jpg
856,Kisah Seorang Gadis Yang Miang(Stories Of A Lewd Girl),,,1996,"[""Chinese""]",placeholder,covers/1996_Kisah_Seorang_Gadis_Yang_Miang(Stories_Of_A_Lewd_Girl)_PLACEHOLDER.jpg
857,Maksiat (Vices),Xiang Li Hang,,1996,"[""Chinese""]",placeholder,covers/1996_Maksiat_(Vices)_PLACEHOLDER.jpg
858,Miang (Lascivious),,,1996,"[""Chinese""]",placeholder,covers/1996_Miang_(Lascivious)_PLACEHOLDER.jpg
859,Pasang Perbani (Spring Tide),,"Mad Man Publishing House,",1996,"[""Chinese""]",placeholder,covers/1996_Pasang_Perbani_(Spring_Tide)_PLACEHOLDER.jpg
860,Genit (Coquette),,Jing Fa Publishing House,1996,"[""Chinese""]",placeholder,covers/1996_Genit_(Coquette)_PLACEHOLDER.jpg
861,Percintaan Di Tahun Baru (Love Stories),,Jade Dynasty Publishing Group,1996,"[""Chinese""]",placeholder,covers/1996_Percintaan_Di_Tahun_Baru_(Love_Stories)_PLACEHOLDER.jpg
862,Mengintai Melalui Lubang Kunci (Peeping Through The Key-Hole),Jin Hua Sheng,Interesting Publishing House,1996,"[""Chinese""]",placeholder,covers/1996_Mengintai_Melalui_Lubang_Kunci_(Peeping_Through_The_Key-Hole)_PLACEHOLDER.jpg
863,Catatan Rahsia Perempuan Terkenal (Private Record Of A Famous Lady),Jin Hua Sheng,Interesting Publishing House,1996,"[""Chinese""]",placeholder,covers/1996_Catatan_Rahsia_Perempuan_Terkenal_(Private_Record_Of_A_Famous_Lady)_PLACEHOLDER.jpg
864,Bujang Dan Janda (Bachelor And Widow),Jin Hua Sheng,Interesting Publishing House,1996,"[""Chinese""]",placeholder,covers/1996_Bujang_Dan_Janda_(Bachelor_And_Widow)_PLACEHOLDER.jpg
865,Kisah Cemburu (Jealous Love Affair),Jin Hua Sheng,Interesting Publishing House,1996,"[""Chinese""]",placeholder,covers/1996_Kisah_Cemburu_(Jealous_Love_Affair)_PLACEHOLDER.jpg
866,Keseronikan Di Tepi Katil (Bedside Strange Stories),Jin Hua Sheng,Interesting Publishing House,1996,"[""Chinese""]",placeholder,covers/1996_Keseronikan_Di_Tepi_Katil_(Bedside_Strange_Stories)_PLACEHOLDER.jpg
867,Playboy,Jin Hua Sheng,Interesting Publishing House,1996,"[""Chinese""]",placeholder,covers/1996_Playboy_PLACEHOLDER.jpg
868,Wanita Molek Yang Tak Normal (An Abnormal Beautiful Lady),Jin Hua Sheng,Interesting Publishing House,1996,"[""Chinese""]",placeholder,covers/1996_Wanita_Molek_Yang_Tak_Normal_(An_Abnormal_Beautiful_Lady)_PLACEHOLDER.jpg
869,Kutipan Cerita Jenaka Lelaki Dan Perempuan (Collection Of Humorous Jokes),Shi Ma Chang Feng,Humorous Literature Publishing House,1996,"[""Chinese""]",placeholder,covers/1996_Kutipan_Cerita_Jenaka_Lelaki_Dan_Perempuan_(Collection_Of_Humorous_Jokes)_PLACEHOLDER.jpg
870,Laporan Eksklusif (Exclusive Report),,House Magazine,1996,"[""Chinese""]",placeholder,covers/1996_Laporan_Eksklusif_(Exclusive_Report)_PLACEHOLDER.jpg
871,Ombak Panas (Hot Wave),,Hong Kong World Publishing,1996,"[""Chinese""]",placeholder,covers/1996_Ombak_Panas_(Hot_Wave)_PLACEHOLDER.jpg
872,Seni Fotografi Badan Manusia (Photography Of Human Body),Quan Hui Hua,Guan Lun Publishing House,1996,"[""Chinese""]",placeholder,covers/1996_Seni_Fotografi_Badan_Manusia_(Photography_Of_Human_Body)_PLACEHOLDER.jpg
873,Majalah Gembira (Joy Magazine),,Gong Bao Publishing House,1996,"[""Chinese""]",placeholder,covers/1996_Majalah_Gembira_(Joy_Magazine)_PLACEHOLDER.jpg
874,Cerpen Tentang Seorang Wanita Yang Hebat (Short Stories Of A Lewd Girl),,Everyday Publishing Co. Ltd.,1996,"[""Chinese""]",placeholder,covers/1996_Cerpen_Tentang_Seorang_Wanita_Yang_Hebat_(Short_Stories_Of_A_Lewd_Girl)_PLACEHOLDER.jpg
875,Dataran Kegembiraan (Joyous Square),,Eastern Sun Publishing Co.Ltd.,1996,"[""Chinese""]",placeholder,covers/1996_Dataran_Kegembiraan_(Joyous_Square)_PLACEHOLDER.jpg
876,Catatan Ajaib (Record Of Strange Events),,Eastern Publishing Co.Ltd,1996,"[""Chinese""]",placeholder,covers/1996_Catatan_Ajaib_(Record_Of_Strange_Events)_PLACEHOLDER.jpg
878,Gadis Jelita Yang Menukar Jantina (A Sex-Changed Girl),,Uranus Publishing House,1996,"[""Chinese""]",placeholder,covers/1996_Gadis_Jelita_Yang_Menukar_Jantina_(A_Sex-Changed_Girl)_PLACEHOLDER.jpg
879,30 Years For The Motherland: Blowing Out The Southern Flame And The Communist Partyof Malaya (Crm),Jen. Dato Kitti Rattanachaya,Duang Keaw,1996,"[""Malay"", ""THAI""]",placeholder,covers/1996_30_Years_For_The_Motherland_Blowing_Out_The_Southern_Flame_And_The_Communist_Partyof_Malaya_(Crm)_PLACEHOLDER.jpg
880,The Koran Complete Dictionary & Literal Translation,"Mohamed Ahmed & His Daughter, Samira","M., J., & S. Ahmed,",1996,"[""English""]",placeholder,covers/1996_The_Koran_Complete_Dictionary_&_Literal_Translation_PLACEHOLDER.jpg
881,"Katakanlah (Ya Muhammad),",Nik Hashim El Muhammady,,1996,"[""Malay""]",placeholder,"covers/1996_Katakanlah_(Ya_Muhammad),_PLACEHOLDER.jpg"
882,Rahsia Mengenal Diri,Ustaz Hal Azwan,Citakhidmat (M) Sdn. Bhd.,1996,"[""Malay""]",placeholder,covers/1996_Rahsia_Mengenal_Diri_PLACEHOLDER.jpg
883,Intan Istana Khalifah,Ibnu Yusof,Al-Kafilah Enterprise,1996,"[""Malay""]",placeholder,covers/1996_Intan_Istana_Khalifah_PLACEHOLDER.jpg
884,Kamal Ataturk Ideologi Dan Kesannya Ke Atas Rakyat Turki,Pahrol Mohamad Juoi,Penerbitan Hikmah,1996,"[""Malay""]",placeholder,covers/1996_Kamal_Ataturk_Ideologi_Dan_Kesannya_Ke_Atas_Rakyat_Turki_PLACEHOLDER.jpg
885,Karma Akhirat,,M.A. Jaya Indonesia,1996,"[""Malay""]",placeholder,covers/1996_Karma_Akhirat_PLACEHOLDER.jpg
886,Sejarah Nabi Zulkifli,,M.A. Jaya Indonesia,1996,"[""Malay""]",placeholder,covers/1996_Sejarah_Nabi_Zulkifli_PLACEHOLDER.jpg
887,Riwayat Nabi Yunus A.S,,M.A. Jaya Indonesia,1996,"[""Malay""]",placeholder,covers/1996_Riwayat_Nabi_Yunus_A.S_PLACEHOLDER.jpg
888,Riwayat Bilal,,M.A. Jaya Indonesia,1996,"[""Malay""]",placeholder,covers/1996_Riwayat_Bilal_PLACEHOLDER.jpg
889,Riwayat Siti Asiah Dan Masyitoh,,M.A. Jaya Indonesia,1996,"[""Malay""]",placeholder,covers/1996_Riwayat_Siti_Asiah_Dan_Masyitoh_PLACEHOLDER.jpg
890,Riwayat Nabi Musa A.S Dan Qarun,,M.A. Jaya Indonesia,1996,"[""Malay""]",placeholder,covers/1996_Riwayat_Nabi_Musa_A.S_Dan_Qarun_PLACEHOLDER.jpg
891,Adam Dan Hawa,,M.A. Jaya Indonesia,1996,"[""Malay""]",placeholder,covers/1996_Adam_Dan_Hawa_PLACEHOLDER.jpg
892,Riwayat Nabi Sulaiman A.S. Dengan Burung Garuda,,M.A. Jaya Indonesia,1996,"[""Malay""]",placeholder,covers/1996_Riwayat_Nabi_Sulaiman_A.S._Dengan_Burung_Garuda_PLACEHOLDER.jpg
893,Kisah: Al'qomah Kutukan Seorang Ibu,,M.A. Jaya Indonesia,1996,"[""Malay""]",placeholder,covers/1996_Kisah_Al'qomah_Kutukan_Seorang_Ibu_PLACEHOLDER.jpg
894,Neraka,,M.A. Jaya Indonesia,1996,"[""Malay""]",placeholder,covers/1996_Neraka_PLACEHOLDER.jpg
895,Abrahah (Raja Terkutuk),,M.A. Jaya Indonesia,1996,"[""Malay""]",placeholder,covers/1996_Abrahah_(Raja_Terkutuk)_PLACEHOLDER.jpg
896,Bangkit Dari Kubur,,M.A. Jaya Indonesia,1996,"[""Malay""]",placeholder,covers/1996_Bangkit_Dari_Kubur_PLACEHOLDER.jpg
897,Hari Pembalasan,,M.A. Jaya Indonesia,1996,"[""Malay""]",placeholder,covers/1996_Hari_Pembalasan_PLACEHOLDER.jpg
898,Rasul Allah Kedatangan Iblis,,M.A. Jaya Indonesia,1996,"[""Malay""]",placeholder,covers/1996_Rasul_Allah_Kedatangan_Iblis_PLACEHOLDER.jpg
899,Dajjal (Nabi Palsu),,M.A. Jaya Indonesia,1996,"[""Malay""]",placeholder,covers/1996_Dajjal_(Nabi_Palsu)_PLACEHOLDER.jpg
900,Kisah: Nabi Musa A.S,,M.A. Jaya Indonesia,1996,"[""Malay""]",placeholder,covers/1996_Kisah_Nabi_Musa_A.S_PLACEHOLDER.jpg
901,Warner Music Rock -Too Hot To Handle,,"Warner Music (Malaysia) Sdn. Bhd.,",1995,"[""Malay""]",placeholder,covers/1995_Warner_Music_Rock_-Too_Hot_To_Handle_PLACEHOLDER.jpg
902,Mutiara Taman Wangi,Ibnu Yusof,Al Kafilah Enterprise,1995,"[""Malay""]",placeholder,covers/1995_Mutiara_Taman_Wangi_PLACEHOLDER.jpg
903,Bacaan,Othman Ali,"Omar Brothers Publications (Pte. Ltd), Alexandra",1995,"[""Malay""]",placeholder,covers/1995_Bacaan_PLACEHOLDER.jpg
904,Majalah Cinta (Love Biweekly),Voon Ho Yin,Yoke Wong Chew Publishing Group,1995,"[""Chinese""]",placeholder,covers/1995_Majalah_Cinta_(Love_Biweekly)_PLACEHOLDER.jpg
905,Panduan Ringkas Mengenai Seks (Pocket Sex Guide),Anne Hooper / Lee Ai Min,Wan Li Book Company Limited,1995,"[""Chinese""]",placeholder,covers/1995_Panduan_Ringkas_Mengenai_Seks_(Pocket_Sex_Guide)_PLACEHOLDER.jpg
906,Mata Tengah Malam (Midnight Eye),Buichi Terasawa,Tong Li Publication Co. Ltd.,1995,"[""Chinese""]",placeholder,covers/1995_Mata_Tengah_Malam_(Midnight_Eye)_PLACEHOLDER.jpg
907,Godaan (Temptation),,Published In Hong Kong,1995,"[""Chinese""]",placeholder,covers/1995_Godaan_(Temptation)_PLACEHOLDER.jpg
908,Cik Pencuri (Miss Thief),,,1995,"[""Chinese""]",placeholder,covers/1995_Cik_Pencuri_(Miss_Thief)_PLACEHOLDER.jpg
909,Mingguan Pop (Features),,,1995,"[""Chinese""]",placeholder,covers/1995_Mingguan_Pop_(Features)_PLACEHOLDER.jpg
910,Percintaan Pasangan (The Lustful Couple),,,1995,"[""Chinese""]",placeholder,covers/1995_Percintaan_Pasangan_(The_Lustful_Couple)_PLACEHOLDER.jpg
911,Percintaan Malam Pertama (First Night Love),,,1995,"[""Chinese""]",placeholder,covers/1995_Percintaan_Malam_Pertama_(First_Night_Love)_PLACEHOLDER.jpg
912,Ciuman Larut Malam (Midnight Kiss),,,1995,"[""Chinese""]",placeholder,covers/1995_Ciuman_Larut_Malam_(Midnight_Kiss)_PLACEHOLDER.jpg
913,Cerita Seks (Dissolute Story),,,1995,"[""Chinese""]",placeholder,covers/1995_Cerita_Seks_(Dissolute_Story)_PLACEHOLDER.jpg
914,Koleksi Gambar-Gambar Ellen Chen (Collection Of Ellen Chen's Photos),,,1995,"[""Chinese""]",placeholder,covers/1995_Koleksi_Gambar-Gambar_Ellen_Chen_(Collection_Of_Ellen_Chen's_Photos)_PLACEHOLDER.jpg
915,Koleksi Cerita-Cerita Ajaib (Fabulous Stories),,,1995,"[""Chinese""]",placeholder,covers/1995_Koleksi_Cerita-Cerita_Ajaib_(Fabulous_Stories)_PLACEHOLDER.jpg
916,Dunia Berdua-Duaan (A World Of Two Persons),,,1995,"[""Chinese""]",placeholder,covers/1995_Dunia_Berdua-Duaan_(A_World_Of_Two_Persons)_PLACEHOLDER.jpg
917,Api Membara (Flame),,,1995,"[""Chinese""]",placeholder,covers/1995_Api_Membara_(Flame)_PLACEHOLDER.jpg
918,Perempuan Yang Gilakan Seks (Lascivious Women),Hsia Fei,,1995,"[""Chinese""]",placeholder,covers/1995_Perempuan_Yang_Gilakan_Seks_(Lascivious_Women)_PLACEHOLDER.jpg
919,Gadis Berbau Harum (Fragrant Lady),Wei Wei,,1995,"[""Chinese""]",placeholder,covers/1995_Gadis_Berbau_Harum_(Fragrant_Lady)_PLACEHOLDER.jpg
920,Perempuan Gatal (Lustful Maid),Wei Wei,,1995,"[""Chinese""]",placeholder,covers/1995_Perempuan_Gatal_(Lustful_Maid)_PLACEHOLDER.jpg
921,Wanita Hong Kong Yang Beremah (Spicery Hong Kong Lady),Amiyamia,Jin Fong Publishing Co,1995,"[""Chinese""]",placeholder,covers/1995_Wanita_Hong_Kong_Yang_Beremah_(Spicery_Hong_Kong_Lady)_PLACEHOLDER.jpg
922,Dunia Yang Indah (Wonderful World),,Hong Kong Fei Tat Publishing Group,1995,"[""Chinese""]",placeholder,covers/1995_Dunia_Yang_Indah_(Wonderful_World)_PLACEHOLDER.jpg
923,Suami Impian (Ideal Husband),Lang Ren,Fong Qiao Publishing Co.,1995,"[""Chinese""]",placeholder,covers/1995_Suami_Impian_(Ideal_Husband)_PLACEHOLDER.jpg
924,Mimpi Musim Bunga (Dream Of Spring),Ai Si,Entertainment Publishing House,1995,"[""Chinese""]",placeholder,covers/1995_Mimpi_Musim_Bunga_(Dream_Of_Spring)_PLACEHOLDER.jpg
925,Simpang Nafsu (Desire Junction),Ai Si,Entertainment Publishing House,1995,"[""Chinese""]",placeholder,covers/1995_Simpang_Nafsu_(Desire_Junction)_PLACEHOLDER.jpg
926,Gadis Lawa Di Kelab Malam (Beautiful Lady In Night Club),Ai Si,Entertainment Publishing House,1995,"[""Chinese""]",placeholder,covers/1995_Gadis_Lawa_Di_Kelab_Malam_(Beautiful_Lady_In_Night_Club)_PLACEHOLDER.jpg
927,Berpeluk-Pelukan (Embracing),Ai Si,Entertainment Publishing House,1995,"[""Chinese""]",placeholder,covers/1995_Berpeluk-Pelukan_(Embracing)_PLACEHOLDER.jpg
928,Cerita Ghairah (Amorous Story),,Chi Lee Stationary Supplier,1995,"[""Chinese""]",placeholder,covers/1995_Cerita_Ghairah_(Amorous_Story)_PLACEHOLDER.jpg
929,Permata Gemilang,Ibnu Yusof,Al-Kafilah Enterprise,1995,"[""Malay""]",placeholder,covers/1995_Permata_Gemilang_PLACEHOLDER.jpg
930,Bunga Tuberose (Tuberose),,Hong Kong Giant Publishing Co.,1995,"[""Chinese""]",placeholder,covers/1995_Bunga_Tuberose_(Tuberose)_PLACEHOLDER.jpg
931,Godaan Yang Kuat (Great Charms),,Hong Kong Giant Publishing Co.,1995,"[""Chinese""]",placeholder,covers/1995_Godaan_Yang_Kuat_(Great_Charms)_PLACEHOLDER.jpg
932,Kisah Gadis Ibu Kota (City Girl),,,1995,"[""Chinese""]",placeholder,covers/1995_Kisah_Gadis_Ibu_Kota_(City_Girl)_PLACEHOLDER.jpg
933,Maksiat (Sins),,,1995,"[""Chinese""]",placeholder,covers/1995_Maksiat_(Sins)_PLACEHOLDER.jpg
934,Kisah Musim Bunga (Beautiful Spring),,,1995,"[""Chinese""]",placeholder,covers/1995_Kisah_Musim_Bunga_(Beautiful_Spring)_PLACEHOLDER.jpg
935,Kisah Dunia Keluaran Khas (World Story Special Edition),,,1995,"[""Chinese""]",placeholder,covers/1995_Kisah_Dunia_Keluaran_Khas_(World_Story_Special_Edition)_PLACEHOLDER.jpg
936,Perempuan Gasang (Wanton Girl),,,1995,"[""Chinese""]",placeholder,covers/1995_Perempuan_Gasang_(Wanton_Girl)_PLACEHOLDER.jpg
937,Cerita Hantu (Ghost Story),,"Kong See Producing Co. Ltd.,",1995,"[""Chinese""]",placeholder,covers/1995_Cerita_Hantu_(Ghost_Story)_PLACEHOLDER.jpg
938,Pesolek Hangat (Hot Girl Beautician),,Chung Tuck Publishing Co.,1995,"[""Chinese""]",placeholder,covers/1995_Pesolek_Hangat_(Hot_Girl_Beautician)_PLACEHOLDER.jpg
939,Hustle Volume 15 Number 8 February,Larry Flynt,"Hustler Magazine Inc.,",1995,"[""English""]",placeholder,covers/1995_Hustle_Volume_15_Number_8_February_PLACEHOLDER.jpg
940,Genesis January 1990,Joseph Kelleher,Atrium Multi-Media Corp.,1995,"[""English""]",placeholder,covers/1995_Genesis_January_1990_PLACEHOLDER.jpg
941,Women On Women 2,Naomi Holoch And Joan Nestle,"Penguin Books Usa Inc.,",1995,"[""English""]",placeholder,covers/1995_Women_On_Women_2_PLACEHOLDER.jpg
942,Kisah Seks Bintang Filem (Sex Story Of A Film Star),,,1995,"[""Chinese""]",placeholder,covers/1995_Kisah_Seks_Bintang_Filem_(Sex_Story_Of_A_Film_Star)_PLACEHOLDER.jpg
943,Kelab Kaki Perempuan (Playboy Club),,Hong Kong New Tide Publishing Co.,1995,"[""Chinese""]",placeholder,covers/1995_Kelab_Kaki_Perempuan_(Playboy_Club)_PLACEHOLDER.jpg
944,Adik-Beradik Baru (New Sisters),,Hong Kong Giant Publishing Co.,1995,"[""Chinese""]",placeholder,covers/1995_Adik-Beradik_Baru_(New_Sisters)_PLACEHOLDER.jpg
945,Mingguan Kekasih (Lovers' Weekly),,Freeman Holdings Ltd.,1995,"[""Chinese""]",placeholder,covers/1995_Mingguan_Kekasih_(Lovers'_Weekly)_PLACEHOLDER.jpg
946,"""Hero"" Cholikkul Enna Irukku",Subha Dan Chitra,Mani Osai Marketing,1995,"[""Tamil""]",placeholder,covers/1995_Hero_Cholikkul_Enna_Irukku_PLACEHOLDER.jpg
947,Refleksi Pembaharuan Pemikiran Islam 70 Tahun Harun Nasution,Panitia Penerbitan Buku Dan 70 Tahun Harun Nasutionbekerjasama Dengan Lembaga Studi Agama Dan Filsafat,Lembaga Studi Agama Dan Filsafat,1995,"[""Malay""]",placeholder,covers/1995_Refleksi_Pembaharuan_Pemikiran_Islam_70_Tahun_Harun_Nasution_PLACEHOLDER.jpg
948,"Big 4, Vol. Ii No.5",Fujida Jun Ichi,,1995,"[""Japanese""]",placeholder,"covers/1995_Big_4,_Vol._Ii_No.5_PLACEHOLDER.jpg"
949,X 10 Vol.1,Fujida Jun Ichi,,1995,"[""Japanese""]",placeholder,covers/1995_X_10_Vol.1_PLACEHOLDER.jpg
950,The Five Doors,,,1995,"[""Japanese""]",placeholder,covers/1995_The_Five_Doors_PLACEHOLDER.jpg
951,Amanat Rasulullah S.A.W,Mohamad Zain Bin Hassan,Pustaka Ansharullah,1995,"[""Malay""]",placeholder,covers/1995_Amanat_Rasulullah_S.A.W_PLACEHOLDER.jpg
952,Iqra',,Jema'ah Al-Quran Malaysia,1995,"[""Malay""]",placeholder,covers/1995_Iqra'_PLACEHOLDER.jpg
953,Lagu-Lagu Popular Hokkien Nostalgik Yang Berselera Tambahan Gs-778,Tidak Diketahui,Golden Note Records Co. Production,1994,"[""Chinese""]",placeholder,covers/1994_Lagu-Lagu_Popular_Hokkien_Nostalgik_Yang_Berselera_Tambahan_Gs-778_PLACEHOLDER.jpg
954,Lagu-Lagu Popular Hokkien Yang Berselera Tambahan Gs-780,Tidak Diketahui,Golden Note Records Co. Production,1994,"[""Chinese""]",placeholder,covers/1994_Lagu-Lagu_Popular_Hokkien_Yang_Berselera_Tambahan_Gs-780_PLACEHOLDER.jpg
955,Lagu-Lagu Popular Hokkien Yang Berselera Tambahan Gs-89-777,Tidak Diketahui,Golden Note Records Co. Production,1994,"[""Chinese""]",placeholder,covers/1994_Lagu-Lagu_Popular_Hokkien_Yang_Berselera_Tambahan_Gs-89-777_PLACEHOLDER.jpg
956,Mutiara Timur Iii,,Music Factory,1994,"[""Chinese""]",placeholder,covers/1994_Mutiara_Timur_Iii_PLACEHOLDER.jpg
957,Muhammad A Western Attempt To Understand Islam,Karen Amstrong,"Victor Gollancz Ltd.,",1994,"[""English""]",placeholder,covers/1994_Muhammad_A_Western_Attempt_To_Understand_Islam_PLACEHOLDER.jpg
958,The March Of Islam,Time-Life Books,"Time-Life Books Inc., U.S.A.",1994,"[""English""]",placeholder,covers/1994_The_March_Of_Islam_PLACEHOLDER.jpg
959,The Computer Speak: God's Message To The World,Rashad Khalifa,Renaissance Productions International,1994,"[""English""]",placeholder,covers/1994_The_Computer_Speak_God's_Message_To_The_World_PLACEHOLDER.jpg
960,Christ In Islam And Christianity,Neal Robinson,"Macmillan Press Ltd.,",1994,"[""English""]",open_library,covers/1994_Christ_In_Islam_And_Christianity.jpg
961,Islam In The Modern World A Christian Perspective,Norman Anderson,Apollos (An Imprint Of Inter-Varsity Press),1994,"[""English""]",placeholder,covers/1994_Islam_In_The_Modern_World_A_Christian_Perspective_PLACEHOLDER.jpg
962,White Zombie La Sexorcisto Devil Music Vol.1,White Zombie,Geffen Records,1994,"[""English""]",placeholder,covers/1994_White_Zombie_La_Sexorcisto_Devil_Music_Vol.1_PLACEHOLDER.jpg
963,The Picture,,The Picture,1994,"[""English""]",placeholder,covers/1994_The_Picture_PLACEHOLDER.jpg
964,The Journal Of Erotica,,"Midsummer Books Ltd.,",1994,"[""English""]",placeholder,covers/1994_The_Journal_Of_Erotica_PLACEHOLDER.jpg
965,Making Love,Melanie Tem Nancy Holder,"Dell Publishing A Division Of Bantam Doubleday Dell Publishing Group, Inc.",1994,"[""English""]",open_library,covers/1994_Making_Love.jpg
966,Hajime Sorayama,,"Benedikt Taschen Verlag Gmbh, Hohenzollernring",1994,"[""English""]",placeholder,covers/1994_Hajime_Sorayama_PLACEHOLDER.jpg
967,Hr Giger Arht,,"Benedikt Taschen Verlag Gmbh, Hohenzollernring",1994,"[""English""]",placeholder,covers/1994_Hr_Giger_Arht_PLACEHOLDER.jpg
968,The Journeyer,Gary Jennings,"Mc Clelland And Stewart Ltd., Canada",1994,"[""English""]",open_library,covers/1994_The_Journeyer.jpg
969,Suara Acheh Merdeka,,Bm Box 3294 London Wc In 3Xx England,1994,"[""Malay""]",placeholder,covers/1994_Suara_Acheh_Merdeka_PLACEHOLDER.jpg
970,Hadis Jawapan Kepada Pengkritik,Kassim Ahmad,"Media Indah Sdn.Bhd.,",1994,"[""Malay""]",placeholder,covers/1994_Hadis_Jawapan_Kepada_Pengkritik_PLACEHOLDER.jpg
971,"Cakera Padat Bertajuk ""The East Is Red Selected Songs"" 1.The East Is Red 2.The October Wind From The North 3.Peasants1 Song 4.Workers, Peasants And Soldiers, Unite! 5.Autumn Harvest Uprising 6.Chingka",,Baily Record Co. Ltd,1994,"[""Chinese""]",placeholder,covers/1994_Cakera_Padat_Bertajuk_The_East_Is_Red_Selected_Songs_1.The_East_Is_Red_2.The_October_Wind_From_The_N_PLACEHOLDER.jpg
972,"Mata Tengah Malam Jilid I,Ii,Iii",Ji Zawa Bu Ichi,Yoso Comics,1994,"[""Chinese""]",placeholder,"covers/1994_Mata_Tengah_Malam_Jilid_I,Ii,Iii_PLACEHOLDER.jpg"
973,Kisah Baru Seorang Kaki Perempuan,Wei Wei,"Xin Sheng Publishing, House",1994,"[""Chinese""]",placeholder,covers/1994_Kisah_Baru_Seorang_Kaki_Perempuan_PLACEHOLDER.jpg
974,Perbualan Yang Penuh Mistri,,Worldwide Publication,1994,"[""Chinese""]",placeholder,covers/1994_Perbualan_Yang_Penuh_Mistri_PLACEHOLDER.jpg
975,Baru Dan Ganjil,,Transtar Publication,1994,"[""Chinese""]",placeholder,covers/1994_Baru_Dan_Ganjil_PLACEHOLDER.jpg
976,Majalah Gaya,,Transtar Publication,1994,"[""Chinese""]",placeholder,covers/1994_Majalah_Gaya_PLACEHOLDER.jpg
977,Keluarga Yang Gilakan Seks,Xia Fei,Tong Le Publishing House,1994,"[""Chinese""]",placeholder,covers/1994_Keluarga_Yang_Gilakan_Seks_PLACEHOLDER.jpg
978,Riwayat Baru Pan Jin Lian,Xie Shi Cong,"Taiwan Tian Xia Magazine House,",1994,"[""Chinese""]",placeholder,covers/1994_Riwayat_Baru_Pan_Jin_Lian_PLACEHOLDER.jpg
979,Percintaan Sulit,,Syarikat H.M.Khoo,1994,"[""Chinese""]",placeholder,covers/1994_Percintaan_Sulit_PLACEHOLDER.jpg
980,Pelacur Muda Aku Mencintaimu,,,1994,"[""Chinese""]",placeholder,covers/1994_Pelacur_Muda_Aku_Mencintaimu_PLACEHOLDER.jpg
981,Perempuan Jalang,,,1994,"[""Chinese""]",placeholder,covers/1994_Perempuan_Jalang_PLACEHOLDER.jpg
982,Zaman Kegila-Gilaan,,,1994,"[""Chinese""]",placeholder,covers/1994_Zaman_Kegila-Gilaan_PLACEHOLDER.jpg
983,Cergas Dan Berwarna-Warni,,,1994,"[""Chinese""]",placeholder,covers/1994_Cergas_Dan_Berwarna-Warni_PLACEHOLDER.jpg
984,Perempuan Yang Gilakan Seks,,,1994,"[""Chinese""]",placeholder,covers/1994_Perempuan_Yang_Gilakan_Seks_PLACEHOLDER.jpg
985,Badan Montok,,,1994,"[""Chinese""]",placeholder,covers/1994_Badan_Montok_PLACEHOLDER.jpg
986,Suasana,,,1994,"[""Chinese""]",placeholder,covers/1994_Suasana_PLACEHOLDER.jpg
987,Majalah Ajaib,,Baka Edaran Buku & Majallah,1994,"[""Chinese""]",placeholder,covers/1994_Majalah_Ajaib_PLACEHOLDER.jpg
988,Juara Lagu-Lagu Iwan Fals Swami Vol. 1,Iwan Fals,"Hp Records Pt Hoki Persada, Suara Sejati",1994,"[""Indonesian""]",placeholder,covers/1994_Juara_Lagu-Lagu_Iwan_Fals_Swami_Vol._1_PLACEHOLDER.jpg
989,Ratna Sari Dewi (Rima Surya) Janda Presiden Yang Ber....,Tidak Diketahui,Citra Juara Sdn. Bhd.,1994,"[""Malay""]",placeholder,covers/1994_Ratna_Sari_Dewi_(Rima_Surya)_Janda_Presiden_Yang_Ber_PLACEHOLDER.jpg
990,The Islamic Invasion,Robert Morey,Harvest House Publishers,1994,"[""English""]",open_library,covers/1994_The_Islamic_Invasion.jpg
991,Album Celebriti-Super Mengancam,,"Citra Juara Sdn. Bhd.,",1994,"[""Malay""]",placeholder,covers/1994_Album_Celebriti-Super_Mengancam_PLACEHOLDER.jpg
992,A Matterof Life And Sex,Oscar Moore,"Penguin Books Ltd.,",1994,"[""English""]",placeholder,covers/1994_A_Matterof_Life_And_Sex_PLACEHOLDER.jpg
993,Slow Hand,Michele Slung,"Harper Collins Publishers, Ina",1994,"[""English""]",open_library,covers/1994_Slow_Hand.jpg
994,"The Golden Lotus Volume 1,2,3 And 4",Clementegerton,"Graham Brash (Pte) Ltd., Singapore",1994,"[""English""]",placeholder,"covers/1994_The_Golden_Lotus_Volume_1,2,3_And_4_PLACEHOLDER.jpg"
995,Cahaya Di Ufuk Timur (Nada Murni),,Ora Productions,1994,"[""Malay""]",placeholder,covers/1994_Cahaya_Di_Ufuk_Timur_(Nada_Murni)_PLACEHOLDER.jpg
996,"Some Spice, Some Vice",A.S Abdul Rahman,Sri Lina,1994,"[""English""]",placeholder,"covers/1994_Some_Spice,_Some_Vice_PLACEHOLDER.jpg"
997,Vengence Of Vampirella Volume One Number Two,Meloney Crawford Chadwick,"Harris Publications, Inc.,",1994,"[""English""]",placeholder,covers/1994_Vengence_Of_Vampirella_Volume_One_Number_Two_PLACEHOLDER.jpg
998,Breathtaker,,Dc Comics,1994,"[""English""]",placeholder,covers/1994_Breathtaker_PLACEHOLDER.jpg
999,Next Men Power Part 3 Of 4,,"Dark House Comics, Inc.,",1994,"[""English""]",placeholder,covers/1994_Next_Men_Power_Part_3_Of_4_PLACEHOLDER.jpg
1000,Olivia Collector Cards,Comic Images,Comic Images,1994,"[""English""]",placeholder,covers/1994_Olivia_Collector_Cards_PLACEHOLDER.jpg
1001,The Magic Of Sex,Miriam Stoppard Md,Caroll & Brown Limited,1994,"[""English""]",placeholder,covers/1994_The_Magic_Of_Sex_PLACEHOLDER.jpg
1002,Story Of O,Pauline Reagt,"Book-Of-The-Month Club By Arrangement With Blue Moon Book, Inc",1994,"[""English""]",placeholder,covers/1994_Story_Of_O_PLACEHOLDER.jpg
1003,What Is Religions An Introduction,John F.Haught,Paulist Press New York And New Jersey,1994,"[""English""]",placeholder,covers/1994_What_Is_Religions_An_Introduction_PLACEHOLDER.jpg
1004,In Search Of The Treasure Of Faith,Robert J. Wieland,All Africa Publication,1994,"[""English""]",placeholder,covers/1994_In_Search_Of_The_Treasure_Of_Faith_PLACEHOLDER.jpg
1005,Panduan Menghadapi Sakit,,Penerbit Hikmah,1994,"[""Malay""]",placeholder,covers/1994_Panduan_Menghadapi_Sakit_PLACEHOLDER.jpg
1006,Love And Care-The Key To Universal Unity,Abuya Sheikh Imam Ashaari Muhammad,Penerbitan Hikmah With Permission From Asoib International Limited,1994,"[""English""]",placeholder,covers/1994_Love_And_Care-The_Key_To_Universal_Unity_PLACEHOLDER.jpg
1007,This Is Our Way,Abuya Syeikh Iman Ashaari Muhammad,Minda Abuya Agency,1994,"[""English""]",placeholder,covers/1994_This_Is_Our_Way_PLACEHOLDER.jpg
1008,The Scription Of Hidden Knowledge,Abuya Sheikh Imam Ashaari Muhammad,Minda Abuya Agency,1994,"[""English""]",placeholder,covers/1994_The_Scription_Of_Hidden_Knowledge_PLACEHOLDER.jpg
1009,The West On The Brink Of Death,Abuya Sheikh Imam Ashaari Muhammad,Minda Abuya Agency,1994,"[""English""]",placeholder,covers/1994_The_West_On_The_Brink_Of_Death_PLACEHOLDER.jpg
1010,Al-Arqam Group Of Companies (Pamplets),,Al-Arqam Information Department October 1993,1994,"[""English""]",placeholder,covers/1994_Al-Arqam_Group_Of_Companies_(Pamplets)_PLACEHOLDER.jpg
1011,Khutbah Idil Fitri Eidul Fitr Sermon 1414 Hijrah/Hegira,Abuya Syeikh Iman Ashaari Muhammad,Penerbitan Hikmah,1994,"[""Malay"", ""English""]",placeholder,covers/1994_Khutbah_Idil_Fitri_Eidul_Fitr_Sermon_1414_Hijrah_Hegira_PLACEHOLDER.jpg
1012,Khutbah Aidiladha 1413 Hijrah Eidul Adha Sermon 1413 Hegira,Abuya Sheikh Imam Ashaari Muhammad,Bahagian Pengeluaran Minda Syeikhul Arqam,1994,"[""Malay"", ""English""]",placeholder,covers/1994_Khutbah_Aidiladha_1413_Hijrah_Eidul_Adha_Sermon_1413_Hegira_PLACEHOLDER.jpg
1013,Yang Tersirat Disurat,Ustaz Haji Ashaari Muhammad,Yayasan Al Arqam Bhg. Penerangan,1994,"[""Malay""]",placeholder,covers/1994_Yang_Tersirat_Disurat_PLACEHOLDER.jpg
1014,Al Arqam,,Yayasan Al Arqam,1994,"[""Malay""]",placeholder,covers/1994_Al_Arqam_PLACEHOLDER.jpg
1015,Kahwin Cara Arqam,Nur S Biedyn Beseri,Trans Media Publications,1994,"[""Malay""]",open_library,covers/1994_Kahwin_Cara_Arqam.jpg
1016,Mujadid Alam Melayu Dan Impian Darul Arqam,Mohd Sayuti Omar,Tinta Merah,1994,"[""Malay""]",placeholder,covers/1994_Mujadid_Alam_Melayu_Dan_Impian_Darul_Arqam_PLACEHOLDER.jpg
1017,Bagaimana Memahami Jalan Berfikir,Ustaz Ashaari Muhammad,Syukbah Penerangan Al Arqam,1994,"[""Malay""]",placeholder,covers/1994_Bagaimana_Memahami_Jalan_Berfikir_PLACEHOLDER.jpg
1018,Manusia Tidak Memiliki Dan Tidak Dimiliki,Ustaz Haji Ashaari Muhammad,"Shoutul Arqam, Yayasan Al-Arqam",1994,"[""Malay""]",placeholder,covers/1994_Manusia_Tidak_Memiliki_Dan_Tidak_Dimiliki_PLACEHOLDER.jpg
1019,Panduan Untuk Murabbi,Ustaz Hj. Abd. Halim Abbas,Shoutul Arqam,1994,"[""Malay""]",placeholder,covers/1994_Panduan_Untuk_Murabbi_PLACEHOLDER.jpg
1020,Manisnya Madu,Ustazah Khadijah Aam,Shoutul Arqam,1994,"[""Malay""]",placeholder,covers/1994_Manisnya_Madu_PLACEHOLDER.jpg
1021,Aqidah Mukmin Siri 1,Ustaz Ashaari Muhammad,Shoutul Arqam,1994,"[""Malay""]",placeholder,covers/1994_Aqidah_Mukmin_Siri_1_PLACEHOLDER.jpg
1022,Panduan Hidup Mukmin,,Shoutul Arqam,1994,"[""Malay""]",placeholder,covers/1994_Panduan_Hidup_Mukmin_PLACEHOLDER.jpg
1023,Iman Dan Persoalannya,Ashaari Muhammad,Shoutul Arqam,1994,"[""Malay""]",placeholder,covers/1994_Iman_Dan_Persoalannya_PLACEHOLDER.jpg
1024,Ratu,Zakaria Sungib,Pustaka Jasa,1994,"[""Malay""]",placeholder,covers/1994_Ratu_PLACEHOLDER.jpg
1025,Konsep Kesederhanaan Menurut Pandangan Islam,Ustaz Haji Ashaari Muhammad,Pustaka Jasa,1994,"[""Malay""]",placeholder,covers/1994_Konsep_Kesederhanaan_Menurut_Pandangan_Islam_PLACEHOLDER.jpg
1026,Aqidah Mukmin Siri 2,Ustaz Ashaari Muhammad,Pustaka Jasa,1994,"[""Malay""]",placeholder,covers/1994_Aqidah_Mukmin_Siri_2_PLACEHOLDER.jpg
1027,Al Munir,Ustaz Jaafar Salleh,Perkhidmatan Penerangan Al-Arqam,1994,"[""Malay""]",placeholder,covers/1994_Al_Munir_PLACEHOLDER.jpg
1028,Mengenal Diri Malalui Rasa Hati,Ustaz Ashaari Muhammad,Penerbitan Shoutul Arqam,1994,"[""Malay""]",placeholder,covers/1994_Mengenal_Diri_Malalui_Rasa_Hati_PLACEHOLDER.jpg
1029,Panduan Untuk Bakal Pengantin,Ahmad Baei Hj. Jaafar,Penerbitan Shoutul Arqam,1994,"[""Malay""]",placeholder,covers/1994_Panduan_Untuk_Bakal_Pengantin_PLACEHOLDER.jpg
1030,1415 Hijrah: Menuju Kejayaan Yang Dijanjikan Perutusan Khas Tahun Baru Hijrah 1415,Abuya Sheikh Imam Ashaari Muhammad At Tamimi,"Penerbitan Media Al Arqam Group Of Companies,",1994,"[""Malay""]",placeholder,covers/1994_1415_Hijrah_Menuju_Kejayaan_Yang_Dijanjikan_Perutusan_Khas_Tahun_Baru_Hijrah_1415_PLACEHOLDER.jpg
1031,Keistimewaan Cantik Dan Akhlak Pada Wanita,,"Penerbitan Hikmah,",1994,"[""Malay""]",placeholder,covers/1994_Keistimewaan_Cantik_Dan_Akhlak_Pada_Wanita_PLACEHOLDER.jpg
1032,Falsafah Perlaksanaan Hukum Hudud Dalam Masyarakat,Ustaz Haji Ashaari Muhammad,Penerbitan Hikmah,1994,"[""Malay""]",placeholder,covers/1994_Falsafah_Perlaksanaan_Hukum_Hudud_Dalam_Masyarakat_PLACEHOLDER.jpg
1033,Aqidah Mukmin Siri 3,Ustaz Ashaari Muhammad,Penerbitan Hikmah,1994,"[""Malay""]",placeholder,covers/1994_Aqidah_Mukmin_Siri_3_PLACEHOLDER.jpg
1034,Meruntuh Berhala Di Tiongkok,Ustaz Abdul Halim Abbas,Penerbitan Hikmah,1994,"[""Malay""]",placeholder,covers/1994_Meruntuh_Berhala_Di_Tiongkok_PLACEHOLDER.jpg
1035,Kembara Menyingkap Tamadun Islam,Ustaz Fakhrur Razi Ashaari,Penerbitan Hikmah,1994,"[""Malay""]",placeholder,covers/1994_Kembara_Menyingkap_Tamadun_Islam_PLACEHOLDER.jpg
1036,Bagaimana Menjadi Wali,Ustaz Abdul Halim Abbas,Penerbitan Hikmah,1994,"[""Malay""]",placeholder,covers/1994_Bagaimana_Menjadi_Wali_PLACEHOLDER.jpg
1037,Keistimewaan Wanita Solehah,,Penerbitan Hikmah,1994,"[""Malay""]",placeholder,covers/1994_Keistimewaan_Wanita_Solehah_PLACEHOLDER.jpg
1038,Keistimewaan Kasih Sayang Dalam Rumahtangga,,Penerbitan Hikmah,1994,"[""Malay""]",placeholder,covers/1994_Keistimewaan_Kasih_Sayang_Dalam_Rumahtangga_PLACEHOLDER.jpg
1039,Keistimewaan Wanita Penyayang,,Penerbitan Hikmah,1994,"[""Malay""]",placeholder,covers/1994_Keistimewaan_Wanita_Penyayang_PLACEHOLDER.jpg
1040,Keistimewaan Berkasih Sayang,,Penerbitan Hikmah,1994,"[""Malay""]",placeholder,covers/1994_Keistimewaan_Berkasih_Sayang_PLACEHOLDER.jpg
1041,Panduan Poligami,Ashaari Muhammad,Penerbitan Hikmah,1994,"[""Malay""]",placeholder,covers/1994_Panduan_Poligami_PLACEHOLDER.jpg
1042,Panduan Mendidik Anak,Ahmad Baei Hj. Jaafar,Penerbitan Hikmah,1994,"[""Malay""]",placeholder,covers/1994_Panduan_Mendidik_Anak_PLACEHOLDER.jpg
1043,Jenaka Dakwah Hidupkan Budaya Lepak,,Penerbitan Hikmah,1994,"[""Malay""]",placeholder,covers/1994_Jenaka_Dakwah_Hidupkan_Budaya_Lepak_PLACEHOLDER.jpg
1044,Ulama Dalam Pandangan Islam,Ustazah Khadijah Aam,Penerbitan Hikmah,1994,"[""Malay""]",placeholder,covers/1994_Ulama_Dalam_Pandangan_Islam_PLACEHOLDER.jpg
1045,Panduan Wanita Solehah,,Penerbitan Hikmah,1994,"[""Malay""]",placeholder,covers/1994_Panduan_Wanita_Solehah_PLACEHOLDER.jpg
1046,Menuju Jiwa Sufi,Ustaz Hj. Muhammad Hamim Hj. Rahmat,Penerbitan Hikmah,1994,"[""Malay""]",placeholder,covers/1994_Menuju_Jiwa_Sufi_PLACEHOLDER.jpg
1047,Saddam Bela Islam,Shoutul Islam,Penerbitan Hikmah,1994,"[""Malay""]",placeholder,covers/1994_Saddam_Bela_Islam_PLACEHOLDER.jpg
1048,Siri Terkini Era Kasih Sayang-,,Penerbitan Hikmah,1994,"[""Malay""]",placeholder,covers/1994_Siri_Terkini_Era_Kasih_Sayang-_PLACEHOLDER.jpg
1049,Menangani Ancaman Al Arqam,Maswan,Penerbitan Al-Munir,1994,"[""Malay""]",placeholder,covers/1994_Menangani_Ancaman_Al_Arqam_PLACEHOLDER.jpg
1050,Diantara Rintihan Dan Harapan Siri Sajak Al-Arqam,Ustaz Ashaari Muhammad,Penerbitan Al-Arqam,1994,"[""Malay""]",placeholder,covers/1994_Diantara_Rintihan_Dan_Harapan_Siri_Sajak_Al-Arqam_PLACEHOLDER.jpg
1051,Darul Arqam Sasaran Siapa,Hj. Tajul Ariffin,Penerbitan Al Munir,1994,"[""Malay""]",placeholder,covers/1994_Darul_Arqam_Sasaran_Siapa_PLACEHOLDER.jpg
1052,Presiden Soeharto Ikut Jadual Allah,Abuya Syeikh Iman Ashaari Muhammad,Penerbitan Abuya & Asoib International Limited,1994,"[""Malay""]",placeholder,covers/1994_Presiden_Soeharto_Ikut_Jadual_Allah_PLACEHOLDER.jpg
1053,Assalamualaikum Dato' Seri Pm,Ustazah Khadijah Aam,Penerbitan Abuya,1994,"[""Malay""]",placeholder,covers/1994_Assalamualaikum_Dato'_Seri_Pm_PLACEHOLDER.jpg
1054,Darul Arqam 25 Tahun Perjuangan Abuya Syeikh Imam Ashaari Muhammad At-Tamimi,,Penerbit Abuya,1994,"[""Malay""]",placeholder,covers/1994_Darul_Arqam_25_Tahun_Perjuangan_Abuya_Syeikh_Imam_Ashaari_Muhammad_At-Tamimi_PLACEHOLDER.jpg
1055,Al-Mukminah,Aishah Mohd Lajis,"Penerangan Al-Arqam,",1994,"[""Malay""]",placeholder,covers/1994_Al-Mukminah_PLACEHOLDER.jpg
1056,Al Ain,Mohd Nor Rafuzi Razali,"Penerangan Al-Arqam,",1994,"[""Malay""]",placeholder,covers/1994_Al_Ain_PLACEHOLDER.jpg
1057,Matlamat Perjuangan Menurut Islam,Ustaz Haji Ashaari Muhammad,"Penerangan Al-Arqam,",1994,"[""Malay""]",placeholder,covers/1994_Matlamat_Perjuangan_Menurut_Islam_PLACEHOLDER.jpg
1058,Renungan Untuk Mengubah Sikap,Ustaz Haji Ashaari Muhammad,"Penerangan Al-Arqam,",1994,"[""Malay""]",placeholder,covers/1994_Renungan_Untuk_Mengubah_Sikap_PLACEHOLDER.jpg
1059,Perancangan Dan Perkhidmatan,Ustaz Haji Abdul Halim Abbas,"Penerangan Al-Arqam,",1994,"[""Malay""]",placeholder,covers/1994_Perancangan_Dan_Perkhidmatan_PLACEHOLDER.jpg
1060,Pada Hemah & Pandangan Ustaz Hj. Ashaari Muhammad,Ustaz Hj. Tajul Arifin,"Penerangan Al-Arqam,",1994,"[""Malay""]",placeholder,covers/1994_Pada_Hemah_&_Pandangan_Ustaz_Hj._Ashaari_Muhammad_PLACEHOLDER.jpg
1061,Falsafah Ke Arah Menyelesaikan Masalah Hidup Menurut Islam,Ustaz Ashaari Muhammad,"Penerangan Al-Arqam,",1994,"[""Malay""]",placeholder,covers/1994_Falsafah_Ke_Arah_Menyelesaikan_Masalah_Hidup_Menurut_Islam_PLACEHOLDER.jpg
1062,Serban Dan Jubah Pakaian Islam,Ustaz Jaafar Salleh,"Penerangan Al-Arqam,",1994,"[""Malay""]",placeholder,covers/1994_Serban_Dan_Jubah_Pakaian_Islam_PLACEHOLDER.jpg
1063,Peranan Angkatan Sufi Dalam Politik,Abdul Hamid Al Bi Lali,Penerangan Al Arqam,1994,"[""Malay""]",placeholder,covers/1994_Peranan_Angkatan_Sufi_Dalam_Politik_PLACEHOLDER.jpg
1064,Ibadah: Menurut Islam,Ustaz Ashaari Muhammad,Penerangan Al Arqam,1994,"[""Malay""]",placeholder,covers/1994_Ibadah_Menurut_Islam_PLACEHOLDER.jpg
1065,Isu Arqam-Pm Siri 2,,"Majlis Syuyukh Al Arqam, Madinah Al Arqam Sayidina Abu Bakar As Siddiq",1994,"[""Malay""]",placeholder,covers/1994_Isu_Arqam-Pm_Siri_2_PLACEHOLDER.jpg
1066,"Isu Arqam- Pusat Islam Siri 3,4,12,21,22,25,27, Dan 28",,"Majlis Syuyukh Al Arqam, Madinah Al Arqam Sayidina Abu Bakar As Siddiq",1994,"[""Malay""]",placeholder,"covers/1994_Isu_Arqam-_Pusat_Islam_Siri_3,4,12,21,22,25,27,_Dan_28_PLACEHOLDER.jpg"
1067,Dialog Abuya- Pusat Islam Sessi 01 Sessi 02 Dan Sessi 03,,"Majlis Syuyukh Al Arqam, (Majlis Tertinggi Al-Arqam) Malaysia 29 Julai 1994",1994,"[""Malay""]",placeholder,covers/1994_Dialog_Abuya-_Pusat_Islam_Sessi_01_Sessi_02_Dan_Sessi_03_PLACEHOLDER.jpg
1068,Kenapa Timbul Kontroversi Syahadah Aurad Muhammadiah?,,"Majlis Syuyukh Al Arqam, (Majlis Tertinggi Al-Arqam) Malaysia 29 Julai 1994",1994,"[""Malay""]",placeholder,covers/1994_Kenapa_Timbul_Kontroversi_Syahadah_Aurad_Muhammadiah_PLACEHOLDER.jpg
1069,Pertandingan Satu Lawan Satuabuya Iman Ashaari Vs Dr. Mahathir,,"Majlis Syuyukh Al Arqam, (Majlis Tertinggi Al-Arqam) Malaysia 24 Julai 1994",1994,"[""Malay""]",placeholder,covers/1994_Pertandingan_Satu_Lawan_Satuabuya_Iman_Ashaari_Vs_Dr._Mahathir_PLACEHOLDER.jpg
1070,"Isu Ak Arqam Siri 6, 7, 8, 9, 10,11, 13, 14, 15, 19, 20, 23, 30, 32, 33, 34, 35 Dan Siri 36",,Majlis Syuyukh Al Arqam Majlis Tertinggi Al-Arqam) Madinah Al Arqam Sayidina Abu Bakar As Sidiq,1994,"[""Malay""]",placeholder,"covers/1994_Isu_Ak_Arqam_Siri_6,_7,_8,_9,_10,11,_13,_14,_15,_19,_20,_23,_30,_32,_33,_34,_35_Dan_Siri_36_PLACEHOLDER.jpg"
1071,Pendidikan Rasulullah,Ustaz Haji Ashaari Muhammad,Jabatan Syeikhul Arqam,1994,"[""Malay""]",placeholder,covers/1994_Pendidikan_Rasulullah_PLACEHOLDER.jpg
1072,Pembangun Jiwa Dan Fikiran Ummah,Ustaz Ashaari Muhammad,Jabatan Syeikhul Arqam,1994,"[""Malay""]",placeholder,covers/1994_Pembangun_Jiwa_Dan_Fikiran_Ummah_PLACEHOLDER.jpg
1073,Khutbah Aidilfitri 1413 Hijrah,Sheikh Imam Ashaari Muhammad At-Tamimi,Bahagian Pengeluaran Minda Syeikhul Arqam,1994,"[""Malay""]",placeholder,covers/1994_Khutbah_Aidilfitri_1413_Hijrah_PLACEHOLDER.jpg
1074,Bersatu Menurut Islam,Ustaz Hj. Ashaari Muhammad,Bahagian Penerangan Yayasan Al Arqam,1994,"[""Malay""]",placeholder,covers/1994_Bersatu_Menurut_Islam_PLACEHOLDER.jpg
1075,Huraian-Apa Itu Masyarakat Islam,Ustaz Ashaari Muhammad,Bahagian Penerangan Darul Arqam,1994,"[""Malay""]",placeholder,covers/1994_Huraian-Apa_Itu_Masyarakat_Islam_PLACEHOLDER.jpg
1076,Huraian Ke Arah Membangun Negara Dan Masyarakat Islam,Ustaz Ashaari Muhammad,Bahagian Penerangan Darul Arqam,1994,"[""Malay""]",placeholder,covers/1994_Huraian_Ke_Arah_Membangun_Negara_Dan_Masyarakat_Islam_PLACEHOLDER.jpg
1077,25 Years Of Darul Arqam The Struggle Of Abuya Sheikh Imam Ashaari Muhammad At-Tamimi (Pamplet),,Al-Arqam Information Department October 1993,1994,"[""Malay""]",placeholder,covers/1994_25_Years_Of_Darul_Arqam_The_Struggle_Of_Abuya_Sheikh_Imam_Ashaari_Muhammad_At-Tamimi_(Pamplet)_PLACEHOLDER.jpg
1078,Perutusan Dari Timur,,Al Arqam Production Singapura,1994,"[""Malay""]",placeholder,covers/1994_Perutusan_Dari_Timur_PLACEHOLDER.jpg
1079,Bila Tabir Buluh Terbuka,Ustaz Sheikh Abdul Rahim Sheikh Ahmad,Al Arqam Production Singapura,1994,"[""Malay""]",placeholder,covers/1994_Bila_Tabir_Buluh_Terbuka_PLACEHOLDER.jpg
1080,Manaqib Kiyai Agung As Sheikh Assayyid Muhammad Bin Abdullah As Suhaimi,Kiyai Muhammad Fadhullah Suhaimi Dalam Bahasa Jawa. Diterjemahkan Ke Dalam Bahasa Melayu Oleh Ramli Bin Alias. Diperbaiki Dan Ditambah Beberapa Hal Oleh Al-Ustaz Muhammad Thaha Suhaimi. Ditulis Oleh,,1994,,placeholder,covers/1994_Manaqib_Kiyai_Agung_As_Sheikh_Assayyid_Muhammad_Bin_Abdullah_As_Suhaimi_PLACEHOLDER.jpg
1081,Berdakwah Di Istana Bersalib,Amiyati,,1994,"[""Malay""]",placeholder,covers/1994_Berdakwah_Di_Istana_Bersalib_PLACEHOLDER.jpg
1082,Siri 5 Tamrin Ghafar Mp Kenyataan Akhbar,,,1994,"[""Malay""]",placeholder,covers/1994_Siri_5_Tamrin_Ghafar_Mp_Kenyataan_Akhbar_PLACEHOLDER.jpg
1083,Panduan & Kebesaran Selawat Berserta 200 Sifat Rasulullah Sifat Tubuh Badannya Himpunan Salawat,Ustaz Hanafi Bin A. Rashid,Syeikh Publisher,1994,"[""Malay""]",placeholder,covers/1994_Panduan_&_Kebesaran_Selawat_Berserta_200_Sifat_Rasulullah_Sifat_Tubuh_Badannya_Himpunan_Salawat_PLACEHOLDER.jpg
1084,Bertaubatlah Sebelum Terlambat,Mohd. Solehan Sharif,Syeikh Publisher,1994,"[""Malay""]",placeholder,covers/1994_Bertaubatlah_Sebelum_Terlambat_PLACEHOLDER.jpg
1085,Pembentukan Peribadi Mukmin,Abdullah Nasih Ulwan,Syeikh Publisher,1994,"[""Malay""]",placeholder,covers/1994_Pembentukan_Peribadi_Mukmin_PLACEHOLDER.jpg
1086,Fardhu Ain,,Penerbitan Ehya`,1994,"[""Malay""]",placeholder,covers/1994_Fardhu_Ain_PLACEHOLDER.jpg
1087,Al Qiadah,Wan Mohd Azmin Wan Dolah,Penerbitan Al-Munir,1994,"[""Malay""]",placeholder,covers/1994_Al_Qiadah_PLACEHOLDER.jpg
1088,Amal,Pahrol Muhamad Juoi,Penerbitan Al-Munir,1994,"[""Malay""]",placeholder,covers/1994_Amal_PLACEHOLDER.jpg
1089,Anak Soleh,Mohd Nor Rfuzi Razali,Penerbitan Al-Munir,1994,"[""Malay""]",placeholder,covers/1994_Anak_Soleh_PLACEHOLDER.jpg
1090,An Nasihah,Laila Ahmad,Penerbitan Al-Munir,1994,"[""Malay""]",placeholder,covers/1994_An_Nasihah_PLACEHOLDER.jpg
1091,Pendidikan: Penyelesaian Mengikut Jalan Allah,Tamrin Bin Abdul Ghafar,,1994,"[""Malay""]",placeholder,covers/1994_Pendidikan_Penyelesaian_Mengikut_Jalan_Allah_PLACEHOLDER.jpg
1092,Marxisya Naathigam (Marxist Athesism),M.V. Sundram,"New Century Book House Ptd. Ltd.,",1994,"[""Tamil""]",placeholder,covers/1994_Marxisya_Naathigam_(Marxist_Athesism)_PLACEHOLDER.jpg
1093,Tangkap Basah (Dakapan Dosa),Jufrei Jantan,Toko Buku Farook Jabbar,1994,"[""Malay""]",placeholder,covers/1994_Tangkap_Basah_(Dakapan_Dosa)_PLACEHOLDER.jpg
1094,Gelora Hidup,,Penerbitan Keramat Sdn. Bhd.,1994,"[""Malay""]",placeholder,covers/1994_Gelora_Hidup_PLACEHOLDER.jpg
1095,Nikmat Hidup Kota Raya,Zek Azzan,Penerbit Samudra,1994,"[""Malay""]",placeholder,covers/1994_Nikmat_Hidup_Kota_Raya_PLACEHOLDER.jpg
1096,W.A.S.P. First Blood Last Cuts,W.A.S.P,"Santuary Productions Inc., Under Exclusive Licence To Capitol Records Ins.",1994,"[""English""]",placeholder,covers/1994_W.A.S.P._First_Blood_Last_Cuts_PLACEHOLDER.jpg
1097,Babes In Toyland/Fontanelle,Babes In Toyland,Reprise Records,1994,"[""English""]",placeholder,covers/1994_Babes_In_Toyland_Fontanelle_PLACEHOLDER.jpg
1098,Heavy Bones,Heavy Bones,Reprise Records,1994,"[""English""]",placeholder,covers/1994_Heavy_Bones_PLACEHOLDER.jpg
1099,Motley Crue,,"Elektra Entertainment A Division Of Warner Communications Inc., A Time Warner Company",1994,"[""English""]",placeholder,covers/1994_Motley_Crue_PLACEHOLDER.jpg
1100,Savatage/Edge Of Thorns,Savatage,Atlantic Recording Corporation,1994,"[""English""]",placeholder,covers/1994_Savatage_Edge_Of_Thorns_PLACEHOLDER.jpg
1101,Testament/Return To The Apocalyptic City,Testament,Atlantic Recording Corporation,1994,"[""English""]",placeholder,covers/1994_Testament_Return_To_The_Apocalyptic_City_PLACEHOLDER.jpg
1102,Madonna Erotica,Madonna,Maverick Recording Company,1993,"[""English""]",placeholder,covers/1993_Madonna_Erotica_PLACEHOLDER.jpg
1103,Kehidupan Dalam Kurungan,"Li Yi Wen, He Ku Han, Xin",Borneo Printing Co. Sdn. Bhd.,1993,"[""Chinese""]",placeholder,covers/1993_Kehidupan_Dalam_Kurungan_PLACEHOLDER.jpg
1104,Kajian Dasar Negara Kita Terhadap Urusan Orang Cina Seberang Laut-Analisis Perkembangannya Selepas 1971),Yan Kuo Yu,"Loong Wen Publishing Co. Ltd.,",1993,"[""Chinese""]",placeholder,covers/1993_Kajian_Dasar_Negara_Kita_Terhadap_Urusan_Orang_Cina_Seberang_Laut-Analisis_Perkembangannya_Selepas_1_PLACEHOLDER.jpg
1105,Crying Freeman (Part Four),Kazuo Koike,Viz Comics,1993,"[""English""]",placeholder,covers/1993_Crying_Freeman_(Part_Four)_PLACEHOLDER.jpg
1106,Truly Tasteless Jokes Vii,Blanche Knott,St. Martin's Press,1993,"[""English""]",placeholder,covers/1993_Truly_Tasteless_Jokes_Vii_PLACEHOLDER.jpg
1107,Truly Tasteless Jokes Iv,Blanche Knott,St. Martin's Press,1993,"[""English""]",placeholder,covers/1993_Truly_Tasteless_Jokes_Iv_PLACEHOLDER.jpg
1108,Shades Of Death,Kazuo Koike,"Shogakukun, Inc., Japanviz Communications, Inc.,",1993,"[""English""]",open_library,covers/1993_Shades_Of_Death.jpg
1109,The Pirelli Calendar Album,,"Pavilion Books Limited,",1993,"[""English""]",open_library,covers/1993_The_Pirelli_Calendar_Album.jpg
1110,Epic Illustrated,Stan Lee,Marvel Comics Group Office Of Publication,1993,"[""English""]",placeholder,covers/1993_Epic_Illustrated_PLACEHOLDER.jpg
1111,Rude Health,David Thorpe,"Macmillan London Limited, London And Basingstoke",1993,"[""English""]",placeholder,covers/1993_Rude_Health_PLACEHOLDER.jpg
1112,Black Kiss,Howard Chaykin,"Vortex Comics, Incorporated",1993,"[""English""]",placeholder,covers/1993_Black_Kiss_PLACEHOLDER.jpg
1113,The Sex Machine,Troy Conway,"Top Sellers Ltd.,",1993,"[""English""]",placeholder,covers/1993_The_Sex_Machine_PLACEHOLDER.jpg
1114,Glamour Photography,Peter Gowland,"Crown Publisher Inc.,",1993,"[""English""]",placeholder,covers/1993_Glamour_Photography_PLACEHOLDER.jpg
1115,Crepak & Steveson,Maurice Horn,Catalan Communications,1993,"[""English""]",placeholder,covers/1993_Crepak_&_Steveson_PLACEHOLDER.jpg
1116,Squeak The Mouse,Massimo Mattioli,Catalan Communications,1993,"[""English""]",open_library,covers/1993_Squeak_The_Mouse.jpg
1117,Necron,Magnus,Catalan Communications,1993,"[""English""]",placeholder,covers/1993_Necron_PLACEHOLDER.jpg
1118,Libertore (Video Clips),,Catalan Communications,1993,"[""English""]",placeholder,covers/1993_Libertore_(Video_Clips)_PLACEHOLDER.jpg
1119,Sifat Baik Yang Semulajadi,Dr Jin,Physician Wen,1993,"[""Chinese""]",placeholder,covers/1993_Sifat_Baik_Yang_Semulajadi_PLACEHOLDER.jpg
1120,Perhubungan Sulit,Zhang Ah Man,"Xin Xin Cultural Enterprise Co. Ltd.,",1993,"[""Chinese""]",placeholder,covers/1993_Perhubungan_Sulit_PLACEHOLDER.jpg
1121,Cerita Pop Pop,Xua Yin Xiong,Xin Qi Ren Publishing House,1993,"[""Chinese""]",placeholder,covers/1993_Cerita_Pop_Pop_PLACEHOLDER.jpg
1122,Buku Panduan Seks Dan Kesihatan,Zhong He,New Era Publishing House,1993,"[""Chinese""]",placeholder,covers/1993_Buku_Panduan_Seks_Dan_Kesihatan_PLACEHOLDER.jpg
1123,Seksologi,,,1993,"[""Chinese""]",placeholder,covers/1993_Seksologi_PLACEHOLDER.jpg
1124,Perempuan Simpanan,Wei Wei,Mini Publishing House,1993,"[""Chinese""]",placeholder,covers/1993_Perempuan_Simpanan_PLACEHOLDER.jpg
1125,Huraian Baru Buku Seni Erotik Su Nu,Wu Ming Xiu,Le Huo Publishing House,1993,"[""Chinese""]",placeholder,covers/1993_Huraian_Baru_Buku_Seni_Erotik_Su_Nu_PLACEHOLDER.jpg
1126,Kisah Anjing Betina Membalas Budi,Xu Ling,"Kuai Ze Book Co.,",1993,"[""Chinese""]",placeholder,covers/1993_Kisah_Anjing_Betina_Membalas_Budi_PLACEHOLDER.jpg
1127,Rangkaian Kerinduan,Li Hao,"Chang Qiong Publishing House, Taiwan",1993,"[""Chinese""]",placeholder,covers/1993_Rangkaian_Kerinduan_PLACEHOLDER.jpg
1128,Pertemuan Romantik,Li Hao,"Chang Qiong Publishing House, Taiwan",1993,"[""Chinese""]",placeholder,covers/1993_Pertemuan_Romantik_PLACEHOLDER.jpg
1129,Nafsu Seks Yang Tidak Puas-Puas,Wei Wei,New Tide Publishing House,1993,"[""Chinese""]",placeholder,covers/1993_Nafsu_Seks_Yang_Tidak_Puas-Puas_PLACEHOLDER.jpg
1130,Gadis Intim,Wei Wei,New Tide Publishing House,1993,"[""Chinese""]",placeholder,covers/1993_Gadis_Intim_PLACEHOLDER.jpg
1131,Perkahwinan Percubaan,Wei Wei,New Tide Publishing House,1993,"[""Chinese""]",placeholder,covers/1993_Perkahwinan_Percubaan_PLACEHOLDER.jpg
1132,Muslihat Jejaka Tampan,Wei Wei,New Tide Publishing House,1993,"[""Chinese""]",placeholder,covers/1993_Muslihat_Jejaka_Tampan_PLACEHOLDER.jpg
1133,Rasa Malu,Wei Wei,New Tide Publishing House,1993,"[""Chinese""]",placeholder,covers/1993_Rasa_Malu_PLACEHOLDER.jpg
1134,Sumber Percintaan,Wei Wei,New Tide Publishing House,1993,"[""Chinese""]",placeholder,covers/1993_Sumber_Percintaan_PLACEHOLDER.jpg
1135,Gigolo,Wei Wei,New Tide Publishing House,1993,"[""Chinese""]",placeholder,covers/1993_Gigolo_PLACEHOLDER.jpg
1136,Percintaan Antara Guru Dengan Pelajar,Wei Wei,New Tide Publishing House,1993,"[""Chinese""]",placeholder,covers/1993_Percintaan_Antara_Guru_Dengan_Pelajar_PLACEHOLDER.jpg
1137,Godaan,Wei Wei,New Tide Publishing House,1993,"[""Chinese""]",placeholder,covers/1993_Godaan_PLACEHOLDER.jpg
1138,Mulut Manis,Wei Wei,New Tide Publishing House,1993,"[""Chinese""]",placeholder,covers/1993_Mulut_Manis_PLACEHOLDER.jpg
1139,Raja Seks,Wei Wei,"New Life Publishing House,",1993,"[""Chinese""]",placeholder,covers/1993_Raja_Seks_PLACEHOLDER.jpg
1140,Lelaki Miang,Wei Wei,New Life Publishing House,1993,"[""Chinese""]",placeholder,covers/1993_Lelaki_Miang_PLACEHOLDER.jpg
1141,Perempuan Gatal,Wei Wei,New Life Publishing House,1993,"[""Chinese""]",placeholder,covers/1993_Perempuan_Gatal_PLACEHOLDER.jpg
1142,Gadis Yang Meragut Nyawa,Wei Wei,New Life Publishing House,1993,"[""Chinese""]",placeholder,covers/1993_Gadis_Yang_Meragut_Nyawa_PLACEHOLDER.jpg
1143,Permaisuri,Wei Wei,"King Kong Publishing House,",1993,"[""Chinese""]",placeholder,covers/1993_Permaisuri_PLACEHOLDER.jpg
1144,Gasang,Wei Wei,"King Kong Publishing House,",1993,"[""Chinese""]",placeholder,covers/1993_Gasang_PLACEHOLDER.jpg
1145,Gadis Yang Bertenaga,Shi Gang,"King Kong Publishing House,",1993,"[""Chinese""]",placeholder,covers/1993_Gadis_Yang_Bertenaga_PLACEHOLDER.jpg
1146,Penawar Racun Fitnah Terhadap Ahmadiah. Tanggapan Dan Penyelarasan Atas Buku Mengapa Saya Keluar Dari Ahmadiyah Qadiani,Pengurus Besar Jema`At Ahmadiah,Jema`At Ahmadiah Indonesia,1993,"[""Malay""]",placeholder,covers/1993_Penawar_Racun_Fitnah_Terhadap_Ahmadiah._Tanggapan_Dan_Penyelarasan_Atas_Buku_Mengapa_Saya_Keluar_Dar_PLACEHOLDER.jpg
1147,Dr Mahathir Atau Ustaz Ashaari Siapa Lebih Tokoh?,Nik Mahadi Nik Hassan,Penerbitan Al Munir,1993,"[""Malay""]",placeholder,covers/1993_Dr_Mahathir_Atau_Ustaz_Ashaari_Siapa_Lebih_Tokoh_PLACEHOLDER.jpg
1148,Alam Sebagai Saksi,Mohamad Zain Bin Hassan,Pustaka Ansharullah,1993,"[""Malay""]",placeholder,covers/1993_Alam_Sebagai_Saksi_PLACEHOLDER.jpg
1149,Isa Al-Masih Masih Hidup Ataukah Sudah Mati,Joesoef Sou`Yb,Pustaka Alhusna,1993,"[""Malay""]",placeholder,covers/1993_Isa_Al-Masih_Masih_Hidup_Ataukah_Sudah_Mati_PLACEHOLDER.jpg
1150,Penemuan Ilmiah Tentang Kandungan Al-Quran,Dr Rashad Khalifa,Pt Bina Ilmu,1993,"[""Malay""]",placeholder,covers/1993_Penemuan_Ilmiah_Tentang_Kandungan_Al-Quran_PLACEHOLDER.jpg
1151,Apakah Judi Itu,Prof. K.H. Ibrahim Hosen. Lml.,"Lembaga Kajian Ilmiah Institut Ilmu Al-Quran (11Q), Jakarta",1993,"[""Malay""]",placeholder,covers/1993_Apakah_Judi_Itu_PLACEHOLDER.jpg
1152,Jimak (Hubungan Kelamin Cara Islam),A. Hamid Othman,Karya Abazie,1993,"[""Malay""]",placeholder,covers/1993_Jimak_(Hubungan_Kelamin_Cara_Islam)_PLACEHOLDER.jpg
1153,Pendekatan Dunia Islam Dan Kristien,Prof. Drs K.H. Hasbullah Bakry Sh.,"Grafindo Utama, Jakarta Indonesia",1993,"[""Malay""]",placeholder,covers/1993_Pendekatan_Dunia_Islam_Dan_Kristien_PLACEHOLDER.jpg
1154,Permata Yang Indah (Ad-Durrun Nafis),Syekh M.Nafis Bin Idris Al Banjarie,Cv. Amin Surabaya,1993,"[""Malay""]",placeholder,covers/1993_Permata_Yang_Indah_(Ad-Durrun_Nafis)_PLACEHOLDER.jpg
1155,Permata Yang Hilang (Seni Nafkah Batin),Ibnu Yusuf,Add Sell,1993,"[""Malay""]",placeholder,covers/1993_Permata_Yang_Hilang_(Seni_Nafkah_Batin)_PLACEHOLDER.jpg
1156,"Asia`S New Little Dragons:Dynamic Emergence Of Indonesia, Thailand And Malaysia",Steven Schlossstein,"Contemporary Books, Inc",1992,"[""English""]",placeholder,"covers/1992_Asia`S_New_Little_Dragons_Dynamic_Emergence_Of_Indonesia,_Thailand_And_Malaysia_PLACEHOLDER.jpg"
1157,Apa Yang Menarik,,Transtar Publications,1992,"[""Chinese""]",placeholder,covers/1992_Apa_Yang_Menarik_PLACEHOLDER.jpg
1158,Rekod Cerita Ganjil (Records Of Fabulous Stories),,Superior Culture Publishing (M) Sdn. Bhd.,1992,"[""Chinese""]",placeholder,covers/1992_Rekod_Cerita_Ganjil_(Records_Of_Fabulous_Stories)_PLACEHOLDER.jpg
1159,Masyarakat Majmuk,,Perniagaan Samas,1992,"[""Chinese""]",placeholder,covers/1992_Masyarakat_Majmuk_PLACEHOLDER.jpg
1160,Catatan Peristiwa Ganjil,,New Poway Investment Limited,1992,"[""Chinese""]",placeholder,covers/1992_Catatan_Peristiwa_Ganjil_PLACEHOLDER.jpg
1161,Dunia Kaleidoskop,,,1992,"[""Chinese""]",placeholder,covers/1992_Dunia_Kaleidoskop_PLACEHOLDER.jpg
1162,No. 28 (Sesuatu Yang Ganjil) No.28,,,1992,"[""Chinese""]",placeholder,covers/1992_No._28_(Sesuatu_Yang_Ganjil)_No.28_PLACEHOLDER.jpg
1163,Rekod Cerita Ganjil (Fabulous Records),,,1992,"[""Chinese""]",placeholder,covers/1992_Rekod_Cerita_Ganjil_(Fabulous_Records)_PLACEHOLDER.jpg
1164,Majalah Cerita Ganjil,,,1992,"[""Chinese""]",placeholder,covers/1992_Majalah_Cerita_Ganjil_PLACEHOLDER.jpg
1165,No. 29 (Ganjil) No. 29,,,1992,"[""Chinese""]",placeholder,covers/1992_No._29_(Ganjil)_No._29_PLACEHOLDER.jpg
1166,Baru Dan Ganjil,,King's Publishing House,1992,"[""Chinese""]",placeholder,covers/1992_Baru_Dan_Ganjil_PLACEHOLDER.jpg
1167,Legenda Ganjil,,Hong Ting Publishing House,1992,"[""Chinese""]",placeholder,covers/1992_Legenda_Ganjil_PLACEHOLDER.jpg
1168,No. 201 (Dunia Yang Ganjil) No 201,,"Fabulous World Co. Ltd.,",1992,"[""Chinese""]",placeholder,covers/1992_No._201_(Dunia_Yang_Ganjil)_No_201_PLACEHOLDER.jpg
1169,Koleksi Cerita Ganjil,,Fabulous Publishing House,1992,"[""Chinese""]",placeholder,covers/1992_Koleksi_Cerita_Ganjil_PLACEHOLDER.jpg
1170,Lagenda Dunia,,"Dei Ha Yan Publishing Group Co. Ltd.,",1992,"[""Chinese""]",placeholder,covers/1992_Lagenda_Dunia_PLACEHOLDER.jpg
1171,Manusia Yang Ganjil,,Da Tong Publishing Organisation Sdn. Bhd.,1992,"[""Chinese""]",placeholder,covers/1992_Manusia_Yang_Ganjil_PLACEHOLDER.jpg
1172,Yang Ganjil Sekali Dalam Siri Majalah Manusia Ganjil,,Da Tong Publishing Organisation Sdn. Bhd.,1992,"[""Chinese""]",placeholder,covers/1992_Yang_Ganjil_Sekali_Dalam_Siri_Majalah_Manusia_Ganjil_PLACEHOLDER.jpg
1173,Cerita Ganjil Yang Menarik Dalam Siri Majalah Manusia Ganjil,,Da Tong Publishing Organisation Sdn. Bhd.,1992,"[""Chinese""]",placeholder,covers/1992_Cerita_Ganjil_Yang_Menarik_Dalam_Siri_Majalah_Manusia_Ganjil_PLACEHOLDER.jpg
1174,Koleksi Cerita Berahi,,Da Tong Publishing Organisation Sdn. Bhd.,1992,"[""Chinese""]",placeholder,covers/1992_Koleksi_Cerita_Berahi_PLACEHOLDER.jpg
1175,Dunia Menarik,,Da Tong Publishing Organisation Sdn. Bhd.,1992,"[""Chinese""]",placeholder,covers/1992_Dunia_Menarik_PLACEHOLDER.jpg
1176,No. 201 (Laporan Khas) No. 201,,"Chao Ren Investment Co. Ltd.,",1992,"[""Chinese""]",placeholder,covers/1992_No._201_(Laporan_Khas)_No._201_PLACEHOLDER.jpg
1177,Cerita Berahi,,World Publishing House,1992,"[""Chinese""]",placeholder,covers/1992_Cerita_Berahi_PLACEHOLDER.jpg
1178,Laporan Ganjil Mengenai Cerita Berahi,,"Ling Lang Group Co. Ltd.,",1992,"[""Chinese""]",placeholder,covers/1992_Laporan_Ganjil_Mengenai_Cerita_Berahi_PLACEHOLDER.jpg
1179,Koleksi Cerita Seks,,Hong Kong Fu Kheong Publishing House,1992,"[""Chinese""]",placeholder,covers/1992_Koleksi_Cerita_Seks_PLACEHOLDER.jpg
1180,Koleksi Cerita Erotika,,Hong Kong Fu Kheong Publishing House,1992,"[""Chinese""]",placeholder,covers/1992_Koleksi_Cerita_Erotika_PLACEHOLDER.jpg
1181,Hangat Membara,Bin Han,Bin Han Sdn. Bhd,1992,"[""Chinese""]",placeholder,covers/1992_Hangat_Membara_PLACEHOLDER.jpg
1182,Mencari Rahsia,,Agroworld Enterprise Room,1992,"[""Chinese""]",placeholder,covers/1992_Mencari_Rahsia_PLACEHOLDER.jpg
1183,Koleksi Gambar-Gambar Amy Yip,,Yong Xing Publishing Co.,1992,"[""Chinese""]",placeholder,covers/1992_Koleksi_Gambar-Gambar_Amy_Yip_PLACEHOLDER.jpg
1184,Joan Chan Dalam Majalah Penthouse,,Xin Sheng Publishing House,1992,"[""Chinese""]",placeholder,covers/1992_Joan_Chan_Dalam_Majalah_Penthouse_PLACEHOLDER.jpg
1185,Lelaki Gagah,,Progress Publishing House,1992,"[""Chinese""]",placeholder,covers/1992_Lelaki_Gagah_PLACEHOLDER.jpg
1186,Wanita-Wanita Yang Cantik,,Progress Publishing House,1992,"[""Chinese""]",placeholder,covers/1992_Wanita-Wanita_Yang_Cantik_PLACEHOLDER.jpg
1187,Gadis Hebat,,Prince Publishing House,1992,"[""Chinese""]",placeholder,covers/1992_Gadis_Hebat_PLACEHOLDER.jpg
1188,Koleksi Gambar-Gambar Bogel,,Prince Publishing House,1992,"[""Chinese""]",placeholder,covers/1992_Koleksi_Gambar-Gambar_Bogel_PLACEHOLDER.jpg
1189,Koleksi Gambar-Gambar Gadis Comel,,"Penguin Publishing House,",1992,"[""Chinese""]",placeholder,covers/1992_Koleksi_Gambar-Gambar_Gadis_Comel_PLACEHOLDER.jpg
1190,Gambar-Gambar Lucah Amy Yip/,,,1992,"[""Chinese""]",placeholder,covers/1992_Gambar-Gambar_Lucah_Amy_Yip_PLACEHOLDER.jpg
1191,Wanita Yang Cantik,,,1992,"[""Chinese""]",placeholder,covers/1992_Wanita_Yang_Cantik_PLACEHOLDER.jpg
1192,Koleksi Gambar-Gambar Bogel Bintang Filem,,,1992,"[""Chinese""]",placeholder,covers/1992_Koleksi_Gambar-Gambar_Bogel_Bintang_Filem_PLACEHOLDER.jpg
1193,No. 18 (Mini) No. 18,,Kwok Ngai Publishing House,1992,"[""Chinese""]",placeholder,covers/1992_No._18_(Mini)_No._18_PLACEHOLDER.jpg
1194,No. 11 (Sahabat) No.11,,Jin Gan Investment Co. Ltd.,1992,"[""Chinese""]",placeholder,covers/1992_No._11_(Sahabat)_No.11_PLACEHOLDER.jpg
1195,Wanita-Wanita Yang Cantik Sekali,,Hong Kong Super Publishing House,1992,"[""Chinese""]",placeholder,covers/1992_Wanita-Wanita_Yang_Cantik_Sekali_PLACEHOLDER.jpg
1196,Make Better Love,Enid Broderick,"The Hamlyn Publishing Group Limited,",1992,"[""English""]",placeholder,covers/1992_Make_Better_Love_PLACEHOLDER.jpg
1197,More Rugby Jokes,,Sphere Books Limited,1992,"[""English""]",placeholder,covers/1992_More_Rugby_Jokes_PLACEHOLDER.jpg
1198,Dreams Die First,Harold Robbins,"Simon And Schuster Inc., 1977",1992,"[""English""]",open_library,covers/1992_Dreams_Die_First.jpg
1199,More Ways To Drive Your Man Wild In Bed,Graham Masterton,"Nal Penguin Inc.,",1992,"[""English""]",open_library,covers/1992_More_Ways_To_Drive_Your_Man_Wild_In_Bed.jpg
1200,Sex In History,Reay Tannahil,"Macdonald & Co. (Publisher) Ltd.,",1992,"[""English""]",placeholder,covers/1992_Sex_In_History_PLACEHOLDER.jpg
1201,Naked As The Day,Phil Vallack,Free-Sun Publications,1992,"[""English""]",placeholder,covers/1992_Naked_As_The_Day_PLACEHOLDER.jpg
1202,Confessions Of An English Maid,Anonymous,"Carroll & Graf Publishers, Inc",1992,"[""English""]",open_library,covers/1992_Confessions_Of_An_English_Maid.jpg
1203,The Wantons,Anonymous,"Carroll & Graf Publishers, Inc",1992,"[""English""]",placeholder,covers/1992_The_Wantons_PLACEHOLDER.jpg
1204,On Sex And Human Loving,1. William H.Masters 2.Virginia E. 3.Robert C.Kolodny,Ashwin J.Shah Jaico & Publishing House,1992,"[""English""]",placeholder,covers/1992_On_Sex_And_Human_Loving_PLACEHOLDER.jpg
1205,Dingin,Ermas,"Warta Grafik Sdn. Bhd.,",1992,"[""Malay""]",placeholder,covers/1992_Dingin_PLACEHOLDER.jpg
1206,Mencari Kepuasan,Farah Effendy,Mutiara Enterprise,1992,"[""Malay""]",placeholder,covers/1992_Mencari_Kepuasan_PLACEHOLDER.jpg
1207,Nafsu Syaitan,S.Fatimah,Mutiara Enterprise,1992,"[""Malay""]",placeholder,covers/1992_Nafsu_Syaitan_PLACEHOLDER.jpg
1208,Siri Novlet Remaja-Ranjang Nafsu Berahi,Lina Azia,Meranti Enterprise,1992,"[""Malay""]",placeholder,covers/1992_Siri_Novlet_Remaja-Ranjang_Nafsu_Berahi_PLACEHOLDER.jpg
1209,Siri Novlet Remaja-Bercanda Di Lembah Pelacur,Lina Azia,Meranti Enterprise,1992,"[""Malay""]",placeholder,covers/1992_Siri_Novlet_Remaja-Bercanda_Di_Lembah_Pelacur_PLACEHOLDER.jpg
1210,Kisah Rumahtangga Rapuh,Raden Amir,Merak Kayangan,1992,"[""Malay""]",placeholder,covers/1992_Kisah_Rumahtangga_Rapuh_PLACEHOLDER.jpg
1211,Siri Pengakuan Mangsa,Azim Chan,Jas Enterprise,1992,"[""Malay""]",placeholder,covers/1992_Siri_Pengakuan_Mangsa_PLACEHOLDER.jpg
1212,Siri Mangsa Korban Lelaki,Azim Chan,Jas Enterprise,1992,"[""Malay""]",placeholder,covers/1992_Siri_Mangsa_Korban_Lelaki_PLACEHOLDER.jpg
1213,Siri Pengakuan-Kembara Seorang Lelaki,Black Maria,Intercity Enterprise,1992,"[""Malay""]",placeholder,covers/1992_Siri_Pengakuan-Kembara_Seorang_Lelaki_PLACEHOLDER.jpg
1214,Antologi Siri Jenayah-Celaka Di Sarang Pelacur,Black Maria,Intercity Enterprise,1992,"[""Malay""]",placeholder,covers/1992_Antologi_Siri_Jenayah-Celaka_Di_Sarang_Pelacur_PLACEHOLDER.jpg
1215,The Power Of Myth,Joseph Campbell With Bill Moyers,"Doubleday, A Division Of Bantam Doubleday Dell Publishing Group, Inc.,",1992,"[""English""]",placeholder,covers/1992_The_Power_Of_Myth_PLACEHOLDER.jpg
1216,Tarikhuna (Our History) No. 1,Irfan Hammour,"Dar Ar-Choura Tajer Bldg, Clemenceau St.",1992,"[""English""]",placeholder,covers/1992_Tarikhuna_(Our_History)_No._1_PLACEHOLDER.jpg
1217,Invitation To Ahmadiyyat,Hazrat Haji Mirza Bashir-Ud-Din Mahmud Ahmad Khalifatul-Masih Ii,Routledge & Kegan Paul Ltd.,1992,"[""English""]",placeholder,covers/1992_Invitation_To_Ahmadiyyat_PLACEHOLDER.jpg
1218,The Holy Quran With English Translation And Commentary Volume Ii (Part 1),,M. Mas'ud Ahmad For The Sadr Anjuman Ahmadiyya,1992,"[""English""]",placeholder,covers/1992_The_Holy_Quran_With_English_Translation_And_Commentary_Volume_Ii_(Part_1)_PLACEHOLDER.jpg
1219,Karl Mark-A Christian Assessment Of His Life & Thought,David Lyon,"Lion Publishing Berkhamsted, Herts, England",1992,"[""English""]",placeholder,covers/1992_Karl_Mark-A_Christian_Assessment_Of_His_Life_&_Thought_PLACEHOLDER.jpg
1220,The Prophet,Kahlil Gibran,William Heinemann Ltd.,1992,"[""English""]",placeholder,covers/1992_The_Prophet_PLACEHOLDER.jpg
1221,Perspectives On The World Christian Movement,Ralph D. Winter And Steven C. Hawthorne,William Carey Library,1992,"[""English""]",placeholder,covers/1992_Perspectives_On_The_World_Christian_Movement_PLACEHOLDER.jpg
1222,Ten Muslims Meet Christ,William Mcelwee Miller,"William B.Eerdmans Publishing Company,",1992,"[""English""]",open_library,covers/1992_Ten_Muslims_Meet_Christ.jpg
1223,Gospel And Islam,Don M. Mccurry,"The Samuel Zwemer Institute,",1992,"[""English""]",placeholder,covers/1992_Gospel_And_Islam_PLACEHOLDER.jpg
1224,Christian Reply To Muslim Objections,W. St. Clair Tisdall,Society For Promoting Kristian Knowledge,1992,"[""English""]",placeholder,covers/1992_Christian_Reply_To_Muslim_Objections_PLACEHOLDER.jpg
1225,Sexuality In Islam,Abdelwahab Bouhdiba,Routledge & Kegan Paul,1992,"[""English""]",placeholder,covers/1992_Sexuality_In_Islam_PLACEHOLDER.jpg
1226,So What's The Difference?,Fritz Ridenour,"Regal Books A Division Of Gl Publications Ventura,",1992,"[""English""]",open_library,covers/1992_So_What's_The_Difference.jpg
1227,The Koran Interpreted,A Translation By Arthur J. Arberry,"Macmillan Publishing Co. Inc., Collier Macmillan Canada, Inc.",1992,"[""English""]",open_library,covers/1992_The_Koran_Interpreted.jpg
1228,A Cry From The Heart,William Sears,George Ronald,1992,"[""English""]",open_library,covers/1992_A_Cry_From_The_Heart.jpg
1229,Leadership For The 21St Century,Ron Boehme,"Frontline Communications,",1992,"[""English""]",placeholder,covers/1992_Leadership_For_The_21St_Century_PLACEHOLDER.jpg
1230,I Dared To Call Him Father,Bilquis Sheikh With Richard H. Schneider,"Chosen Books Publishing Co., Ltd",1992,"[""English""]",open_library,covers/1992_I_Dared_To_Call_Him_Father.jpg
1231,Among The Believers,V.S.Naipaul,"Alfred A. Knopf, Inc. New York",1992,"[""English""]",open_library,covers/1992_Among_The_Believers.jpg
1232,Women In Islam,Wiebke Walther,"Abner Schram Ltd., George Prior Associated Publishers Ltd.,",1992,"[""English""]",open_library,covers/1992_Women_In_Islam.jpg
1233,The Secret Diary Of Laura Palmer,Jennifer Lynch,"Penguin Book Ltd.,",1992,"[""English""]",open_library,covers/1992_The_Secret_Diary_Of_Laura_Palmer.jpg
1234,Tree Of Knowledge Part 7 (Weekly Encyclopedia),,"Marshall Cavendish Partworks Ltd.,",1992,"[""English""]",placeholder,covers/1992_Tree_Of_Knowledge_Part_7_(Weekly_Encyclopedia)_PLACEHOLDER.jpg
1235,People In History,Avril Price-Budgen,"Artists Division Of Mitchell Beazley International Ltd.,",1992,"[""English""]",placeholder,covers/1992_People_In_History_PLACEHOLDER.jpg
1236,Vox,Alan Lewis,"Ipc Magazines, Holborn Publishing Group",1992,"[""English""]",placeholder,covers/1992_Vox_PLACEHOLDER.jpg
1237,Elle,Maggie Alderson,"Hachette Magazine Ltd.,",1992,"[""English""]",placeholder,covers/1992_Elle_PLACEHOLDER.jpg
1238,Photo Answers,Steve Bavister,"Emap Apex Publications Ltd.,",1992,"[""English""]",placeholder,covers/1992_Photo_Answers_PLACEHOLDER.jpg
1239,Islam,Alfred Guillaume,Vicking Penguin,1992,"[""English""]",placeholder,covers/1992_Islam_PLACEHOLDER.jpg
1240,Unleashed Where No Life Dwells,,"Valentine Sound Productions Sdn. Bhd.,",1992,"[""English""]",placeholder,covers/1992_Unleashed_Where_No_Life_Dwells_PLACEHOLDER.jpg
1241,Sodom Mortal Way Of Live,,"Valentine Sound Productions Sdn. Bhd.,",1992,"[""English""]",placeholder,covers/1992_Sodom_Mortal_Way_Of_Live_PLACEHOLDER.jpg
1242,Massacre From Beyond,,"Valentine Sound Productions Sdn. Bhd.,",1992,"[""English""]",placeholder,covers/1992_Massacre_From_Beyond_PLACEHOLDER.jpg
1243,Risk The Reborn,,"Valentine Sound Productions Sdn. Bhd.,",1992,"[""English""]",placeholder,covers/1992_Risk_The_Reborn_PLACEHOLDER.jpg
1244,"The Mohammedan Controversy, Biographies Of Mohamed, Sprengeron Tradition, The Indina Liturgy And The Psalter",Sir William Muir,"Suresh Kumar For R.S. Publishing House,",1992,"[""English""]",placeholder,"covers/1992_The_Mohammedan_Controversy,_Biographies_Of_Mohamed,_Sprengeron_Tradition,_The_Indina_Liturgy_And_The_PLACEHOLDER.jpg"
1245,Dance '91 The Final Volume,,"Polygram Pte. Ltd., Singapore",1992,"[""English""]",placeholder,covers/1992_Dance_'91_The_Final_Volume_PLACEHOLDER.jpg
1246,Al Ghazali's Mishkat Al Anwar (The Nicher For Lights),W.H.T. Gairdener,Nusrat Ali Nasri For Kitab Bhavan,1992,"[""English""]",placeholder,covers/1992_Al_Ghazali's_Mishkat_Al_Anwar_(The_Nicher_For_Lights)_PLACEHOLDER.jpg
1247,Reaching Muslims Today,,North Africa Mission,1992,"[""English""]",placeholder,covers/1992_Reaching_Muslims_Today_PLACEHOLDER.jpg
1248,The Koran,J.M. Rodwell,J.M. Denf & Sons Ltd.,1992,"[""English""]",placeholder,covers/1992_The_Koran_PLACEHOLDER.jpg
1249,Mohammed The Man And His Faith,Tor Andrae,Harper Torch Books,1992,"[""English""]",placeholder,covers/1992_Mohammed_The_Man_And_His_Faith_PLACEHOLDER.jpg
1250,Ninety-Nine Names Of Allah,Shems Fridlanderwith Al-Hajj Shaikh Muzaffereddin,"Graham Brash Pte. Ltd.,",1992,"[""English""]",placeholder,covers/1992_Ninety-Nine_Names_Of_Allah_PLACEHOLDER.jpg
1251,Prophet Mohammad,,"Educational Publications Bureau Pte. Ltd.,",1992,"[""English""]",placeholder,covers/1992_Prophet_Mohammad_PLACEHOLDER.jpg
1252,The World's Living Religions,Robert E. Hume,Charles Scribner's Sons.,1992,"[""English""]",placeholder,covers/1992_The_World's_Living_Religions_PLACEHOLDER.jpg
1253,Amy Yip Yang Berbuah Dada Besar Dan Berotak,Tidak Diketahui,Fly Rainbow Musical Production,1992,"[""Chinese""]",placeholder,covers/1992_Amy_Yip_Yang_Berbuah_Dada_Besar_Dan_Berotak_PLACEHOLDER.jpg
1254,Arqam Militan,Abu Saifullah Ramadhan,"Tinta Merah, Kuala Lumpur",1992,"[""Malay""]",open_library,covers/1992_Arqam_Militan.jpg
1255,Langkah-Langkah Perjuangan,Ustaz Ashaari Muhammad,Shoutul Arqam,1992,"[""Malay""]",placeholder,covers/1992_Langkah-Langkah_Perjuangan_PLACEHOLDER.jpg
1256,Rahsia Ustaz Ashaari Terbongkar Di Luar Negara,Mohd. Sayuti Omar,"Prodescom Sdn. Bhd.,",1992,"[""Malay""]",placeholder,covers/1992_Rahsia_Ustaz_Ashaari_Terbongkar_Di_Luar_Negara_PLACEHOLDER.jpg
1257,Panduan Membina Empayar Islam Di Asia Tenggara,Ustaz Haji Abdul Halim Abbas,Penerbitan Hikmah,1992,"[""Malay""]",placeholder,covers/1992_Panduan_Membina_Empayar_Islam_Di_Asia_Tenggara_PLACEHOLDER.jpg
1258,Inilah Pandanganku,Ustaz Ashaari Muhammad,Penerangan Al-Arqam,1992,"[""Malay""]",placeholder,covers/1992_Inilah_Pandanganku_PLACEHOLDER.jpg
1259,Berhati-Hati Membuat Tuduhan,Ustaz Ashaari Muhammad,Penerangan Al-Arqam,1992,"[""Malay""]",placeholder,covers/1992_Berhati-Hati_Membuat_Tuduhan_PLACEHOLDER.jpg
1260,Yang Di-Rindu,Ustaz Ashaari Muhammad,Penerangan Al-Arqam,1992,"[""Malay""]",placeholder,covers/1992_Yang_Di-Rindu_PLACEHOLDER.jpg
1261,Kenapa Salahkan Musuh?,Ustaz Ashaari Muhammad,Penerangan Al-Arqam,1992,"[""Malay""]",placeholder,covers/1992_Kenapa_Salahkan_Musuh_PLACEHOLDER.jpg
1262,Perang Teluk Islam Akan Kembali Gemilang,Ustaz Ashaari Muhammad,Jabatan Syeikhul Arqam (Bahagian Buku),1992,"[""Malay""]",placeholder,covers/1992_Perang_Teluk_Islam_Akan_Kembali_Gemilang_PLACEHOLDER.jpg
1263,Doa-Doa Dari Prayers From Al-Quran,Idris Abdul Rahman,I.A.R. Enterprise,1992,"[""Malay"", ""English""]",placeholder,covers/1992_Doa-Doa_Dari_Prayers_From_Al-Quran_PLACEHOLDER.jpg
1264,Risdah Kamarul Huda,,,1992,"[""Malay"", ""JAWI""]",placeholder,covers/1992_Risdah_Kamarul_Huda_PLACEHOLDER.jpg
1265,Bintang Dua Belas,Abu Abdul Qadir,Haji Mohd. Ali Bin Haji Mohd. Dawa,1992,"[""Malay"", ""JAWI""]",placeholder,covers/1992_Bintang_Dua_Belas_PLACEHOLDER.jpg
1266,Kitab Abi Ma'syaril Falak Al-Kabir,Atar Rahman,"Al-Haraman,",1992,"[""Malay"", ""JAWI""]",placeholder,covers/1992_Kitab_Abi_Ma'syaril_Falak_Al-Kabir_PLACEHOLDER.jpg
1267,Manusia Dalam Dosa Atau Pahala,"Abdullah Sani, Sh","Thinker's Library Sdn. Bhd.,",1992,"[""Malay""]",placeholder,covers/1992_Manusia_Dalam_Dosa_Atau_Pahala_PLACEHOLDER.jpg
1268,Tauhid Dan Logika Al-Quran Tentang Manusia Dan Ekonomi,Nazwar Syamsu,"Thinker's Library Sdn. Bhd.,",1992,"[""Malay""]",placeholder,covers/1992_Tauhid_Dan_Logika_Al-Quran_Tentang_Manusia_Dan_Ekonomi_PLACEHOLDER.jpg
1269,"Tauhid Dan Logika Al-Quran Tentang Syalat, Puasa Dan Waktu",Nazwar Syamsu,"Thinker's Library Sdn. Bhd.,",1992,"[""Malay""]",placeholder,"covers/1992_Tauhid_Dan_Logika_Al-Quran_Tentang_Syalat,_Puasa_Dan_Waktu_PLACEHOLDER.jpg"
1270,Tauhid Dan Logika Al-Quran Dasar Tanya Jawab Ilmiah Serta Pelengkap,Nazwar Syamsu,"Thinker's Library Sdn. Bhd.,",1992,"[""Malay""]",placeholder,covers/1992_Tauhid_Dan_Logika_Al-Quran_Dasar_Tanya_Jawab_Ilmiah_Serta_Pelengkap_PLACEHOLDER.jpg
1271,Tauhid Dan Logika Al-Quran Tentang Manusia Dan Masyarakat,Nazwar Syamsu,"Thinker's Library Sdn. Bhd.,",1992,"[""Malay""]",placeholder,covers/1992_Tauhid_Dan_Logika_Al-Quran_Tentang_Manusia_Dan_Masyarakat_PLACEHOLDER.jpg
1272,Haji Qiran (Siri Buku As Sunnah),H. Hashim A. Ghani,Percetakan K.F.T,1992,"[""Malay""]",placeholder,covers/1992_Haji_Qiran_(Siri_Buku_As_Sunnah)_PLACEHOLDER.jpg
1273,Hakikat Insan,Haji Ahmad Laksamana Bin Omar,,1992,"[""Malay""]",placeholder,covers/1992_Hakikat_Insan_PLACEHOLDER.jpg
1274,Pendedahan Kebenaran Adalah Dari Tuhan Mu-Hadith Di-Dalan Al-Quran,Idris Abdul Rahman,I.A.R. Enterprise,1992,"[""Malay""]",placeholder,covers/1992_Pendedahan_Kebenaran_Adalah_Dari_Tuhan_Mu-Hadith_Di-Dalan_Al-Quran_PLACEHOLDER.jpg
1275,Memo Kepada Perdana Menteri,Syed Hussein Alatas,Al-Suhaimi,1992,"[""Malay""]",placeholder,covers/1992_Memo_Kepada_Perdana_Menteri_PLACEHOLDER.jpg
1276,The House Of Love,Karen Hunter,"Warner Paperback Library, 1967",1992,"[""English""]",placeholder,covers/1992_The_House_Of_Love_PLACEHOLDER.jpg
1277,Double Delight,Aston Cantwell,"Warner Books, Inc.,",1992,"[""English""]",open_library,covers/1992_Double_Delight.jpg
1278,Silk Stockings,R.S. Adams,"The Berkley Publishing Group,",1992,"[""English""]",placeholder,covers/1992_Silk_Stockings_PLACEHOLDER.jpg
1279,The Best Part Of A Man,Xaviera Hollander,Tandem Publishing Ltd,1992,"[""English""]",open_library,covers/1992_The_Best_Part_Of_A_Man.jpg
1280,The Lusting Three,Arthur Adlon,Softcover Library Ltd.,1992,"[""English""]",placeholder,covers/1992_The_Lusting_Three_PLACEHOLDER.jpg
1281,The Romance Lust,Anonymous,"Paperback Division Of W.H. Allen & Co. Ltd.,",1992,"[""English""]",open_library,covers/1992_The_Romance_Lust.jpg
1282,Secrets,Unity Hall,"Pan Books Ltd.,",1992,"[""English""]",placeholder,covers/1992_Secrets_PLACEHOLDER.jpg
1283,Caldo Largo,Earl Thompson,"Pan Books Ltd.,",1992,"[""English""]",open_library,covers/1992_Caldo_Largo.jpg
1284,Pencuri Dan Pelacur,,World Publishing House,1992,"[""Chinese""]",placeholder,covers/1992_Pencuri_Dan_Pelacur_PLACEHOLDER.jpg
1285,Gadis-Gadis Cantik,,World Publishing House,1992,"[""Chinese""]",placeholder,covers/1992_Gadis-Gadis_Cantik_PLACEHOLDER.jpg
1286,Jed,,Transtar Publications,1992,"[""Chinese""]",placeholder,covers/1992_Jed_PLACEHOLDER.jpg
1287,Topeng,,Transtar Publications,1992,"[""Chinese""]",placeholder,covers/1992_Topeng_PLACEHOLDER.jpg
1288,Dunia Baru,,Transtar Publications,1992,"[""Chinese""]",placeholder,covers/1992_Dunia_Baru_PLACEHOLDER.jpg
1289,Kes-Kes Luar Biasa,,Sunlight Books House (M) Sdn. Bhd.,1992,"[""Chinese""]",placeholder,covers/1992_Kes-Kes_Luar_Biasa_PLACEHOLDER.jpg
1290,Berita Rahsia,,Now Era Publishing House,1992,"[""Chinese""]",placeholder,covers/1992_Berita_Rahsia_PLACEHOLDER.jpg
1291,Wanita Yang Jelita,,,1992,"[""Chinese""]",placeholder,covers/1992_Wanita_Yang_Jelita_PLACEHOLDER.jpg
1292,Dunia Ganjil,,,1992,"[""Chinese""]",placeholder,covers/1992_Dunia_Ganjil_PLACEHOLDER.jpg
1293,Sedutan Khas Mengenai Keberahian,,,1992,"[""Chinese""]",placeholder,covers/1992_Sedutan_Khas_Mengenai_Keberahian_PLACEHOLDER.jpg
1294,Lembah Ria,,,1992,"[""Chinese""]",placeholder,covers/1992_Lembah_Ria_PLACEHOLDER.jpg
1295,Koleksi Cerita-Cerita Ajaib,,Ming Soon Publishing House,1992,"[""Chinese""]",placeholder,covers/1992_Koleksi_Cerita-Cerita_Ajaib_PLACEHOLDER.jpg
1296,Perempuan Liar,,"King Kong Publishing House,",1992,"[""Chinese""]",placeholder,covers/1992_Perempuan_Liar_PLACEHOLDER.jpg
1297,Dunia Ganjil (Fantastic World),,"Kaiyue Sdn.Bhd.,",1992,"[""Chinese""]",placeholder,covers/1992_Dunia_Ganjil_(Fantastic_World)_PLACEHOLDER.jpg
1298,Dunia Aneh,,"Kaiyue Sdn Bhd.,",1992,"[""Chinese""]",placeholder,covers/1992_Dunia_Aneh_PLACEHOLDER.jpg
1299,Koleksi Cerita Tak Sopan Jilid 1-4,Wong Jin,Gg Enterprise,1992,"[""Chinese""]",placeholder,covers/1992_Koleksi_Cerita_Tak_Sopan_Jilid_1-4_PLACEHOLDER.jpg
1300,Dunia Lelaki,,First Publishing House (Hong Kong) Co. Ltd,1992,"[""Chinese""]",placeholder,covers/1992_Dunia_Lelaki_PLACEHOLDER.jpg
1301,Pembongkaran Rahsia,,Da Tong Publishing Organisation Sdn. Bhd.,1992,"[""Chinese""]",placeholder,covers/1992_Pembongkaran_Rahsia_PLACEHOLDER.jpg
1302,Koleksi Foto Wang Xiao Feng Dalam Penthouse,,"Youngder Hall Limited,",1992,"[""Chinese""]",placeholder,covers/1992_Koleksi_Foto_Wang_Xiao_Feng_Dalam_Penthouse_PLACEHOLDER.jpg
1303,Cerita-Cerita Ajaib Dunia,,"King Kong Publishing House,",1992,"[""Chinese""]",placeholder,covers/1992_Cerita-Cerita_Ajaib_Dunia_PLACEHOLDER.jpg
1304,Pengetahuan Perubatan Untuk Wanita (Medical Knowledge For Women),,General Relics Publishing House,1991,"[""Chinese""]",placeholder,covers/1991_Pengetahuan_Perubatan_Untuk_Wanita_(Medical_Knowledge_For_Women)_PLACEHOLDER.jpg
1305,Rawatan Pelbagai Penyakit Melalui Acupuncture (Treatment Of Various Illneses By Acupuncture),Cai Pei Lun,"Fu Li Publishing Ltd. Co.,",1991,"[""Chinese""]",placeholder,covers/1991_Rawatan_Pelbagai_Penyakit_Melalui_Acupuncture_(Treatment_Of_Various_Illneses_By_Acupuncture)_PLACEHOLDER.jpg
1306,Mengurut Mengikut Kaedah Acupuncture Dengan Ilustrasi Untuk Pelajar Baru (Massage On Acupuncture Points For Beginners),,Fu Li Publishing Ltd.,1991,"[""Chinese""]",placeholder,covers/1991_Mengurut_Mengikut_Kaedah_Acupuncture_Dengan_Ilustrasi_Untuk_Pelajar_Baru_(Massage_On_Acupuncture_Poi_PLACEHOLDER.jpg
1307,Wira Mengembara Gan Guo Bao (Wandering Pugilist Gan Guo Bao),Niu Can Yang,Si Wei Publishing House,1991,"[""Chinese""]",placeholder,covers/1991_Wira_Mengembara_Gan_Guo_Bao_(Wandering_Pugilist_Gan_Guo_Bao)_PLACEHOLDER.jpg
1308,Permulaan Manusia (The Beginning Of Mankind),Physician Wen,Physician Wen,1991,"[""Chinese""]",placeholder,covers/1991_Permulaan_Manusia_(The_Beginning_Of_Mankind)_PLACEHOLDER.jpg
1309,Seni Erotik Su Nu (Erotic Art Of Su Nu),,,1991,"[""Chinese""]",placeholder,covers/1991_Seni_Erotik_Su_Nu_(Erotic_Art_Of_Su_Nu)_PLACEHOLDER.jpg
1310,Wanita Profesional (Professional Lady),Lang Ren,,1991,"[""Chinese""]",placeholder,covers/1991_Wanita_Profesional_(Professional_Lady)_PLACEHOLDER.jpg
1311,Kemuncak (Peak),,,1991,"[""Chinese""]",placeholder,covers/1991_Kemuncak_(Peak)_PLACEHOLDER.jpg
1312,Tuan Muda (Young Master),,Modern Publishing House,1991,"[""Chinese""]",placeholder,covers/1991_Tuan_Muda_(Young_Master)_PLACEHOLDER.jpg
1313,Pertemuan Yang Ganjil (Strange Encounter),Wei Wei,Mini Publishing House,1991,"[""Chinese""]",placeholder,covers/1991_Pertemuan_Yang_Ganjil_(Strange_Encounter)_PLACEHOLDER.jpg
1314,Teknik-Teknik Dalam Seks Dan Kehidupan (Techniques In Sexual Life),Gan Xiao Yan,Mei Lin Publishing House,1991,"[""Chinese""]",placeholder,covers/1991_Teknik-Teknik_Dalam_Seks_Dan_Kehidupan_(Techniques_In_Sexual_Life)_PLACEHOLDER.jpg
1315,Malam Yang Memberahikan (Sexy Night),Shi Yang,"Image Sdn. Bhd.,",1991,"[""Chinese""]",placeholder,covers/1991_Malam_Yang_Memberahikan_(Sexy_Night)_PLACEHOLDER.jpg
1316,Dunia Wanita (Women's World),Chen Hui,Entertainment Publishing House,1991,"[""Chinese""]",placeholder,covers/1991_Dunia_Wanita_(Women's_World)_PLACEHOLDER.jpg
1317,Malam Yang Membakar,,"Double Happiness Books & Publishing House,",1991,"[""Chinese""]",placeholder,covers/1991_Malam_Yang_Membakar_PLACEHOLDER.jpg
1318,Big Black Kiss,Howard Chaykin,Vortex Comics Incorporated,1991,"[""English""]",placeholder,covers/1991_Big_Black_Kiss_PLACEHOLDER.jpg
1319,Doll,Guy Colwell,"Rip Off Press Inc.,",1991,"[""English""]",open_library,covers/1991_Doll.jpg
1320,Rip Off No. 18,,"Rip Off Press Inc.,",1991,"[""English""]",placeholder,covers/1991_Rip_Off_No._18_PLACEHOLDER.jpg
1321,National Lampoon October 1989,Larry,"Nl Communications, Inc.,",1991,"[""English""]",placeholder,covers/1991_National_Lampoon_October_1989_PLACEHOLDER.jpg
1322,National Lampoon May 1985,Matty Simmons,"Nl Communications, Inc.,",1991,"[""English""]",placeholder,covers/1991_National_Lampoon_May_1985_PLACEHOLDER.jpg
1323,Cherry No. 9,"Larry Welz, Larry Todd & Mark Bode",Last Gasp,1991,"[""English""]",placeholder,covers/1991_Cherry_No._9_PLACEHOLDER.jpg
1324,"""Omaha"" No. 8",Reed Waller & Kate Worley,"Kitchen Sink Press, Inc.,",1991,"[""English""]",placeholder,covers/1991_Omaha_No._8_PLACEHOLDER.jpg
1325,Artistic,R.Grumb,Golden Gate Publishing Company,1991,"[""English""]",placeholder,covers/1991_Artistic_PLACEHOLDER.jpg
1326,Scimidar (4),R.A. Jones,"Eternity Comics A Division Of Malibu Graphics, Inc.,",1991,"[""English""]",placeholder,covers/1991_Scimidar_(4)_PLACEHOLDER.jpg
1327,Shorts,Milo Minara,Catalan Communications,1991,"[""English""]",placeholder,covers/1991_Shorts_PLACEHOLDER.jpg
1328,An Author In Search Of Six Characters,Milo Minara,Catalan Communications,1991,"[""English""]",placeholder,covers/1991_An_Author_In_Search_Of_Six_Characters_PLACEHOLDER.jpg
1329,Leather & Lace (First Issue) -July 1989,Barry Blair,"Aircel Comics, A Division Of Malibu Graphics, Inc.",1991,"[""English""]",placeholder,covers/1991_Leather_&_Lace_(First_Issue)_-July_1989_PLACEHOLDER.jpg
1330,Sapphire No. 4,Elizabeth Durning,"Aircel Comics, A Division Of Malibu Graphics, Inc.",1991,"[""English""]",placeholder,covers/1991_Sapphire_No._4_PLACEHOLDER.jpg
1331,Layu Di Tangkai,Hasanaha,Widad,1991,"[""Malay""]",placeholder,covers/1991_Layu_Di_Tangkai_PLACEHOLDER.jpg
1332,Seks Ghairah Kehidupan,Black Maria,Penerbitan Sri Cempaka,1991,"[""Malay""]",placeholder,covers/1991_Seks_Ghairah_Kehidupan_PLACEHOLDER.jpg
1333,Terperangkap Di Sarang,,Penerbitan Daya,1991,"[""Malay""]",placeholder,covers/1991_Terperangkap_Di_Sarang_PLACEHOLDER.jpg
1334,Skandal Isteri Orang,Azizan Ahmad,Azrena Enterprise,1991,"[""Malay""]",placeholder,covers/1991_Skandal_Isteri_Orang_PLACEHOLDER.jpg
1335,A Complete Guide To (Malaysian) Immigration Procedures On Application For: Expatriate Post Employment Pass Visit Pass (Temporary Employment) Visit Pass (Professional) Student's Pass Dependent's Pass V,Abdul Salam Bin Raja Mohd.,"Wira Sakti Sdn Bhd.,",1991,"[""English""]",placeholder,covers/1991_A_Complete_Guide_To_(Malaysian)_Immigration_Procedures_On_Application_For_Expatriate_Post_Employment_PLACEHOLDER.jpg
1336,Thiraichithra,,K.T. Singh,1991,"[""Tamil""]",placeholder,covers/1991_Thiraichithra_PLACEHOLDER.jpg
1337,Morbid Angel Altars Of Madness,,"Earache Songs U.K, Valentine Sound Productions Sdn Bhd",1991,"[""Chinese""]",placeholder,covers/1991_Morbid_Angel_Altars_Of_Madness_PLACEHOLDER.jpg
1338,Hawa-Hawa,,Veenai Trading,1991,"[""Tamil""]",placeholder,covers/1991_Hawa-Hawa_PLACEHOLDER.jpg
1339,Vinotha Siripu Koojathi Kooja,,Veenai Trading,1991,"[""Tamil""]",placeholder,covers/1991_Vinotha_Siripu_Koojathi_Kooja_PLACEHOLDER.jpg
1340,Sex Power-How To Improve It,Dr R. P Sethi,Pankaj Publications,1991,"[""English""]",placeholder,covers/1991_Sex_Power-How_To_Improve_It_PLACEHOLDER.jpg
1341,Eros Revived,Peter Wagner,Martin Secker & Warburg Ltd,1991,"[""English""]",open_library,covers/1991_Eros_Revived.jpg
1342,More People's Party Jokes,Rufus Van Adlin,Kiran Publications,1991,"[""English""]",placeholder,covers/1991_More_People's_Party_Jokes_PLACEHOLDER.jpg
1343,Still More People's Party Jokes,Rufus Van Adlin,Kiran Publications,1991,"[""English""]",placeholder,covers/1991_Still_More_People's_Party_Jokes_PLACEHOLDER.jpg
1344,"The Best Of Beelin, Book I - Sex Ahead!, Book Ii - Let's Get Down, Book Iii - Passion Holiday","Tyler Hartley, Marie Fontell, Bill Buxom","Carlyle Communications, Inc New York",1991,"[""English""]",placeholder,"covers/1991_The_Best_Of_Beelin,_Book_I_-_Sex_Ahead!,_Book_Ii_-_Let's_Get_Down,_Book_Iii_-_Passion_Holiday_PLACEHOLDER.jpg"
1345,Secrets Of Sex,Kenneth Anderson,Ashwin J. Shah Jaico Piblishing House,1991,"[""English""]",placeholder,covers/1991_Secrets_Of_Sex_PLACEHOLDER.jpg
1346,Expert Lovemaking,Usha Sarup,Ashwin J. Shah Jaico Piblishing House,1991,"[""English""]",placeholder,covers/1991_Expert_Lovemaking_PLACEHOLDER.jpg
1347,Sexual Joy,Michael & Dorothy Clarke,Williams & Wilkins And Associates Pty Limited,1991,"[""English""]",placeholder,covers/1991_Sexual_Joy_PLACEHOLDER.jpg
1348,Eso (Extended Sexual Orgasm),"Alan P.Brauer, M.D. & Donna Brauer","Warner Books, Inc.,",1991,"[""English""]",placeholder,covers/1991_Eso_(Extended_Sexual_Orgasm)_PLACEHOLDER.jpg
1349,The Happy Hooker Goes To Washington,Xaviera Hollander,W.H.Allen & Co. Ltd,1991,"[""English""]",placeholder,covers/1991_The_Happy_Hooker_Goes_To_Washington_PLACEHOLDER.jpg
1350,Pleasures,Robbi Sommers,"The Naiad Press Inc,",1991,"[""English""]",open_library,covers/1991_Pleasures.jpg
1351,Ladies` Own Erotica,The Kensington Ladies` Erotica Society,Ten Speed Press,1991,"[""English""]",placeholder,covers/1991_Ladies`_Own_Erotica_PLACEHOLDER.jpg
1352,Letters To The Happy Hooker,Xaviera Hollander,Tandem Publishing Ltd,1991,"[""English""]",open_library,covers/1991_Letters_To_The_Happy_Hooker.jpg
1353,The Reluctant Stud,Simon Gandolfi,"Sphere Books Ltd.,",1991,"[""English""]",placeholder,covers/1991_The_Reluctant_Stud_PLACEHOLDER.jpg
1354,Sexual Secrets Of The Zodiac,,Southwick Enterprises,1991,"[""English""]",placeholder,covers/1991_Sexual_Secrets_Of_The_Zodiac_PLACEHOLDER.jpg
1355,Shameless,Stella Linden,Simon & Schuster Great Britain,1991,"[""English""]",open_library,covers/1991_Shameless.jpg
1356,More Joy Of Sex,"Alex Comfort, M.D., D. Sc.","Pocket Books, Usa",1991,"[""English""]",placeholder,covers/1991_More_Joy_Of_Sex_PLACEHOLDER.jpg
1357,The Joy Of Sex,"Alex Comfort, M.D., D. Sc.",Pocket Book,1991,"[""English""]",placeholder,covers/1991_The_Joy_Of_Sex_PLACEHOLDER.jpg
1358,Violated Virgin,Susan Morrow,"Pleasure Books Inc.,",1991,"[""English""]",placeholder,covers/1991_Violated_Virgin_PLACEHOLDER.jpg
1359,How To Make Love To Each Other,Alexandra Penney,,1991,"[""English""]",open_library,covers/1991_How_To_Make_Love_To_Each_Other.jpg
1360,Little Birds Erotica,Anais Nin,"Harcourt Brace Jovanovich, Inc.,",1991,"[""English""]",placeholder,covers/1991_Little_Birds_Erotica_PLACEHOLDER.jpg
1361,My Secret Life,,Grove Press Inc. New York,1991,"[""English""]",open_library,covers/1991_My_Secret_Life.jpg
1362,Laure,Emmanuelle Arsan,"Granada Publishing Limited Frogmore,",1991,"[""English""]",open_library,covers/1991_Laure.jpg
1363,Time Of Desecration,Alberto Moravia,Granada Publishing Limited,1991,"[""English""]",open_library,covers/1991_Time_Of_Desecration.jpg
1364,Pleasures Women Write Erotica,"Lonnie Barbach, Ph.D","Doubleday & Company, Inc",1991,"[""English""]",placeholder,covers/1991_Pleasures_Women_Write_Erotica_PLACEHOLDER.jpg
1365,The Celestial Bed,Irving Wallace,Delacorte Press,1991,"[""English""]",open_library,covers/1991_The_Celestial_Bed.jpg
1366,How To Make Love To A Women,Michael Morgenstern,"Clarkson N.Potter, Inc.,",1991,"[""English""]",placeholder,covers/1991_How_To_Make_Love_To_A_Women_PLACEHOLDER.jpg
1367,Plaisir D'amour,Anne-Marie Villefranche,"Carroll & Graf Publishers, Inc",1991,"[""English""]",placeholder,covers/1991_Plaisir_D'amour_PLACEHOLDER.jpg
1368,The Kamasutra Of Vatsyayana Special Collector's Edition. Includes Explicit Photographs,,,1991,"[""English""]",placeholder,covers/1991_The_Kamasutra_Of_Vatsyayana_Special_Collector's_Edition._Includes_Explicit_Photographs_PLACEHOLDER.jpg
1369,The Kamasutra Of Vatsyayana,Aditya Patankar,Lustre Press Pvt. Ltd.,1991,"[""English""]",placeholder,covers/1991_The_Kamasutra_Of_Vatsyayana_PLACEHOLDER.jpg
1370,D-Cup Spectacular!,P.Katt,"Sawmill Publishing Corp.,",1991,"[""English""]",placeholder,covers/1991_D-Cup_Spectacular!_PLACEHOLDER.jpg
1371,Celebrity Skin- High Society Collector's Edition No. 10,,"Sapphire Of Nevada. Inc.,",1991,"[""English""]",placeholder,covers/1991_Celebrity_Skin-_High_Society_Collector's_Edition_No._10_PLACEHOLDER.jpg
1372,D-Cup Honeys,,"Presurn Pty Ltd.,",1991,"[""English""]",placeholder,covers/1991_D-Cup_Honeys_PLACEHOLDER.jpg
1373,Playboy's Girls Of Summer's 86-Sunsational Sirens Salute Summer,,Playboy Press,1991,"[""English""]",placeholder,covers/1991_Playboy's_Girls_Of_Summer's_86-Sunsational_Sirens_Salute_Summer_PLACEHOLDER.jpg
1374,Playboy's Playmates Of The Year,,Playboy Press,1991,"[""English""]",placeholder,covers/1991_Playboy's_Playmates_Of_The_Year_PLACEHOLDER.jpg
1375,Turtle Beach,Blanche D`Alpuget,Penguin Books Australia Ltd,1991,"[""English""]",placeholder,covers/1991_Turtle_Beach_PLACEHOLDER.jpg
1376,Big Bottoms No.8,,Marquis Publishing Company,1991,"[""English""]",placeholder,covers/1991_Big_Bottoms_No.8_PLACEHOLDER.jpg
1377,Celebrity Skin,,Mar-Jam Publications,1991,"[""English""]",placeholder,covers/1991_Celebrity_Skin_PLACEHOLDER.jpg
1378,Adam-Special Holiday Issue Vol. 25 No. 12,Jared Rutter,"Knight Publishing Corp.,",1991,"[""English""]",placeholder,covers/1991_Adam-Special_Holiday_Issue_Vol._25_No._12_PLACEHOLDER.jpg
1379,Knave Volume 20 Number 5,Rupert Metcalf,"Galaxy Publications Ltd.,",1991,"[""English""]",placeholder,covers/1991_Knave_Volume_20_Number_5_PLACEHOLDER.jpg
1380,Lui,,Lui Est Une Publication,1991,,placeholder,covers/1991_Lui_PLACEHOLDER.jpg
1381,Konserto Biola Liang Shang-Po Dan Chu Ying-Tai,,Oriental Record Co. Hong Kong,1990,"[""Chinese""]",placeholder,covers/1990_Konserto_Biola_Liang_Shang-Po_Dan_Chu_Ying-Tai_PLACEHOLDER.jpg
1382,Percutian Yang Romantik (Romantic Holidays),,Youth Publishing House,1990,"[""Chinese""]",placeholder,covers/1990_Percutian_Yang_Romantik_(Romantic_Holidays)_PLACEHOLDER.jpg
1383,Helang Biru (Blue Eagle),,The Universal Publisher,1990,"[""Chinese""]",placeholder,covers/1990_Helang_Biru_(Blue_Eagle)_PLACEHOLDER.jpg
1384,Gadis Remaja (Young Lady),,"New Century Publishing House, Hong Kong",1990,"[""Chinese""]",placeholder,covers/1990_Gadis_Remaja_(Young_Lady)_PLACEHOLDER.jpg
1385,Impian Seorang Peminat,,"Jun Ma Cultural Enterprise Ltd. Co.,",1990,"[""Chinese""]",placeholder,covers/1990_Impian_Seorang_Peminat_PLACEHOLDER.jpg
1386,Percintaan Di Gelanggang Ragbi (Love At The Rugby Field),,"Zheng Da Limited Co.,",1990,"[""Chinese""]",placeholder,covers/1990_Percintaan_Di_Gelanggang_Ragbi_(Love_At_The_Rugby_Field)_PLACEHOLDER.jpg
1387,Waris (Inheritor),,"Zheng Da Limited Co.,",1990,"[""Chinese""]",placeholder,covers/1990_Waris_(Inheritor)_PLACEHOLDER.jpg
1388,Mimpi Yang Hancur (Broken Dream),,"Zheng Da Limited Co.,",1990,"[""Chinese""]",placeholder,covers/1990_Mimpi_Yang_Hancur_(Broken_Dream)_PLACEHOLDER.jpg
1389,Raja Penipu Yang Bernama Lo Xiao Qian (Master Conman Lo Xiao Qian),,Si Wei Publishing House,1990,"[""Chinese""]",placeholder,covers/1990_Raja_Penipu_Yang_Bernama_Lo_Xiao_Qian_(Master_Conman_Lo_Xiao_Qian)_PLACEHOLDER.jpg
1390,Berangan-Angan (Day Dream),,Chuang Yi Comics Publishing House,1990,"[""Chinese""]",placeholder,covers/1990_Berangan-Angan_(Day_Dream)_PLACEHOLDER.jpg
1391,Sungai Besar Berdarah (Big Bloody River),,Chuang Yi Comics Publishing House,1990,"[""Chinese""]",placeholder,covers/1990_Sungai_Besar_Berdarah_(Big_Bloody_River)_PLACEHOLDER.jpg
1392,Sejarah Revolusi Russia,V.P. Chinthan,Tamil Puthakalayam,1990,"[""Tamil""]",placeholder,covers/1990_Sejarah_Revolusi_Russia_PLACEHOLDER.jpg
1393,Mana-Mana Logo Dalam Rekabentuk Daun Ganja Yang Dikelilingi Dengan Perkataan-Perkataan,,,1990,,placeholder,covers/1990_Mana-Mana_Logo_Dalam_Rekabentuk_Daun_Ganja_Yang_Dikelilingi_Dengan_Perkataan-Perkataan_PLACEHOLDER.jpg
1394,Di Pinggir Sungai Rejang,Masby M.S.,Penerbitan Pena Sdn.Bhd.,1990,"[""Malay""]",placeholder,covers/1990_Di_Pinggir_Sungai_Rejang_PLACEHOLDER.jpg
1395,Pahitnya Derita Cinta,Lisha,Penerbit Sri Cempaka,1990,"[""Malay""]",placeholder,covers/1990_Pahitnya_Derita_Cinta_PLACEHOLDER.jpg
1396,Sebuah Daerah Sunyi,Rezman,Knight Publisher (P.Knight),1990,"[""Malay""]",placeholder,covers/1990_Sebuah_Daerah_Sunyi_PLACEHOLDER.jpg
1397,Rewang,Bayo Angin,Grafika Komunikasi,1990,"[""Malay""]",placeholder,covers/1990_Rewang_PLACEHOLDER.jpg
1398,Mangsa Rogol,Awang Burhan,Enterprises Purnama,1990,"[""Malay""]",placeholder,covers/1990_Mangsa_Rogol_PLACEHOLDER.jpg
1399,Having It Both Ways,Elaine Denholtz,"Stein & Day Publishers, Inc",1990,"[""English""]",open_library,covers/1990_Having_It_Both_Ways.jpg
1400,What Rugby Jokes Did Next,Elaine Ranelagh,"Sphere Books Ltd.,",1990,"[""English""]",placeholder,covers/1990_What_Rugby_Jokes_Did_Next_PLACEHOLDER.jpg
1401,The Storyteller,Harold Robbins,New English Library,1990,"[""English""]",open_library,covers/1990_The_Storyteller.jpg
1402,Adam & Eve Customers Tell All,,,1990,"[""English""]",placeholder,covers/1990_Adam_&_Eve_Customers_Tell_All_PLACEHOLDER.jpg
1403,The Photographic Guide To Sexual Secrets,Sean O`Connor,Media Press,1990,"[""English""]",placeholder,covers/1990_The_Photographic_Guide_To_Sexual_Secrets_PLACEHOLDER.jpg
1404,The Pearl,,Grove Press Inc.,1990,"[""English""]",open_library,covers/1990_The_Pearl.jpg
1405,The Playboy Advisor On Love & Sex,James R. Petersen,"General Publishing Co. Limited, Toronto",1990,"[""English""]",placeholder,covers/1990_The_Playboy_Advisor_On_Love_&_Sex_PLACEHOLDER.jpg
1406,Diana's Desire,Lytton Sinclair,"Future Publications, A Division Of Macdonald & Co (Publisher) Ltd.",1990,"[""English""]",open_library,covers/1990_Diana's_Desire.jpg
1407,Erotic Interludes,Lonnie Barbach Ph.D,"Doubleday & Company, Inc",1990,"[""English""]",placeholder,covers/1990_Erotic_Interludes_PLACEHOLDER.jpg
1408,Sexual Adventure In Marriage,Rudiger Boschmann & Gunther Hunold,Carl Stephenson Verlag,1990,"[""English""]",placeholder,covers/1990_Sexual_Adventure_In_Marriage_PLACEHOLDER.jpg
1409,Still More Of The World`S Best Dirty Jokes,Mr.,Angus & Robertson Publishers,1990,"[""English""]",placeholder,covers/1990_Still_More_Of_The_World`S_Best_Dirty_Jokes_PLACEHOLDER.jpg
1410,The Book Of Sex Lists,Albert B Gerber,W.H.Allen & Co. Ltd,1990,"[""English""]",placeholder,covers/1990_The_Book_Of_Sex_Lists_PLACEHOLDER.jpg
1411,Guide To Sexual Pleasure,Pat Littlewood,,1990,"[""English""]",placeholder,covers/1990_Guide_To_Sexual_Pleasure_PLACEHOLDER.jpg
1412,Voyeur,Jeff Dunas,"Melrose Publishing Company, Inc.",1990,"[""English""]",placeholder,covers/1990_Voyeur_PLACEHOLDER.jpg
1413,Mistress,Jean-Francois Jonvalle,"Melrose Publishing Company, Inc.",1990,"[""English""]",placeholder,covers/1990_Mistress_PLACEHOLDER.jpg
1414,The Satanic Verses,Salman Rushdie,The Penguin Group,1989,"[""English""]",open_library,covers/1989_The_Satanic_Verses.jpg
1415,Gourmet Sex,Tony Pinchuck,Unwin Paperbacks,1989,"[""English""]",placeholder,covers/1989_Gourmet_Sex_PLACEHOLDER.jpg
1416,The Swedish Servants,Blake Simmons,Tiburon House Publishing Company,1989,"[""English""]",placeholder,covers/1989_The_Swedish_Servants_PLACEHOLDER.jpg
1417,Spell Of The Beast,Richard Mountbatten,Tiburan Housepublishing Company Inc.,1989,"[""English""]",placeholder,covers/1989_Spell_Of_The_Beast_PLACEHOLDER.jpg
1418,What Makes A Women G.I.B Good In Bed,Wendy Leight,"The Newamerican Library, Inc",1989,"[""English""]",placeholder,covers/1989_What_Makes_A_Women_G.I.B_Good_In_Bed_PLACEHOLDER.jpg
1419,Sexual Specialities From Around The World,Robert Kessler,"Southwick Enterprises, Inc.",1989,"[""English""]",placeholder,covers/1989_Sexual_Specialities_From_Around_The_World_PLACEHOLDER.jpg
1420,The Adventure Of A Schoolboy,Anonymous,Paperback Division Of W.H.Allen & Co.Plc,1989,"[""English""]",placeholder,covers/1989_The_Adventure_Of_A_Schoolboy_PLACEHOLDER.jpg
1421,Memoirs Of A Women Of Pleasure,John Cleland,Oxford University Press,1989,"[""English""]",placeholder,covers/1989_Memoirs_Of_A_Women_Of_Pleasure_PLACEHOLDER.jpg
1422,Secret Estacy,Rochelle Wayne,Kensington Publishing Corp.,1989,"[""English""]",placeholder,covers/1989_Secret_Estacy_PLACEHOLDER.jpg
1423,101 Sexual Positions,,Elizabeth Percy Fairchild,1989,"[""English""]",placeholder,covers/1989_101_Sexual_Positions_PLACEHOLDER.jpg
1424,The Joy Of Headaches,Martin Honeysett,Century Publishing Co. Ltd,1989,"[""English""]",placeholder,covers/1989_The_Joy_Of_Headaches_PLACEHOLDER.jpg
1425,The Lions Of Amon,Marcus Van Heller,"Carroll & Graf Publishers, Inc",1989,"[""English""]",placeholder,covers/1989_The_Lions_Of_Amon_PLACEHOLDER.jpg
1426,Bondage,,Ben's Book Ltd.,1989,"[""English""]",placeholder,covers/1989_Bondage_PLACEHOLDER.jpg
1427,How To Satisfy A Women Every Time...And Have Her Beg For More!,Naura Hayden,Bell Publishing Company New York,1989,"[""English""]",placeholder,covers/1989_How_To_Satisfy_A_Women_Every_Time...And_Have_Her_Beg_For_More!_PLACEHOLDER.jpg
1428,Jalbait & The Studs,Robin Kyle,"American Art Enterprises Inc.,",1989,"[""English""]",placeholder,covers/1989_Jalbait_&_The_Studs_PLACEHOLDER.jpg
1429,The Shaming Of Celia,Jeffrey Booker,"American Art Enterprise, Inc",1989,"[""English""]",placeholder,covers/1989_The_Shaming_Of_Celia_PLACEHOLDER.jpg
1430,Majalah Intan Biru,,,1989,"[""Chinese""]",placeholder,covers/1989_Majalah_Intan_Biru_PLACEHOLDER.jpg
1431,Majalah Merah Kuning Dan Hitam,,,1989,"[""Chinese""]",placeholder,covers/1989_Majalah_Merah_Kuning_Dan_Hitam_PLACEHOLDER.jpg
1432,Cerita-Cerita Hantu,,Hoong Wen Culture Publishing House,1989,"[""Chinese""]",placeholder,covers/1989_Cerita-Cerita_Hantu_PLACEHOLDER.jpg
1433,Suami Yang Berahi,,Ming Tat Ltd. Co.,1989,"[""Chinese""]",placeholder,covers/1989_Suami_Yang_Berahi_PLACEHOLDER.jpg
1434,"Lagu-Lagu ""Long March""",,Oriental Record Co.,1989,"[""Chinese""]",placeholder,covers/1989_Lagu-Lagu_Long_March_PLACEHOLDER.jpg
1435,Kuala Lumpur Kota,Mazmi Ar,Nna Enterprise,1989,"[""Malay""]",placeholder,covers/1989_Kuala_Lumpur_Kota_PLACEHOLDER.jpg
1436,Gugurnya Kupu-Kupu Malam,Puspita,Ciptaan Jiwaseni Sdn Bhd,1989,"[""Malay""]",placeholder,covers/1989_Gugurnya_Kupu-Kupu_Malam_PLACEHOLDER.jpg
1437,Ragam Asmara Lelaki Masyhur,Razak Sulaiman,Tratra Publishing & Trading Sdn Bhd,1989,"[""Malay""]",placeholder,covers/1989_Ragam_Asmara_Lelaki_Masyhur_PLACEHOLDER.jpg
1438,Alam Cinta Ke Gerbang Perkahwinan,M. Ramzan,Penerbitan Intan,1989,"[""Malay""]",placeholder,covers/1989_Alam_Cinta_Ke_Gerbang_Perkahwinan_PLACEHOLDER.jpg
1439,Gadis-Gadis Tenoda,Yati,Penerbit Sri Cempaka,1989,"[""Malay""]",placeholder,covers/1989_Gadis-Gadis_Tenoda_PLACEHOLDER.jpg
1440,I.Z.I.N Dalam Paksa,Rosdinas A.S.,Penerbit Sri Cempaka,1989,"[""Malay""]",placeholder,covers/1989_I.Z.I.N_Dalam_Paksa_PLACEHOLDER.jpg
1441,Rama-Rama Malam,Swary,Penerbit Sri Cempaka,1989,"[""Malay""]",placeholder,covers/1989_Rama-Rama_Malam_PLACEHOLDER.jpg
1442,Janda Panggilan,Lely,Penerbit Sri Cempaka,1989,"[""Malay""]",placeholder,covers/1989_Janda_Panggilan_PLACEHOLDER.jpg
1443,Kehausan,Farah Effendy,Mastika Enterprais,1989,"[""Malay""]",placeholder,covers/1989_Kehausan_PLACEHOLDER.jpg
1444,Rindu Membelah Sepi,Rajawali,Magazines Distributors Sdn.Bhd.,1989,"[""Malay""]",placeholder,covers/1989_Rindu_Membelah_Sepi_PLACEHOLDER.jpg
1445,Pengetahuan Jantina No.2,Helmi Halim,"Knight Publisher, (P.Knight)",1989,"[""Malay""]",placeholder,covers/1989_Pengetahuan_Jantina_No.2_PLACEHOLDER.jpg
1446,Gugur Di Bumi Merkah,Mas Salehahayati,Knight Publisher,1989,"[""Malay""]",placeholder,covers/1989_Gugur_Di_Bumi_Merkah_PLACEHOLDER.jpg
1447,Oru Iravu Muluvatum,Manmathan,Sri Ram Publisher,1989,"[""Tamil""]",placeholder,covers/1989_Oru_Iravu_Muluvatum_PLACEHOLDER.jpg
1448,Love Life (Cross Road),,"M. Babu, Ellis Publications",1989,"[""Tamil""]",placeholder,covers/1989_Love_Life_(Cross_Road)_PLACEHOLDER.jpg
1449,Thinker Karl Mark,R.Tanalan,Prema Prasuram,1989,"[""Tamil""]",placeholder,covers/1989_Thinker_Karl_Mark_PLACEHOLDER.jpg
1450,1001 Erotic Dreams,Richard Sterling,Sphere Books Limited,1989,"[""English""]",open_library,covers/1989_1001_Erotic_Dreams.jpg
1451,Descent From Xanadu,Harold Robbins,"Simon & Schuster, Inc",1989,"[""English""]",open_library,covers/1989_Descent_From_Xanadu.jpg
1452,The Velvet Kiss,D.M. Gordon,"Orion Press, Australian Book Co. Pty. Ltd.",1989,"[""English""]",placeholder,covers/1989_The_Velvet_Kiss_PLACEHOLDER.jpg
1453,Folies D'amour,Anne-Marie Villefranche,"Caroll & Graf Publishers, Inc",1989,"[""English""]",placeholder,covers/1989_Folies_D'amour_PLACEHOLDER.jpg
1454,Me,Anonymous,"Bantam Books, Inc.,",1989,"[""English""]",placeholder,covers/1989_Me_PLACEHOLDER.jpg
1455,The Complete Book Of Erotic Art,Disusun Oleh Drs Phyllis Dan Eberhard Kronhausen,Bell Publishing Company,1989,"[""English""]",placeholder,covers/1989_The_Complete_Book_Of_Erotic_Art_PLACEHOLDER.jpg
1456,Israel's Ayatollahs Meir Kahane And The Far Right In Israel,Raphael Mergui & Philippe Simonnot,Saqi Books,1989,"[""English""]",placeholder,covers/1989_Israel's_Ayatollahs_Meir_Kahane_And_The_Far_Right_In_Israel_PLACEHOLDER.jpg
1457,Siapa Mujaddid Kurun Ke 15?,Ustaz Ashaari Muhammad,Penerangan Al Arqam,1989,"[""Malay""]",placeholder,covers/1989_Siapa_Mujaddid_Kurun_Ke_15_PLACEHOLDER.jpg
1458,Pilihan Lagu-Lagu Peperangan Menentang Jepun-Jilid 2,,,1989,"[""Chinese""]",placeholder,covers/1989_Pilihan_Lagu-Lagu_Peperangan_Menentang_Jepun-Jilid_2_PLACEHOLDER.jpg
1459,Roh Setelah Maut,Drs Rahmanmat,Time News Distributor,1989,"[""Malay""]",placeholder,covers/1989_Roh_Setelah_Maut_PLACEHOLDER.jpg
1460,Rahsia Hidup Dalam Islam,Hamidin Bin Kasim) Pak Wa,,1989,"[""Malay""]",placeholder,covers/1989_Rahsia_Hidup_Dalam_Islam_PLACEHOLDER.jpg
1461,Neraka,,M.A. Jaya,1989,"[""Malay""]",placeholder,covers/1989_Neraka_PLACEHOLDER.jpg
1462,Khadijah Isteri Rasulullah,Abdul Aziz Muhammad,Amir Enterprise,1989,"[""Malay""]",placeholder,covers/1989_Khadijah_Isteri_Rasulullah_PLACEHOLDER.jpg
1463,Superstars Of Sex,,Swank Magazine Corp,1989,"[""English""]",placeholder,covers/1989_Superstars_Of_Sex_PLACEHOLDER.jpg
1464,The Hot New Game,,"Piccadilly Publications Inc.,",1989,"[""English""]",placeholder,covers/1989_The_Hot_New_Game_PLACEHOLDER.jpg
1465,The Girls Of Penthouse,,"Penthouse International Ltd.,",1989,"[""English""]",placeholder,covers/1989_The_Girls_Of_Penthouse_PLACEHOLDER.jpg
1466,Hongkong (Europe & American Copy),,"Pau Si Loy Publisher Co.,",1989,"[""English""]",placeholder,covers/1989_Hongkong_(Europe_&_American_Copy)_PLACEHOLDER.jpg
1467,Newlook,,"Newlook International Ltd.,",1989,"[""English""]",placeholder,covers/1989_Newlook_PLACEHOLDER.jpg
1468,Gallery,,Montcalm Publishing Corporation,1989,"[""English""]",placeholder,covers/1989_Gallery_PLACEHOLDER.jpg
1469,Men,,"Liberation Publications Inc.,",1989,"[""English""]",placeholder,covers/1989_Men_PLACEHOLDER.jpg
1471,High Society,,High Society Magazine,1989,"[""English""]",placeholder,covers/1989_High_Society_PLACEHOLDER.jpg
1472,People,,Fairfax Magazine,1989,"[""English""]",placeholder,covers/1989_People_PLACEHOLDER.jpg
1473,Nugget,,"Dugent Publishing Corp.,",1989,"[""English""]",placeholder,covers/1989_Nugget_PLACEHOLDER.jpg
1474,Partner Number One,,Delta Sierra Publications,1989,"[""English""]",placeholder,covers/1989_Partner_Number_One_PLACEHOLDER.jpg
1475,Unite No. 25,,Connection Magazines,1989,"[""English""]",placeholder,covers/1989_Unite_No._25_PLACEHOLDER.jpg
1476,Cheri,,"Cheri Enterprises Inc.,",1989,"[""English""]",placeholder,covers/1989_Cheri_PLACEHOLDER.jpg
1477,Live,,Car-Bon Publishers,1989,"[""English""]",placeholder,covers/1989_Live_PLACEHOLDER.jpg
1478,Honey,,"500125 Ontario Ltd.,",1989,"[""English""]",open_library,covers/1989_Honey.jpg
1479,Women And The Family,Leon Trostsky,Pathfinder Press,1989,"[""English""]",placeholder,covers/1989_Women_And_The_Family_PLACEHOLDER.jpg
1480,Arguments For Revolutionery Socialism,John Molyneux,Bookmarks Publishing Co-Operative,1989,"[""English""]",placeholder,covers/1989_Arguments_For_Revolutionery_Socialism_PLACEHOLDER.jpg
1481,Paladine,,Jin Ao Development Ltd. Co.,1989,"[""Chinese""]",placeholder,covers/1989_Paladine_PLACEHOLDER.jpg
1482,Hans Untuk Lelaki,,Hans For Men Publishing House,1989,"[""Chinese""]",placeholder,covers/1989_Hans_Untuk_Lelaki_PLACEHOLDER.jpg
1483,"""Super Star"" Antarabangsa",,Gentlement Publication Sdn Bhd,1989,"[""Chinese""]",placeholder,covers/1989_Super_Star_Antarabangsa_PLACEHOLDER.jpg
1484,Kemuncak,,First Publishing House,1989,"[""Chinese""]",placeholder,covers/1989_Kemuncak_PLACEHOLDER.jpg
1485,Naga,,Dragon Publishing House,1989,"[""Chinese""]",placeholder,covers/1989_Naga_PLACEHOLDER.jpg
1486,Dunia Yang Baik,,"Champagne Publishing House Ltd. Co.,",1989,"[""Chinese""]",placeholder,covers/1989_Dunia_Yang_Baik_PLACEHOLDER.jpg
1487,"Conan Saga Vol.1, No. 27 July 1989",Tom Defalco,Marvel Comics,1989,"[""English""]",placeholder,"covers/1989_Conan_Saga_Vol.1,_No._27_July_1989_PLACEHOLDER.jpg"
1488,The Trouble With Girls Vol 2#3,,Comico The Comic Company,1989,"[""English""]",placeholder,covers/1989_The_Trouble_With_Girls_Vol_2#3_PLACEHOLDER.jpg
1489,Rekod Sulit Wei Wei Lee,,King Kong Publishing House,1989,"[""Chinese""]",placeholder,covers/1989_Rekod_Sulit_Wei_Wei_Lee_PLACEHOLDER.jpg
1490,Black Kiss,Howard Chaykin,Vortex Comics Incorporated,1989,"[""English""]",placeholder,covers/1989_Black_Kiss_PLACEHOLDER.jpg
1491,Lone Wolf And Cub,Kazuo Koike And Gosekikojima,"First Publishing, Inc",1989,"[""English""]",placeholder,covers/1989_Lone_Wolf_And_Cub_PLACEHOLDER.jpg
1492,Poems Of Lu Hsun,Huang Hsin-Chyu,Joint Publishing Co.,1989,"[""English""]",placeholder,covers/1989_Poems_Of_Lu_Hsun_PLACEHOLDER.jpg
1493,Berita Alam Gaib Sebelum Dan Sesudah Hari Kemudian,Ustaz Musaniff Effendie,M.A. Jaya,1988,"[""English""]",placeholder,covers/1988_Berita_Alam_Gaib_Sebelum_Dan_Sesudah_Hari_Kemudian_PLACEHOLDER.jpg
1494,Kafir Mengkafir Siapakah Yang Kafir?,Khalid Salleh,Tintmas,1988,"[""Malay""]",placeholder,covers/1988_Kafir_Mengkafir_Siapakah_Yang_Kafir_PLACEHOLDER.jpg
1495,Purdah Oh Purdah,Ustaz Haji Tajul Ariffin,Penerbitan Al-Munir,1988,"[""Malay""]",placeholder,covers/1988_Purdah_Oh_Purdah_PLACEHOLDER.jpg
1496,Gayong Bersambut,Hashim A.Ghani,Ktp Institut,1988,"[""Malay""]",placeholder,covers/1988_Gayong_Bersambut_PLACEHOLDER.jpg
1497,Tikar-Tikar Jade,,"Xiao Xiao Publishing Ltd. Co.,",1988,"[""Chinese""]",placeholder,covers/1988_Tikar-Tikar_Jade_PLACEHOLDER.jpg
1498,Rama-Rama Berterbangan,Faridah Hanom,Chaniago Productions,1988,"[""Malay""]",placeholder,covers/1988_Rama-Rama_Berterbangan_PLACEHOLDER.jpg
1499,Kelab Lucu,,Wei Wei Publishing House,1988,"[""Chinese""]",placeholder,covers/1988_Kelab_Lucu_PLACEHOLDER.jpg
1500,Kenikmatan Kelas Pertama,,Wei Wei Publishing House,1988,"[""Chinese""]",placeholder,covers/1988_Kenikmatan_Kelas_Pertama_PLACEHOLDER.jpg
1501,Ghairah Tengah Malam,,Tung Yung Publishing House,1988,"[""Chinese""]",placeholder,covers/1988_Ghairah_Tengah_Malam_PLACEHOLDER.jpg
1502,Lelaki Dan Wanita,,Tai Wen Publishing House,1988,"[""Chinese""]",placeholder,covers/1988_Lelaki_Dan_Wanita_PLACEHOLDER.jpg
1503,Surat-Surat Lelaki Dan Wanita,,Tai Wen Publishing House,1988,"[""Chinese""]",placeholder,covers/1988_Surat-Surat_Lelaki_Dan_Wanita_PLACEHOLDER.jpg
1504,Hi!,,Penguin Publishing House,1988,"[""Chinese""]",placeholder,covers/1988_Hi!_PLACEHOLDER.jpg
1505,"Seks, Cinta Dan Perkahwinan",,Jing Ying Publishing House,1988,"[""Chinese""]",placeholder,"covers/1988_Seks,_Cinta_Dan_Perkahwinan_PLACEHOLDER.jpg"
1506,69 Jenaka Dewasa,,Hong Kong Ta Kuan Publishing House,1988,"[""Chinese""]",placeholder,covers/1988_69_Jenaka_Dewasa_PLACEHOLDER.jpg
1507,Soalan-Soalan Mengenai Kedua-Dua Jantina,,Hong Kong Medical Association,1988,"[""Chinese""]",placeholder,covers/1988_Soalan-Soalan_Mengenai_Kedua-Dua_Jantina_PLACEHOLDER.jpg
1508,Maharaja China Yang Lucah,,Guo Yi Publishing House,1988,"[""Chinese""]",placeholder,covers/1988_Maharaja_China_Yang_Lucah_PLACEHOLDER.jpg
1509,Sebuah Impian,Sam,Cv Cypress,1988,"[""Chinese""]",placeholder,covers/1988_Sebuah_Impian_PLACEHOLDER.jpg
1510,Bunga Mekar Yang Ternoda,Mokhtar Petah,"Tra-Tra Publishing & Trading Co.,",1988,"[""Malay""]",placeholder,covers/1988_Bunga_Mekar_Yang_Ternoda_PLACEHOLDER.jpg
1511,Bunga Pecah Kelopak,Sabar Bohari,"Tra-Tra Publishing & Trading Co.,",1988,"[""Malay""]",placeholder,covers/1988_Bunga_Pecah_Kelopak_PLACEHOLDER.jpg
1512,Cinta Bermekar Di Api,Farida Ismail,Times News Distributor,1988,"[""Malay""]",placeholder,covers/1988_Cinta_Bermekar_Di_Api_PLACEHOLDER.jpg
1513,Maria,Nik Abdullah,Pustaka Maju,1988,"[""Malay""]",placeholder,covers/1988_Maria_PLACEHOLDER.jpg
1514,Keinginan,Rashi Amat,Pustaka Kamat,1988,"[""Malay""]",placeholder,covers/1988_Keinginan_PLACEHOLDER.jpg
1515,Penyerahan,Azizan Ahmad,Pustaka Aneka,1988,"[""Malay""]",placeholder,covers/1988_Penyerahan_PLACEHOLDER.jpg
1516,Permainan Di Persada Kota,Nasir Awang,Pustaka Aneka,1988,"[""Malay""]",placeholder,covers/1988_Permainan_Di_Persada_Kota_PLACEHOLDER.jpg
1517,Gelombang Percintaan,Azam,Mutiara Enterprise,1988,"[""Malay""]",placeholder,covers/1988_Gelombang_Percintaan_PLACEHOLDER.jpg
1518,Dunia Cinta,Shirifah,Mutiara Enterprise,1988,"[""Malay""]",placeholder,covers/1988_Dunia_Cinta_PLACEHOLDER.jpg
1519,Galak,Rokiah,Mutiara Enterprise,1988,"[""Malay""]",placeholder,covers/1988_Galak_PLACEHOLDER.jpg
1520,Takdip,Hashim,Mutiara Enterprise,1988,"[""Malay""]",placeholder,covers/1988_Takdip_PLACEHOLDER.jpg
1521,Dakapan,Putera Rimba,Mastika Enterprais,1988,"[""Malay""]",placeholder,covers/1988_Dakapan_PLACEHOLDER.jpg
1522,Janda K.Lumpur,Zakaria Salleh,Marwilis Publisher & Distributors Sdn Bhd,1988,"[""Malay""]",placeholder,covers/1988_Janda_K.Lumpur_PLACEHOLDER.jpg
1523,Episod Terakhir,Nik Abdullah,Majaya Enterprise,1988,"[""Malay""]",placeholder,covers/1988_Episod_Terakhir_PLACEHOLDER.jpg
1524,Tidak Setulus Cinta,Nik Abdullah,Majaya Enterprise,1988,"[""Malay""]",placeholder,covers/1988_Tidak_Setulus_Cinta_PLACEHOLDER.jpg
1525,Terkena Nikmat,Nik Abdullah,Majaya Enterprise,1988,"[""Malay""]",placeholder,covers/1988_Terkena_Nikmat_PLACEHOLDER.jpg
1526,Sesuatu Tentang Seks Yang Anda Ingin Tahu,Helmy Halim Dan Al Firdausi,"Knight Publisher, (P.Knight)",1988,"[""Malay""]",placeholder,covers/1988_Sesuatu_Tentang_Seks_Yang_Anda_Ingin_Tahu_PLACEHOLDER.jpg
1527,Titik-Titik Putih,Hanafi,Cv Cypress,1988,"[""Malay""]",placeholder,covers/1988_Titik-Titik_Putih_PLACEHOLDER.jpg
1528,Kerana Cinta,Sam,Cv Cypress,1988,"[""Malay""]",placeholder,covers/1988_Kerana_Cinta_PLACEHOLDER.jpg
1529,Buaya,Yudhi Noor,Cv Cypress,1988,"[""Malay""]",placeholder,covers/1988_Buaya_PLACEHOLDER.jpg
1530,Bernoda,Nasir Awang,Aneka Enterprise,1988,"[""Malay""]",placeholder,covers/1988_Bernoda_PLACEHOLDER.jpg
1531,Malam Pertama,Mastris,Aneka Enterprise,1988,"[""Malay""]",placeholder,covers/1988_Malam_Pertama_PLACEHOLDER.jpg
1532,Godaan Iblis,Iza Shahrizad,Aneka Enterprise,1988,"[""Malay""]",placeholder,covers/1988_Godaan_Iblis_PLACEHOLDER.jpg
1533,Dilemma Sinona Gersang,Farah Effendy,Aneka Enterprise,1988,"[""Malay""]",placeholder,covers/1988_Dilemma_Sinona_Gersang_PLACEHOLDER.jpg
1534,Ganas,Iza Shahrizad,Aneka Enterprise,1988,"[""Malay""]",placeholder,covers/1988_Ganas_PLACEHOLDER.jpg
1535,The Torn Veil,Thelma Sangster,Marshalls Paperbaks,1988,"[""English""]",open_library,covers/1988_The_Torn_Veil.jpg
1536,Early Islam,Desmond Stewart,"Time-Life Books International, (Nederland) N.V.",1988,"[""English""]",placeholder,covers/1988_Early_Islam_PLACEHOLDER.jpg
1537,Islam - A Christian Perspective,Michael Nazir Ali,"The Westminster Press Philadelphia, Pennsylvania",1988,"[""English""]",placeholder,covers/1988_Islam_-_A_Christian_Perspective_PLACEHOLDER.jpg
1538,The Islamic World,Disunting Oleh William H.Mcneil Dan Marilyn Robinson Waldman,The University Of Chicago Press,1988,"[""English""]",placeholder,covers/1988_The_Islamic_World_PLACEHOLDER.jpg
1539,The Collection Of The Qur'an,John Burton,Syndics Of The Cambridge University Press,1988,"[""English""]",placeholder,covers/1988_The_Collection_Of_The_Qur'an_PLACEHOLDER.jpg
1540,Islam And Christian Witness,Martin Goldsmith,Send The Light (Operation Mobilisation),1988,"[""English""]",open_library,covers/1988_Islam_And_Christian_Witness.jpg
1541,Studies On Islam-A Simple Outline Of The Islamic Faith,Disusun Oleh Jack Budd,Red Sea Mission Team,1988,"[""English""]",placeholder,covers/1988_Studies_On_Islam-A_Simple_Outline_Of_The_Islamic_Faith_PLACEHOLDER.jpg
1542,Islam In The World,Malise Ruthven,"Penguin Books Ltd,",1988,"[""English""]",open_library,covers/1988_Islam_In_The_World.jpg
1543,Muhammad,Michael Cook,Oxford University Press,1988,"[""English""]",open_library_isbn,covers/1988_Muhammad.jpg
1544,Practical Lessons For Evangelism Among Muslims,Vivienne Stacey,Orientdienst Ev Wiesbaden Germany,1988,"[""English""]",placeholder,covers/1988_Practical_Lessons_For_Evangelism_Among_Muslims_PLACEHOLDER.jpg
1545,An Introduction To Islam,Frederick Mathewson Denny,Macmillan Pub. Company,1988,"[""English""]",open_library,covers/1988_An_Introduction_To_Islam.jpg
1546,Miracles & Metaphors,Mirza Abdul Fald- Terjemahan Dan Catatan Oleh Juan Ricardo Cole,Kalimat Press Los Angeles,1988,"[""English""]",placeholder,covers/1988_Miracles_&_Metaphors_PLACEHOLDER.jpg
1547,Understanding The Islamic Explosion,Bernard Palmer,Horizon House Publishers,1988,"[""English""]",placeholder,covers/1988_Understanding_The_Islamic_Explosion_PLACEHOLDER.jpg
1548,Your Muslim Guest,Uncle Bill,Fellowship Of Faith For Muslim,1988,"[""English""]",placeholder,covers/1988_Your_Muslim_Guest_PLACEHOLDER.jpg
1549,Muhammadan Festivals,G.E. Von Grunebaum,Curzon Press Ltd,1988,"[""English""]",placeholder,covers/1988_Muhammadan_Festivals_PLACEHOLDER.jpg
1550,Beyond The Mosque Christians Within Muslim Community,Phill Parshall,Baker Book House,1988,"[""English""]",placeholder,covers/1988_Beyond_The_Mosque_Christians_Within_Muslim_Community_PLACEHOLDER.jpg
1551,Aurad Muhammadiah Pegangan Darul Arqam Sekaligus Menjawab Tuduhan,Ustaz Hj. Ashaari Muhammad,Penerangan Arqam,1988,"[""Malay""]",placeholder,covers/1988_Aurad_Muhammadiah_Pegangan_Darul_Arqam_Sekaligus_Menjawab_Tuduhan_PLACEHOLDER.jpg
1552,Quran: The Final Scripture (Authorized English Version),,,1988,"[""English""]",placeholder,covers/1988_Quran_The_Final_Scripture_(Authorized_English_Version)_PLACEHOLDER.jpg
1553,Muzakarah Umno Dan Pas?,A. Ghani Ismail,Pustaka Islah Sdn. Bhd.,1988,"[""Malay""]",placeholder,covers/1988_Muzakarah_Umno_Dan_Pas_PLACEHOLDER.jpg
1554,Wanita Masyhur,,Yi Wan Cultural Publishing House,1988,"[""Chinese""]",placeholder,covers/1988_Wanita_Masyhur_PLACEHOLDER.jpg
1555,Gadis Thai,,Wei Da Publishing Ltd. Co.,1988,"[""Chinese""]",placeholder,covers/1988_Gadis_Thai_PLACEHOLDER.jpg
1556,Majalah Fantastik,,New Universe Manufacture Co.,1988,"[""Chinese""]",placeholder,covers/1988_Majalah_Fantastik_PLACEHOLDER.jpg
1557,Gadis Lacur,,New Century Publishing Ltd.Co.,1988,"[""Chinese""]",placeholder,covers/1988_Gadis_Lacur_PLACEHOLDER.jpg
1559,Teman Seks,,,1988,"[""Chinese""]",placeholder,covers/1988_Teman_Seks_PLACEHOLDER.jpg
1560,Perempuan Yang Gilakan Seks,,,1988,"[""Chinese""]",placeholder,covers/1988_Perempuan_Yang_Gilakan_Seks_PLACEHOLDER.jpg
1561,Bunga-Bunga Berkembang Di Musim Bunga,,,1988,"[""Chinese""]",placeholder,covers/1988_Bunga-Bunga_Berkembang_Di_Musim_Bunga_PLACEHOLDER.jpg
1562,Orang Yang Bermain Dengan Api,,,1988,"[""Chinese""]",placeholder,covers/1988_Orang_Yang_Bermain_Dengan_Api_PLACEHOLDER.jpg
1568,Kisah Cinta Saya Dengan Encik X,,Hong Kong News Publishing House,1988,"[""Chinese""]",placeholder,covers/1988_Kisah_Cinta_Saya_Dengan_Encik_X_PLACEHOLDER.jpg
1569,Gadis Yang Cantik,,Fei Huang Publishing Co. Ltd.,1988,"[""Chinese""]",placeholder,covers/1988_Gadis_Yang_Cantik_PLACEHOLDER.jpg
1570,"""Mengapa Ahmadiyah Mencabar Muis""",Mobarak Ahmad,,1987,"[""Malay""]",placeholder,covers/1987_Mengapa_Ahmadiyah_Mencabar_Muis_PLACEHOLDER.jpg
1571,In The Morning,,Syarikat Bagindo Baro 2,1987,"[""English""]",placeholder,covers/1987_In_The_Morning_PLACEHOLDER.jpg
1572,Minah,,Syarikat Bagindo Baro 2,1987,"[""Malay""]",placeholder,covers/1987_Minah_PLACEHOLDER.jpg
1573,Jangan Pegang Dik,,Syarikat Bagindo Baro 2,1987,"[""Malay""]",placeholder,covers/1987_Jangan_Pegang_Dik_PLACEHOLDER.jpg
1574,Es Lilin,,Syarikat Bagindo Baro 2,1987,"[""Malay""]",placeholder,covers/1987_Es_Lilin_PLACEHOLDER.jpg
1575,Buah Babuai,,Syarikat Bagindo Baro 2,1987,"[""Malay""]",placeholder,covers/1987_Buah_Babuai_PLACEHOLDER.jpg
1576,Tody Minum,,Syarikat Bagindo Baro 2,1987,"[""Malay""]",placeholder,covers/1987_Tody_Minum_PLACEHOLDER.jpg
1577,Mak We Ku,,Syarikat Bagindo Baro 2,1987,"[""Malay""]",placeholder,covers/1987_Mak_We_Ku_PLACEHOLDER.jpg
1578,Bengawan So Long,,Syarikat Bagindo Baro 2,1987,"[""Malay""]",placeholder,covers/1987_Bengawan_So_Long_PLACEHOLDER.jpg
1579,Menjawab Cabaran Buku Hadis Satu Penilaian Semula,,Persatuan Ulama Malaysia,1987,"[""Malay""]",placeholder,covers/1987_Menjawab_Cabaran_Buku_Hadis_Satu_Penilaian_Semula_PLACEHOLDER.jpg
1580,"Jawapan Kepada Buku ""Hadis Satu Penilaian Semula""",,"Fakulti Pengajian Islam, Universiti Kebangsaan Malaysia",1987,"[""Malay""]",placeholder,covers/1987_Jawapan_Kepada_Buku_Hadis_Satu_Penilaian_Semula_PLACEHOLDER.jpg
1581,Zaman Pancaroba,Kassim Ahmad,,1986,"[""Malay""]",placeholder,covers/1986_Zaman_Pancaroba_PLACEHOLDER.jpg
1582,Kecil-Kecil Lembu Jaga,,,1986,"[""Malay""]",placeholder,covers/1986_Kecil-Kecil_Lembu_Jaga_PLACEHOLDER.jpg
1583,Pergi Pasar Malam (She's A Lady),,,1986,"[""Malay""]",placeholder,covers/1986_Pergi_Pasar_Malam_(She's_A_Lady)_PLACEHOLDER.jpg
1584,Naik Kuda,,,1986,"[""Malay""]",placeholder,covers/1986_Naik_Kuda_PLACEHOLDER.jpg
1585,Nicole On Campus,Morgan St. Michel,The Berkley Publishing Group,1986,"[""English""]",placeholder,covers/1986_Nicole_On_Campus_PLACEHOLDER.jpg
1587,Hungry For Boys,Grace Miller,"Publisher's Consultants,",1986,"[""English""]",placeholder,covers/1986_Hungry_For_Boys_PLACEHOLDER.jpg
1589,Christina's World,Blakely St. James,Play Boy Paperbacks,1986,"[""English""]",open_library,covers/1986_Christina's_World.jpg
1590,Dog Fun For Daughter,Paul Galbe,"Oakmore Enterprises, Inc.,",1986,"[""English""]",placeholder,covers/1986_Dog_Fun_For_Daughter_PLACEHOLDER.jpg
1591,Hound-Loving Aunt,Paul Galbe,"Oakmore Enterprises, Inc.,",1986,"[""English""]",placeholder,covers/1986_Hound-Loving_Aunt_PLACEHOLDER.jpg
1593,Hound Loving Aunt,Paul Gable,Oakmore Enterprise Inc.,1986,"[""English""]",open_library,covers/1986_Hound_Loving_Aunt.jpg
1594,Arabella,Anonymous,"Grove Press Inc.,",1986,"[""English""]",open_library,covers/1986_Arabella.jpg
1595,The Sign Of The Scorpion,,"Grove Press Inc.,",1986,"[""English""]",placeholder,covers/1986_The_Sign_Of_The_Scorpion_PLACEHOLDER.jpg
1598,Leave 'Em Lusting,Elsie Dorn,"Beeline Classics Carlyle Communication Inc., New York",1986,"[""English""]",placeholder,covers/1986_Leave_'Em_Lusting_PLACEHOLDER.jpg
1599,Leave Em Lusting,Elsie Dorn,Beeline Classics Carlyle Communication Inc,1986,"[""English""]",placeholder,covers/1986_Leave_Em_Lusting_PLACEHOLDER.jpg
1600,Animal Ordeals,Joseph Didion,"American Art Enterprises Inc.,",1986,"[""English""]",placeholder,covers/1986_Animal_Ordeals_PLACEHOLDER.jpg
1602,Voise Of The People,,,1986,"[""Malay"", ""English""]",placeholder,covers/1986_Voise_Of_The_People_PLACEHOLDER.jpg
1603,Hadis Satu Penilaian Semula,Kassim Ahmad,"Media Intelek Sdn. Bhd.,",1986,"[""Malay""]",placeholder,covers/1986_Hadis_Satu_Penilaian_Semula_PLACEHOLDER.jpg
1604,Hong Kong 86,,Xin Yi Cheng Publishing House,1986,"[""Chinese""]",placeholder,covers/1986_Hong_Kong_86_PLACEHOLDER.jpg
1605,Good Recomendation,,Wei Long Publishing House,1986,"[""Chinese""]",placeholder,covers/1986_Good_Recomendation_PLACEHOLDER.jpg
1606,Hello,,"Tian Li Co. Ltd.,",1986,"[""Chinese""]",placeholder,covers/1986_Hello_PLACEHOLDER.jpg
1607,Hong Kong 97,,Hong Kong Publishing House,1986,"[""Chinese""]",placeholder,covers/1986_Hong_Kong_97_PLACEHOLDER.jpg
1608,James Bond Magazine,,Grand Orient Ltd,1986,"[""Chinese""]",placeholder,covers/1986_James_Bond_Magazine_PLACEHOLDER.jpg
1609,More Magazine,,Big Dragon International Trading Co.,1986,"[""Chinese""]",placeholder,covers/1986_More_Magazine_PLACEHOLDER.jpg
1610,Richman Bi-Weekly,,Jing Man Di Publishing Organisation,1986,"[""Chinese""]",placeholder,covers/1986_Richman_Bi-Weekly_PLACEHOLDER.jpg
1611,Grandfather,,Jing Man Di Publishing Organisation,1986,"[""Chinese""]",placeholder,covers/1986_Grandfather_PLACEHOLDER.jpg
1612,Penthouse,,Yongder Hall Ltd.,1986,"[""Chinese""]",placeholder,covers/1986_Penthouse_PLACEHOLDER.jpg
1613,Confessions Of A Male Dancer,,Wei Wei Publishing House,1986,"[""Chinese""]",placeholder,covers/1986_Confessions_Of_A_Male_Dancer_PLACEHOLDER.jpg
1614,Report Of The Cherry,,Wei Wei Publishing House,1986,"[""Chinese""]",placeholder,covers/1986_Report_Of_The_Cherry_PLACEHOLDER.jpg
1615,Men And Women,,Penguin Publishing House,1986,"[""Chinese""]",placeholder,covers/1986_Men_And_Women_PLACEHOLDER.jpg
1616,Men's Own,,,1986,"[""Chinese""]",placeholder,covers/1986_Men's_Own_PLACEHOLDER.jpg
1617,Gold-Haired Pussy Cat,,,1986,"[""Chinese""]",placeholder,covers/1986_Gold-Haired_Pussy_Cat_PLACEHOLDER.jpg
1618,Butterflies And Beautiful Flowers,,,1986,"[""Chinese""]",placeholder,covers/1986_Butterflies_And_Beautiful_Flowers_PLACEHOLDER.jpg
1619,Pretty Girl And Romantic Boy,,,1986,"[""Chinese""]",placeholder,covers/1986_Pretty_Girl_And_Romantic_Boy_PLACEHOLDER.jpg
1620,Feeling Of A Young Girl,,,1986,"[""Chinese""]",placeholder,covers/1986_Feeling_Of_A_Young_Girl_PLACEHOLDER.jpg
1621,Men,,Manpoway Investment Ltd.,1986,"[""Chinese""]",placeholder,covers/1986_Men_PLACEHOLDER.jpg
1623,Think And Grow Rich,Napoleon Hill,Melvin Powers Wilshire Book Company,1985,"[""English""]",placeholder,covers/1985_Think_And_Grow_Rich_PLACEHOLDER.jpg
1624,"Syahed Di Tanjung Periok, Jakarta",Ustaz Abdul Qadir Djaelani,Gedong Gua,1985,"[""Indonesian""]",placeholder,"covers/1985_Syahed_Di_Tanjung_Periok,_Jakarta_PLACEHOLDER.jpg"
1625,"Syahed Ii Di Tanjung Periok, Indonesia",Ustaz Abdul Qadir Djaelani,Gedong Gua,1985,"[""Indonesian""]",placeholder,"covers/1985_Syahed_Ii_Di_Tanjung_Periok,_Indonesia_PLACEHOLDER.jpg"
1626,Penindasan Terhadap Iman Dan Islam Di Indonesia,Syarifin Moloko Sh.,Gedong Gua,1985,"[""Indonesian""]",placeholder,covers/1985_Penindasan_Terhadap_Iman_Dan_Islam_Di_Indonesia_PLACEHOLDER.jpg
1627,A Christian's Response To Islam,William M.Miller,"Tyndale House Publishers,Inc.",1985,"[""English""]",placeholder,covers/1985_A_Christian's_Response_To_Islam_PLACEHOLDER.jpg
1629,The Reluctant Model,Charles Evans,"De Luxx Editions,",1985,"[""English""]",placeholder,covers/1985_The_Reluctant_Model_PLACEHOLDER.jpg
1631,"Be Mine, Sexy Valentine",Patricia Knowlee,"Caryle Communications, Inc.",1985,"[""English""]",placeholder,"covers/1985_Be_Mine,_Sexy_Valentine_PLACEHOLDER.jpg"
1632,"Be Mine,Sexy Valentine",Patricia Knowlee,"Caryle Communications, Inc.",1985,"[""English""]",placeholder,"covers/1985_Be_Mine,Sexy_Valentine_PLACEHOLDER.jpg"
1633,Seks Dan Kesihatan,Sulaiman Masri,"Tra-Tra Publishing & Trading Co.,",1985,"[""Malay""]",placeholder,covers/1985_Seks_Dan_Kesihatan_PLACEHOLDER.jpg
1634,Teori & Praktikal Sek,Robert Hamly,"Pustaka Muda, Ipoh",1985,"[""Malay""]",placeholder,covers/1985_Teori_&_Praktikal_Sek_PLACEHOLDER.jpg
1635,Ragam Sekkeliling Dunia,S.A.Musanif,Penerbit Hmba Marang,1985,"[""Malay""]",placeholder,covers/1985_Ragam_Sekkeliling_Dunia_PLACEHOLDER.jpg
1636,Rahsia Hati,,,1985,"[""Malay""]",placeholder,covers/1985_Rahsia_Hati_PLACEHOLDER.jpg
1637,Penyerahan,Farah Effendy,Mastika Enterprise,1985,"[""Malay""]",placeholder,covers/1985_Penyerahan_PLACEHOLDER.jpg
1638,Malam Pertama Yatie Estella,Mastris,Majaya Enterprise,1985,"[""Malay""]",placeholder,covers/1985_Malam_Pertama_Yatie_Estella_PLACEHOLDER.jpg
1639,Dilemma Si Mona Gersang,Iza Shahrizad,"Knight Publisher, (P.Knight)",1985,"[""Malay""]",placeholder,covers/1985_Dilemma_Si_Mona_Gersang_PLACEHOLDER.jpg
1640,Senja Di Lombong Sepi,Iza Shahrizad,"Knight Publisher, (P.Knight)",1985,"[""Malay""]",placeholder,covers/1985_Senja_Di_Lombong_Sepi_PLACEHOLDER.jpg
1641,Burung-Burung Dikabus Senja,Iza Shahrizad,"Knight Publisher, (P.Knight)",1985,"[""Malay""]",placeholder,covers/1985_Burung-Burung_Dikabus_Senja_PLACEHOLDER.jpg
1642,Rosita Gadis Hartawan,Sidang Pengarang Knight Publisher,"Knight Publisher, (P.Knight)",1985,"[""Malay""]",placeholder,covers/1985_Rosita_Gadis_Hartawan_PLACEHOLDER.jpg
1643,Buah Hati Kekasih Orang,Sdri Aneez-H.M.,"Knight Publisher, (P.Knight)",1985,"[""Malay""]",placeholder,covers/1985_Buah_Hati_Kekasih_Orang_PLACEHOLDER.jpg
1644,Kuala Lumpur Makin Panas,Mahmud Mahyudin,"Knight Publisher, (P.Knight)",1985,"[""Malay""]",placeholder,covers/1985_Kuala_Lumpur_Makin_Panas_PLACEHOLDER.jpg
1645,Malam Masih Panjang,Ms,Knight Publisher (P.Knight),1985,"[""Malay""]",placeholder,covers/1985_Malam_Masih_Panjang_PLACEHOLDER.jpg
1646,Ku Petik Kuntum-Kuntum Bunga Suci,Jabiya Jaya,Knight Publisher (P.Knight),1985,"[""Malay""]",placeholder,covers/1985_Ku_Petik_Kuntum-Kuntum_Bunga_Suci_PLACEHOLDER.jpg
1647,Dilema Si Mona Gersang,Iza Sharizat,Knight Publisher (P.Knight),1985,"[""Malay""]",placeholder,covers/1985_Dilema_Si_Mona_Gersang_PLACEHOLDER.jpg
1649,Burung- Burung Dikabus Senja,Iza Sharizat,Knight Publisher (P.Knight),1985,"[""Malay""]",placeholder,covers/1985_Burung-_Burung_Dikabus_Senja_PLACEHOLDER.jpg
1650,Disebalik Tabir Perkahwinan,Helmi Halim,Knight Publisher,1985,"[""Malay""]",placeholder,covers/1985_Disebalik_Tabir_Perkahwinan_PLACEHOLDER.jpg
1651,Kemusykilan Seks (150 Soalan & Jawapan),Helmy Halim,Knight Publisher,1985,"[""Malay""]",placeholder,covers/1985_Kemusykilan_Seks_(150_Soalan_&_Jawapan)_PLACEHOLDER.jpg
1652,Seksologi,Helmy Halim,Knight Publisher,1985,"[""Malay""]",placeholder,covers/1985_Seksologi_PLACEHOLDER.jpg
1654,Kepuasan Rumah Tangga,Azizan Ahmad,"Almeejan Trading Co.,",1985,"[""Malay""]",placeholder,covers/1985_Kepuasan_Rumah_Tangga_PLACEHOLDER.jpg
1655,Fire Unicorn,,Huo Oi Ling Magazine Publishing House,1985,"[""Chinese""]",placeholder,covers/1985_Fire_Unicorn_PLACEHOLDER.jpg
1656,Youth,,Chong Chin Magazine Publishing House,1985,"[""Chinese""]",placeholder,covers/1985_Youth_PLACEHOLDER.jpg
1657,Chan Yan Ni Talking And Singing),Cahan Yan Ni,,1985,"[""Chinese""]",placeholder,covers/1985_Chan_Yan_Ni_Talking_And_Singing)_PLACEHOLDER.jpg
1658,Comedy Drama,Chandran Babu & Party,,1985,"[""Tamil""]",placeholder,covers/1985_Comedy_Drama_PLACEHOLDER.jpg
1659,Musical Comedy Drama,Chandran Babu,,1985,"[""Tamil""]",placeholder,covers/1985_Musical_Comedy_Drama_PLACEHOLDER.jpg
1660,Tamil Comedy,M.R.Chandran Babu & L.R.Anjali,,1985,"[""Tamil""]",placeholder,covers/1985_Tamil_Comedy_PLACEHOLDER.jpg
1661,Untuk Mereka Yang Berkorban Di Sri Langka Bagi Tamil Eelam: Majalah Tanda Penghargaan,,,1985,"[""Tamil""]",placeholder,covers/1985_Untuk_Mereka_Yang_Berkorban_Di_Sri_Langka_Bagi_Tamil_Eelam_Majalah_Tanda_Penghargaan_PLACEHOLDER.jpg
1662,Lagu-Lagu Li Qiu Xia) 1984,Li Qiu Xia,,1985,"[""Chinese""]",placeholder,covers/1985_Lagu-Lagu_Li_Qiu_Xia)_1984_PLACEHOLDER.jpg
1663,Lagu-Lagu Li Qiu Xia Jilid 2,Li Qiu Xia,,1985,"[""Chinese""]",placeholder,covers/1985_Lagu-Lagu_Li_Qiu_Xia_Jilid_2_PLACEHOLDER.jpg
1664,Asrama Putri,Bangau Putih,Ts Enterprise,1985,"[""Malay""]",placeholder,covers/1985_Asrama_Putri_PLACEHOLDER.jpg
1665,Sudah Suratan,Bangau Putih,Ts Enterprise,1985,"[""Malay""]",placeholder,covers/1985_Sudah_Suratan_PLACEHOLDER.jpg
1666,Tercapainya Sebuah Impian,Mahmud Mahyudin,Knight Publisher,1985,"[""Malay""]",placeholder,covers/1985_Tercapainya_Sebuah_Impian_PLACEHOLDER.jpg
1667,Sketches From Church History,S.M. Houghton,The Banner Of Truth,1985,"[""English""]",placeholder,covers/1985_Sketches_From_Church_History_PLACEHOLDER.jpg
1668,Pas Masuk Lubuk Merbau,Subky Latif,Penerbitan Gedung Gua,1985,"[""Malay""]",placeholder,covers/1985_Pas_Masuk_Lubuk_Merbau_PLACEHOLDER.jpg
1670,Syahid Ii Lubuk Merbau,Haji Suhsimi Said,Gedung Gua,1985,"[""Malay""]",placeholder,covers/1985_Syahid_Ii_Lubuk_Merbau_PLACEHOLDER.jpg
1671,Spirit World Speaks Where Is His Majesty The King The Sixth Ruler Of Malaysia,Clara Christina Matthews Amanuensis,,1985,"[""English""]",placeholder,covers/1985_Spirit_World_Speaks_Where_Is_His_Majesty_The_King_The_Sixth_Ruler_Of_Malaysia_PLACEHOLDER.jpg
1672,Spirit World Speaks-Where Is His Majesty The King The Sixth Ruler Of Malaysia,,Clara Christina Matthews Amanuensis,1985,"[""English""]",placeholder,covers/1985_Spirit_World_Speaks-Where_Is_His_Majesty_The_King_The_Sixth_Ruler_Of_Malaysia_PLACEHOLDER.jpg
1673,Analisa Mengenai Dasar Pergerakan Perubahan Demokrasi Malaysia,Luo Zheng Wen,"Malaysian News Magazine, Taipei, Taiwan",1985,"[""Chinese""]",placeholder,covers/1985_Analisa_Mengenai_Dasar_Pergerakan_Perubahan_Demokrasi_Malaysia_PLACEHOLDER.jpg
1674,Dari Dilema Melayu Ke Dilema Cina,Luo Zheng Wen,Malaysian News Magazine,1985,"[""Chinese""]",placeholder,covers/1985_Dari_Dilema_Melayu_Ke_Dilema_Cina_PLACEHOLDER.jpg
1675,Imperialism-No! Democracy-Yes! Student Movements In The Asean Region,,Institut For Social Analysis (Insan),1985,"[""English""]",placeholder,covers/1985_Imperialism-No!_Democracy-Yes!_Student_Movements_In_The_Asean_Region_PLACEHOLDER.jpg
1676,"Risalah Bertajuk ""Barisan Bersatu Keadilan Masyarakat Malaya: 8 Perkara Penting Untuk Pembelaan""",,,1984,"[""Chinese""]",placeholder,covers/1984_Risalah_Bertajuk_Barisan_Bersatu_Keadilan_Masyarakat_Malaya_8_Perkara_Penting_Untuk_Pembelaan_PLACEHOLDER.jpg
1677,"Risalah Bertajuk ""We Are The Brown Indians""",,,1984,"[""English""]",placeholder,covers/1984_Risalah_Bertajuk_We_Are_The_Brown_Indians_PLACEHOLDER.jpg
1678,"Risalah Bertajuk ""Perang Yang Dipaksa""",,,1984,"[""Malay""]",placeholder,covers/1984_Risalah_Bertajuk_Perang_Yang_Dipaksa_PLACEHOLDER.jpg
1679,"Risalah Bertajuk ""Pakatan Jahat Kuasa-Kuasa Besar Terhadap Islam-Imam Khomeini""",,,1984,"[""Malay""]",placeholder,covers/1984_Risalah_Bertajuk_Pakatan_Jahat_Kuasa-Kuasa_Besar_Terhadap_Islam-Imam_Khomeini_PLACEHOLDER.jpg
1680,Melaung Dan Mengaum,Ye Rui Hua,Pustaka Tanah Merah,1984,"[""Chinese""]",placeholder,covers/1984_Melaung_Dan_Mengaum_PLACEHOLDER.jpg
1681,The Discovery Magazine,,The Discovery Magazine Publishing Co,1984,"[""Chinese""]",placeholder,covers/1984_The_Discovery_Magazine_PLACEHOLDER.jpg
1682,The Fantasies Magazine,,Jockey Daily Co. Ltd,1984,"[""Chinese""]",placeholder,covers/1984_The_Fantasies_Magazine_PLACEHOLDER.jpg
1683,Yellow Book,,Hong Tian Publications Distribution Co.Ltd.,1984,"[""Chinese""]",placeholder,covers/1984_Yellow_Book_PLACEHOLDER.jpg
1684,The Adventure,,Growlong Co. Ltd,1984,"[""Chinese""]",placeholder,covers/1984_The_Adventure_PLACEHOLDER.jpg
1685,Green Cover Mystery Magazine,,Gao Shuang Co. Ltd.,1984,"[""Chinese""]",placeholder,covers/1984_Green_Cover_Mystery_Magazine_PLACEHOLDER.jpg
1686,My Curiosity,,Gao Shuang Co. Ltd,1984,"[""Chinese""]",placeholder,covers/1984_My_Curiosity_PLACEHOLDER.jpg
1687,Kekasihku Suaminya,Siti Zubaidah,"Utama Karya Sdn. Bhd.,",1984,"[""Malay""]",placeholder,covers/1984_Kekasihku_Suaminya_PLACEHOLDER.jpg
1688,Ghairah,Sabar Bohari,"Tra-Tra Publishing Malaysia & Trading Co.,",1984,"[""Malay""]",placeholder,covers/1984_Ghairah_PLACEHOLDER.jpg
1689,Si Manis Tiga Puluh,S.Iskandar,"Tra-Tra Publishing & Trading Sdn. Bhd.,",1984,"[""Malay""]",placeholder,covers/1984_Si_Manis_Tiga_Puluh_PLACEHOLDER.jpg
1690,Tuty Sentiasa Menanti,Mohd. Farady,Sbc Distribution Malaysia,1984,"[""Malay""]",placeholder,covers/1984_Tuty_Sentiasa_Menanti_PLACEHOLDER.jpg
1691,Kisah Malam Pertama,Salim Ali,Pustaka Suryabana Malaysia,1984,"[""Malay""]",placeholder,covers/1984_Kisah_Malam_Pertama_PLACEHOLDER.jpg
1692,Di Pangkuan Dara,Salim Ali,Pustaka Suryabana Malaysia,1984,"[""Malay""]",placeholder,covers/1984_Di_Pangkuan_Dara_PLACEHOLDER.jpg
1693,Miss X,Nik Abdullah,Pustaka Maju,1984,"[""Malay""]",placeholder,covers/1984_Miss_X_PLACEHOLDER.jpg
1694,Nafsu Syaitan,Nik Abdullah,Pustaka Maju,1984,"[""Malay""]",placeholder,covers/1984_Nafsu_Syaitan_PLACEHOLDER.jpg
1695,Kisah Orang Kuala Lumpur 2,Zahari Affandi,Penerbitan Pujangga,1984,"[""Malay""]",placeholder,covers/1984_Kisah_Orang_Kuala_Lumpur_2_PLACEHOLDER.jpg
1696,Sofia,Yahya Samah,"Penerbitan Pena Sdn. Bhd.,",1984,"[""Malay""]",placeholder,covers/1984_Sofia_PLACEHOLDER.jpg
1697,Runtuh,Malek A.R.,Penerbitan Knight Malaysia,1984,"[""Malay""]",placeholder,covers/1984_Runtuh_PLACEHOLDER.jpg
1698,Dara Yang Janda Di Malam Pengantin,Mahani,Penerbitan Knight Malaysia,1984,"[""Malay""]",placeholder,covers/1984_Dara_Yang_Janda_Di_Malam_Pengantin_PLACEHOLDER.jpg
1699,Membasahi Bibir Yang Kering,Juwita,Mulya Utama Enterprise,1984,"[""Malay""]",placeholder,covers/1984_Membasahi_Bibir_Yang_Kering_PLACEHOLDER.jpg
1700,Dara Yang Tiada Dara,Malik A.R,Mulya Utama Enterprise,1984,"[""Malay""]",placeholder,covers/1984_Dara_Yang_Tiada_Dara_PLACEHOLDER.jpg
1701,Kembalinya Mona Gersang,Mahmud Mahyudin,Media Massa Komunikasi,1984,"[""Malay""]",placeholder,covers/1984_Kembalinya_Mona_Gersang_PLACEHOLDER.jpg
1702,Puan Rukiah Bersuami Dua,Penajaya,Malik Agency,1984,"[""Malay""]",placeholder,covers/1984_Puan_Rukiah_Bersuami_Dua_PLACEHOLDER.jpg
1703,Legenda Si Mona Gersang,Mahmud Mahyudin,Knight Publisher,1984,"[""Malay""]",placeholder,covers/1984_Legenda_Si_Mona_Gersang_PLACEHOLDER.jpg
1704,Kuala Lumpur Makin Panas-Dilema Seorang Janda,Mahmud Mahyudin,Knight Publisher,1984,"[""Malay""]",placeholder,covers/1984_Kuala_Lumpur_Makin_Panas-Dilema_Seorang_Janda_PLACEHOLDER.jpg
1705,Korban Cinta Palsu,Iza Sharizad,Knight Publisher,1984,"[""Malay""]",placeholder,covers/1984_Korban_Cinta_Palsu_PLACEHOLDER.jpg
1706,Musnah,Hasnol Rahman,Knight Publisher,1984,"[""Malay""]",placeholder,covers/1984_Musnah_PLACEHOLDER.jpg
1707,Gara-Gara Pita Video,M.S,Knight Publisher,1984,"[""Malay""]",placeholder,covers/1984_Gara-Gara_Pita_Video_PLACEHOLDER.jpg
1708,Problem Seks Anda,Azizan Ahmad,"Kayell Book Co.,",1984,"[""Malay""]",placeholder,covers/1984_Problem_Seks_Anda_PLACEHOLDER.jpg
1709,Mona Gersang,Mahmud Mahyudin,Elnada Production,1984,"[""Malay""]",placeholder,covers/1984_Mona_Gersang_PLACEHOLDER.jpg
1710,Terbang Bebas Hinggap Tak Berkaki,Mahmud Mahyudin,El Nada Productions,1984,"[""Malay""]",placeholder,covers/1984_Terbang_Bebas_Hinggap_Tak_Berkaki_PLACEHOLDER.jpg
1711,"""Nadi Insan"" Bulan Disember 1982",,Institut Analisa Sosial (Insan),1983,"[""Malay""]",placeholder,covers/1983_Nadi_Insan_Bulan_Disember_1982_PLACEHOLDER.jpg
1712,Perjanjian Baru,,Lembaga Alkitab Indonesia,1983,"[""Indonesian""]",placeholder,covers/1983_Perjanjian_Baru_PLACEHOLDER.jpg
1713,Kalam Hidup,,Kalam Hidup (Kemah Injil Gereja Masehi Indonesia) Ji,1983,"[""Indonesian""]",placeholder,covers/1983_Kalam_Hidup_PLACEHOLDER.jpg
1714,"Suratan Yang Mengandungi Ayat-Ayat Suci Al-Quran Bersama-Sama Dengan, Atau Dimana Di Belakangnya Terdapat Gambar-Gambar Binatang-Binatang Atau Benda-Benda Yang Dihina Atau Yang Dianggap Najis Di Dalam",,,1983,,placeholder,"covers/1983_Suratan_Yang_Mengandungi_Ayat-Ayat_Suci_Al-Quran_Bersama-Sama_Dengan,_Atau_Dimana_Di_Belakangnya_Ter_PLACEHOLDER.jpg"
1715,"""Nadi Insan"" Bil. 51 Bulan Julai 1983",,Institut Analisa Sosial (Insan),1983,"[""Malay""]",placeholder,covers/1983_Nadi_Insan_Bil._51_Bulan_Julai_1983_PLACEHOLDER.jpg
1716,An Abnormal Beauty,Sia Fei,Amusement Publishing House,1983,"[""Chinese""]",placeholder,covers/1983_An_Abnormal_Beauty_PLACEHOLDER.jpg
1717,Soft And Gentle Land,Sia Fei,Amusement Publishing House,1983,"[""Chinese""]",placeholder,covers/1983_Soft_And_Gentle_Land_PLACEHOLDER.jpg
1718,Arousing The Lustful Heart,Sia Fei,Amusement Publishing House,1983,"[""Chinese""]",placeholder,covers/1983_Arousing_The_Lustful_Heart_PLACEHOLDER.jpg
1719,Vying For Love,Sia Fei,Amusement Publishing House,1983,"[""Chinese""]",placeholder,covers/1983_Vying_For_Love_PLACEHOLDER.jpg
1720,Have Concubine But No Wife,Sia Fei,Amusement Publishing House,1983,"[""Chinese""]",placeholder,covers/1983_Have_Concubine_But_No_Wife_PLACEHOLDER.jpg
1721,Fond Memories,Sia Fei,Amusement Publishing House,1983,"[""Chinese""]",placeholder,covers/1983_Fond_Memories_PLACEHOLDER.jpg
1722,"Risalah Bertajuk ""Malaysia Negara Rakyat China-Anggota Dap Seluruh Cawangan Perak""",,,1982,"[""Malay""]",placeholder,covers/1982_Risalah_Bertajuk_Malaysia_Negara_Rakyat_China-Anggota_Dap_Seluruh_Cawangan_Perak_PLACEHOLDER.jpg
1723,Soal Jawab Tentang Berbagai Masaalah Ugama,"A.Hassan, Mohd. Ma`Sum, H.Mahmud Aziz, Abd. Kadir Hassan Dan Haji Yunan Hasyim",C.V. Diponegoro Bandung,1982,,placeholder,covers/1982_Soal_Jawab_Tentang_Berbagai_Masaalah_Ugama_PLACEHOLDER.jpg
1724,** Seruan Keadilan (Dan Sebarang Terjemahannya),,Pejabat Suara Keadilan,1982,"[""Malay""]",placeholder,covers/1982_Seruan_Keadilan_(Dan_Sebarang_Terjemahannya)_PLACEHOLDER.jpg
1725,"Risalah Bertajuk ""Bersatulah Kamu China""",Dr Ng Sang,,1982,"[""Malay""]",placeholder,covers/1982_Risalah_Bertajuk_Bersatulah_Kamu_China_PLACEHOLDER.jpg
1726,Suara Demokrasi,,,1982,"[""Malay""]",placeholder,covers/1982_Suara_Demokrasi_PLACEHOLDER.jpg
1727,Hancurkan Komplot Bn Yang Hendak Menarik Balik Pas Ke Dalam Bn,,Kelab Pembelajaran Patriotik,1982,"[""Malay""]",placeholder,covers/1982_Hancurkan_Komplot_Bn_Yang_Hendak_Menarik_Balik_Pas_Ke_Dalam_Bn_PLACEHOLDER.jpg
1728,3R The Dilemma Of The Non Malay Students,V. David,,1982,"[""English""]",placeholder,covers/1982_3R_The_Dilemma_Of_The_Non_Malay_Students_PLACEHOLDER.jpg
1729,Alkitab,,Lembaga Alkitab Indonesia Jakarta 1979,1982,"[""Indonesian""]",placeholder,covers/1982_Alkitab_PLACEHOLDER.jpg
1730,The Heroes,Wong Yuk Long,"Yuk Long Books Co. Ltd.,",1982,"[""Chinese""]",placeholder,covers/1982_The_Heroes_PLACEHOLDER.jpg
1731,Drunken Fist,Wong Yuk Long,"Yuk Long Books Co. Ltd.,",1982,"[""Chinese""]",placeholder,covers/1982_Drunken_Fist_PLACEHOLDER.jpg
1732,Biography Of The Wild Wolf,,"Yuk Long Books Co. Ltd.,",1982,"[""Chinese""]",placeholder,covers/1982_Biography_Of_The_Wild_Wolf_PLACEHOLDER.jpg
1733,The Buddha's Palm,Wong Yuk Long,"Yuk Long Books Co. Ltd.,",1982,"[""Chinese""]",placeholder,covers/1982_The_Buddha's_Palm_PLACEHOLDER.jpg
1734,The Tai-Chi Sect,,"Yuk Long Books Co. Ltd.,",1982,"[""Chinese""]",placeholder,covers/1982_The_Tai-Chi_Sect_PLACEHOLDER.jpg
1735,Bruce Lee,,"Hee Poh Publishing Co.,",1982,"[""Chinese""]",placeholder,covers/1982_Bruce_Lee_PLACEHOLDER.jpg
1736,Whirl Wind,,"Princess Books Co.,",1982,"[""Chinese""]",placeholder,covers/1982_Whirl_Wind_PLACEHOLDER.jpg
1737,Little Eagle,,"Princess Books Co.,",1982,"[""Chinese""]",placeholder,covers/1982_Little_Eagle_PLACEHOLDER.jpg
1738,Young Bar Girl,,"Princess Books Co.,",1982,"[""Chinese""]",placeholder,covers/1982_Young_Bar_Girl_PLACEHOLDER.jpg
1739,Strong Mantis,,"Princess Books Co.,",1982,"[""Chinese""]",placeholder,covers/1982_Strong_Mantis_PLACEHOLDER.jpg
1740,The Chairman's Message To The Bangsa Moro People For Unity,,Bangsa Moro Liberation Organisation,1982,"[""English""]",placeholder,covers/1982_The_Chairman's_Message_To_The_Bangsa_Moro_People_For_Unity_PLACEHOLDER.jpg
1741,"Risalah Bertajuk ""Trojan Donkeys In Malaysia""",Fan Yew Teng,,1981,"[""English""]",placeholder,covers/1981_Risalah_Bertajuk_Trojan_Donkeys_In_Malaysia_PLACEHOLDER.jpg
1742,Siapa Yang Suka Akan Gelap,,,1981,"[""Malay""]",placeholder,covers/1981_Siapa_Yang_Suka_Akan_Gelap_PLACEHOLDER.jpg
1743,Hidup Yang Sungguh Bererti Bagi Saudara,,,1981,"[""Malay""]",placeholder,covers/1981_Hidup_Yang_Sungguh_Bererti_Bagi_Saudara_PLACEHOLDER.jpg
1744,Saksi Yang Setia,,,1981,"[""Malay""]",placeholder,covers/1981_Saksi_Yang_Setia_PLACEHOLDER.jpg
1745,Malaysia Negara Rakyat China.Anggota Dap Selurohnya,,,1981,"[""Malay""]",placeholder,covers/1981_Malaysia_Negara_Rakyat_China.Anggota_Dap_Selurohnya_PLACEHOLDER.jpg
1746,Malaysia Negara China,,,1981,"[""Malay""]",placeholder,covers/1981_Malaysia_Negara_China_PLACEHOLDER.jpg
1747,Manusia Bertanya Tuhan Allah Menjawab,,,1981,"[""Malay""]",placeholder,covers/1981_Manusia_Bertanya_Tuhan_Allah_Menjawab_PLACEHOLDER.jpg
1748,"""Remberance Of The Youth Movement""",,China Youth Publisher,1981,"[""Chinese""]",placeholder,covers/1981_Remberance_Of_The_Youth_Movement_PLACEHOLDER.jpg
1749,Lembahnya Nan Gersang,,Media Massa Komunikasi,1981,"[""Malay""]",placeholder,covers/1981_Lembahnya_Nan_Gersang_PLACEHOLDER.jpg
1750,Miang,L.Mankadir Shamsi,Malek News Agency,1981,"[""Malay""]",placeholder,covers/1981_Miang_PLACEHOLDER.jpg
1751,Gian,L.Mankadir Shamsi,Malek News Agency,1981,"[""Malay""]",placeholder,covers/1981_Gian_PLACEHOLDER.jpg
1752,"Risalah Bertajuk ""Vox Populi-United We Liberate""",,,1981,"[""English""]",placeholder,covers/1981_Risalah_Bertajuk_Vox_Populi-United_We_Liberate_PLACEHOLDER.jpg
1753,"""Terang Boelan""",,,1981,"[""Malay""]",placeholder,covers/1981_Terang_Boelan_PLACEHOLDER.jpg
1754,"Risalah Bertajuk ""Jawatankuasa Berhubung Tanahair Benua Besar China-Cawangan Malaysia""",,,1981,"[""Chinese""]",placeholder,covers/1981_Risalah_Bertajuk_Jawatankuasa_Berhubung_Tanahair_Benua_Besar_China-Cawangan_Malaysia_PLACEHOLDER.jpg
1755,"""Dr Mahathir The Offensive And Oninious Prime Minister Of Malaysia""",Dr Chin Ah Hock,,1981,"[""English""]",placeholder,covers/1981_Dr_Mahathir_The_Offensive_And_Oninious_Prime_Minister_Of_Malaysia_PLACEHOLDER.jpg
1756,"""Surat-Surat Dari Langit""",Ayatolla Malaysia,,1980,"[""Malay""]",placeholder,covers/1980_Surat-Surat_Dari_Langit_PLACEHOLDER.jpg
1757,Some Articles On Striving For Marxism Leninism In Australia,,,1980,"[""English""]",placeholder,covers/1980_Some_Articles_On_Striving_For_Marxism_Leninism_In_Australia_PLACEHOLDER.jpg
1758,Confucius 'Sage' Of The Reactionary Classes'',,Foreign Languages Press China,1980,"[""English""]",placeholder,covers/1980_Confucius_'Sage'_Of_The_Reactionary_Classes''_PLACEHOLDER.jpg
1759,Mine Walfare'',,Foreign Languages Press China,1980,"[""English""]",placeholder,covers/1980_Mine_Walfare''_PLACEHOLDER.jpg
1760,"1.1 ""Mahathir-Menyalahgunakan Kuasa"" 1.2 ""Mahathir-Mengkhianati Bumiputra"" 1.3 Mahathir-Anti Dakwah-Anti Islam"" 1.4 ""Mahathir-Perlaku Teknik Kotor""",,,1980,,placeholder,covers/1980_1.1_Mahathir-Menyalahgunakan_Kuasa_1.2_Mahathir-Mengkhianati_Bumiputra_1.3_Mahathir-Anti_Dakwah-Anti_PLACEHOLDER.jpg
1761,How We Won The War,General Vo Nguyen Giap,,1980,"[""English""]",placeholder,covers/1980_How_We_Won_The_War_PLACEHOLDER.jpg
1762,Karl Marx's Theory Of Revolution Part I,Hal Draper,,1980,"[""English""]",placeholder,covers/1980_Karl_Marx's_Theory_Of_Revolution_Part_I_PLACEHOLDER.jpg
1763,China The People's Republic 1949-1976,Jean Chesneaux,,1980,"[""English""]",placeholder,covers/1980_China_The_People's_Republic_1949-1976_PLACEHOLDER.jpg
1764,Why Marxism,Rpbert G. Wesson,,1980,"[""English""]",placeholder,covers/1980_Why_Marxism_PLACEHOLDER.jpg
1765,"Risalah Yang Bertajuk ""Penekanan Terhadap Gerakan Islam""",,,1980,,placeholder,covers/1980_Risalah_Yang_Bertajuk_Penekanan_Terhadap_Gerakan_Islam_PLACEHOLDER.jpg
1766,** Ancaman Komunisma Di Malaysia,,,1980,"[""Malay""]",placeholder,covers/1980_Ancaman_Komunisma_Di_Malaysia_PLACEHOLDER.jpg
1767,"Risalah Yang Bertajuk ""Ancaman Komunisma Di Malaysia""",,,1980,,placeholder,covers/1980_Risalah_Yang_Bertajuk_Ancaman_Komunisma_Di_Malaysia_PLACEHOLDER.jpg
1768,Islam Pugattumpunitham,Karthigesu Swamigal,,1980,"[""Malay""]",placeholder,covers/1980_Islam_Pugattumpunitham_PLACEHOLDER.jpg
1769,"Risalah Bertajuk ""Pendedahan Rahsia Besar Kapada Masyarakat Malaysia (786)""",Abdul Qahhar,,1980,"[""Malay""]",placeholder,covers/1980_Risalah_Bertajuk_Pendedahan_Rahsia_Besar_Kapada_Masyarakat_Malaysia_(786)_PLACEHOLDER.jpg
1770,** Pendedahan Rahsia Besar Kepada Masyarakat Malaysia (786),Abdul Qahhar,,1980,"[""Malay""]",placeholder,covers/1980_Pendedahan_Rahsia_Besar_Kepada_Masyarakat_Malaysia_(786)_PLACEHOLDER.jpg
1771,"Artikel Bertajuk "" Islam Pugattum Punitham""",Karthigesu Swamigal,Tamil Malar,1980,"[""Tamil""]",placeholder,covers/1980_Artikel_Bertajuk_Islam_Pugattum_Punitham_PLACEHOLDER.jpg
1772,Report Of Amnesty International Mission To The Federation Of Malaysia 18 November 1978 (Including Its Appendixes),Amnesty International,Amnesty International,1979,"[""English""]",placeholder,covers/1979_Report_Of_Amnesty_International_Mission_To_The_Federation_Of_Malaysia_18_November_1978_(Including_It_PLACEHOLDER.jpg
1773,Exposing The Betrayers Of The Chinese Peoples,,Sapo Secretary General: Sze Tu Mei Tong,1979,"[""English"", ""Chinese""]",placeholder,covers/1979_Exposing_The_Betrayers_Of_The_Chinese_Peoples_PLACEHOLDER.jpg
1774,Misdeeds Of Tun Mustapha,Ed Hunter,Ed Hunter Enterprises Ltd.,1978,"[""English""]",placeholder,covers/1978_Misdeeds_Of_Tun_Mustapha_PLACEHOLDER.jpg
1775,Episodes In Sabah Politics,Ed Hunter,Ed Hunter Enterprises Ltd.,1978,"[""English""]",placeholder,covers/1978_Episodes_In_Sabah_Politics_PLACEHOLDER.jpg
1776,Peter J. Mojuntin The Golden Son Of The Kadazan,Bernard Sta Maria,,1978,"[""English""]",placeholder,covers/1978_Peter_J._Mojuntin_The_Golden_Son_Of_The_Kadazan_PLACEHOLDER.jpg
1777,"Suratan Bertajuk ""Chinese-Be Unuted""",Kirk Ng Seng,,1978,"[""English""]",placeholder,covers/1978_Suratan_Bertajuk_Chinese-Be_Unuted_PLACEHOLDER.jpg
1778,"Suratan Bertajuk ""M.I.C. Is Anti-Islam And A Threat To Religious Harmony""",,Concerned Indian Muslims,1978,"[""English""]",placeholder,covers/1978_Suratan_Bertajuk_M.I.C._Is_Anti-Islam_And_A_Threat_To_Religious_Harmony_PLACEHOLDER.jpg
1779,"Suratan Bertajuk ""Dr. Mahathir Dan Bukunya The Malay Dilemma' """,,,1978,"[""Malay""]",placeholder,covers/1978_Suratan_Bertajuk_Dr._Mahathir_Dan_Bukunya_The_Malay_Dilemma'_PLACEHOLDER.jpg
1780,"Suratan Bertajuk ""Mic Anti Islam""",,India Muslim Yang Insaf,1978,"[""Malay""]",placeholder,covers/1978_Suratan_Bertajuk_Mic_Anti_Islam_PLACEHOLDER.jpg
1781,"""Chinese Be United""",Kirk Ng Seng,,1978,"[""English""]",placeholder,covers/1978_Chinese_Be_United_PLACEHOLDER.jpg
1782,Majalah Dian Bulan September 1978,,Syarikat Dian Sdn Bhd,1978,"[""Malay""]",placeholder,covers/1978_Majalah_Dian_Bulan_September_1978_PLACEHOLDER.jpg
1783,The Message Of The Quran Oleh Hashim Amir-Ali,,Charles E. Tuttle Company,1977,"[""English""]",placeholder,covers/1977_The_Message_Of_The_Quran_Oleh_Hashim_Amir-Ali_PLACEHOLDER.jpg
1784,The Perspective (Keluaran No. 69 Bertarikh 16/2/1976),,Loong Men Cultural Enterprise Ltd. Co.,1977,"[""Chinese""]",placeholder,covers/1977_The_Perspective_(Keluaran_No._69_Bertarikh_16_2_1976)_PLACEHOLDER.jpg
1785,"""Sokong Dengan Hangat Perjuangan Kemerdekaan Rakyat Pattani"" Bertarikh 31Hb Disember 1975",Jawatankuasa Pusat Liga Belia Islam,,1977,"[""Malay"", ""English""]",placeholder,covers/1977_Sokong_Dengan_Hangat_Perjuangan_Kemerdekaan_Rakyat_Pattani_Bertarikh_31Hb_Disember_1975_PLACEHOLDER.jpg
1786,Rmk2 Dalam Kritikan! Rmk3 Dalam Penantian?,Ibrahim Ali,Persatuan Kebangsaan Pelajar-Pelajar Islam Malaysia (Pkpim),1977,"[""Malay""]",placeholder,covers/1977_Rmk2_Dalam_Kritikan!_Rmk3_Dalam_Penantian_PLACEHOLDER.jpg
1787,"Suratan Bertajuk ""Selingkar Kesah Politik Datuk Hussein Dan Peristiwa Dato' Harun""",Pemerhati Bangsa Melayu,,1977,"[""Malay""]",placeholder,covers/1977_Suratan_Bertajuk_Selingkar_Kesah_Politik_Datuk_Hussein_Dan_Peristiwa_Dato'_Harun_PLACEHOLDER.jpg
1788,"Suratan Bertajuk ""Berita Patani Menggugat"" Dan ""Mangsa Kekejaman Fasis Thai""",Barisan Nasional Pembebasan Patani,,1977,"[""Malay""]",placeholder,covers/1977_Suratan_Bertajuk_Berita_Patani_Menggugat_Dan_Mangsa_Kekejaman_Fasis_Thai_PLACEHOLDER.jpg
1789,"Suratan Bertajuk ""Umat Islam Perlu Perhebatkan Lagi Perjuangan Untuk Kebenaran Dan Keadilan"" Bertarikh 6 Oktober 1975",,,1977,"[""Malay""]",placeholder,covers/1977_Suratan_Bertajuk_Umat_Islam_Perlu_Perhebatkan_Lagi_Perjuangan_Untuk_Kebenaran_Dan_Keadilan_Bertarikh_PLACEHOLDER.jpg
1790,"""Suara Demokrasi""",Pelajar=Pelajar Demokratik Tanahair,,1977,"[""Malay""]",placeholder,covers/1977_Suara_Demokrasi_PLACEHOLDER.jpg
1791,** Mangsa Kekejaman Fasis Thai ( Barisan Nasional Pembebasan Patani),,,1977,"[""Malay""]",placeholder,covers/1977_Mangsa_Kekejaman_Fasis_Thai_(_Barisan_Nasional_Pembebasan_Patani)_PLACEHOLDER.jpg
1792,** Umat Islam Perlu Perhebatkan Lagi Perjuangan Untuk Kebenaran Dan Keadilan - 6/10/75,Jawatankuasa Pusat Liga Belia Islam,,1977,"[""Malay""]",placeholder,covers/1977_Umat_Islam_Perlu_Perhebatkan_Lagi_Perjuangan_Untuk_Kebenaran_Dan_Keadilan_-_6_10_75_PLACEHOLDER.jpg
1793,** Suluh Keadilan - Jadikan Hari Raya Sebagai Hari Mengorbankan Lagi Perjuangan Umat Islam - Disember 1975,,,1977,"[""Malay""]",placeholder,covers/1977_Suluh_Keadilan_-_Jadikan_Hari_Raya_Sebagai_Hari_Mengorbankan_Lagi_Perjuangan_Umat_Islam_-_Disember_1_PLACEHOLDER.jpg
1794,** Sokong Dengan Hangat Perjuangan Kemerdekaan Rakyat Pattani - Dated 31/12/75,Jawatankuasa Pusat Liga Belia Islam,,1977,"[""Malay""]",placeholder,covers/1977_Sokong_Dengan_Hangat_Perjuangan_Kemerdekaan_Rakyat_Pattani_-_Dated_31_12_75_PLACEHOLDER.jpg
1795,** Suara Demokrasi (Pelajar-Pelajar Demokratik Tanahair),,,1977,"[""Malay""]",placeholder,covers/1977_Suara_Demokrasi_(Pelajar-Pelajar_Demokratik_Tanahair)_PLACEHOLDER.jpg
1796,"""Suluh Keadilan-Jadikan Hari Raya Sebagai Hari Mengorbankan Lagi Perjuangan Umat Islam"" Bertarikh Disember 1975",,,1977,,placeholder,covers/1977_Suluh_Keadilan-Jadikan_Hari_Raya_Sebagai_Hari_Mengorbankan_Lagi_Perjuangan_Umat_Islam_Bertarikh_Dise_PLACEHOLDER.jpg
1797,A Brilliant Spectacle,,Bailey Record Co.,1977,"[""Chinese""]",placeholder,covers/1977_A_Brilliant_Spectacle_PLACEHOLDER.jpg
1798,Like Fish And Water,,Bailey Record Co.,1977,"[""Chinese""]",placeholder,covers/1977_Like_Fish_And_Water_PLACEHOLDER.jpg
1799,Shachiapang,,Bailey Record Co.,1977,"[""Chinese""]",placeholder,covers/1977_Shachiapang_PLACEHOLDER.jpg
1800,The Red Flower Of Tachai Blossoms Everywhere,,Bailey Record Co.,1977,"[""Chinese""]",placeholder,covers/1977_The_Red_Flower_Of_Tachai_Blossoms_Everywhere_PLACEHOLDER.jpg
1801,The Yellow River; The Red Lantern,,Bailey Record Co.,1977,"[""Chinese""]",placeholder,covers/1977_The_Yellow_River;_The_Red_Lantern_PLACEHOLDER.jpg
1802,I Love Peking's Tien An Men,,Bailey Record Co.,1977,,placeholder,covers/1977_I_Love_Peking's_Tien_An_Men_PLACEHOLDER.jpg
1803,Blood-Stained Rape,Siah Pei,Yee Lok Publishing Company,1977,"[""Chinese""]",placeholder,covers/1977_Blood-Stained_Rape_PLACEHOLDER.jpg
1804,Asian Student News (Termasuk Keluaran-Keluaran Yang Lalu Dan Yang Akan Datang),,Asian Student Association,1977,"[""English""]",placeholder,covers/1977_Asian_Student_News_(Termasuk_Keluaran-Keluaran_Yang_Lalu_Dan_Yang_Akan_Datang)_PLACEHOLDER.jpg
1805,"""Wide Angle"" 48 Bertarikh 16-9-76 (Termasuk Keluaran Yang Lalu Dan Yang Akan Datang)",,Wide Angle Publishing Agency,1977,"[""Chinese""]",placeholder,covers/1977_Wide_Angle_48_Bertarikh_16-9-76_(Termasuk_Keluaran_Yang_Lalu_Dan_Yang_Akan_Datang)_PLACEHOLDER.jpg
1806,"""Wide Angel""48 Bertarikh 16-9-76 (Termasuk Keluaran Yang Lalu Dan Akan Datang)",,Wide Angel Publishing Agency,1977,"[""Chinese""]",placeholder,covers/1977_Wide_Angel_48_Bertarikh_16-9-76_(Termasuk_Keluaran_Yang_Lalu_Dan_Akan_Datang)_PLACEHOLDER.jpg
1807,"""The Perspective""76 Bertarikh 16-9-76 (Termasuk Keluaran Yang Lalu Dan Akan Datang)",,Leong Man Culture Enterprise Co. Ltd.,1977,"[""Chinese""]",placeholder,covers/1977_The_Perspective_76_Bertarikh_16-9-76_(Termasuk_Keluaran_Yang_Lalu_Dan_Akan_Datang)_PLACEHOLDER.jpg
1808,"""The Perspective"" 76 Bertarikh 16-9-76 (Termasuk Keluaran Yang Lalu Dan Yang Akan Datang)",,"Leong Man Cultural Enterprise Co. Ltd. Kowloon, Hong Kong",1977,"[""Chinese""]",placeholder,covers/1977_The_Perspective_76_Bertarikh_16-9-76_(Termasuk_Keluaran_Yang_Lalu_Dan_Yang_Akan_Datang)_PLACEHOLDER.jpg
1809,Strange Encounter At Dance Party,Tang Sin,Sin Jin Kang Publishing Company,1977,"[""Chinese""]",placeholder,covers/1977_Strange_Encounter_At_Dance_Party_PLACEHOLDER.jpg
1810,Prodigal Son,Fei Fei,Sin Jin Kang Publishing Company,1977,"[""Chinese""]",placeholder,covers/1977_Prodigal_Son_PLACEHOLDER.jpg
1811,"Suratan Bertajuk ""Baca Dan Fikir Semasak-Masaknya""",,,1977,"[""Malay""]",placeholder,covers/1977_Suratan_Bertajuk_Baca_Dan_Fikir_Semasak-Masaknya_PLACEHOLDER.jpg
1812,** Baca Dan Fikir Semasak-Masaknya,,,1977,"[""Malay""]",placeholder,covers/1977_Baca_Dan_Fikir_Semasak-Masaknya_PLACEHOLDER.jpg
1813,"Suatu Suratan Bertajuk ""Di Manakah Demokrasi Dan Kedaulatan Undang-Undang""",Angkatan Melayu Sedar,,1976,"[""Malay""]",placeholder,covers/1976_Suatu_Suratan_Bertajuk_Di_Manakah_Demokrasi_Dan_Kedaulatan_Undang-Undang_PLACEHOLDER.jpg
1814,"** An Artcle Entitled ""On The Occasion Of 30Th Anniversary Of Foundation Of Worker's Party Of Korea Report Delivered By General Secretary Lim Ii Sung As Commenoration Of 30Th Founding Anniversary Of W",,,1976,,placeholder,covers/1976_An_Artcle_Entitled_On_The_Occasion_Of_30Th_Anniversary_Of_Foundation_Of_Worker's_Party_Of_Korea_Repo_PLACEHOLDER.jpg
1815,"Swiss Press Review And News Report Vol. Xvi No. 43 Bertarikh 27Hb Oktober, 1975",,"Independent Weekly Press Service,",1976,"[""English""]",placeholder,"covers/1976_Swiss_Press_Review_And_News_Report_Vol._Xvi_No._43_Bertarikh_27Hb_Oktober,_1975_PLACEHOLDER.jpg"
1816,Ten Poems And Lyrics By Mao Tse-Tung,,"University Of Massachusetts Press, Amherst 1975",1976,"[""English""]",placeholder,covers/1976_Ten_Poems_And_Lyrics_By_Mao_Tse-Tung_PLACEHOLDER.jpg
1817,"** New Year Address Of The Great Leader Comrade Kim Ii Sung, General Secretary Of The Central Committee Of The Korkers Party Of Korea And President Of The State Of The Democratic People's Republic Of",,,1976,"[""English""]",placeholder,"covers/1976_New_Year_Address_Of_The_Great_Leader_Comrade_Kim_Ii_Sung,_General_Secretary_Of_The_Central_Committee_PLACEHOLDER.jpg"
1818,Basic Knowledge On Military Science,,"People's Publishing Agency, Shanghai",1976,"[""Chinese""]",placeholder,covers/1976_Basic_Knowledge_On_Military_Science_PLACEHOLDER.jpg
1819,Mao Tse-Tung,,Akhbar Suria Sdn. Bhd.,1976,"[""Chinese""]",placeholder,covers/1976_Mao_Tse-Tung_PLACEHOLDER.jpg
1820,Mao Tse-Tung Passes Away,,East Wind Publishing Agency,1976,"[""Chinese""]",placeholder,covers/1976_Mao_Tse-Tung_Passes_Away_PLACEHOLDER.jpg
1821,Pictorial Magazine On The Death Of Chairman Mao Tse-Tung,,"East Wind Organisation Co., Hong Kong",1976,"[""Chinese""]",placeholder,covers/1976_Pictorial_Magazine_On_The_Death_Of_Chairman_Mao_Tse-Tung_PLACEHOLDER.jpg
1822,Kematian Mao-Tse-Tung,,Boon Fung Organising Co.,1976,"[""Chinese""]",placeholder,covers/1976_Kematian_Mao-Tse-Tung_PLACEHOLDER.jpg
1823,Soft Shoulders,John Denis,"Midwood Publications, Inc.",1975,"[""English""]",placeholder,covers/1975_Soft_Shoulders_PLACEHOLDER.jpg
1824,Cloud Nine,Roy L. Couch,"Midwood Publications, Inc.",1975,"[""English""]",placeholder,covers/1975_Cloud_Nine_PLACEHOLDER.jpg
1825,Rosa's Way,Joseph Arrowsmith,"Midwood Publications, Inc.",1975,"[""English""]",placeholder,covers/1975_Rosa's_Way_PLACEHOLDER.jpg
1826,Route 69,Chris Harrison,"Midwood Publications, Inc.",1975,"[""English""]",placeholder,covers/1975_Route_69_PLACEHOLDER.jpg
1827,Body Heat,Gerald Kramer,"Midwood Publications, Inc.",1975,"[""English""]",placeholder,covers/1975_Body_Heat_PLACEHOLDER.jpg
1828,So Bad,T.J Flowers,"Midwood Publications, Inc.",1975,"[""English""]",placeholder,covers/1975_So_Bad_PLACEHOLDER.jpg
1829,Pink Lips,Robert Conrad,"Midwood Publications, Inc.",1975,"[""English""]",placeholder,covers/1975_Pink_Lips_PLACEHOLDER.jpg
1830,Indoor Sports,Jack Walker,"Midwood Publications, Inc.",1975,"[""English""]",placeholder,covers/1975_Indoor_Sports_PLACEHOLDER.jpg
1831,Busted,Dirk Rampat,"Midwood Publications, Inc.",1975,"[""English""]",placeholder,covers/1975_Busted_PLACEHOLDER.jpg
1832,Tycoon,Delmas Abbott,"Midwood Publications, Inc.",1975,"[""English""]",placeholder,covers/1975_Tycoon_PLACEHOLDER.jpg
1833,Obsession,H.M,"Midwood Publications, Inc.",1975,"[""English""]",placeholder,covers/1975_Obsession_PLACEHOLDER.jpg
1834,Api,,,1975,"[""Malay""]",placeholder,covers/1975_Api_PLACEHOLDER.jpg
1835,Lagu Gerilawati,,,1975,"[""Chinese"", ""Malay""]",placeholder,covers/1975_Lagu_Gerilawati_PLACEHOLDER.jpg
1836,"Lagu Peringatan Hari Pahlawan ""1 September""",,,1975,"[""Chinese"", ""Malay""]",placeholder,covers/1975_Lagu_Peringatan_Hari_Pahlawan_1_September_PLACEHOLDER.jpg
1837,Tentera Dan Rakyat Menyanyi Lagu Kemenangan Dengan Gembira,,,1975,"[""Chinese"", ""Malay""]",placeholder,covers/1975_Tentera_Dan_Rakyat_Menyanyi_Lagu_Kemenangan_Dengan_Gembira_PLACEHOLDER.jpg
1838,"Ketua Mao, Rakyat Malaya Memuji Kau Panjang Usia",,,1975,"[""Chinese"", ""Malay""]",placeholder,"covers/1975_Ketua_Mao,_Rakyat_Malaya_Memuji_Kau_Panjang_Usia_PLACEHOLDER.jpg"
1839,Gunong,,,1975,"[""Chinese"", ""Malay""]",placeholder,covers/1975_Gunong_PLACEHOLDER.jpg
1840,Panji,,,1975,"[""Chinese"", ""Malay""]",placeholder,covers/1975_Panji_PLACEHOLDER.jpg
1841,Rakyat Malaya Menjunjung Tinggi2 Panji Merah Besar Perjuangan Bersenjata Maju Tak Gentar,,,1975,"[""Chinese"", ""Malay""]",placeholder,covers/1975_Rakyat_Malaya_Menjunjung_Tinggi2_Panji_Merah_Besar_Perjuangan_Bersenjata_Maju_Tak_Gentar_PLACEHOLDER.jpg
1842,Menyenandong Parti Komunis Malaya,,,1975,"[""Chinese"", ""Malay""]",placeholder,covers/1975_Menyenandong_Parti_Komunis_Malaya_PLACEHOLDER.jpg
1843,Menyenandong Tentera Pembebasan Nasional Malaya,,,1975,"[""Chinese"", ""Malay""]",placeholder,covers/1975_Menyenandong_Tentera_Pembebasan_Nasional_Malaya_PLACEHOLDER.jpg
1844,"Parti Nan Jaya, Pernyataan Nan Jaya",,,1975,"[""Chinese"", ""Malay""]",placeholder,"covers/1975_Parti_Nan_Jaya,_Pernyataan_Nan_Jaya_PLACEHOLDER.jpg"
1845,Menyenandong Perlembagaan Parti Yang Baru,,,1975,"[""Chinese"", ""Malay""]",placeholder,covers/1975_Menyenandong_Perlembagaan_Parti_Yang_Baru_PLACEHOLDER.jpg
1846,Bersorak Lahirnya Ulang Tahun Ke- 40 Parti Nan Jaya,,,1975,"[""Chinese"", ""Malay""]",placeholder,covers/1975_Bersorak_Lahirnya_Ulang_Tahun_Ke-_40_Parti_Nan_Jaya_PLACEHOLDER.jpg
1847,"Menyenandongkan Ulang Tahun Ke -20 Hari Tentera ""1 February""",,,1975,"[""Chinese"", ""Malay""]",placeholder,covers/1975_Menyenandongkan_Ulang_Tahun_Ke_-20_Hari_Tentera_1_February_PLACEHOLDER.jpg
1848,Pasokan Penggempur Yang Heroik Sedang Mara,,,1975,"[""Chinese"", ""Malay""]",placeholder,covers/1975_Pasokan_Penggempur_Yang_Heroik_Sedang_Mara_PLACEHOLDER.jpg
1849,Balek Ke- Basis Lama,,,1975,"[""Chinese"", ""Malay""]",placeholder,covers/1975_Balek_Ke-_Basis_Lama_PLACEHOLDER.jpg
1850,"Menyenandongkan ""5 Baik""",,,1975,"[""Chinese"", ""Malay""]",placeholder,covers/1975_Menyenandongkan_5_Baik_PLACEHOLDER.jpg
1851,Dua Puloh Tahun Bertempor Merintis Jalan Raya Merah,,,1975,"[""Chinese"", ""Malay""]",placeholder,covers/1975_Dua_Puloh_Tahun_Bertempor_Merintis_Jalan_Raya_Merah_PLACEHOLDER.jpg
1852,Menegakkan Jasa,,,1975,"[""Chinese"", ""Malay""]",placeholder,covers/1975_Menegakkan_Jasa_PLACEHOLDER.jpg
1853,Menyenandongkan Sajak Ketua Mao,,,1975,"[""Chinese"", ""Malay""]",placeholder,covers/1975_Menyenandongkan_Sajak_Ketua_Mao_PLACEHOLDER.jpg
1854,Gunong Tahan Tinggi Menawan,,,1975,"[""Chinese"", ""Malay""]",placeholder,covers/1975_Gunong_Tahan_Tinggi_Menawan_PLACEHOLDER.jpg
1855,Kiriman Kepada Rakan Seperjuangan Yang Karib,,,1975,"[""Chinese"", ""Malay""]",placeholder,covers/1975_Kiriman_Kepada_Rakan_Seperjuangan_Yang_Karib_PLACEHOLDER.jpg
1856,Merindukan Kawan Seperjuangan Karib,,,1975,"[""Chinese"", ""Malay""]",placeholder,covers/1975_Merindukan_Kawan_Seperjuangan_Karib_PLACEHOLDER.jpg
1857,Bersorak Pembukaan Sekolah Parti,,,1975,"[""Chinese"", ""Malay""]",placeholder,covers/1975_Bersorak_Pembukaan_Sekolah_Parti_PLACEHOLDER.jpg
1858,Memuji Kemenangan Besar Tahun Baru Vietnam,,,1975,"[""Chinese"", ""Malay""]",placeholder,covers/1975_Memuji_Kemenangan_Besar_Tahun_Baru_Vietnam_PLACEHOLDER.jpg
1859,Memuja Ulang Tahun Ke 100 Keputeraan Guru Agung Lenin,,,1975,"[""Chinese"", ""Malay""]",placeholder,covers/1975_Memuja_Ulang_Tahun_Ke_100_Keputeraan_Guru_Agung_Lenin_PLACEHOLDER.jpg
1860,Malam Hari Raya,,,1975,"[""Chinese"", ""Malay""]",placeholder,covers/1975_Malam_Hari_Raya_PLACEHOLDER.jpg
1861,Kanak-Kanak Barisan Pembebasan,,,1975,"[""Chinese"", ""Malay""]",placeholder,covers/1975_Kanak-Kanak_Barisan_Pembebasan_PLACEHOLDER.jpg
1862,Build The Pki Along The Marxist-Leninist To Lead The People's Democratic Revolution In Indonesia,,The Delegation Of The Cc Pki,1975,"[""English""]",placeholder,covers/1975_Build_The_Pki_Along_The_Marxist-Leninist_To_Lead_The_People's_Democratic_Revolution_In_Indonesia_PLACEHOLDER.jpg
1863,The Murderous Riots,Ng Meng Sun,,1975,"[""English""]",placeholder,covers/1975_The_Murderous_Riots_PLACEHOLDER.jpg
1864,Marakkan Perjuangan (Lencana),,,1975,"[""Malay""]",placeholder,covers/1975_Marakkan_Perjuangan_(Lencana)_PLACEHOLDER.jpg
1865,Tasik Utara (Lencana),,,1975,"[""Malay""]",placeholder,covers/1975_Tasik_Utara_(Lencana)_PLACEHOLDER.jpg
1866,New Thought,,New Thought Publication Sosiety,1975,"[""Chinese"", ""English""]",placeholder,covers/1975_New_Thought_PLACEHOLDER.jpg
1867,Crystalloid - Tube - Regulator Circuit,Shanghai Amateur Industrial University,Scientific Publishing Society,1975,"[""Chinese""]",placeholder,covers/1975_Crystalloid_-_Tube_-_Regulator_Circuit_PLACEHOLDER.jpg
1868,Knowledge Of Modern Chinese History,Wong Jin-Hwa,Hong Kong Chow Yang Publishing Society,1975,"[""Chinese""]",placeholder,covers/1975_Knowledge_Of_Modern_Chinese_History_PLACEHOLDER.jpg
1869,Economic Reporter,,Economic Information And Agency,1975,"[""Chinese""]",placeholder,covers/1975_Economic_Reporter_PLACEHOLDER.jpg
1870,Song Of Life,Yao Hka-Nan,People Literary Publishing Agency,1975,"[""Chinese""]",placeholder,covers/1975_Song_Of_Life_PLACEHOLDER.jpg
1871,Red Sun In The Hearts Of The Sah Yee People,,,1975,"[""Chinese""]",placeholder,covers/1975_Red_Sun_In_The_Hearts_Of_The_Sah_Yee_People_PLACEHOLDER.jpg
1872,The Great Peking,,,1975,"[""Chinese""]",placeholder,covers/1975_The_Great_Peking_PLACEHOLDER.jpg
1873,Ah Wah People Sing New Song,,,1975,"[""Chinese""]",placeholder,covers/1975_Ah_Wah_People_Sing_New_Song_PLACEHOLDER.jpg
1874,Singing Never Ends In Chang Mountain,,,1975,"[""Chinese""]",placeholder,covers/1975_Singing_Never_Ends_In_Chang_Mountain_PLACEHOLDER.jpg
1875,Red Sun Shines Over Border,,,1975,"[""Chinese""]",placeholder,covers/1975_Red_Sun_Shines_Over_Border_PLACEHOLDER.jpg
1876,Hong Kong Workers,,Hong Kong Kowloon United Workers Union Propaganda And Education Comittee,1975,"[""Chinese""]",placeholder,covers/1975_Hong_Kong_Workers_PLACEHOLDER.jpg
1877,Book At A Glance,,The Seventies Publishing Co.,1975,,placeholder,covers/1975_Book_At_A_Glance_PLACEHOLDER.jpg
1878,Artist Magazine,,Artist Publishing Society,1975,"[""Chinese""]",placeholder,covers/1975_Artist_Magazine_PLACEHOLDER.jpg
1879,Express Newsletter,"Chinese Society, University Of Singapore",,1975,"[""Chinese""]",placeholder,covers/1975_Express_Newsletter_PLACEHOLDER.jpg
1880,Causeway (Newspaper),,Auckland Malaysian & Singapore Students,1975,"[""English""]",placeholder,covers/1975_Causeway_(Newspaper)_PLACEHOLDER.jpg
1881,The China Monthly,,The China Monthly,1975,"[""Chinese""]",placeholder,covers/1975_The_China_Monthly_PLACEHOLDER.jpg
1882,The Last Two Million Years,,"The Reader's Digest Association, London",1975,"[""English""]",open_library,covers/1975_The_Last_Two_Million_Years.jpg
1883,Perasaan Senyap,Loh Sin Kwei,Blue Sky Book Shop,1975,"[""Chinese""]",placeholder,covers/1975_Perasaan_Senyap_PLACEHOLDER.jpg
1884,* Cinema,,Warner House,1975,"[""English""]",placeholder,covers/1975_Cinema_PLACEHOLDER.jpg
1885,Solidarity,,,1975,"[""English""]",placeholder,covers/1975_Solidarity_PLACEHOLDER.jpg
1886,Female Forum,,Forum International Ltd.,1975,"[""English""]",placeholder,covers/1975_Female_Forum_PLACEHOLDER.jpg
1887,* Penthouse Forum,,Forum International Ltd.,1975,"[""English""]",placeholder,covers/1975_Penthouse_Forum_PLACEHOLDER.jpg
1888,* Continental Film Review,,Eurap Publishing Co.,1975,"[""English""]",placeholder,covers/1975_Continental_Film_Review_PLACEHOLDER.jpg
1889,"** Suratan Dalam Bahasa Kebangsaan Yang Bertajuk ""Pilihanraya Cara Parti-Parti Kanan Sejak 1955",,,1975,"[""Malay""]",placeholder,covers/1975_Suratan_Dalam_Bahasa_Kebangsaan_Yang_Bertajuk_Pilihanraya_Cara_Parti-Parti_Kanan_Sejak_1955_PLACEHOLDER.jpg
1890,In This World- Gorky's Story Part Ii,,People's Art Publishing Society,1975,"[""Chinese""]",placeholder,covers/1975_In_This_World-_Gorky's_Story_Part_Ii_PLACEHOLDER.jpg
1891,The Invisible Secret Weapon Of Mao Tze-Tung: The People's Militia Of China,,,1975,"[""Chinese""]",placeholder,covers/1975_The_Invisible_Secret_Weapon_Of_Mao_Tze-Tung_The_People's_Militia_Of_China_PLACEHOLDER.jpg
1892,*China Pictorial No. 1/1975,,China Pictorial,1975,"[""Chinese""]",placeholder,covers/1975_China_Pictorial_No._1_1975_PLACEHOLDER.jpg
1893,* China Pictorial No.2 / 1975,,China Pictorial,1975,"[""Chinese""]",placeholder,covers/1975_China_Pictorial_No.2_1975_PLACEHOLDER.jpg
1894,* China Pictorial No.6 / 1975,,China Pictorial,1975,"[""Chinese""]",placeholder,covers/1975_China_Pictorial_No.6_1975_PLACEHOLDER.jpg
1895,Lagu Merdu Untuk Parti Jaya (The Words And Music Of This Sung),,,1975,"[""Malay""]",placeholder,covers/1975_Lagu_Merdu_Untuk_Parti_Jaya_(The_Words_And_Music_Of_This_Sung)_PLACEHOLDER.jpg
1896,** Pkm Bintang Merah Bercahaya (The Words And Music Of This Song),,,1975,"[""Malay""]",placeholder,covers/1975_Pkm_Bintang_Merah_Bercahaya_(The_Words_And_Music_Of_This_Song)_PLACEHOLDER.jpg
1897,Funny Half Hour,,Top Sellers Ltd,1975,"[""English""]",placeholder,covers/1975_Funny_Half_Hour_PLACEHOLDER.jpg
1898,* Private,,Roafield Ltd.,1975,"[""English""]",placeholder,covers/1975_Private_PLACEHOLDER.jpg
1899,* Private Girl,,Roafield Ltd.,1975,"[""English""]",placeholder,covers/1975_Private_Girl_PLACEHOLDER.jpg
1900,* International Man,,"Revolt, Michael Holm, F=Geurt Stall,",1975,"[""English""]",placeholder,covers/1975_International_Man_PLACEHOLDER.jpg
1901,Male Erotic Zones,,Regency Publishing Co.,1975,"[""English""]",placeholder,covers/1975_Male_Erotic_Zones_PLACEHOLDER.jpg
1902,* Playgirl,,Playgirl Inc.,1975,"[""English""]",placeholder,covers/1975_Playgirl_PLACEHOLDER.jpg
1903,*Oui,,Playboy Publications Inc.,1975,"[""English""]",placeholder,covers/1975_Oui_PLACEHOLDER.jpg
1904,"* Playboy Past, Present, Future",,Playboy Publications Inc.,1975,"[""English""]",placeholder,"covers/1975_Playboy_Past,_Present,_Future_PLACEHOLDER.jpg"
1905,Bondage,,Ben's Books Ltd,1975,"[""English""]",placeholder,covers/1975_Bondage_PLACEHOLDER.jpg
1906,* Adult Cinema,,Alan Town Publications Ltd,1975,"[""English""]",placeholder,covers/1975_Adult_Cinema_PLACEHOLDER.jpg
1907,** Badan Pengamal Rasuah Siri Kedua,,,1975,"[""Malay""]",placeholder,covers/1975_Badan_Pengamal_Rasuah_Siri_Kedua_PLACEHOLDER.jpg
1908,** Harta Timbalan Menteri (Purported To Have Been Written By Kumpulan Anti Rasuah Negara (Karan),,,1975,"[""Malay""]",placeholder,covers/1975_Harta_Timbalan_Menteri_(Purported_To_Have_Been_Written_By_Kumpulan_Anti_Rasuah_Negara_(Karan)_PLACEHOLDER.jpg
1909,"** A Document The Text Where Of Commences With The Words ""Kami Sekumpulan Rakyat Malaysia""Dated 2Nd Sept 1975, Printed In Bahasa M'sia With Certified Copies Of Five Extracts Of Title From The Land Re",,,1975,"[""Malay""]",placeholder,covers/1975_A_Document_The_Text_Where_Of_Commences_With_The_Words_Kami_Sekumpulan_Rakyat_Malaysia_Dated_2Nd_Sept_PLACEHOLDER.jpg
1910,** Anak Tani Machang Sudah Jadi Jutawan Dated 2Nd Sept 1975 (Purported To Have Been Written By: Kumpulan Anti Rasuah Negara),,,1975,"[""Malay""]",placeholder,covers/1975_Anak_Tani_Machang_Sudah_Jadi_Jutawan_Dated_2Nd_Sept_1975_(Purported_To_Have_Been_Written_By_Kumpulan_PLACEHOLDER.jpg
1911,"** Para Pemimpin Dan Nasionalis Melayu Di Malaysia - ( A Letter Form Addressed To The Above Title) Dated 1St Oct 1975 (Purported To Have Been Written By: Angkatan Barisan Bertindak Melayu, Markas 1, 1",,,1975,"[""Malay""]",placeholder,covers/1975_Para_Pemimpin_Dan_Nasionalis_Melayu_Di_Malaysia_-_(_A_Letter_Form_Addressed_To_The_Above_Title)_Date_PLACEHOLDER.jpg
1912,"""Suara Rakyat"" Bil. 12 Tahun Pertama, Bertarikh 6Hb Disember, 1975",,Penerbitan Surat Sdn. Bhd.,1975,"[""Malay""]",placeholder,"covers/1975_Suara_Rakyat_Bil._12_Tahun_Pertama,_Bertarikh_6Hb_Disember,_1975_PLACEHOLDER.jpg"
1913,Along The Path Of Golden Light,,People's Art Publisher,1975,"[""Chinese""]",placeholder,covers/1975_Along_The_Path_Of_Golden_Light_PLACEHOLDER.jpg
1914,Malaya News Service,,Neil Mc Lein,1975,"[""English""]",placeholder,covers/1975_Malaya_News_Service_PLACEHOLDER.jpg
1915,"Suatu Suratan Bertajuk ""Untuk Bacaan Semua Orang Kaya Miskin Tua Muda"" Bertarikh 6Hb November 1975",Rakyat Jujur,,1975,"[""Malay""]",placeholder,covers/1975_Suatu_Suratan_Bertajuk_Untuk_Bacaan_Semua_Orang_Kaya_Miskin_Tua_Muda_Bertarikh_6Hb_November_1975_PLACEHOLDER.jpg
1916,Marshaf Al Harmain (Koran Yang Tidak Cukup Ayat-Ayatnya),,,1974,"[""Arabic""]",placeholder,covers/1974_Marshaf_Al_Harmain_(Koran_Yang_Tidak_Cukup_Ayat-Ayatnya)_PLACEHOLDER.jpg
1917,Man's Life,,Stanley Publications Inc.,1974,"[""English""]",placeholder,covers/1974_Man's_Life_PLACEHOLDER.jpg
1918,Dusky,,Rainbow Publications,1974,"[""English""]",placeholder,covers/1974_Dusky_PLACEHOLDER.jpg
1919,Trade Mark,,"Mecca,Canoga Park",1974,"[""English""]",placeholder,covers/1974_Trade_Mark_PLACEHOLDER.jpg
1920,It's Getting Harder All The Time,Troy Conway,Top Sellers Ltd.,1974,"[""English""]",placeholder,covers/1974_It's_Getting_Harder_All_The_Time_PLACEHOLDER.jpg
1921,Fotostrip,,Top Sellers Ltd,1974,"[""English""]",placeholder,covers/1974_Fotostrip_PLACEHOLDER.jpg
1922,Three Loose Woman,William Hegner,Pocket Books,1974,"[""English""]",placeholder,covers/1974_Three_Loose_Woman_PLACEHOLDER.jpg
1923,Adam Film World,,Knight Publishing Corperation,1974,"[""English""]",placeholder,covers/1974_Adam_Film_World_PLACEHOLDER.jpg
1924,Curious,,Kingsland Lott Publishing Co. Ltd,1974,"[""English""]",placeholder,covers/1974_Curious_PLACEHOLDER.jpg
1925,Femme Fatale,,House Of Milan Corp.,1974,"[""English""]",placeholder,covers/1974_Femme_Fatale_PLACEHOLDER.jpg
1926,Bondage Classics,,House Of Milan Corp.,1974,"[""English""]",placeholder,covers/1974_Bondage_Classics_PLACEHOLDER.jpg
1927,Aggressive Gals,,House Of Milan Corp.,1974,"[""English""]",placeholder,covers/1974_Aggressive_Gals_PLACEHOLDER.jpg
1928,Bound In Terror,,Hilbarth Inc.,1974,"[""English""]",placeholder,covers/1974_Bound_In_Terror_PLACEHOLDER.jpg
1929,Revenge Of The Wantons,,Hilbarth Inc.,1974,"[""English""]",placeholder,covers/1974_Revenge_Of_The_Wantons_PLACEHOLDER.jpg
1930,Finite Boundage,,Hilbarth Inc.,1974,"[""English""]",placeholder,covers/1974_Finite_Boundage_PLACEHOLDER.jpg
1931,Backstage Doll In Bondage,,Hilbarth Inc.,1974,"[""English""]",placeholder,covers/1974_Backstage_Doll_In_Bondage_PLACEHOLDER.jpg
1932,A Modelspet,Allan Rogers,Gloucestor Publishing Co,1974,"[""English""]",placeholder,covers/1974_A_Modelspet_PLACEHOLDER.jpg
1933,The Stray Wife,Alfred Gold,Gloucester Publishing Co.S,1974,"[""English""]",open_library,covers/1974_The_Stray_Wife.jpg
1934,Mother Daughter & Son,Craig Summers,Gloucester Publishing Co.,1974,"[""English""]",placeholder,covers/1974_Mother_Daughter_&_Son_PLACEHOLDER.jpg
1935,A Modalspet,Allan Rogers,Gloucester Publishing Co.,1974,"[""English""]",placeholder,covers/1974_A_Modalspet_PLACEHOLDER.jpg
1936,The Black-Mailed Teacher,James Kent,Gloucester Publishing Co.,1974,"[""English""]",placeholder,covers/1974_The_Black-Mailed_Teacher_PLACEHOLDER.jpg
1937,An Innocent In Paris,Sidney Warren,Gloucester Publishing Co.,1974,"[""English""]",placeholder,covers/1974_An_Innocent_In_Paris_PLACEHOLDER.jpg
1938,The Swinger,,"G&S Publications, Inc.",1974,"[""English""]",placeholder,covers/1974_The_Swinger_PLACEHOLDER.jpg
1939,Knave,,Fontessa Publication Ltd.,1974,"[""English""]",placeholder,covers/1974_Knave_PLACEHOLDER.jpg
1940,Mayfair,,Fisk Publishing Co.Ltd,1974,"[""English""]",placeholder,covers/1974_Mayfair_PLACEHOLDER.jpg
1941,Family Vengeance,,Eros Publishing Co. Ltd,1974,"[""English""]",placeholder,covers/1974_Family_Vengeance_PLACEHOLDER.jpg
1942,Fetish And Fantasy,,Eros Publishing Co. Ltd,1974,"[""English""]",placeholder,covers/1974_Fetish_And_Fantasy_PLACEHOLDER.jpg
1943,We All Need Someone,,Eros Publication Co.Inc.,1974,"[""English""]",placeholder,covers/1974_We_All_Need_Someone_PLACEHOLDER.jpg
1944,Scoring Dan Greenburg,,Dell Publishing Co. Inc.,1974,"[""English""]",placeholder,covers/1974_Scoring_Dan_Greenburg_PLACEHOLDER.jpg
1945,Blue Alice,Jackson Short,Dell Publishing Co. Inc.,1974,"[""English""]",placeholder,covers/1974_Blue_Alice_PLACEHOLDER.jpg
1946,A Stud Pack For The House Wife,Mark S. Wolin,Dansk Blue Books,1974,"[""English""]",placeholder,covers/1974_A_Stud_Pack_For_The_House_Wife_PLACEHOLDER.jpg
1947,New Chance,,Chance International Pub Ltd,1974,"[""English""]",placeholder,covers/1974_New_Chance_PLACEHOLDER.jpg
1948,Love In The Family,Lydia Wilkingson,"Brandon Books,",1974,"[""English""]",placeholder,covers/1974_Love_In_The_Family_PLACEHOLDER.jpg
1949,Adultery By Consent,Gerald Summers,"Brandon Books,",1974,"[""English""]",placeholder,covers/1974_Adultery_By_Consent_PLACEHOLDER.jpg
1950,My Big Sister's Sin : Me,Peter Kevin,Braclay House,1974,"[""English""]",placeholder,covers/1974_My_Big_Sister's_Sin_Me_PLACEHOLDER.jpg
1951,Ghetto Incest,Ward Fulton,Barclay House,1974,"[""English""]",placeholder,covers/1974_Ghetto_Incest_PLACEHOLDER.jpg
1952,Bachelor Girls,,American Art Enterprises Inc.,1974,"[""English""]",placeholder,covers/1974_Bachelor_Girls_PLACEHOLDER.jpg
1953,Lesbos-A Photo Book Of Lesbian Love,,Reverhaven Ltd.,1974,"[""English""]",placeholder,covers/1974_Lesbos-A_Photo_Book_Of_Lesbian_Love_PLACEHOLDER.jpg
1954,Girls Of The Month,,The Pretty Girl Publishing Co.,1974,"[""English""]",placeholder,covers/1974_Girls_Of_The_Month_PLACEHOLDER.jpg
1955,Pretty Girl,,The Pretty Girl Pub Co,1974,"[""English""]",placeholder,covers/1974_Pretty_Girl_PLACEHOLDER.jpg
1956,Edsel,Karl Shapiro,The New American Library Inc.,1974,"[""English""]",open_library,covers/1974_Edsel.jpg
1957,The Dirty Rotten Truth,,The New American Library Inc.,1974,"[""English""]",placeholder,covers/1974_The_Dirty_Rotten_Truth_PLACEHOLDER.jpg
1958,The Golden Girls,Sydney Box,Sphare Books Limited,1974,"[""English""]",placeholder,covers/1974_The_Golden_Girls_PLACEHOLDER.jpg
1959,Topper Spring Annual,,Rotop Inc.,1974,"[""English""]",placeholder,covers/1974_Topper_Spring_Annual_PLACEHOLDER.jpg
1960,Topper Summer Annual,,Rotop Inc.,1974,"[""English""]",placeholder,covers/1974_Topper_Summer_Annual_PLACEHOLDER.jpg
1961,Rogue Spring Annual,,Rotop Inc.,1974,"[""English""]",placeholder,covers/1974_Rogue_Spring_Annual_PLACEHOLDER.jpg
1962,Penthouse,,Penthouse Publications Ltd,1974,"[""English""]",placeholder,covers/1974_Penthouse_PLACEHOLDER.jpg
1963,Men Only,,Paul Raymond Publications Ltd,1974,"[""English""]",open_library,covers/1974_Men_Only.jpg
1964,Club International,,Paul Raymond Publications Ltd,1974,"[""English""]",placeholder,covers/1974_Club_International_PLACEHOLDER.jpg
1965,"I, Jan Cremer",R.E Wyngaard & Alexander Trocchi,Panther Books Ltd.,1974,"[""English""]",placeholder,"covers/1974_I,_Jan_Cremer_PLACEHOLDER.jpg"
1966,I Jan Cremer,R.E.Wyngaard & Alexander Trocchi,Panther Books Ltd,1974,"[""English""]",placeholder,covers/1974_I_Jan_Cremer_PLACEHOLDER.jpg
1967,Mistress Of Pain,Aldo Lucchesi,Lancer Books Inc.,1974,"[""English""]",placeholder,covers/1974_Mistress_Of_Pain_PLACEHOLDER.jpg
1968,Lady Mildfred's Memoirs,,Lancer Books Inc.,1974,"[""English""]",placeholder,covers/1974_Lady_Mildfred's_Memoirs_PLACEHOLDER.jpg
1969,Quadricycle,,,1973,"[""Chinese""]",placeholder,covers/1973_Quadricycle_PLACEHOLDER.jpg
1970,With Lips And Tongue,Marcus Van Heller,"Traveller's Companion,Inc",1973,"[""English""]",placeholder,covers/1973_With_Lips_And_Tongue_PLACEHOLDER.jpg
1971,The Love Makers,Marcus Van Heller,Traveller's Companion Inc.,1973,"[""English""]",placeholder,covers/1973_The_Love_Makers_PLACEHOLDER.jpg
1972,Willing Victim,Marcus Van Heller,Traveller's Companion Inc.,1973,"[""English""]",placeholder,covers/1973_Willing_Victim_PLACEHOLDER.jpg
1973,Ape,Marcus Van Heller,Ophelia Press Inc.,1973,"[""English""]",placeholder,covers/1973_Ape_PLACEHOLDER.jpg
1974,So Many Beds,Martin Henry,,1973,"[""English""]",placeholder,covers/1973_So_Many_Beds_PLACEHOLDER.jpg
1975,I Margo,,,1973,"[""English""]",placeholder,covers/1973_I_Margo_PLACEHOLDER.jpg
1976,King On Queen,F.W.Paul,Lancer Books Inc.,1973,"[""English""]",placeholder,covers/1973_King_On_Queen_PLACEHOLDER.jpg
1977,Love 2,Sven Holm,Grove Press Inc.,1973,"[""English""]",placeholder,covers/1973_Love_2_PLACEHOLDER.jpg
1978,Blue Cover Mystery Magazine,,The Universal Publisher,1973,"[""Chinese""]",placeholder,covers/1973_Blue_Cover_Mystery_Magazine_PLACEHOLDER.jpg
1979,Suara Msdr,,Chairman Of The Msdr's Chamber Moscow-Ussr,1973,"[""Malay""]",placeholder,covers/1973_Suara_Msdr_PLACEHOLDER.jpg
1980,Time,,"Time Inc,",1973,,placeholder,covers/1973_Time_PLACEHOLDER.jpg
1981,Cleverness Of Young Guide-Little Sentry Of Wufu Town (Part 1),,Youth Publishing Society,1973,"[""Chinese""]",placeholder,covers/1973_Cleverness_Of_Young_Guide-Little_Sentry_Of_Wufu_Town_(Part_1)_PLACEHOLDER.jpg
1982,Harassing The Enemies In A Battle In Front Of The Village-Little Sentry Of Wu Fu Town (Part Ii),,Youth Publishing Society,1973,"[""Chinese""]",placeholder,covers/1973_Harassing_The_Enemies_In_A_Battle_In_Front_Of_The_Village-Little_Sentry_Of_Wu_Fu_Town_(Part_Ii)_PLACEHOLDER.jpg
1983,The Road Taken Is A Correct One,Ha Wa,Wan Lee Cultural Enterprise,1973,"[""Chinese""]",placeholder,covers/1973_The_Road_Taken_Is_A_Correct_One_PLACEHOLDER.jpg
1984,Close Friendship,,People's Publishing Society Shanghai,1973,"[""Chinese""]",placeholder,covers/1973_Close_Friendship_PLACEHOLDER.jpg
1985,Little Soldier Cheong Ha,,People's Publishing Society Shanghai,1973,"[""Chinese""]",placeholder,covers/1973_Little_Soldier_Cheong_Ha_PLACEHOLDER.jpg
1986,"The Story Of A ""Croaching Tiger""",,People's Art Publishing Society,1973,"[""Chinese""]",placeholder,covers/1973_The_Story_Of_A_Croaching_Tiger_PLACEHOLDER.jpg
1987,Offering A Pot Of Tea,,People's Art Publishing Society,1973,"[""Chinese""]",placeholder,covers/1973_Offering_A_Pot_Of_Tea_PLACEHOLDER.jpg
1988,A Heap Of Ground-Nuts,,People's Art Publishing Society,1973,"[""Chinese""]",placeholder,covers/1973_A_Heap_Of_Ground-Nuts_PLACEHOLDER.jpg
1989,Fighting North And South,,People's Art Publishing Society,1973,"[""Chinese""]",placeholder,covers/1973_Fighting_North_And_South_PLACEHOLDER.jpg
1990,Kill The Enemy Bravely,,People's Art Publishing Society,1973,"[""Chinese""]",placeholder,covers/1973_Kill_The_Enemy_Bravely_PLACEHOLDER.jpg
1991,Childhood Gorky's Story Part 1,,People's Art Publishing Society,1973,"[""Chinese""]",placeholder,covers/1973_Childhood_Gorky's_Story_Part_1_PLACEHOLDER.jpg
1992,Rolls Of Drums At The Equator,Sung Hon,Khuan San Publishing Company,1973,"[""Chinese""]",placeholder,covers/1973_Rolls_Of_Drums_At_The_Equator_PLACEHOLDER.jpg
1993,The Fishing Villages Of Raging Flames,Sung Hon,Khuan San Publishing Company,1973,"[""Chinese""]",placeholder,covers/1973_The_Fishing_Villages_Of_Raging_Flames_PLACEHOLDER.jpg
1994,Chen Hsien Pao,,Barisan Sosialis Malaya,1973,"[""Chinese""]",placeholder,covers/1973_Chen_Hsien_Pao_PLACEHOLDER.jpg
1995,Pit Tuan,,Bahagian Penyusunan Penerbitan Bulanan Pit Tuan,1972,"[""Chinese""]",placeholder,covers/1972_Pit_Tuan_PLACEHOLDER.jpg
1996,Sadikit-Sabanyak Tinjauan Di-Negeri-Negeri China,,Ping Chen Publishing House,1972,"[""Chinese""]",placeholder,covers/1972_Sadikit-Sabanyak_Tinjauan_Di-Negeri-Negeri_China_PLACEHOLDER.jpg
1997,Selamat Tahun Baharu Suratan Ini Mulai Dengan Perkataan2,,Persatuan Bahasa Tionghua,1972,"[""Chinese""]",placeholder,covers/1972_Selamat_Tahun_Baharu_Suratan_Ini_Mulai_Dengan_Perkataan2_PLACEHOLDER.jpg
1998,Unfinished Molesting,Wen Chuin,,1972,"[""Chinese""]",placeholder,covers/1972_Unfinished_Molesting_PLACEHOLDER.jpg
1999,Temptation Of The Hot Spring,,,1972,"[""Chinese""]",placeholder,covers/1972_Temptation_Of_The_Hot_Spring_PLACEHOLDER.jpg
2000,Interview For Getting The Best Sexual Partner,Yung Yung,,1972,"[""Chinese""]",placeholder,covers/1972_Interview_For_Getting_The_Best_Sexual_Partner_PLACEHOLDER.jpg
2001,Armoured Car Of The Flesh War,,,1972,"[""Chinese""]",placeholder,covers/1972_Armoured_Car_Of_The_Flesh_War_PLACEHOLDER.jpg
2002,Blossom Flowers And The Full Moon,,,1972,"[""Chinese""]",placeholder,covers/1972_Blossom_Flowers_And_The_Full_Moon_PLACEHOLDER.jpg
2003,Blossom Spring Of The Fruit Plantation,Hsia Fei,Amusement Publishing Society,1972,"[""Chinese""]",placeholder,covers/1972_Blossom_Spring_Of_The_Fruit_Plantation_PLACEHOLDER.jpg
2004,Sexual History Of The Various Countries,Hsia Fei,Amusement Publishing Society,1972,"[""Chinese""]",placeholder,covers/1972_Sexual_History_Of_The_Various_Countries_PLACEHOLDER.jpg
2005,Key Hole Peeping Tom,Hsia Fei,Amusement Publishing Society,1972,"[""Chinese""]",placeholder,covers/1972_Key_Hole_Peeping_Tom_PLACEHOLDER.jpg
2006,Selangor Persatuan Murid2 Tua Sekolah Kampong Baharu Serdang Perayaan Ulang Tahun Kedua Persatuan Malam Irama 1971,,Selangor Persatuan Murid2 Tua Sekolah Kampung Baharu Serdang,1972,"[""Chinese""]",placeholder,covers/1972_Selangor_Persatuan_Murid2_Tua_Sekolah_Kampong_Baharu_Serdang_Perayaan_Ulang_Tahun_Kedua_Persatuan_Ma_PLACEHOLDER.jpg
2007,High School Hotbed,Jan Cheux,,1972,"[""English""]",placeholder,covers/1972_High_School_Hotbed_PLACEHOLDER.jpg
2008,Bang Man,Phil Powers,,1972,"[""English""]",placeholder,covers/1972_Bang_Man_PLACEHOLDER.jpg
2009,Girl Gone Down,William,,1972,"[""English""]",placeholder,covers/1972_Girl_Gone_Down_PLACEHOLDER.jpg
2010,Swap Street,Robert H. Sheldon,,1972,"[""English""]",placeholder,covers/1972_Swap_Street_PLACEHOLDER.jpg
2011,Honeymoon Hotel,Michael Jaeggers,Liverpool Library Press,1972,"[""English""]",placeholder,covers/1972_Honeymoon_Hotel_PLACEHOLDER.jpg
2012,The Reluctant Couple,Grant Roberts,Liverpool Library Press,1972,"[""English""]",placeholder,covers/1972_The_Reluctant_Couple_PLACEHOLDER.jpg
2013,Suratan2 Dalam Bahasa China Yang Mengandongi Perkataan2 Dan Muzik Dalam Lagu2 Yang Tajok2Nya Ia-Lah: (Terdapat Sebanyak 13 Tajuk),,,1972,"[""Chinese""]",placeholder,covers/1972_Suratan2_Dalam_Bahasa_China_Yang_Mengandongi_Perkataan2_Dan_Muzik_Dalam_Lagu2_Yang_Tajok2Nya_Ia-Lah_PLACEHOLDER.jpg
2014,Kehuruharaan Sayap- Kiri Yang Mentah Dalam Pergerakan Komunis,Lenin,Biro Penerbitan Penerangan Moscow,1972,"[""Chinese""]",placeholder,covers/1972_Kehuruharaan_Sayap-_Kiri_Yang_Mentah_Dalam_Pergerakan_Komunis_PLACEHOLDER.jpg
2015,The Constitution Of The Communist Party Of Malaya-30 Apr 72,,,1972,,placeholder,covers/1972_The_Constitution_Of_The_Communist_Party_Of_Malaya-30_Apr_72_PLACEHOLDER.jpg
2016,Big Man In The Saddle,Mullin Garr,Ophelia Press Inc.,1972,"[""English""]",placeholder,covers/1972_Big_Man_In_The_Saddle_PLACEHOLDER.jpg
2017,"China Pictorial No.8 Aug, 1972",,China Pictorial,1972,"[""Chinese""]",placeholder,"covers/1972_China_Pictorial_No.8_Aug,_1972_PLACEHOLDER.jpg"
2018,Dandy Of London,Chin His Wen,Playboy's Club,1972,"[""Chinese""]",placeholder,covers/1972_Dandy_Of_London_PLACEHOLDER.jpg
2019,Attractive Younger Sister-In-Law,Chin Sha,,1972,"[""Chinese""]",placeholder,covers/1972_Attractive_Younger_Sister-In-Law_PLACEHOLDER.jpg
2020,Unfaithful Wife,Lang Tzu,,1972,"[""Chinese""]",placeholder,covers/1972_Unfaithful_Wife_PLACEHOLDER.jpg
2021,To Paradise By Night,Yeh Yu Keh,,1972,"[""Chinese""]",placeholder,covers/1972_To_Paradise_By_Night_PLACEHOLDER.jpg
2022,The Lovely Affair Of A Dissolute Women,,,1972,"[""Chinese""]",placeholder,covers/1972_The_Lovely_Affair_Of_A_Dissolute_Women_PLACEHOLDER.jpg
2023,Seduction All Over,Hsai Fei,,1972,"[""Chinese""]",placeholder,covers/1972_Seduction_All_Over_PLACEHOLDER.jpg
2024,Sex,Ai Lang,,1972,"[""Chinese""]",placeholder,covers/1972_Sex_PLACEHOLDER.jpg
2025,The Queen Of Education,,,1972,"[""Chinese""]",placeholder,covers/1972_The_Queen_Of_Education_PLACEHOLDER.jpg
2026,"Keluaran Khas Mengenai Pertonjokan2 Amal Oleh Rombongan Bintang2 Perak Hongkong Di-Malaysia, 1971",,Penerbitan Tahan,1971,"[""Chinese""]",placeholder,"covers/1971_Keluaran_Khas_Mengenai_Pertonjokan2_Amal_Oleh_Rombongan_Bintang2_Perak_Hongkong_Di-Malaysia,_1971_PLACEHOLDER.jpg"
2027,Bulanan Riam,,Badan Penyunting Bulanan Riam,1971,"[""Chinese""]",placeholder,covers/1971_Bulanan_Riam_PLACEHOLDER.jpg
2028,Bulanan Seni Sastera,,Badan Penyunting Bulanan Riam,1971,"[""Chinese""]",placeholder,covers/1971_Bulanan_Seni_Sastera_PLACEHOLDER.jpg
2029,Bulanan Pembangunan,,Badan Penyunting Bulanan Riam,1971,"[""Chinese""]",placeholder,covers/1971_Bulanan_Pembangunan_PLACEHOLDER.jpg
2030,Majalah Triwulanan Kehidupan Seni Sastera,,Badan Penyunting Bulanan Riam,1971,"[""Chinese""]",placeholder,covers/1971_Majalah_Triwulanan_Kehidupan_Seni_Sastera_PLACEHOLDER.jpg
2031,"Suara Siswa Jilid 2 Bil.2 Disember, 1970",,Persatuan Kebangsaan Pelajar-Pelajar Islam Malaysia (Pkpim),1971,"[""Malay"", ""English""]",placeholder,"covers/1971_Suara_Siswa_Jilid_2_Bil.2_Disember,_1970_PLACEHOLDER.jpg"
2032,"Pengerusi Mao Yang Di-Sayangi, Anda Ia-Lah Mata Hari Merah Yang Bersinar Dalam Sanubari2 Kami Nombor - Xm - 1022",,Chinese Record (Piring-2 Hitam China),1971,"[""Chinese""]",placeholder,"covers/1971_Pengerusi_Mao_Yang_Di-Sayangi,_Anda_Ia-Lah_Mata_Hari_Merah_Yang_Bersinar_Dalam_Sanubari2_Kami_Nombor_PLACEHOLDER.jpg"
2033,Muzik Pendahuluan Bagi Chetakan Ulangan,,Chinese Record (Piring-2 Hitam China),1971,"[""Chinese""]",placeholder,covers/1971_Muzik_Pendahuluan_Bagi_Chetakan_Ulangan_PLACEHOLDER.jpg
2034,Pahlawan Pengerusi Mao Ada-Lah Paling Tat Kepada Parti Nombor - M- 804,,Chinese Record (Piring-2 Hitam China),1971,"[""Chinese""]",placeholder,covers/1971_Pahlawan_Pengerusi_Mao_Ada-Lah_Paling_Tat_Kepada_Parti_Nombor_-_M-_804_PLACEHOLDER.jpg
2035,Memuji Wong Kit Dengan Nyanyian Dan Belajar-Lah Daripada Wong Kit Nombor - M - 769,,Chinese Record (Piring-2 Hitam China),1971,"[""Chinese""]",placeholder,covers/1971_Memuji_Wong_Kit_Dengan_Nyanyian_Dan_Belajar-Lah_Daripada_Wong_Kit_Nombor_-_M_-_769_PLACEHOLDER.jpg
2036,Piring Hitam Mas Sempena Lawatan Rombongan Bintang2 Perak Ka-Malaysia Nombor Mlp - 325,,Di-Perbuat Oleh Sharikat Piring Hitam Great Wall Hong Kong,1971,"[""Chinese""]",placeholder,covers/1971_Piring_Hitam_Mas_Sempena_Lawatan_Rombongan_Bintang2_Perak_Ka-Malaysia_Nombor_Mlp_-_325_PLACEHOLDER.jpg
2037,The Muslims Malays Of South Thailand (Orang2 Melayu Islam Di -Negeri Thai Selatan),,,1971,"[""English""]",placeholder,covers/1971_The_Muslims_Malays_Of_South_Thailand_(Orang2_Melayu_Islam_Di_-Negeri_Thai_Selatan)_PLACEHOLDER.jpg
2038,Flossie,,Vacation Books,1971,"[""English""]",open_library,covers/1971_Flossie.jpg
2039,Flosste,,Vacation Books,1971,"[""English""]",placeholder,covers/1971_Flosste_PLACEHOLDER.jpg
2040,Humper,Marcus Van Heller,United States Of America,1971,"[""English""]",placeholder,covers/1971_Humper_PLACEHOLDER.jpg
2041,Autobiography Of A Louse Volume Ii,,Tower Publications,1971,"[""English""]",placeholder,covers/1971_Autobiography_Of_A_Louse_Volume_Ii_PLACEHOLDER.jpg
2042,Adventures In American And Story Of Mike,,,1971,"[""English""]",placeholder,covers/1971_Adventures_In_American_And_Story_Of_Mike_PLACEHOLDER.jpg
2043,Autobiography Of A Flea,,,1971,"[""English""]",open_library,covers/1971_Autobiography_Of_A_Flea.jpg
2044,My Mother Taught Me,Tor Kung,The Ophelia Press Inc,1971,"[""English""]",open_library,covers/1971_My_Mother_Taught_Me.jpg
2045,Gone With The Whip,Marcus Van Heller,The Ophelia Press Inc,1971,"[""English""]",placeholder,covers/1971_Gone_With_The_Whip_PLACEHOLDER.jpg
2046,The Ball Carrier,Keith Kerner,The Ophelia Press Inc,1971,"[""English""]",placeholder,covers/1971_The_Ball_Carrier_PLACEHOLDER.jpg
2047,Spreadengle,Marcus Van Heller,"The Olympia Press, Inc",1971,"[""English""]",placeholder,covers/1971_Spreadengle_PLACEHOLDER.jpg
2048,Seduction Of Suzy,Marcus Van Heller,The Olympia Press,1971,"[""English""]",open_library,covers/1971_Seduction_Of_Suzy.jpg
2049,Seeds Of The Rainbow I And Ii,Robert Desmond,The Olympia Press,1971,"[""English""]",placeholder,covers/1971_Seeds_Of_The_Rainbow_I_And_Ii_PLACEHOLDER.jpg
2050,Bedroom Philosophers Part I And Ii,D.A.F. De Sade,The Olympia Press,1971,"[""English""]",placeholder,covers/1971_Bedroom_Philosophers_Part_I_And_Ii_PLACEHOLDER.jpg
2051,The Adventures Of Fllea Silas Part I,Beauregard Of Rarniente,The Olympia Press,1971,"[""English""]",placeholder,covers/1971_The_Adventures_Of_Fllea_Silas_Part_I_PLACEHOLDER.jpg
2052,Sexus,Henry Miller,Panther Books Ltd.,1971,"[""English""]",open_library,covers/1971_Sexus.jpg
2053,Lash Part 2,Ruth Lexe,Othello Books,1971,"[""English""]",placeholder,covers/1971_Lash_Part_2_PLACEHOLDER.jpg
2054,Gin And Lime Street,Adam Aymes,Ophelia Press Inc.,1971,"[""English""]",placeholder,covers/1971_Gin_And_Lime_Street_PLACEHOLDER.jpg
2055,Honey Leaf,Marcus Van Heller,Ophelia Press Inc.,1971,"[""English""]",placeholder,covers/1971_Honey_Leaf_PLACEHOLDER.jpg
2056,Adventure Of A Flea Part 1,Marcus Van Heller,Olympia Press,1971,"[""English""]",placeholder,covers/1971_Adventure_Of_A_Flea_Part_1_PLACEHOLDER.jpg
2057,Under The Birch Part I And Ii,Miles Underwood,Olympia Press,1971,"[""English""]",placeholder,covers/1971_Under_The_Birch_Part_I_And_Ii_PLACEHOLDER.jpg
2058,Milady Part I And Ii,Robert Olley,Oceanic Press,1971,"[""English""]",placeholder,covers/1971_Milady_Part_I_And_Ii_PLACEHOLDER.jpg
2059,The Trend Setters No.50 Part I And Ii,Robert Cleveland,Nordisk Bladcentral,1971,"[""English""]",placeholder,covers/1971_The_Trend_Setters_No.50_Part_I_And_Ii_PLACEHOLDER.jpg
2060,Three Passionate Lovers Part Ii,Rene Roques,,1971,"[""English""]",placeholder,covers/1971_Three_Passionate_Lovers_Part_Ii_PLACEHOLDER.jpg
2061,Nights In Scotland Part I And Ii,Carol Paterson,,1971,"[""English""]",placeholder,covers/1971_Nights_In_Scotland_Part_I_And_Ii_PLACEHOLDER.jpg
2062,My Secret Life,G. Lecman,Grove Press Inc.,1971,"[""English""]",placeholder,covers/1971_My_Secret_Life_PLACEHOLDER.jpg
2063,Coupled,Gill Porter,Essex House,1971,"[""English""]",placeholder,covers/1971_Coupled_PLACEHOLDER.jpg
2064,Mysteries Of Marriages,Dr S. M. Shaw,Ellis And Martyn,1971,"[""English""]",placeholder,covers/1971_Mysteries_Of_Marriages_PLACEHOLDER.jpg
2065,Only A Boy,,Collectors Publication,1971,"[""English""]",placeholder,covers/1971_Only_A_Boy_PLACEHOLDER.jpg
2066,Rita!,Rick Hardesty,"Bee-Line Books, Inc.",1971,"[""English""]",placeholder,covers/1971_Rita!_PLACEHOLDER.jpg
2067,Make Out Cult,James Hillman,"Bee-Line Books, Inc.",1971,"[""English""]",placeholder,covers/1971_Make_Out_Cult_PLACEHOLDER.jpg
2068,Blow My Mind,Wally Martin,"Bee-Line Books, Inc.",1971,"[""English""]",placeholder,covers/1971_Blow_My_Mind_PLACEHOLDER.jpg
2069,Stud Machine,Michael Spear,"Bee-Line Books, Inc.",1971,"[""English""]",placeholder,covers/1971_Stud_Machine_PLACEHOLDER.jpg
2070,Ball Me Again!,Pauline Ford,"Bee-Line Books, Inc.",1971,"[""English""]",placeholder,covers/1971_Ball_Me_Again!_PLACEHOLDER.jpg
2071,Pussy Delight,Renaud Fuchs,"Bee-Line Books, Inc.",1971,"[""English""]",placeholder,covers/1971_Pussy_Delight_PLACEHOLDER.jpg
2072,Honey Pot,Jackson Harmon,"Bee-Line Books, Inc.",1971,"[""English""]",placeholder,covers/1971_Honey_Pot_PLACEHOLDER.jpg
2073,Backyard Orgy,Rhetta Charles,"Bee-Line Books, Inc.",1971,"[""English""]",placeholder,covers/1971_Backyard_Orgy_PLACEHOLDER.jpg
2074,B Is For Balling,Chuck Selwyn,"Bee-Line Books, Inc.",1971,"[""English""]",placeholder,covers/1971_B_Is_For_Balling_PLACEHOLDER.jpg
2075,Ginger Baby,James Malcolm,"Bee-Line Books, Inc.",1971,"[""English""]",placeholder,covers/1971_Ginger_Baby_PLACEHOLDER.jpg
2076,The Sex Pets,Joseph R. Reynolos,Bee-Line Books New York,1971,"[""English""]",placeholder,covers/1971_The_Sex_Pets_PLACEHOLDER.jpg
2077,Make-Out Cult,James Hillman,Bee-Line Books,1971,"[""English""]",placeholder,covers/1971_Make-Out_Cult_PLACEHOLDER.jpg
2078,The Male Homosexual Of Today,Russel Trainer,Macfadden Bartell Corp.,1971,"[""English""]",placeholder,covers/1971_The_Male_Homosexual_Of_Today_PLACEHOLDER.jpg
2079,"Nude Wore Black,The",Teo Mark,"Lancer Books,Inc.",1971,"[""English""]",placeholder,"covers/1971_Nude_Wore_Black,The_PLACEHOLDER.jpg"
2080,Girl With The Polka-Dot Box,F.W. Paul,Lancer Books Inc.,1971,"[""English""]",placeholder,covers/1971_Girl_With_The_Polka-Dot_Box_PLACEHOLDER.jpg
2081,The Fires Of Lust,Jean Francis,Lancer Books Inc.,1971,"[""English""]",placeholder,covers/1971_The_Fires_Of_Lust_PLACEHOLDER.jpg
2082,The Taboo Breakers,Warren Wells,Lancer Books Inc.,1971,"[""English""]",placeholder,covers/1971_The_Taboo_Breakers_PLACEHOLDER.jpg
2083,In The Solid Gold Screw,F.W. Paul,Lancer Books Inc.,1971,"[""English""]",placeholder,covers/1971_In_The_Solid_Gold_Screw_PLACEHOLDER.jpg
2084,The Lay Of The Land,F.W. Paul,Lancer Books Inc.,1971,"[""English""]",placeholder,covers/1971_The_Lay_Of_The_Land_PLACEHOLDER.jpg
2085,The Nude Ware Black,Ted Mark,Lancer Books Inc.,1971,"[""English""]",placeholder,covers/1971_The_Nude_Ware_Black_PLACEHOLDER.jpg
2086,Another Piece Of Fanny,Norman Jackson,Lancer Books Inc.,1971,"[""English""]",placeholder,covers/1971_Another_Piece_Of_Fanny_PLACEHOLDER.jpg
2087,Mistress Of The Lash,Robery Vaughan,Lancer Books Inc.,1971,"[""English""]",placeholder,covers/1971_Mistress_Of_The_Lash_PLACEHOLDER.jpg
2088,A Lovely Cherry,William Mc Ardle,Continental Classics,1971,"[""English""]",placeholder,covers/1971_A_Lovely_Cherry_PLACEHOLDER.jpg
2089,Come Again,Carlos Rossi,Continental Classics,1971,"[""English""]",open_library,covers/1971_Come_Again.jpg
2090,Blow Me Down,Webster Tate,Continental Classics,1971,"[""English""]",placeholder,covers/1971_Blow_Me_Down_PLACEHOLDER.jpg
2091,Dr. Gigolo,Anthony Holcomb,Continental Classics,1971,"[""English""]",placeholder,covers/1971_Dr._Gigolo_PLACEHOLDER.jpg
2092,Secret Climax,Victor De Laroche,Continental Classics,1971,"[""English""]",placeholder,covers/1971_Secret_Climax_PLACEHOLDER.jpg
2093,Frug Me Again,Jack Aurora,Continental Classics,1971,"[""English""]",placeholder,covers/1971_Frug_Me_Again_PLACEHOLDER.jpg
2094,Alovely Cherry,William Mc Ardle,Continental Classics,1971,"[""English""]",placeholder,covers/1971_Alovely_Cherry_PLACEHOLDER.jpg
2095,Dr.Gigolo,Anthony Holcomb,Continental Classics,1971,"[""English""]",placeholder,covers/1971_Dr.Gigolo_PLACEHOLDER.jpg
2097,Mao Tse-Tung Yang Agong Ada-Lah Gilang Gemilang,,,1971,"[""Chinese""]",placeholder,covers/1971_Mao_Tse-Tung_Yang_Agong_Ada-Lah_Gilang_Gemilang_PLACEHOLDER.jpg
2098,Kim Ii Sung,,Mirasha,1970,"[""English""]",placeholder,covers/1970_Kim_Ii_Sung_PLACEHOLDER.jpg
2099,"Suratan ""Partai Rakyat Malaya""",Dzulkifli Ismail Dan S. Sivasubramaniam,,1970,"[""Malay"", ""English"", ""Chinese""]",placeholder,covers/1970_Suratan_Partai_Rakyat_Malaya_PLACEHOLDER.jpg
2100,Partai Buroh Malaya Tabong Pergerakan Politik,Partai Buroh Malaya,,1970,"[""Chinese"", ""English"", ""Tamil""]",placeholder,covers/1970_Partai_Buroh_Malaya_Tabong_Pergerakan_Politik_PLACEHOLDER.jpg
2102,Juvenile Lead,Pearson Groves,Brandon House,1970,"[""English""]",placeholder,covers/1970_Juvenile_Lead_PLACEHOLDER.jpg
2103,"""Bendera Benteng Suara Dan Bichara Partai Rakyat Malaya (Untuk Anggota Saja)'",,,1970,"[""Malay""]",placeholder,covers/1970_Bendera_Benteng_Suara_Dan_Bichara_Partai_Rakyat_Malaya_(Untuk_Anggota_Saja)'_PLACEHOLDER.jpg
2104,Harga Padi Telah Turun Semula,,Sharikat Penerbitan P-Chi,1970,"[""Chinese""]",placeholder,covers/1970_Harga_Padi_Telah_Turun_Semula_PLACEHOLDER.jpg
2105,Lagu,,,1970,"[""English""]",placeholder,covers/1970_Lagu_PLACEHOLDER.jpg
2107,Happiness Is A Warm Gun,,,1970,,placeholder,covers/1970_Happiness_Is_A_Warm_Gun_PLACEHOLDER.jpg
2108,Puff The Magic Dragon,,,1970,,placeholder,covers/1970_Puff_The_Magic_Dragon_PLACEHOLDER.jpg
2109,"Suratan2 Yang Mengandongi Shaer2 Dan Muzik Dalam Lagu Lagu Yang Tajok-Nya Ialah: 1. Nyanyian Latehan Askar2, 2. Satu Bungkusan Hadiah Untok Melahirkan Penghargaan, 3. Latehan Bayonet2",,,1970,"[""Chinese""]",placeholder,covers/1970_Suratan2_Yang_Mengandongi_Shaer2_Dan_Muzik_Dalam_Lagu_Lagu_Yang_Tajok-Nya_Ialah_1._Nyanyian_Latehan_PLACEHOLDER.jpg
2110,Naik Gaji,,Sharikat Penerbit P-Chi,1970,"[""Chinese""]",placeholder,covers/1970_Naik_Gaji_PLACEHOLDER.jpg
2111,"** "" Perutusan Khas Hari Raya Haji"" Yang Di-Chetak Dalam Bahasa Malaysia Yang Di-Mulai Dengan Perkataan2 "" Kpd Manusia2 Yang Maseh Berugama Terutama Mereka Yang Maseh Islam"" Dan Di-Akhiri Dengan Perk",,,1970,"[""Malay""]",placeholder,covers/1970_Perutusan_Khas_Hari_Raya_Haji_Yang_Di-Chetak_Dalam_Bahasa_Malaysia_Yang_Di-Mulai_Dengan_Perkataan2_K_PLACEHOLDER.jpg
2112,** Tiba Di-Shao-Shan,"Mao Tze-Tung (Jun, 1959)",,1970,"[""Chinese""]",placeholder,covers/1970_Tiba_Di-Shao-Shan_PLACEHOLDER.jpg
2113,Some Have Too Much,Marcus Van Heller,The Ophelia Press,1970,"[""English""]",placeholder,covers/1970_Some_Have_Too_Much_PLACEHOLDER.jpg
2114,Golden Night,,The Olympia Press,1970,"[""English""]",placeholder,covers/1970_Golden_Night_PLACEHOLDER.jpg
2115,Hot Summer,,,1970,"[""English""]",placeholder,covers/1970_Hot_Summer_PLACEHOLDER.jpg
2116,Happy Meeting,,,1970,"[""English""]",placeholder,covers/1970_Happy_Meeting_PLACEHOLDER.jpg
2117,Romance Of Lust Or Early Experience,,Grove Press Inc.,1970,"[""English""]",placeholder,covers/1970_Romance_Of_Lust_Or_Early_Experience_PLACEHOLDER.jpg
2118,A Man With A Maid,,Grove Press Inc.,1970,"[""English""]",open_library,covers/1970_A_Man_With_A_Maid.jpg
2119,Notes Of A Dirty Old Man,Charles Bukowski,"Essex House,Cal",1970,"[""English""]",open_library,covers/1970_Notes_Of_A_Dirty_Old_Man.jpg
2120,Blue Movie,Michael Perkins,Essex House Cal,1970,"[""English""]",open_library,covers/1970_Blue_Movie.jpg
2123,The Strange Love Of Lady S,Max Nortie,"Brandon House,Cal",1970,"[""English""]",placeholder,covers/1970_The_Strange_Love_Of_Lady_S_PLACEHOLDER.jpg
2124,The Strange Love Of Ladys,Max Nortic,Brandon House,1970,"[""English""]",placeholder,covers/1970_The_Strange_Love_Of_Ladys_PLACEHOLDER.jpg
2125,The Family Jewels,Unknown (Translated By L.E.La Bon),Brandon House,1970,"[""English""]",placeholder,covers/1970_The_Family_Jewels_PLACEHOLDER.jpg
2130,Happy Meetings,,,1970,,placeholder,covers/1970_Happy_Meetings_PLACEHOLDER.jpg
2133,The Man From S.T.U.D In Jool Of The Trade,F.W.Paul,"Lancer Books,Inc.",1970,"[""English""]",placeholder,covers/1970_The_Man_From_S.T.U.D_In_Jool_Of_The_Trade_PLACEHOLDER.jpg
2134,The Man From S.T.U.D In Tool Of The Trade,F.W. Paul,Lancer Books Inc.,1970,"[""English""]",placeholder,covers/1970_The_Man_From_S.T.U.D_In_Tool_Of_The_Trade_PLACEHOLDER.jpg
2135,"** Our Call To Students""",All Cordinating Committee-Progressive Studens,,1970,"[""English""]",placeholder,covers/1970_Our_Call_To_Students_PLACEHOLDER.jpg
2136,Chontoh Mulia Perjuangan Massa-Untok Memperingati Ulang-Tahun Pertama Kematian Shahid Lim Soon Seng,,Bahagian Kepong Parti Buroh,1970,"[""Chinese""]",placeholder,covers/1970_Chontoh_Mulia_Perjuangan_Massa-Untok_Memperingati_Ulang-Tahun_Pertama_Kematian_Shahid_Lim_Soon_Seng_PLACEHOLDER.jpg
2139,"** ""Chetusan""Yang Di-Mulai Dengan Perkataan2 ""(Bahasa Cina).....""Dan Di-Akhiri Dengan Perkataan2 ""..... (Bahasa Cina)",,,1970,"[""Chinese""]",placeholder,covers/1970_Chetusan_Yang_Di-Mulai_Dengan_Perkataan2_(Bahasa_Cina)....._Dan_Di-Akhiri_Dengan_Perkataan2_....._(B_PLACEHOLDER.jpg
2140,"** Spark"" Yang Di-Mulai Dengan Perkataan2 ""Spark Is The Courageous Voice Of The Oppressed Majority....""Dan Di-Akhiri Dengan Perkataan2 ""....And Oppressors Is Lighter Than A Feather"".",,,1970,"[""English""]",placeholder,covers/1970_Spark_Yang_Di-Mulai_Dengan_Perkataan2_Spark_Is_The_Courageous_Voice_Of_The_Oppressed_Majority...._Da_PLACEHOLDER.jpg
2141,"**""Chetusan"" Yang Di-Mulai Dengan Perkataan2 ""Chetusan Ia-Lah Chetusan Suara Majoriti Rakyat..."" Dan Diakhiri Dengan Perkataan2 "".....Yang Lebih Tulin Bagi Malaya"",",,,1970,"[""Malay""]",placeholder,covers/1970_Chetusan_Yang_Di-Mulai_Dengan_Perkataan2_Chetusan_Ia-Lah_Chetusan_Suara_Majoriti_Rakyat..._Dan_Diakh_PLACEHOLDER.jpg
2142,"** ""Chetusan""Yang Di-Mulai Dengan Perkataan2 ""(Bahasa Tamil)....""Dan Di-Akhiri Dengan Perkataan2 "".....(Bahasa Tamil)"":",,,1970,"[""Tamil""]",placeholder,covers/1970_Chetusan_Yang_Di-Mulai_Dengan_Perkataan2_(Bahasa_Tamil)...._Dan_Di-Akhiri_Dengan_Perkataan2_.....(Ba_PLACEHOLDER.jpg
2143,Far Eastern Economic Review,,Far Eastern Economic Review Ltd,1970,,placeholder,covers/1970_Far_Eastern_Economic_Review_PLACEHOLDER.jpg
2144,Misi Bagi Parti Kominis China Semasa Peperangan Anti Jepun Kedudukan Parti Kominis China Dalam Perjuangan Nasional,,,1970,"[""Chinese""]",placeholder,covers/1970_Misi_Bagi_Parti_Kominis_China_Semasa_Peperangan_Anti_Jepun_Kedudukan_Parti_Kominis_China_Dalam_Perju_PLACEHOLDER.jpg
2145,Budu Or Twenty Years In Sarawak Borneo,John K.Wilson,Tantallon Press,1970,"[""English""]",placeholder,covers/1970_Budu_Or_Twenty_Years_In_Sarawak_Borneo_PLACEHOLDER.jpg
2146,Budu Or Twenty Years In Sarawak Boneo,John K. Wilson,Tantallon Press,1970,"[""English""]",placeholder,covers/1970_Budu_Or_Twenty_Years_In_Sarawak_Boneo_PLACEHOLDER.jpg
2147,Portnoy's Complant,Philip Roth,Bantan Books Incorporation,1970,"[""English""]",placeholder,covers/1970_Portnoy's_Complant_PLACEHOLDER.jpg
2148,Portnoy's Complaint,Philip Roth,Bantan Books Incorporation,1970,"[""English""]",open_library,covers/1970_Portnoy's_Complaint.jpg
2149,Mimbar Rakyat,,Partai Rakyat Negeri Singapura,1970,"[""Chinese""]",placeholder,covers/1970_Mimbar_Rakyat_PLACEHOLDER.jpg
2150,Kejayaan Tertanggong Kepada Daya Manusia,,Sharikat Kebudayaan Terbang-Atas,1970,"[""Chinese""]",placeholder,covers/1970_Kejayaan_Tertanggong_Kepada_Daya_Manusia_PLACEHOLDER.jpg
2151,Mother India,,Sumati Publications Private Ltd,1970,,placeholder,covers/1970_Mother_India_PLACEHOLDER.jpg
2152,Ayer Mata Ibu,,Thong Lam,1970,"[""Chinese""]",placeholder,covers/1970_Ayer_Mata_Ibu_PLACEHOLDER.jpg
2153,Kebaikan Rengkasan Tulisan China,,Sharikat Hing Kong Penerbit Peniaga,1970,"[""Chinese""]",placeholder,covers/1970_Kebaikan_Rengkasan_Tulisan_China_PLACEHOLDER.jpg
2154,Bendera Banteng,,Propaganda Department Of Partai Rakyat Malaya,1970,"[""Malay"", ""English"", ""Tamil"", ""Chinese""]",placeholder,covers/1970_Bendera_Banteng_PLACEHOLDER.jpg
2156,The Big O,Rosemary Santini,Oracle Books Inc.,1970,"[""English""]",placeholder,covers/1970_The_Big_O_PLACEHOLDER.jpg
2157,Sex Cultists,Ruy Trauble,Oracle Books Inc.,1970,"[""English""]",placeholder,covers/1970_Sex_Cultists_PLACEHOLDER.jpg
2158,The Box,Mel Johnson,Oracle Books Inc.,1970,"[""English""]",placeholder,covers/1970_The_Box_PLACEHOLDER.jpg
2159,The Young Lusters,Sylvia Sharon,Oracle Books Inc.,1970,"[""English""]",placeholder,covers/1970_The_Young_Lusters_PLACEHOLDER.jpg
2160,A Way With All Maidens,Mel Johnson,Oracle Books Inc.,1970,"[""English""]",placeholder,covers/1970_A_Way_With_All_Maidens_PLACEHOLDER.jpg
2161,Cross Country Trick,Eugene Squire,Oracle Books Inc.,1970,"[""English""]",placeholder,covers/1970_Cross_Country_Trick_PLACEHOLDER.jpg
2162,I Have What You Want,Chris Harrison,Oracle Books Inc.,1970,"[""English""]",placeholder,covers/1970_I_Have_What_You_Want_PLACEHOLDER.jpg
2163,Cherry Pie,Vin Fields,Oracle Books Inc.,1970,"[""English""]",placeholder,covers/1970_Cherry_Pie_PLACEHOLDER.jpg
2164,Young Man For Sale,Dwayne Simpson,Oracle Books Inc.,1970,"[""English""]",placeholder,covers/1970_Young_Man_For_Sale_PLACEHOLDER.jpg
2166,The Rutting Ground,G.B. Vanek,Oracle Books Inc.,1970,"[""Indonesian""]",placeholder,covers/1970_The_Rutting_Ground_PLACEHOLDER.jpg
2170,Sweet Melody Of Love,Arthur Mills,"Volu-Publo, Tangier",1970,"[""English""]",placeholder,covers/1970_Sweet_Melody_Of_Love_PLACEHOLDER.jpg
2171,Seeds Of The Rainbow - Part 1 And 2,Robert Desmond,The Olympia Press,1970,"[""English""]",placeholder,covers/1970_Seeds_Of_The_Rainbow_-_Part_1_And_2_PLACEHOLDER.jpg
2172,Lighting Road,Mullin Garr,The Olympia Press,1970,"[""English""]",placeholder,covers/1970_Lighting_Road_PLACEHOLDER.jpg
2173,Who Pushed Paula-Part 1 And 2,Akhbar Del Piombo,The Olympia Press,1970,"[""English""]",placeholder,covers/1970_Who_Pushed_Paula-Part_1_And_2_PLACEHOLDER.jpg
2174,The She Devils - Part 1 And Part 2,Peter Lewis,Othelia Press,1970,"[""English""]",placeholder,covers/1970_The_She_Devils_-_Part_1_And_Part_2_PLACEHOLDER.jpg
2175,Gin Ang Lime Steet,Adam Aymes,Ophelia Press,1970,"[""English""]",placeholder,covers/1970_Gin_Ang_Lime_Steet_PLACEHOLDER.jpg
2176,House Of Borgia - Part 3 And 4,Marcus Van Heller,Ophelia Press,1970,"[""English""]",placeholder,covers/1970_House_Of_Borgia_-_Part_3_And_4_PLACEHOLDER.jpg
2177,Milady - Part 1 And 2,Jack Olley,Oceanic Press,1970,"[""English""]",placeholder,covers/1970_Milady_-_Part_1_And_2_PLACEHOLDER.jpg
2178,Love Together,,,1970,"[""English""]",placeholder,covers/1970_Love_Together_PLACEHOLDER.jpg
2179,Cruise To The End Of Love - Part 2,Orville Newton,Mediterranian Press,1970,"[""English""]",placeholder,covers/1970_Cruise_To_The_End_Of_Love_-_Part_2_PLACEHOLDER.jpg
2180,Maidenhead Stories,S.Murphy Ph.D,Brandon House,1969,"[""English""]",placeholder,covers/1969_Maidenhead_Stories_PLACEHOLDER.jpg
2181,Deva Dasi,Ataulah Mardaan,Brandon House,1969,"[""English""]",placeholder,covers/1969_Deva_Dasi_PLACEHOLDER.jpg
2182,The Pearl,John F.Trimble P.H.D,Grove Press Inc,1969,"[""English""]",placeholder,covers/1969_The_Pearl_PLACEHOLDER.jpg
2183,The Animal Lovers,Richard Christy,Classics Library,1969,"[""English""]",placeholder,covers/1969_The_Animal_Lovers_PLACEHOLDER.jpg
2184,The Way Of A Man With A Maid,John F.Trimble P.H.D,"Cenury Books,",1969,"[""English""]",placeholder,covers/1969_The_Way_Of_A_Man_With_A_Maid_PLACEHOLDER.jpg
2185,Memoirs Of Madame Madeline Vol.1,Jack Hirschman Ph.D,Brandon House,1969,"[""English""]",placeholder,covers/1969_Memoirs_Of_Madame_Madeline_Vol.1_PLACEHOLDER.jpg
2186,Confessions Of An English Maid,Geoffrey Lowndes,Brandon House,1969,"[""English""]",placeholder,covers/1969_Confessions_Of_An_English_Maid_PLACEHOLDER.jpg
2187,Untill She Screams,Faustino Perez,Brandon House,1969,"[""English""]",placeholder,covers/1969_Untill_She_Screams_PLACEHOLDER.jpg
2188,Eveline Vol.1,Geoffrey Lowndes P.H.D,Brandon House,1969,"[""English""]",placeholder,covers/1969_Eveline_Vol.1_PLACEHOLDER.jpg
2189,The Life And Amours Of Kate Percival,Kate Percival,Brandon House,1969,"[""English""]",placeholder,covers/1969_The_Life_And_Amours_Of_Kate_Percival_PLACEHOLDER.jpg
2190,The Naked And Monique,Rudolph Conway P.H.D,Brandon House,1969,"[""English""]",placeholder,covers/1969_The_Naked_And_Monique_PLACEHOLDER.jpg
2191,"Tell Me Why,No.22,25Th January 1969",,Fleetway Publications Ltd,1969,"[""English""]",placeholder,"covers/1969_Tell_Me_Why,No.22,25Th_January_1969_PLACEHOLDER.jpg"
2192,Edisi Khas Memperingati Hari Ulangtahun Kedua Pemogokan Di Ladang Nenas Chuan Seng,,"Kesatuan Pekerja-Pekerja Ladang Nenas,Persekutuan Tanah Melayu",1969,"[""Chinese""]",placeholder,covers/1969_Edisi_Khas_Memperingati_Hari_Ulangtahun_Kedua_Pemogokan_Di_Ladang_Nenas_Chuan_Seng_PLACEHOLDER.jpg
2193,Companion No.151,,Companion Magazine,1969,"[""Chinese""]",placeholder,covers/1969_Companion_No.151_PLACEHOLDER.jpg
2194,Memoirs Of A Russian Princess,Katoumbah Pasha,Holloway House,1969,"[""English""]",open_library,covers/1969_Memoirs_Of_A_Russian_Princess.jpg
2195,Di-Sana Sini,Ho Ho Lim,,1969,"[""Chinese""]",placeholder,covers/1969_Di-Sana_Sini_PLACEHOLDER.jpg
2196,A Different Drum,Chris Davidson,Ember Library,1969,"[""English""]",placeholder,covers/1969_A_Different_Drum_PLACEHOLDER.jpg
2197,The Mother Truckers,Marcus Miller,Phenix Publishers Ltd.,1969,"[""English""]",placeholder,covers/1969_The_Mother_Truckers_PLACEHOLDER.jpg
2198,The Orgy Inspector,Alan Marshall,Late Hour Library Book,1969,"[""English""]",placeholder,covers/1969_The_Orgy_Inspector_PLACEHOLDER.jpg
2199,Pot And Passion,Del Grayson Ph. D.,Late Hour Library Book,1969,"[""English""]",placeholder,covers/1969_Pot_And_Passion_PLACEHOLDER.jpg
2200,The Third Zone,Bea Campbell,Impact Library,1969,"[""English""]",placeholder,covers/1969_The_Third_Zone_PLACEHOLDER.jpg
2201,The International Erotica,Kurt Von Keller,Impact Library,1969,"[""English""]",placeholder,covers/1969_The_International_Erotica_PLACEHOLDER.jpg
2202,Transgressors,Maria Brooks,Impact Library,1969,"[""English""]",placeholder,covers/1969_Transgressors_PLACEHOLDER.jpg
2203,Innocence,Harriet Daimler,Greenleaf Classic Inc. California,1969,"[""English""]",open_library,covers/1969_Innocence.jpg
2204,Sarabande For A Bitch,Mickey Dikes,Greenleaf Classic Inc. California,1969,"[""English""]",open_library,covers/1969_Sarabande_For_A_Bitch.jpg
2205,The Story Of Jeliete Or Vice Amply Rewarded,Jacqueline D. Tunberg Ph. D.,Greenleaf Classic Inc. California,1969,"[""English""]",placeholder,covers/1969_The_Story_Of_Jeliete_Or_Vice_Amply_Rewarded_PLACEHOLDER.jpg
2206,Sadopaideia,"Leonard, A. Loweg Ph. D.",Greenleaf Classic Inc. California,1969,"[""English""]",placeholder,covers/1969_Sadopaideia_PLACEHOLDER.jpg
2207,Kidnap,Marcus Van Heller,Greenleaf Classic Inc. California,1969,"[""English""]",open_library,covers/1969_Kidnap.jpg
2208,Desire And Helen,Frances Lengel,Greenleaf Classic Inc. California,1969,"[""English""]",placeholder,covers/1969_Desire_And_Helen_PLACEHOLDER.jpg
2209,Two Flappers In Paris,A. Cantab,Greenleaf Classic Inc. California,1969,"[""English""]",open_library,covers/1969_Two_Flappers_In_Paris.jpg
2210,The Double Belled Companion,Akbar Del Piombo,Greenleaf Classic Inc. California,1969,"[""English""]",placeholder,covers/1969_The_Double_Belled_Companion_PLACEHOLDER.jpg
2211,Duke Cosing,Akbar Del Piombo,Greenleaf Classic Inc. California,1969,"[""English""]",placeholder,covers/1969_Duke_Cosing_PLACEHOLDER.jpg
2212,Desire And Molly's Mishap,Yuri Nakoff,Greenleaf Classic Inc. California,1969,"[""English""]",placeholder,covers/1969_Desire_And_Molly's_Mishap_PLACEHOLDER.jpg
2213,Rogue Woman,Hicholas Cutter,Greenleaf Classic Inc. California,1969,"[""English""]",placeholder,covers/1969_Rogue_Woman_PLACEHOLDER.jpg
2214,The Carnal Days Of Helen Seferis,Frances Lengel,Greenleaf Classic Inc. California,1969,"[""English""]",placeholder,covers/1969_The_Carnal_Days_Of_Helen_Seferis_PLACEHOLDER.jpg
2215,Flesh And Bone,Henry Crannach,Greenleaf Classic Inc. California,1969,"[""English""]",placeholder,covers/1969_Flesh_And_Bone_PLACEHOLDER.jpg
2216,Melting,Tim Harrack,Greenleaf Classic Inc. California,1969,"[""English""]",placeholder,covers/1969_Melting_PLACEHOLDER.jpg
2217,The Hip Angles,Dale Gordon Ph. D.,Greenleaf Classic Inc. California,1969,"[""English""]",placeholder,covers/1969_The_Hip_Angles_PLACEHOLDER.jpg
2218,Whips Incorporated,Angela Pearson,Greenleaf Classic,1969,"[""English""]",open_library,covers/1969_Whips_Incorporated.jpg
2219,The Agency,David Meltzer,Essex House,1969,"[""English""]",open_library,covers/1969_The_Agency.jpg
2220,Exhibitions,Roger Blake Ph. D.,Century Books,1969,"[""English""]",placeholder,covers/1969_Exhibitions_PLACEHOLDER.jpg
2221,Baby And Pleasure,Rudulph Conway Ph. D.,"Brandon House,California.",1969,"[""English""]",placeholder,covers/1969_Baby_And_Pleasure_PLACEHOLDER.jpg
2222,The House Of Borgia Volumes L And Ll,Marcus Van Heller,"Brandon House, N. Hollywood, California",1969,"[""English""]",placeholder,covers/1969_The_House_Of_Borgia_Volumes_L_And_Ll_PLACEHOLDER.jpg
2223,The Russian Ballet Girl Volumes L And Ll,Allen D. Warner Ph.D.,"Brandon House, N. Hollywood, California",1969,"[""English""]",placeholder,covers/1969_The_Russian_Ballet_Girl_Volumes_L_And_Ll_PLACEHOLDER.jpg
2224,Shame,Rudolph Conway Ph. D.,"Brandon House, N. Hollywood, California",1969,"[""English""]",placeholder,covers/1969_Shame_PLACEHOLDER.jpg
2225,The Small Rooms Of Paris,Ezra De Richarnaud,"Brandon House, N. Hollywood, California",1969,"[""English""]",placeholder,covers/1969_The_Small_Rooms_Of_Paris_PLACEHOLDER.jpg
2226,The Love Pagoda,Albert Ellis Ph. D.,"Brandon House, N. Hollywood, California",1969,"[""English""]",placeholder,covers/1969_The_Love_Pagoda_PLACEHOLDER.jpg
2227,The Militant Homosexual,John Barry,"Brandon House, N. Hollywood, California",1969,"[""English""]",placeholder,covers/1969_The_Militant_Homosexual_PLACEHOLDER.jpg
2228,Hellen And Desire,Alexander Trocchi,"Brandon House, N. Hollywood, California",1969,"[""English""]",placeholder,covers/1969_Hellen_And_Desire_PLACEHOLDER.jpg
2229,White Thighs,Alexander Trocchi,"Brandon House, N. Hollywood, California",1969,"[""English""]",placeholder,covers/1969_White_Thighs_PLACEHOLDER.jpg
2230,The Woman Thing,Harriet Daimler,"Brandon House, N. Hollywood, California",1969,"[""English""]",open_library,covers/1969_The_Woman_Thing.jpg
2231,A Night In A Moorish Harem,Lord Geroge Herbert,"Brandon House, N. Hollywood, California",1969,"[""English""]",placeholder,covers/1969_A_Night_In_A_Moorish_Harem_PLACEHOLDER.jpg
2232,The Reluctant Tease,Amy Irwin,"Brandon House, N. Hollywood, California",1969,"[""English""]",placeholder,covers/1969_The_Reluctant_Tease_PLACEHOLDER.jpg
2233,Rita And Marian,Peggy Swenson,"Brandon House, N. Hollywood, California",1969,"[""English""]",placeholder,covers/1969_Rita_And_Marian_PLACEHOLDER.jpg
2234,The Snake And The Womb,K. C. Carmichael,"Brandon House, N. Hollywood, California",1969,"[""English""]",placeholder,covers/1969_The_Snake_And_The_Womb_PLACEHOLDER.jpg
2235,The Sins Of Leslie,Liz Genell,"Brandon House, N. Hollywood, California",1969,"[""English""]",placeholder,covers/1969_The_Sins_Of_Leslie_PLACEHOLDER.jpg
2236,"I, A Lover",Stiig Holm,Dell Publishing Co. Inc.,1969,"[""English""]",open_library,"covers/1969_I,_A_Lover.jpg"
2237,A Gallery Of Nudes,J. Hume Parkinson,"Brandon House, N. Hollywood, California",1969,"[""English""]",placeholder,covers/1969_A_Gallery_Of_Nudes_PLACEHOLDER.jpg
2238,Night Travellers Weekly,,Liu Wei-Min,1969,"[""Chinese""]",placeholder,covers/1969_Night_Travellers_Weekly_PLACEHOLDER.jpg
2239,Kejadian Yang Sebenarnya Mengenai Kekachauan2 Di-Malaya 1,,Malaysia People's Publishing Society,1969,"[""Chinese""]",placeholder,covers/1969_Kejadian_Yang_Sebenarnya_Mengenai_Kekachauan2_Di-Malaya_1_PLACEHOLDER.jpg
2240,Berita China,,"Pejabat Konsol, Pejabat Kuasa-Usaha Di-England, The People's Republic Of China",1969,"[""Chinese""]",placeholder,covers/1969_Berita_China_PLACEHOLDER.jpg
2241,China News,,"Consulate, Office Of Charge De Affairs In England, The People's Republic Of China",1969,"[""Chinese""]",placeholder,covers/1969_China_News_PLACEHOLDER.jpg
2242,Bahan-Bahan Hsueh Hsih,,"Parti Rakyat Dan Parti Buroh Malaya,Bahagian Perak",1968,"[""Chinese""]",placeholder,covers/1968_Bahan-Bahan_Hsueh_Hsih_PLACEHOLDER.jpg
2243,Selected Military Writings Of Mao Tse-Tung(Tulisan-Tulisan Askar Terpilih Mao Tse-Tung,,"Foreign Languages Press,Peking,1996",1968,"[""English""]",placeholder,covers/1968_Selected_Military_Writings_Of_Mao_Tse-Tung(Tulisan-Tulisan_Askar_Terpilih_Mao_Tse-Tung_PLACEHOLDER.jpg
2244,Record Of Selecting Women,Women Seeker,Yu Lien Publishing Society,1968,"[""Chinese""]",placeholder,covers/1968_Record_Of_Selecting_Women_PLACEHOLDER.jpg
2245,Record Of Exchange Of Wives,Yeh Shih,Chu Feng Bookstore,1968,"[""Chinese""]",placeholder,covers/1968_Record_Of_Exchange_Of_Wives_PLACEHOLDER.jpg
2246,Spring And Love,,,1968,,placeholder,covers/1968_Spring_And_Love_PLACEHOLDER.jpg
2247,Mengeritik Dan Menyangkal Jalan Yang Salah Bagi Revisionism Keluaran Khas Bertarikh Oktober 1967,,,1968,"[""Chinese""]",placeholder,covers/1968_Mengeritik_Dan_Menyangkal_Jalan_Yang_Salah_Bagi_Revisionism_Keluaran_Khas_Bertarikh_Oktober_1967_PLACEHOLDER.jpg
2248,"Bendera,Keluaran No.2",,"Jawatankuasa Da'ayah,Parti Rakyat,Bahagian Selangor",1968,"[""Chinese""]",placeholder,"covers/1968_Bendera,Keluaran_No.2_PLACEHOLDER.jpg"
2249,Suara Pembebasan,,Sharikat Menyiar Suara Pembebasan,1968,"[""Chinese""]",placeholder,covers/1968_Suara_Pembebasan_PLACEHOLDER.jpg
2250,"Tambahan Khas Merayakan Ulang Tahun Ketujuh Sarawak United Peoples Party,Bahagian Miri Bagi See Hua Daily News Bertarikh 10Hb November 1967",,See Hua Daily News Co.Ltd,1968,"[""Chinese""]",placeholder,"covers/1968_Tambahan_Khas_Merayakan_Ulang_Tahun_Ketujuh_Sarawak_United_Peoples_Party,Bahagian_Miri_Bagi_See_Hua_PLACEHOLDER.jpg"
2251,"Surat Kepada Ahli-Ahli Parti Oleh Jawatan-Kuasa Perhubungan Parti Buroh, Pahang",,,1968,"[""Chinese""]",placeholder,"covers/1968_Surat_Kepada_Ahli-Ahli_Parti_Oleh_Jawatan-Kuasa_Perhubungan_Parti_Buroh,_Pahang_PLACEHOLDER.jpg"
2252,"Bachaan Bahasa China , Darjah Tinggi, Buku Pertama",,"Jawatan-Kuasa Da'ayah Dan Pelajaran, Parti Buroh Tanah Melayu, Bahagian Johor",1968,"[""Chinese""]",placeholder,"covers/1968_Bachaan_Bahasa_China_,_Darjah_Tinggi,_Buku_Pertama_PLACEHOLDER.jpg"
2253,Lustful Dreams,Hsia Fei,Amusement Publishing Society,1968,"[""Chinese""]",placeholder,covers/1968_Lustful_Dreams_PLACEHOLDER.jpg
2254,Lustful Maids,Hsia Fei,Amusement Publishing Society,1968,"[""Chinese""]",placeholder,covers/1968_Lustful_Maids_PLACEHOLDER.jpg
2255,"Purnell's New English Encyclopedia - Vol.9, No.8","A, Workman M.A.",Purnell And Sons Ltd And Intituto Geografico De Agostini,1968,"[""English""]",placeholder,"covers/1968_Purnell's_New_English_Encyclopedia_-_Vol.9,_No.8_PLACEHOLDER.jpg"
2256,World Religions A Dialogue,Niniam Smith,Penguin Books Ltd. England,1968,"[""English""]",placeholder,covers/1968_World_Religions_A_Dialogue_PLACEHOLDER.jpg
2257,"Confidential Volume 16. No.6.- June,1968",Gene Taylor,"Simon Lee Garth, By-Line Publications, Inc.",1968,"[""English""]",placeholder,"covers/1968_Confidential_Volume_16._No.6.-_June,1968_PLACEHOLDER.jpg"
2258,"Bachaan Rakyat Untok Darjah Tinggi, Buku Pertama",,"Jawatan-Kuasa Da'ayah Parti Rakyat , Tanah ,Melayu, Bahagian Selangor",1968,"[""Chinese""]",placeholder,"covers/1968_Bachaan_Rakyat_Untok_Darjah_Tinggi,_Buku_Pertama_PLACEHOLDER.jpg"
2259,Kesatuan Tukang-Tukang Mas Dan Perak Singapura-Terbitan Khas Merayakan Hari Buroh Antarabangsa Tahun 1968,Needs More Information,Kesatuan Tukang-Tukang Mas Perak Singapura,1968,"[""Chinese""]",placeholder,covers/1968_Kesatuan_Tukang-Tukang_Mas_Dan_Perak_Singapura-Terbitan_Khas_Merayakan_Hari_Buroh_Antarabangsa_Tahun_PLACEHOLDER.jpg
2260,Perniagaan Harian Hong Kong,,Li Shao-Hsiung,1968,"[""Chinese""]",placeholder,covers/1968_Perniagaan_Harian_Hong_Kong_PLACEHOLDER.jpg
2261,Kekallah Kemenangan Peperangan Rakyat,Lin Piao,Akhbar Bahasa-Bahasa Asing Peking,1968,"[""English""]",placeholder,covers/1968_Kekallah_Kemenangan_Peperangan_Rakyat_PLACEHOLDER.jpg
2262,The Lewd Story Of A Rich Widow,Hsia Fei,Amusement Publishing Society,1968,"[""Chinese""]",placeholder,covers/1968_The_Lewd_Story_Of_A_Rich_Widow_PLACEHOLDER.jpg
2263,Kita Mesti Menang!Penjajahan British Di Hong Kong Akan Ditewaskan,,The Tang Ku Pao,1968,"[""Chinese""] [""English""]",placeholder,covers/1968_Kita_Mesti_Menang!Penjajahan_British_Di_Hong_Kong_Akan_Ditewaskan_PLACEHOLDER.jpg
2264,Cahaya Menyinar Rongga Hati,,Chang Chaw,1968,"[""Chinese""]",placeholder,covers/1968_Cahaya_Menyinar_Rongga_Hati_PLACEHOLDER.jpg
2265,"Wine,Women And Money",Sha Nan,Hua Hsia Publishing Society,1968,"[""Chinese""]",placeholder,"covers/1968_Wine,Women_And_Money_PLACEHOLDER.jpg"
2266,New Tide Men And Women,Hsia Fei,Yu Yin Publishing Society,1968,"[""Chinese""]",placeholder,covers/1968_New_Tide_Men_And_Women_PLACEHOLDER.jpg
2267,Kumpulan Karangan-Karangan Mengenai Revolusi,,"Jawatankuasa Daayah,Parti Rakyat,Bahagian Selangor",1968,"[""Chinese""]",placeholder,covers/1968_Kumpulan_Karangan-Karangan_Mengenai_Revolusi_PLACEHOLDER.jpg
2268,A History Of Europe Vol.1 From The Earliest Time To 1713,,The Fontana Library,1968,"[""English""]",placeholder,covers/1968_A_History_Of_Europe_Vol.1_From_The_Earliest_Time_To_1713_PLACEHOLDER.jpg
2269,Akhbar Pembebasan,,"Gabongan Pembebasan Kebangsaan Kalimantan Utara,Bahagian Satu Sarawak",1968,"[""Chinese""]",placeholder,covers/1968_Akhbar_Pembebasan_PLACEHOLDER.jpg
2270,Rang Undang-Undang Bahasa Kebangsaan Menuju Ke Arah Penggunaan Berbilang Bahasa Ke Mana Arah Tujuan Bahasa Melayu,,Barisan Bertindak Bahasa Kebangsaan Pusat Kuala Lumpur,1967,"[""Malay""]",placeholder,covers/1967_Rang_Undang-Undang_Bahasa_Kebangsaan_Menuju_Ke_Arah_Penggunaan_Berbilang_Bahasa_Ke_Mana_Arah_Tujuan_PLACEHOLDER.jpg
2271,Ketetapan Rang Undang-Undang Bahasa Kebangsaan 1967,,Barisan Bertindak Bahasa Kebangsaan Pusat Kuala Lumpur,1967,"[""Malay""]",placeholder,covers/1967_Ketetapan_Rang_Undang-Undang_Bahasa_Kebangsaan_1967_PLACEHOLDER.jpg
2272,Interesting Affairs Of Human Upon Human,Kuan Chieh,Tao Yuen Book Store,1967,"[""Chinese""]",placeholder,covers/1967_Interesting_Affairs_Of_Human_Upon_Human_PLACEHOLDER.jpg
2273,Sex Mirror,Dr Chang Hsing,Shanghai Bookstore,1967,"[""Chinese""]",placeholder,covers/1967_Sex_Mirror_PLACEHOLDER.jpg
2274,Lewd Scenes In A Hotel,,,1967,"[""Chinese""]",placeholder,covers/1967_Lewd_Scenes_In_A_Hotel_PLACEHOLDER.jpg
2275,Lewd Scenes In Switzerland,Tsang Hai Ke,Good Friends Publishing Society,1967,"[""Chinese""]",placeholder,covers/1967_Lewd_Scenes_In_Switzerland_PLACEHOLDER.jpg
2276,Strange Loves Of Beautiful Ladies,,,1967,,placeholder,covers/1967_Strange_Loves_Of_Beautiful_Ladies_PLACEHOLDER.jpg
2277,Lustful Dreams,,,1967,,placeholder,covers/1967_Lustful_Dreams_PLACEHOLDER.jpg
2278,Reverting To Its Origin,,,1967,,placeholder,covers/1967_Reverting_To_Its_Origin_PLACEHOLDER.jpg
2279,Flag,,"Propaganda Section,Partai Rakyat,Selangor",1967,"[""Chinese""]",placeholder,covers/1967_Flag_PLACEHOLDER.jpg
2280,Quatations From Chairman Mao,"The General Political Department Of The People Liberation Army,China",,1967,"[""Chinese""]",placeholder,covers/1967_Quatations_From_Chairman_Mao_PLACEHOLDER.jpg
2281,Quotations From Chairman Mao Tse-Tung,,"Foreign Languages Press,Peking,1996",1967,"[""English""]",open_library,covers/1967_Quotations_From_Chairman_Mao_Tse-Tung.jpg
2283,The New Evening Post,,The New Evening Post,1967,"[""Chinese""]",placeholder,covers/1967_The_New_Evening_Post_PLACEHOLDER.jpg
2284,Every Red Flower Is Facing The Sun,,,1967,"[""Chinese""]",placeholder,covers/1967_Every_Red_Flower_Is_Facing_The_Sun_PLACEHOLDER.jpg
2285,Chenderamata Perayaan Bersama Hari Buroh Kesatuan-Kesatuan Sekerja 1967,,National Union Of Employees In The Electrical Industry,1967,"[""Chinese""]",placeholder,covers/1967_Chenderamata_Perayaan_Bersama_Hari_Buroh_Kesatuan-Kesatuan_Sekerja_1967_PLACEHOLDER.jpg
2286,March 8 International Women's Day Souvenir 1967,,Central Committee Of The Women's Section Of The Labour Party Of Malaya,1967,"[""Chinese""]",placeholder,covers/1967_March_8_International_Women's_Day_Souvenir_1967_PLACEHOLDER.jpg
2287,Chen Hsien Pao,,Barisan Sosialis,1967,"[""Chinese""]",placeholder,covers/1967_Chen_Hsien_Pao_PLACEHOLDER.jpg
2288,Tong Po Kong Special Edition,,"Party Rakyat Malaya,Labour Party Malaya Perak Division",1967,"[""Chinese""]",placeholder,covers/1967_Tong_Po_Kong_Special_Edition_PLACEHOLDER.jpg
2289,Passion Of Fire Unknown (Vol.1),,Sin Chih Publishing Society,1967,,placeholder,covers/1967_Passion_Of_Fire_Unknown_(Vol.1)_PLACEHOLDER.jpg
2290,The Adventure Tsang Hai-Ke Of A Prince,,Sheng Chiu Publishing Society,1967,"[""Chinese""]",placeholder,covers/1967_The_Adventure_Tsang_Hai-Ke_Of_A_Prince_PLACEHOLDER.jpg
2291,A Girl Rubber Tapper,Dr Chang,Kong Lien Publishing Society,1967,"[""Chinese""]",placeholder,covers/1967_A_Girl_Rubber_Tapper_PLACEHOLDER.jpg
2292,A Girl Mason,,Hai Shan Publishing Society,1967,"[""Chinese""]",placeholder,covers/1967_A_Girl_Mason_PLACEHOLDER.jpg
2293,Biography Of Su Nu Of Tang,Pei Hung,Good Friends Publishing Society,1967,"[""Chinese""]",placeholder,covers/1967_Biography_Of_Su_Nu_Of_Tang_PLACEHOLDER.jpg
2294,My Romance,,"Wan Li Publishing Society,",1967,"[""Chinese""]",placeholder,covers/1967_My_Romance_PLACEHOLDER.jpg
2295,The Globe Troting Of A Libertine,,Ta Ti Publishing Society,1967,"[""Chinese""]",placeholder,covers/1967_The_Globe_Troting_Of_A_Libertine_PLACEHOLDER.jpg
2296,A Girl In Bangkok,Dr Chang Hsing,,1967,"[""Chinese""]",placeholder,covers/1967_A_Girl_In_Bangkok_PLACEHOLDER.jpg
2297,The Bewitching Woman And The Infatuated Man,,,1967,,placeholder,covers/1967_The_Bewitching_Woman_And_The_Infatuated_Man_PLACEHOLDER.jpg
2298,Passion Of Fire (Vol.Ii),,,1967,,placeholder,covers/1967_Passion_Of_Fire_(Vol.Ii)_PLACEHOLDER.jpg
2299,Gema Kemarahan Revolusi,,"Jawatankuasa Sendiwara,19 Chawangan Anti Berhaluan Kanan Parti Buroh Malaya,Bahagian Selangor",1967,"[""Chinese""]",placeholder,covers/1967_Gema_Kemarahan_Revolusi_PLACEHOLDER.jpg
2300,Cherita Terpileh Mengenai Pahlawan-Pahlawan Revolusi,,"Bahagian Da'ayah,Parti Rakyat Bahagian Selangor",1967,"[""Chinese""]",placeholder,covers/1967_Cherita_Terpileh_Mengenai_Pahlawan-Pahlawan_Revolusi_PLACEHOLDER.jpg
2301,Berita Buroh,,Partai Buroh Malaya Bahagian Johor,1967,,placeholder,covers/1967_Berita_Buroh_PLACEHOLDER.jpg
2302,Selected Stories Of Revolutionary Heroes,,"Propaganda Section,Selangor Division Of Party Rakyat",1967,"[""Chinese""]",placeholder,covers/1967_Selected_Stories_Of_Revolutionary_Heroes_PLACEHOLDER.jpg
2303,Suara,,Penchetak Suara Selangor,1967,"[""Chinese""]",placeholder,covers/1967_Suara_PLACEHOLDER.jpg
2304,The Agry Roar Of The Revolution,,"Editorial Section,Joint Variety Show",1967,"[""Chinese""]",placeholder,covers/1967_The_Agry_Roar_Of_The_Revolution_PLACEHOLDER.jpg
2305,Belia Baru,,"Jawatankuasa Pusat Diayah,Pelajaran Dan Terbitan Barisan Sosialis",1967,"[""Chinese""]",placeholder,covers/1967_Belia_Baru_PLACEHOLDER.jpg
2306,Pangkalan Dan Perananja Militer Asing,,P.T. Pentja,1967,"[""Indonesian""]",placeholder,covers/1967_Pangkalan_Dan_Perananja_Militer_Asing_PLACEHOLDER.jpg
2307,Distortion Of Blood Dripping Facts Will Not Be Tolerated,"Propaganda & Education Office, Perak Division, Socialist Front",,1966,"[""Chinese""]",placeholder,covers/1966_Distortion_Of_Blood_Dripping_Facts_Will_Not_Be_Tolerated_PLACEHOLDER.jpg
2308,The Romance Contenders (2Nd Edition),,Weng-Feng Publishing Society,1966,"[""Chinese""]",placeholder,covers/1966_The_Romance_Contenders_(2Nd_Edition)_PLACEHOLDER.jpg
2309,Sowing Wild Oats,Yang Tiencheng,Universal Pictorials & Magazines Publishing Society,1966,"[""Chinese""]",placeholder,covers/1966_Sowing_Wild_Oats_PLACEHOLDER.jpg
2310,Affairs Of A Young Girl,,,1966,"[""Chinese""]",placeholder,covers/1966_Affairs_Of_A_Young_Girl_PLACEHOLDER.jpg
2311,Romance In Rubber Estate,,,1966,"[""Chinese""]",placeholder,covers/1966_Romance_In_Rubber_Estate_PLACEHOLDER.jpg
2312,Secret Loves Of Chiangping (Vol.I & Vol.Ii),,,1966,"[""Chinese""]",placeholder,covers/1966_Secret_Loves_Of_Chiangping_(Vol.I_&_Vol.Ii)_PLACEHOLDER.jpg
2313,Secrets Within The Glass Walls,Dr Chang Ching-Sen,,1966,"[""Chinese""]",placeholder,covers/1966_Secrets_Within_The_Glass_Walls_PLACEHOLDER.jpg
2314,Sex Love Between Me And Uncle,,,1966,"[""Chinese""]",placeholder,covers/1966_Sex_Love_Between_Me_And_Uncle_PLACEHOLDER.jpg
2315,Indian Art Of Love,,Goodearth Publishing Society,1966,"[""Chinese""]",placeholder,covers/1966_Indian_Art_Of_Love_PLACEHOLDER.jpg
2316,The Romance Contenders,,Cheng-Chung Publishing Society,1966,"[""Chinese""]",placeholder,covers/1966_The_Romance_Contenders_PLACEHOLDER.jpg
2317,Besieged,,Cheng Chung Publishing Society,1966,"[""Chinese""]",placeholder,covers/1966_Besieged_PLACEHOLDER.jpg
2318,Night Life Around The World,Huo Chiling,Euro-Asia Cultural Enterprises Co.,1966,,placeholder,covers/1966_Night_Life_Around_The_World_PLACEHOLDER.jpg
2319,Unite Together In Crushing The Fascist Dictatorial Rule,"Lpm, Prm, Perak State Liaison Committee Secretariat",,1966,"[""Chinese""]",placeholder,covers/1966_Unite_Together_In_Crushing_The_Fascist_Dictatorial_Rule_PLACEHOLDER.jpg
2320,Su Nu Ching,,Sexology Research Society,1966,"[""Chinese""]",placeholder,covers/1966_Su_Nu_Ching_PLACEHOLDER.jpg
2321,Angel In Dream,Ho Hsing,Universal Pictorials & Magazines Publishing Society,1966,"[""Chinese""]",placeholder,covers/1966_Angel_In_Dream_PLACEHOLDER.jpg
2322,Lustful Desires In Hongkong,Ho Hsing,Universal Pictorials & Magazines Publishing Society,1966,"[""Chinese""]",placeholder,covers/1966_Lustful_Desires_In_Hongkong_PLACEHOLDER.jpg
2323,Spring Time In Treasure Island (Vol. I & Vol. Ii),Pi Hsiaosheng,Tao Yuen Cultural Publishing Society,1966,"[""Chinese""]",placeholder,covers/1966_Spring_Time_In_Treasure_Island_(Vol._I_&_Vol._Ii)_PLACEHOLDER.jpg
2324,Secrets Of Sexual Intercourse,Miss Pai Hung,Feng Hsing Publishing Society,1966,"[""Chinese""]",placeholder,covers/1966_Secrets_Of_Sexual_Intercourse_PLACEHOLDER.jpg
2325,Happiness & Love Between Men And Women,Ting Ping,Cultural Book Enterprise Co.,1966,"[""Chinese""]",placeholder,covers/1966_Happiness_&_Love_Between_Men_And_Women_PLACEHOLDER.jpg
2326,Berita Ringkas,,Propaganda And Educational Section Of Mpsf Perak Division,1966,"[""Chinese""]",placeholder,covers/1966_Berita_Ringkas_PLACEHOLDER.jpg
2327,"Hsueh Hsih Materials,Volume Two",,Propaganda And Educational Section Of Lpm/Prm Perak Division Liaison Committee,1966,,placeholder,"covers/1966_Hsueh_Hsih_Materials,Volume_Two_PLACEHOLDER.jpg"
2328,"Compatriots,Come And Do Righteousness",,"Labour Party Of Malaya,Kampar Branch",1966,,placeholder,"covers/1966_Compatriots,Come_And_Do_Righteousness_PLACEHOLDER.jpg"
2329,"""Firmly Support The Righteous Struggle Of The West Coast Fishermen In Their 'No Fishing' One Day Strike''",,Labour Party Of Malaya And The Partai Rakyat,1966,,placeholder,covers/1966_Firmly_Support_The_Righteous_Struggle_Of_The_West_Coast_Fishermen_In_Their_'No_Fishing'_One_Day_Stri_PLACEHOLDER.jpg
2330,Chendera Mata 5.1 Hari Buroh Sa Dunia 1966,,"Labour Party Of Malaya,Malacca Town Branch",1966,"[""Chinese""]",placeholder,covers/1966_Chendera_Mata_5.1_Hari_Buroh_Sa_Dunia_1966_PLACEHOLDER.jpg
2331,Malayan Monitor,,H.B.Lim,1966,"[""Chinese""]",placeholder,covers/1966_Malayan_Monitor_PLACEHOLDER.jpg
2332,An Emergency Call Of A Good Citizen,,"Choong Neng Heng,Mambau,Negeri Sembilan",1966,"[""Chinese""]",placeholder,covers/1966_An_Emergency_Call_Of_A_Good_Citizen_PLACEHOLDER.jpg
2333,Concerning The Intra Party Ideological Dispute On The Two Divergent Anticolonial Lines Of Struggle,,The Kampar District Lisison Committe Of The Labour Party Of Malaya Perak Division,1966,,placeholder,covers/1966_Concerning_The_Intra_Party_Ideological_Dispute_On_The_Two_Divergent_Anticolonial_Lines_Of_Struggle_PLACEHOLDER.jpg
2334,A Collection Of Songs(No.1 Series),,"Party Rakyat,Bukit Merah,Branch,Perak",1966,,placeholder,covers/1966_A_Collection_Of_Songs(No.1_Series)_PLACEHOLDER.jpg
2335,A Compilation Of Materials On The Vietnam Issue,,Labour Party Of Malaya,1966,,placeholder,covers/1966_A_Compilation_Of_Materials_On_The_Vietnam_Issue_PLACEHOLDER.jpg
2336,Johnson Go Home,,"Secretariat Of Labour Party Of Malaya,13 October 1966",1966,"[""Chinese""]",placeholder,covers/1966_Johnson_Go_Home_PLACEHOLDER.jpg
2337,Unite Together And Give Johnson A Frontal Assault,,"Propaganda Section Partai Rakyat Selangor,20Th October 1966",1966,"[""Chinese""]",placeholder,covers/1966_Unite_Together_And_Give_Johnson_A_Frontal_Assault_PLACEHOLDER.jpg
2338,Aid Vietnam Resist America,,"Partai Buroh Malaya,Kawasan Kluang",1966,"[""Chinese""]",placeholder,covers/1966_Aid_Vietnam_Resist_America_PLACEHOLDER.jpg
2339,National Hero Nguyen Van Troi,,"Partai Buroh Malaya,Kawasan Ayer Itam,Pulau Pinang",1966,"[""Chinese""]",placeholder,covers/1966_National_Hero_Nguyen_Van_Troi_PLACEHOLDER.jpg
2340,The People Of South Vietnam Must Win The American Troops Must Lose,,Malayan Party Rakyat And Labour Party Of Malaya,1966,"[""Chinese""]",placeholder,covers/1966_The_People_Of_South_Vietnam_Must_Win_The_American_Troops_Must_Lose_PLACEHOLDER.jpg
2341,Letter To The Public A Strong Protest To The Alliance Government Against The Shooting Of Comrade Ong Chong Of Our Party To Death,,"Labour Party Of Malaya,Ampang Branch",1966,"[""Chinese""]",placeholder,covers/1966_Letter_To_The_Public_A_Strong_Protest_To_The_Alliance_Government_Against_The_Shooting_Of_Comrade_Ong_PLACEHOLDER.jpg
2342,Poetry Magazine,Tzang Ke Chia,"People Literature Press,Peking",1965,"[""Chinese""]",placeholder,covers/1965_Poetry_Magazine_PLACEHOLDER.jpg
2343,Revolutionary Songs For All,,"Ying Yuok Publishing Society,Peking",1965,"[""Chinese""]",placeholder,covers/1965_Revolutionary_Songs_For_All_PLACEHOLDER.jpg
2344,Chenderamata Puja Umor 10 Partai Rakyat Malaysia,,Partai Rakyat Malaya,1965,"[""Chinese""]",placeholder,covers/1965_Chenderamata_Puja_Umor_10_Partai_Rakyat_Malaysia_PLACEHOLDER.jpg
2345,Berita Pemuda,,"Editorial Department,Central Committee,Pemuda Socialis Malaya",1965,"[""English""]",placeholder,covers/1965_Berita_Pemuda_PLACEHOLDER.jpg
2346,Chenderamata Perayaan Ulang Tahun 3 Partai Buroh Malaya Chawangan Perbandaran Bersama Merayakan 8Hb 3 Hari Wanita 1965,,"Labour Party Of Malaya,Malacca Town Branch",1965,"[""Chinese""]",placeholder,covers/1965_Chenderamata_Perayaan_Ulang_Tahun_3_Partai_Buroh_Malaya_Chawangan_Perbandaran_Bersama_Merayakan_8Hb_PLACEHOLDER.jpg
2347,Tropic Of Cancer,Henry Miller,"Grove Press Inc,New York",1965,"[""English""]",placeholder,covers/1965_Tropic_Of_Cancer_PLACEHOLDER.jpg
2348,Secret Of Japan,Yeh Mu,"Ping Ping Bookshop Kowloon,Hongkong",1965,"[""Chinese""]",placeholder,covers/1965_Secret_Of_Japan_PLACEHOLDER.jpg
2349,Biography Of A Young Mistress,Hsu Yu Ching,"Hsiang Chang Publishing Society,Hong Kong",1965,"[""Chinese""]",placeholder,covers/1965_Biography_Of_A_Young_Mistress_PLACEHOLDER.jpg
2350,Springtime In Bangkok,,,1965,,placeholder,covers/1965_Springtime_In_Bangkok_PLACEHOLDER.jpg
2351,Nights In Spring & Shadows Of Flowers Book I & Ii,Kuo Liang Hui,"Hsin Yeh Cultural Society,Taiwan",1965,"[""Chinese""]",placeholder,covers/1965_Nights_In_Spring_&_Shadows_Of_Flowers_Book_I_&_Ii_PLACEHOLDER.jpg
2352,Men's Affairs,,"Yang Sheng Publishing Society,Macao",1965,"[""Chinese""]",placeholder,covers/1965_Men's_Affairs_PLACEHOLDER.jpg
2353,Strange Loves And Infatuations,Han Chang,"Victory Publishing Society,Hong Kong",1965,"[""Chinese""]",placeholder,covers/1965_Strange_Loves_And_Infatuations_PLACEHOLDER.jpg
2354,The Yeh Ho Flowers Of Tang Palaces,Chien Pehsing,"Universal Pictorials & Magazines Publishing Society,Hong Kong",1965,"[""Chinese""]",placeholder,covers/1965_The_Yeh_Ho_Flowers_Of_Tang_Palaces_PLACEHOLDER.jpg
2355,Sexual Flame,,,1965,"[""Chinese""]",placeholder,covers/1965_Sexual_Flame_PLACEHOLDER.jpg
2356,Men And Women,Li Yang,"Li Ming Publishing Society,Hong Kong",1965,"[""Chinese""]",placeholder,covers/1965_Men_And_Women_PLACEHOLDER.jpg
2357,Between Men And Women Book 1 & Ii,Yuang Hsiang,"Hua Pao Office,Taipei",1965,"[""Chinese""]",placeholder,covers/1965_Between_Men_And_Women_Book_1_&_Ii_PLACEHOLDER.jpg
2358,Mother's Lover,Miss Gloria Hart,"Hai San Publishing Society,Taipei",1965,"[""Chinese""]",placeholder,covers/1965_Mother's_Lover_PLACEHOLDER.jpg
2359,Affairs Of Aunt Chien,Miss Gloria Hart,"Hai San Publishing Society,Taipei",1965,"[""Chinese""]",placeholder,covers/1965_Affairs_Of_Aunt_Chien_PLACEHOLDER.jpg
2360,"Lover,Lover",,"Hai San Publishing Society,Taipei",1965,"[""Chinese""]",placeholder,"covers/1965_Lover,Lover_PLACEHOLDER.jpg"
2361,School For Sin,Miss Gloria Hart,"Euro Asia Publishing Society,Hong Kong",1965,"[""Chinese""]",placeholder,covers/1965_School_For_Sin_PLACEHOLDER.jpg
2363,The Personal Records Of A Playboy,Yang Tien Chen,"Universal Pictorials & Magazines Publishing Society,Hong Kong",1965,"[""Chinese""]",placeholder,covers/1965_The_Personal_Records_Of_A_Playboy_PLACEHOLDER.jpg
2364,The Vices Of Chang Ching Sen,,"Wen Feng Publishing Society,Taipei",1965,"[""Chinese""]",placeholder,covers/1965_The_Vices_Of_Chang_Ching_Sen_PLACEHOLDER.jpg
2365,Dissolute Women Of Wealthy Families,,"Tao Yuen Cultural Publishing Society,Hong Kong",1965,"[""Chinese""]",placeholder,covers/1965_Dissolute_Women_Of_Wealthy_Families_PLACEHOLDER.jpg
2366,Home Of Bachelors,Yang Tiencheng,Universal Pictorials And Magazines Publishing Society,1965,"[""Chinese""]",placeholder,covers/1965_Home_Of_Bachelors_PLACEHOLDER.jpg
2367,My Diary,Gloria Hart,United Book Store,1965,"[""Chinese""]",placeholder,covers/1965_My_Diary_PLACEHOLDER.jpg
2368,Chun Chiang Hua Yueh Hen,Ching Puhuan,"Tien Wen Tai Press,Hong Kong",1965,"[""Chinese""]",placeholder,covers/1965_Chun_Chiang_Hua_Yueh_Hen_PLACEHOLDER.jpg
2369,The Cave Of Hundred Flowers Vying With One Another In Loveliness,,Ta Kuang Publishing Society,1965,"[""Chinese""]",placeholder,covers/1965_The_Cave_Of_Hundred_Flowers_Vying_With_One_Another_In_Loveliness_PLACEHOLDER.jpg
2370,The Seducer,Annie,San Chiang Publishing Society,1965,"[""Chinese""]",placeholder,covers/1965_The_Seducer_PLACEHOLDER.jpg
2371,The Bogy Of Lustful Desire Alias The Secrets Of A Young Mistress,Pi Hsiaosheng,,1965,"[""Chinese""]",placeholder,covers/1965_The_Bogy_Of_Lustful_Desire_Alias_The_Secrets_Of_A_Young_Mistress_PLACEHOLDER.jpg
2372,Ramantic Secrets In Tokyo,,,1965,"[""Chinese""]",placeholder,covers/1965_Ramantic_Secrets_In_Tokyo_PLACEHOLDER.jpg
2373,Secret In Beauty Parlours Alias Hundred Flowers Vying With One Another In Love Loveliness,,Kuang Ming Publishing Society,1965,"[""Chinese""]",placeholder,covers/1965_Secret_In_Beauty_Parlours_Alias_Hundred_Flowers_Vying_With_One_Another_In_Love_Loveliness_PLACEHOLDER.jpg
2374,Yu Tang Chun,Sung Yu,Hua Hsia Publishing Society,1965,"[""Chinese""]",placeholder,covers/1965_Yu_Tang_Chun_PLACEHOLDER.jpg
2375,Romance In Japan,Tsang Hai Ke,Good Friends Publishing Society,1965,"[""Chinese""]",placeholder,covers/1965_Romance_In_Japan_PLACEHOLDER.jpg
2376,Dry Wood And Fierce Fire,Fang Hua,"Good Earth Publishing Society,Hong Kong",1965,"[""Chinese""]",placeholder,covers/1965_Dry_Wood_And_Fierce_Fire_PLACEHOLDER.jpg
2377,Spring In Tokyo,,Cultural Publishing Society,1965,"[""Chinese""]",placeholder,covers/1965_Spring_In_Tokyo_PLACEHOLDER.jpg
2378,The Fire Of Lustful Desire Alias The Secrets Of A Young Mistress,Pi Hsiaosheng,"2400 Noder Road West,Hong Kong",1965,"[""Chinese""]",placeholder,covers/1965_The_Fire_Of_Lustful_Desire_Alias_The_Secrets_Of_A_Young_Mistress_PLACEHOLDER.jpg
2379,Chendera Mata Hari Wanita Sedunia 8Hb March 1964,,Jabatan Wanita Front Sosialis Rakyat Malaya,1964,"[""Chinese"", ""English"", ""Malay""]",placeholder,covers/1964_Chendera_Mata_Hari_Wanita_Sedunia_8Hb_March_1964_PLACEHOLDER.jpg
2380,Islam: Its Meaning For Modern Man,Mohamed Zafrulla Khan,"Routnedge And Kegan Paul,Ltd",1964,"[""English""]",placeholder,covers/1964_Islam_Its_Meaning_For_Modern_Man_PLACEHOLDER.jpg
2381,The Great Religious Leaders,Charles Francis Potter,"Washington Square Press,Inc Executive Offices",1964,"[""English""]",open_library,covers/1964_The_Great_Religious_Leaders.jpg
2382,Global Digest,,Global Digest Press,1964,"[""English""]",placeholder,covers/1964_Global_Digest_PLACEHOLDER.jpg
2383,The First Half Of My Life,Henry Pu Yi,"Hong Kong Wen Tong Bookshop,Hong Kong",1964,"[""Chinese""]",placeholder,covers/1964_The_First_Half_Of_My_Life_PLACEHOLDER.jpg
2384,Art Literature And Life,Sung Tan,Equatorial Literature Publishers,1963,"[""Chinese""]",placeholder,covers/1963_Art_Literature_And_Life_PLACEHOLDER.jpg
2385,Siaran Partai Berkenaan Revolusi Nasional Rakyat Kalimantan Utara,,Seksi Penerangan Pr Singapura,1963,"[""Malay""]",placeholder,covers/1963_Siaran_Partai_Berkenaan_Revolusi_Nasional_Rakyat_Kalimantan_Utara_PLACEHOLDER.jpg
2386,Knowledge No.97 Volume 9 Dated 12Th November 1962,,"Purnell & Sons Limited,Paulton,Nr.Bristol,England",1963,,placeholder,covers/1963_Knowledge_No.97_Volume_9_Dated_12Th_November_1962_PLACEHOLDER.jpg
2387,Contemporary Progressive Indonesian Poetry,Bintang Suradi,"Leaguage Of People's Culture,Indonesia",1963,,placeholder,covers/1963_Contemporary_Progressive_Indonesian_Poetry_PLACEHOLDER.jpg
2388,Finding Out (Part Number 11),,"Purnell & Sons Ltd,Gulf House,2 Portman Street,London,W.Iengland",1963,,placeholder,covers/1963_Finding_Out_(Part_Number_11)_PLACEHOLDER.jpg
2389,Siasah Dan Loteri Serta Alim Ulama,Abdul Kadir Bin Abdul Muttalib Al-Indonesia Al-Mandili,Chap Matba'atul Annuar,1963,,placeholder,covers/1963_Siasah_Dan_Loteri_Serta_Alim_Ulama_PLACEHOLDER.jpg
2390,Recollections,Lim Lean Geok,"Publishing Committee,United Chinese School Teachers'association",1963,"[""Chinese""]",placeholder,covers/1963_Recollections_PLACEHOLDER.jpg
2391,Teachers' Journal No.3 Dated 15.5.1960,,Y.Y.Huang & Y.R. Sha,1963,"[""Chinese"", ""English"", ""Malay""]",placeholder,covers/1963_Teachers'_Journal_No.3_Dated_15.5.1960_PLACEHOLDER.jpg
2392,Teachers' Journal No.4 Dated 15.7.1960,,Y.Y.Huang & Y.R. Sha,1963,"[""Chinese"", ""English"", ""Malay""]",placeholder,covers/1963_Teachers'_Journal_No.4_Dated_15.7.1960_PLACEHOLDER.jpg
2393,Teachers' Journal Vol.Ii No.1 Dated 15.2.1961,,Y.Y.Huang & Y.R. Sha,1963,"[""Chinese"", ""English"", ""Malay""]",placeholder,covers/1963_Teachers'_Journal_Vol.Ii_No.1_Dated_15.2.1961_PLACEHOLDER.jpg
2394,Teachers' Journal Vol.Ii No.3 Dated 15.6.1961,,Y.Y.Huang & Y.R. Sha,1963,"[""Chinese"", ""English"", ""Malay""]",placeholder,covers/1963_Teachers'_Journal_Vol.Ii_No.3_Dated_15.6.1961_PLACEHOLDER.jpg
2395,"Teachers' Journal Vol.Iii No.2, 12Th Issue Dated 15.8.1962",,Y.Y.Huang & Y.R. Sha,1963,"[""Chinese"", ""English"", ""Malay""]",placeholder,"covers/1963_Teachers'_Journal_Vol.Iii_No.2,_12Th_Issue_Dated_15.8.1962_PLACEHOLDER.jpg"
2396,"Teachers' Journal Vol.Iii No.3, 13Th Issue Dated 15.10.1962",,Y.Y.Huang & Y.R. Sha,1963,"[""Chinese"", ""English"", ""Malay""]",placeholder,"covers/1963_Teachers'_Journal_Vol.Iii_No.3,_13Th_Issue_Dated_15.10.1962_PLACEHOLDER.jpg"
2397,"Teachers' Journal Vol.Iii No.4, 14Th Issue Dated 15.12.1962",,Y.Y.Huang & Y.R. Sha,1963,"[""Chinese"", ""English"", ""Malay""]",placeholder,"covers/1963_Teachers'_Journal_Vol.Iii_No.4,_14Th_Issue_Dated_15.12.1962_PLACEHOLDER.jpg"
2398,"Teachers' Journal Vol.Iv No.1, 15Th Issue Dated 15.3.1963",,Y.Y.Huang & Y.R. Sha,1963,"[""Chinese"", ""English"", ""Malay""]",placeholder,"covers/1963_Teachers'_Journal_Vol.Iv_No.1,_15Th_Issue_Dated_15.3.1963_PLACEHOLDER.jpg"
2399,"Teachers' Journal Vol.Iv No.2, 16Th Issue Dated 15.5.1963",,Y.Y.Huang & Y.R. Sha,1963,,placeholder,"covers/1963_Teachers'_Journal_Vol.Iv_No.2,_16Th_Issue_Dated_15.5.1963_PLACEHOLDER.jpg"
2400,Beberapa Mutiara Yang Bagus Lagi Endah Atau Beberapa Masalah Yang Penting Lagi Mudah,Al Sheikh Abdul Kadir Bin Abdul Mutalib Al Indonesia Al Mandili,Taba'matba'atul Annuar Dan Matba'ab Haji Mohd. Idris Al-Marbawi Masir Egypt,1962,"[""Malay""]",placeholder,covers/1962_Beberapa_Mutiara_Yang_Bagus_Lagi_Endah_Atau_Beberapa_Masalah_Yang_Penting_Lagi_Mudah_PLACEHOLDER.jpg
2401,To The Youths,Lu Ming,World Publishing Society,1962,"[""Chinese""]",placeholder,covers/1962_To_The_Youths_PLACEHOLDER.jpg
2402,Work And Study,Fang Chiang,World Publishing Society,1962,"[""Chinese""]",placeholder,covers/1962_Work_And_Study_PLACEHOLDER.jpg
2403,The Aim Of Life,Various Russian,China Youth Publishing Society,1962,"[""Chinese""]",placeholder,covers/1962_The_Aim_Of_Life_PLACEHOLDER.jpg
2404,Tetangga Jang Gagah Berani,,Jajasan Pembaruan Djakarta,1962,"[""Indonesian""]",placeholder,covers/1962_Tetangga_Jang_Gagah_Berani_PLACEHOLDER.jpg
2405,Risalat Yang Mengandong Akan Khutbah Juma'at Dan Khutbah Dua Hari Raya Dan Khutbah Nikah Dan Talkin Mayat Dengan Bahasa Melayu,Al-Sheikh Abdul Mutalib Al-Mandili,United Press,1962,"[""Malay""]",placeholder,covers/1962_Risalat_Yang_Mengandong_Akan_Khutbah_Juma'at_Dan_Khutbah_Dua_Hari_Raya_Dan_Khutbah_Nikah_Dan_Talkin_PLACEHOLDER.jpg
2406,The Short History Of The Malayan Races Movement,,Nanyang Univeraity Historical And Geographical Socirty Singapore,1962,"[""Chinese""]",placeholder,covers/1962_The_Short_History_Of_The_Malayan_Races_Movement_PLACEHOLDER.jpg
2407,Tropic Of Cancer,Henry Miller,Grove Press Inc. New York,1962,"[""English""]",open_library,covers/1962_Tropic_Of_Cancer.jpg
2408,Ayesha,Kurt Frischler,Barrie And Rockliff,1962,"[""English""]",open_library,covers/1962_Ayesha.jpg
2409,Peking Review,,Peking Review,1961,"[""English""]",placeholder,covers/1961_Peking_Review_PLACEHOLDER.jpg
2410,The Student Of The Peninsula Have Grown Up,,,1961,"[""Chinese""]",placeholder,covers/1961_The_Student_Of_The_Peninsula_Have_Grown_Up_PLACEHOLDER.jpg
2411,Issuing Forth,,,1961,"[""Chinese""]",placeholder,covers/1961_Issuing_Forth_PLACEHOLDER.jpg
2412,The Students All Over The World Are Of One Mind,,,1961,"[""Chinese""]",placeholder,covers/1961_The_Students_All_Over_The_World_Are_Of_One_Mind_PLACEHOLDER.jpg
2413,Materialise The General Route,,,1961,"[""Chinese""]",placeholder,covers/1961_Materialise_The_General_Route_PLACEHOLDER.jpg
2414,The Koran...,N.J.Dawood,The Whitefriars Press Ltd. London & Tonbridge (Teh Penguin Classics),1961,,placeholder,covers/1961_The_Koran_PLACEHOLDER.jpg
2415,Pertemuan Wakil2 Partai2 Komunis Dan Partai2 Buruh,,Jajasan Pembaruan,1961,"[""Indonesian""]",placeholder,covers/1961_Pertemuan_Wakil2_Partai2_Komunis_Dan_Partai2_Buruh_PLACEHOLDER.jpg
2416,Push The Great Wheel To Go Forward,,,1961,"[""Chinese""]",placeholder,covers/1961_Push_The_Great_Wheel_To_Go_Forward_PLACEHOLDER.jpg
2417,The Song Of Malaya,,,1961,"[""Chinese""]",placeholder,covers/1961_The_Song_Of_Malaya_PLACEHOLDER.jpg
2418,Go Forward! Brethren Of Malaya,,,1961,"[""Chinese""]",placeholder,covers/1961_Go_Forward!_Brethren_Of_Malaya_PLACEHOLDER.jpg
2419,Sing For Unity,,,1961,"[""Chinese""]",placeholder,covers/1961_Sing_For_Unity_PLACEHOLDER.jpg
2420,"""Pernjataan & Seruan"" ""Pertemuan Wakil2 Partai2 Komunis Dan Partai2 Buruh""",,Jajasan Pembaruan,1961,"[""Indonesian""]",placeholder,covers/1961_Pernjataan_&_Seruan_Pertemuan_Wakil2_Partai2_Komunis_Dan_Partai2_Buruh_PLACEHOLDER.jpg
2421,Reminiscence Of Fire,Hsia Pin,Wen Yi Publishers,1961,"[""Chinese""]",placeholder,covers/1961_Reminiscence_Of_Fire_PLACEHOLDER.jpg
2422,How To Know Oneself And The Society,Huang E-Cheng,Chiu Shih Publishing Society,1960,,placeholder,covers/1960_How_To_Know_Oneself_And_The_Society_PLACEHOLDER.jpg
2423,Review Of Indonesia,,The,1960,,placeholder,covers/1960_Review_Of_Indonesia_PLACEHOLDER.jpg
2424,Indu Nesan,,K. Rajagopal Naidu,1960,,placeholder,covers/1960_Indu_Nesan_PLACEHOLDER.jpg
2425,Nathikam (Atheism),,P. Ramasamy,1960,,placeholder,covers/1960_Nathikam_(Atheism)_PLACEHOLDER.jpg
2426,Eastern Horizon,,Eastern Horizon Press,1960,"[""English""]",placeholder,covers/1960_Eastern_Horizon_PLACEHOLDER.jpg
2427,Study Of Sex Of The Human Male And Female,,The Hsing Hwa Co.Ltd,1957,"[""English""]",placeholder,covers/1957_Study_Of_Sex_Of_The_Human_Male_And_Female_PLACEHOLDER.jpg
2428,The Night Of The Newly Married Couple,Pe-I,,1957,"[""English""]",placeholder,covers/1957_The_Night_Of_The_Newly_Married_Couple_PLACEHOLDER.jpg
2429,Flavour In The Room,Yin-I,,1957,"[""English""]",placeholder,covers/1957_Flavour_In_The_Room_PLACEHOLDER.jpg
2430,Sexual Experience,,,1957,"[""English""]",placeholder,covers/1957_Sexual_Experience_PLACEHOLDER.jpg
2431,Boudoir Technique,Yin -I,,1957,"[""English""]",placeholder,covers/1957_Boudoir_Technique_PLACEHOLDER.jpg
2432,A Virgin's First Night,Yin-I,,1957,"[""English""]",placeholder,covers/1957_A_Virgin's_First_Night_PLACEHOLDER.jpg
2433,Sexual Position,,,1957,"[""English""]",placeholder,covers/1957_Sexual_Position_PLACEHOLDER.jpg
2434,"World Student News (All Past,Present And Future Issues)",,International Union Of Students,1957,"[""English""]",placeholder,"covers/1957_World_Student_News_(All_Past,Present_And_Future_Issues)_PLACEHOLDER.jpg"
2435,Talks On Ideology,,Knowledge Book Shops,1957,"[""English""]",placeholder,covers/1957_Talks_On_Ideology_PLACEHOLDER.jpg
2436,Loyal Press,,Loyal Press,1956,"[""Chinese""]",placeholder,covers/1956_Loyal_Press_PLACEHOLDER.jpg
2437,Spring Hidden In Tiger's Lair,,,1956,"[""Chinese""]",placeholder,covers/1956_Spring_Hidden_In_Tiger's_Lair_PLACEHOLDER.jpg
2438,The Prohibitive Flesh The Romance Of Kong Sui-Yang Vol. 2,,,1956,"[""Chinese""]",placeholder,covers/1956_The_Prohibitive_Flesh_The_Romance_Of_Kong_Sui-Yang_Vol._2_PLACEHOLDER.jpg
2439,"Old Edition Of Jade Mats - Volume I, Ii, Iii And Continuation",,,1956,"[""Chinese""]",placeholder,"covers/1956_Old_Edition_Of_Jade_Mats_-_Volume_I,_Ii,_Iii_And_Continuation_PLACEHOLDER.jpg"
2440,Modern West Chamber's Dream - Volume I And Ii,,,1956,"[""Chinese""]",placeholder,covers/1956_Modern_West_Chamber's_Dream_-_Volume_I_And_Ii_PLACEHOLDER.jpg
2441,Secret Volume. Yer Por Chee,,,1956,"[""Chinese""]",placeholder,covers/1956_Secret_Volume._Yer_Por_Chee_PLACEHOLDER.jpg
2442,The Human Bogey Of Hong Kong,,,1956,"[""Chinese""]",placeholder,covers/1956_The_Human_Bogey_Of_Hong_Kong_PLACEHOLDER.jpg
2443,P'an Chin-Lien. A Dissolute Woman,,,1956,"[""Chinese""]",placeholder,covers/1956_P'an_Chin-Lien._A_Dissolute_Woman_PLACEHOLDER.jpg
2444,A Dissolute Woman Commits Adultery,,,1956,"[""Chinese""]",placeholder,covers/1956_A_Dissolute_Woman_Commits_Adultery_PLACEHOLDER.jpg
2445,Flavour,,,1956,"[""Chinese""]",placeholder,covers/1956_Flavour_PLACEHOLDER.jpg
2446,A Red Card Every Night - Volumes I And Ii,,,1956,"[""Chinese""]",placeholder,covers/1956_A_Red_Card_Every_Night_-_Volumes_I_And_Ii_PLACEHOLDER.jpg
2447,The Wild Mandarin-Ducks-Volume I And Ii,,,1956,"[""Chinese""]",placeholder,covers/1956_The_Wild_Mandarin-Ducks-Volume_I_And_Ii_PLACEHOLDER.jpg
2448,A Certain Maid Servant Of Katong,,,1956,"[""Chinese""]",placeholder,covers/1956_A_Certain_Maid_Servant_Of_Katong_PLACEHOLDER.jpg
2449,The Secret History Of Mo Chak-Thin,,,1956,"[""Chinese""]",placeholder,covers/1956_The_Secret_History_Of_Mo_Chak-Thin_PLACEHOLDER.jpg
2450,China Reconstructs,,"The China Welfare Institute,No.157,Changshu Lu,Shanghai,China",1956,"[""Chinese""]",placeholder,covers/1956_China_Reconstructs_PLACEHOLDER.jpg
2451,The Goddess,Kuo Mo Jo,People's Literature Publishing Society,1956,"[""English""]",placeholder,covers/1956_The_Goddess_PLACEHOLDER.jpg
2452,Sin Pao,,"Sin Pao Press Ltd,Singapore",1956,"[""Chinese""]",placeholder,covers/1956_Sin_Pao_PLACEHOLDER.jpg
2453,Textbook For Members Of The Communist Party,Central Middle South Propaganda Bureau Of The Chinese Communist Party,Sin Hua Bookshop,1956,"[""Chinese""]",placeholder,covers/1956_Textbook_For_Members_Of_The_Communist_Party_PLACEHOLDER.jpg
2454,A Treatise On The New Stage,Mao Tse Tung,New Democracy Publishing Society,1956,"[""Chinese""]",placeholder,covers/1956_A_Treatise_On_The_New_Stage_PLACEHOLDER.jpg
2455,Advancing Towards Communism,Yang Shun Sin And 12 Others,Youth Publishing Society,1956,"[""English""]",placeholder,covers/1956_Advancing_Towards_Communism_PLACEHOLDER.jpg
2456,The Story Of Bridges,Fang Teck Chun,Young Children's Publishing Society,1956,"[""English""]",placeholder,covers/1956_The_Story_Of_Bridges_PLACEHOLDER.jpg
2457,Chou's Platoon Attacked Pingchuan,Ma Feng,Workers' Publishing Society,1956,"[""English""]",placeholder,covers/1956_Chou's_Platoon_Attacked_Pingchuan_PLACEHOLDER.jpg
2458,A Short History Of Social Development,,The People's Publishing Society,1956,"[""English""]",placeholder,covers/1956_A_Short_History_Of_Social_Development_PLACEHOLDER.jpg
2459,Lectures On The Study Of The Business Of Becoming A Primary School Teacher,Chang Tenghsia,Ta Chung Book Company,1956,"[""English""]",placeholder,covers/1956_Lectures_On_The_Study_Of_The_Business_Of_Becoming_A_Primary_School_Teacher_PLACEHOLDER.jpg
2460,The Two Ma,Lao Sheh,Shen Kwang Publishing Company,1956,"[""English""]",placeholder,covers/1956_The_Two_Ma_PLACEHOLDER.jpg
2461,Advance For A Thousand Miles,Chen Kerk,Shanghai Publishing Company,1956,"[""English""]",placeholder,covers/1956_Advance_For_A_Thousand_Miles_PLACEHOLDER.jpg
2462,This Is Life,Lee Chen Tse,Self Study Publishing Society,1956,"[""English""]",placeholder,covers/1956_This_Is_Life_PLACEHOLDER.jpg
2463,From Yenan To Peking,Ko Chong Ping,San Lien Bookshop,1956,"[""English""]",placeholder,covers/1956_From_Yenan_To_Peking_PLACEHOLDER.jpg
2464,To Begiiner Writers,Gorky,Ping Ming Publishing Society,1956,"[""English""]",placeholder,covers/1956_To_Begiiner_Writers_PLACEHOLDER.jpg
2465,People's New Era,Sheh Ko,People's Fine Arts Publishing Society,1956,"[""English""]",placeholder,covers/1956_People's_New_Era_PLACEHOLDER.jpg
2466,Revision Of Subjects For Middle Schools,Chien Hung Hsiang And 4 Others,Pei Sin Book Shop,1956,"[""English""]",placeholder,covers/1956_Revision_Of_Subjects_For_Middle_Schools_PLACEHOLDER.jpg
2467,Raising The Standard Of Thought In Soviet Literature,Yeh Ko Lin,New China Bookshop,1956,"[""English""]",placeholder,covers/1956_Raising_The_Standard_Of_Thought_In_Soviet_Literature_PLACEHOLDER.jpg
2468,Autumn In Grass Village,Liu Chi,New Art Publishing Society,1956,"[""English""]",placeholder,covers/1956_Autumn_In_Grass_Village_PLACEHOLDER.jpg
2470,The Beginning Of A Cell And Life,Russian Transliterated,Kai Ming Book Company,1956,"[""English""]",placeholder,covers/1956_The_Beginning_Of_A_Cell_And_Life_PLACEHOLDER.jpg
2471,How To Be A Good Student,Hua Chia,Hsueh Wen Book Co.,1956,"[""English""]",placeholder,covers/1956_How_To_Be_A_Good_Student_PLACEHOLDER.jpg
2472,The New World Situation After The War,Wang Chau Liang,Hai Yen Bookshop,1956,"[""English""]",placeholder,covers/1956_The_New_World_Situation_After_The_War_PLACEHOLDER.jpg
2473,How To Soviet Republic Eliminates The Exploiting Classes And Class Distinction,Russian Transliterated,Epoch Publishing Company,1956,"[""English""]",placeholder,covers/1956_How_To_Soviet_Republic_Eliminates_The_Exploiting_Classes_And_Class_Distinction_PLACEHOLDER.jpg
2474,The Fugitive,Pablo Neruda,Cultural Works Society,1956,"[""English""]",placeholder,covers/1956_The_Fugitive_PLACEHOLDER.jpg
2475,An Outline Theory On Classes And Class Struggle,Ten Chu Min,Cultural Supplies Society,1956,"[""English""]",placeholder,covers/1956_An_Outline_Theory_On_Classes_And_Class_Struggle_PLACEHOLDER.jpg
2476,History Of The Revolution Of China During The Last One Hundred Years,Siau Peifan,Chiu Shih Publishing Society,1956,"[""English""]",placeholder,covers/1956_History_Of_The_Revolution_Of_China_During_The_Last_One_Hundred_Years_PLACEHOLDER.jpg
2477,The Mother Country At Dawn,Hsiu Sen Tien,Chiu Hua Fine Arts Publishing Society,1956,"[""English""]",placeholder,covers/1956_The_Mother_Country_At_Dawn_PLACEHOLDER.jpg
2478,Table And Chair Committee,Chiang Shanyeh,China Youth Publishing Society,1956,"[""English""]",placeholder,covers/1956_Table_And_Chair_Committee_PLACEHOLDER.jpg
2479,Suara Malaya Merdeka,,Jakarta In Romanised Malay And Edited By Ibrahim Bin Haji Yaacob,1956,"[""Malay""]",placeholder,covers/1956_Suara_Malaya_Merdeka_PLACEHOLDER.jpg
2480,The True Record Of Espionage,Ch On Chang,Ta Tung Publishing Society,1956,"[""English""]",placeholder,covers/1956_The_True_Record_Of_Espionage_PLACEHOLDER.jpg
2481,The Woman Driver,"Central Film Bureau,Shanghai Film Producers",New Fine Arts Publishing Society,1956,"[""English""]",placeholder,covers/1956_The_Woman_Driver_PLACEHOLDER.jpg
2482,Jen Wern,,"Jen Wern Monthly,Publishing Company,18, Eng Hoon Street,Singapore",1955,"[""Chinese""]",placeholder,covers/1955_Jen_Wern_PLACEHOLDER.jpg
2483,Vengalachilai,,"Tamil Mandram,Theppakulam,Tiruchirappally,Madras,South India",1955,"[""Tamil""]",placeholder,covers/1955_Vengalachilai_PLACEHOLDER.jpg
2484,Malay Nadukalil,,"Mangalodayam Ltd,Trichur,South India",1955,"[""Tamil""]",placeholder,covers/1955_Malay_Nadukalil_PLACEHOLDER.jpg
2485,The Mathrubhumi Illustrated Wekly,,"K.P.K Menon Mathrubhumi Press,Kozhikode,South India",1955,"[""Tamil""]",placeholder,covers/1955_The_Mathrubhumi_Illustrated_Wekly_PLACEHOLDER.jpg
2486,Vedangalin Vandavalam,,Dravida Kala Nilayam,1955,"[""Tamil""]",placeholder,covers/1955_Vedangalin_Vandavalam_PLACEHOLDER.jpg
2487,Cheng Fong Pau,,Cheng Fong Pau,1955,"[""Chinese""]",placeholder,covers/1955_Cheng_Fong_Pau_PLACEHOLDER.jpg
2488,Khuai Huoh Pau,,Khuai Huoh Pau Co. Ltd.,1955,"[""Chinese""]",placeholder,covers/1955_Khuai_Huoh_Pau_PLACEHOLDER.jpg
2489,Facts Review,,Eastern Cultural Enterprises Ltd.,1955,"[""Chinese""]",placeholder,covers/1955_Facts_Review_PLACEHOLDER.jpg
2490,Fun Look,,Fun Look Press,1955,"[""Chinese""]",placeholder,covers/1955_Fun_Look_PLACEHOLDER.jpg
2491,Feng Pao,,Feng Pao Co. Ltd.,1955,"[""Chinese""]",placeholder,covers/1955_Feng_Pao_PLACEHOLDER.jpg
2492,Unarchi Maalai,M.Karunaanidhi,"Karunaanidhi Publishing House, Madras 2",1953,"[""Tamil""]",placeholder,covers/1953_Unarchi_Maalai_PLACEHOLDER.jpg
2493,The Working Youth Of The Rumanian Peoples Republic,,The Central Committee Of The Union Of Working Youth,1953,"[""English""]",placeholder,covers/1953_The_Working_Youth_Of_The_Rumanian_Peoples_Republic_PLACEHOLDER.jpg
2494,Arasangam,V.I.Lenin,Kalai Manran Madras1,1953,"[""Tamil""]",placeholder,covers/1953_Arasangam_PLACEHOLDER.jpg
2495,Stalin Puratchi Mozhikal(Revolutionary Sayings Of Stalin),J.V.Stalin And Kalaichelvan,"Kalai Manram,Madras",1953,"[""Tamil""]",placeholder,covers/1953_Stalin_Puratchi_Mozhikal(Revolutionary_Sayings_Of_Stalin)_PLACEHOLDER.jpg
2496,Deshabhimani,,M. Govindankutty Deshabhimani Press,1953,"[""Tamil""]",placeholder,covers/1953_Deshabhimani_PLACEHOLDER.jpg
2497,Ariyamai,,Kalamanram,1953,"[""Tamil""]",placeholder,covers/1953_Ariyamai_PLACEHOLDER.jpg
2498,Soviet Weekly,,Soviet Weekly,1953,"[""English""]",placeholder,covers/1953_Soviet_Weekly_PLACEHOLDER.jpg
2499,Navayugam,K Damsderam,Vallathol Printing & Publishing,1953,"[""Tamil""]",placeholder,covers/1953_Navayugam_PLACEHOLDER.jpg
2500,Thani Arasu Yen?(Why Self-Rule Or Why Separate State?,A.V.P.Asaithambi,"Kalai Manram,Madras 1",1953,"[""Tamil""]",placeholder,covers/1953_Thani_Arasu_Yen_(Why_Self-Rule_Or_Why_Separate_State_PLACEHOLDER.jpg
2501,Kai Meng Youth,,Shanghai,1952,"[""Chinese""]",placeholder,covers/1952_Kai_Meng_Youth_PLACEHOLDER.jpg
2502,Below The Wind,,"New Nanyang Publishing Co,Singapore",1952,"[""Chinese""]",placeholder,covers/1952_Below_The_Wind_PLACEHOLDER.jpg
2503,Heroes Of The Thai Thoo River,,,1952,"[""Chinese""]",placeholder,covers/1952_Heroes_Of_The_Thai_Thoo_River_PLACEHOLDER.jpg
2504,Workmen's Paradise,,,1952,"[""Chinese""]",placeholder,covers/1952_Workmen's_Paradise_PLACEHOLDER.jpg
2505,Progressive Youth,,,1952,"[""Chinese""]",placeholder,covers/1952_Progressive_Youth_PLACEHOLDER.jpg
2506,Rather Die Than Submit,,,1952,"[""Chinese""]",placeholder,covers/1952_Rather_Die_Than_Submit_PLACEHOLDER.jpg
2507,Series Of Short Articles From Overseas,Hon Meng,,1952,"[""Chinese""]",placeholder,covers/1952_Series_Of_Short_Articles_From_Overseas_PLACEHOLDER.jpg
2508,Farewell To Malaya,Hon Meng,,1952,"[""Chinese""]",placeholder,covers/1952_Farewell_To_Malaya_PLACEHOLDER.jpg
2509,Study Diary,,"Joint Publishing Co., Hongkong",1952,"[""Chinese""]",placeholder,covers/1952_Study_Diary_PLACEHOLDER.jpg
2510,To Intensify Training,,Hung Min Publishing Co.,1952,"[""Chinese""]",placeholder,covers/1952_To_Intensify_Training_PLACEHOLDER.jpg
2511,Explanation Of New Democratic Literature,Ai Ching,Hai Yang Book Hongkong,1952,"[""Chinese""]",placeholder,covers/1952_Explanation_Of_New_Democratic_Literature_PLACEHOLDER.jpg
2512,Express Of The New Masses Era,Chou Yang,Hai Yang Book Hongkong,1952,"[""Chinese""]",placeholder,covers/1952_Express_Of_The_New_Masses_Era_PLACEHOLDER.jpg
2513,Tai Poh Province Administration,,Goverment Of Tai Poh Prefecture,1952,"[""Chinese""]",placeholder,covers/1952_Tai_Poh_Province_Administration_PLACEHOLDER.jpg
2514,China Shakes The World,Tack Belden,"Victor Gollanez, London",1952,"[""English""]",placeholder,covers/1952_China_Shakes_The_World_PLACEHOLDER.jpg
2515,World News And Views,,,1952,"[""English""]",placeholder,covers/1952_World_News_And_Views_PLACEHOLDER.jpg
2516,News Kzvestiya,,,1952,"[""Russian""]",placeholder,covers/1952_News_Kzvestiya_PLACEHOLDER.jpg
2517,Truth Pravda,,,1952,"[""Russian""]",placeholder,covers/1952_Truth_Pravda_PLACEHOLDER.jpg
2518,We Are Indebted To The Great Stalin For Our Success,Kosygin,,1952,"[""English""]",placeholder,covers/1952_We_Are_Indebted_To_The_Great_Stalin_For_Our_Success_PLACEHOLDER.jpg
2519,Songs Of Liberated Zones,,Yim Chai Publishing Society,1952,"[""Chinese""]",placeholder,covers/1952_Songs_Of_Liberated_Zones_PLACEHOLDER.jpg
2520,New Attitude Of Life,Cho Yat Cheong And Others,The New Youth Publishing Co.Hongkong,1952,"[""Chinese""]",placeholder,covers/1952_New_Attitude_Of_Life_PLACEHOLDER.jpg
2521,Pictorial Autography Of Gorky,Various,"Tai Chung Art Publishing House,Shanghai",1952,"[""Chinese""]",placeholder,covers/1952_Pictorial_Autography_Of_Gorky_PLACEHOLDER.jpg
2522,Historical Materialism History Of Social Expansion,Ngoi Szkhie,"Som Luen Bookshop,Manchuria",1952,"[""Chinese""]",placeholder,covers/1952_Historical_Materialism_History_Of_Social_Expansion_PLACEHOLDER.jpg
2523,New China & The South Seas Chinese,,Singapore Nam Chiau Pau,1952,"[""Chinese""]",placeholder,covers/1952_New_China_&_The_South_Seas_Chinese_PLACEHOLDER.jpg
2524,Study Of Capitalism,Wong Sze Wa,"Sin Tze, Tuk Shwee And Sang Fah Bookshops",1952,"[""Chinese""]",placeholder,covers/1952_Study_Of_Capitalism_PLACEHOLDER.jpg
2525,Speechless Article,Pa Jin And Others,Sin Si Tai Wen Ye Seh,1952,"[""Chinese""]",placeholder,covers/1952_Speechless_Article_PLACEHOLDER.jpg
2526,Russian Reader,Koo Yung Chung,Sin Min Chu Publishing Co,1952,"[""Chinese""]",placeholder,covers/1952_Russian_Reader_PLACEHOLDER.jpg
2527,Fascinating Palace,Wong Kah Yang,Sin Min Chu Publishing Co,1952,"[""Chinese""]",placeholder,covers/1952_Fascinating_Palace_PLACEHOLDER.jpg
2528,How Marx Studied,,"Sin Hwa Bookshop,Manchuria",1952,"[""Chinese""]",placeholder,covers/1952_How_Marx_Studied_PLACEHOLDER.jpg
2529,Research On Investigation,Yee Kwong Yueu,Sin Hwa Bookshop,1952,"[""Chinese""]",placeholder,covers/1952_Research_On_Investigation_PLACEHOLDER.jpg
2530,To Have An Interview With,Cultural Working Cell Of The Political Dept. Of N.W. Army District,"Sin Hwa Book Store, Canton",1952,"[""Chinese""]",placeholder,covers/1952_To_Have_An_Interview_With_PLACEHOLDER.jpg
2531,Voice Of Liberation,Sin Huai,"Sin Hwa Book Store, Canton",1952,"[""Chinese""]",placeholder,covers/1952_Voice_Of_Liberation_PLACEHOLDER.jpg
2532,Kuo Koon Tai,Au Yong Shan,Sin Hwa Book Co.Shanghai,1952,"[""Chinese""]",placeholder,covers/1952_Kuo_Koon_Tai_PLACEHOLDER.jpg
2533,Story Of Underground Worker In China During Japanese Occupation,Oh Nan,"Sin Hwa Book Co., Shanghai",1952,"[""Chinese""]",placeholder,covers/1952_Story_Of_Underground_Worker_In_China_During_Japanese_Occupation_PLACEHOLDER.jpg
2534,The Functions Of Progressive Ideas In The Development Of Socialism,Kong Sze Tan & Ting Noe Fu,Shanghai Newspapers & Magazine Publishing Society,1952,"[""Chinese""]",placeholder,covers/1952_The_Functions_Of_Progressive_Ideas_In_The_Development_Of_Socialism_PLACEHOLDER.jpg
2535,Letter To The Beginner Who Wishes To Write,Russian Literary Advisory Committee,San Lian Bookshop,1952,"[""Chinese""]",placeholder,covers/1952_Letter_To_The_Beginner_Who_Wishes_To_Write_PLACEHOLDER.jpg
2536,Introducing Communist Leaders In Various Countries,,"Sam Luen Bookshop,Manchuria",1952,"[""Chinese""]",placeholder,covers/1952_Introducing_Communist_Leaders_In_Various_Countries_PLACEHOLDER.jpg
2537,Karl Marx The Ideologist And Revolutionist,Tan Kak Sz,"Sam Luen Bookshop,Manchuria",1952,"[""Chinese""]",placeholder,covers/1952_Karl_Marx_The_Ideologist_And_Revolutionist_PLACEHOLDER.jpg
2538,Dialetics Of Materialism,Rosenthal,"Sam Luen Bookshop,China",1952,"[""Chinese""]",placeholder,covers/1952_Dialetics_Of_Materialism_PLACEHOLDER.jpg
2539,Socialism And Communism,Yau Kam,"Sam Luen Bookshop, Manchuria",1952,"[""Chinese""]",placeholder,covers/1952_Socialism_And_Communism_PLACEHOLDER.jpg
2540,Text Book On Russian Lectures,,"Pepople's Broadcasting Station, Tientsin",1952,"[""Chinese""]",placeholder,covers/1952_Text_Book_On_Russian_Lectures_PLACEHOLDER.jpg
2541,"Mao Tze Tung's Selections,Part I,Ii,Iii,Iv",Mao Tze Tung,People's Publishing Society,1952,"[""Chinese""]",placeholder,"covers/1952_Mao_Tze_Tung's_Selections,Part_I,Ii,Iii,Iv_PLACEHOLDER.jpg"
2542,Chinese Youth,,Peking,1952,"[""Chinese""]",placeholder,covers/1952_Chinese_Youth_PLACEHOLDER.jpg
2543,Folk Songs Of The World,Yip Lo,"Onward Bookshop,Hong Kong",1952,"[""Chinese""]",placeholder,covers/1952_Folk_Songs_Of_The_World_PLACEHOLDER.jpg
2544,I Got Chiang Kai Shek Alive,Suen Ming Wan,"Onward Bookshop,Hong Kong",1952,"[""Chinese""]",placeholder,covers/1952_I_Got_Chiang_Kai_Shek_Alive_PLACEHOLDER.jpg
2545,Catechism Of The New Democratic Doctrine,Ng Lan,"Onward Bookshop,Hong Kong",1952,"[""Chinese""]",placeholder,covers/1952_Catechism_Of_The_New_Democratic_Doctrine_PLACEHOLDER.jpg
2546,Dawn,Nip Kan No,"Onward Bookshop,Hong Kong",1952,"[""Chinese""]",placeholder,covers/1952_Dawn_PLACEHOLDER.jpg
2547,Where Can The K.M.T Spies Go?,Fan San,"Onward Bookshop, Hongkong",1952,"[""Chinese""]",placeholder,covers/1952_Where_Can_The_K.M.T_Spies_Go_PLACEHOLDER.jpg
2548,How To Make General Summary On Works,Hun Yen Lam,New Democratic Press,1952,"[""Chinese""]",placeholder,covers/1952_How_To_Make_General_Summary_On_Works_PLACEHOLDER.jpg
2549,Young Life Of Mao Tze Tung,Siu Sum,New Democracy Publishing Society,1952,"[""Chinese""]",placeholder,covers/1952_Young_Life_Of_Mao_Tze_Tung_PLACEHOLDER.jpg
2550,New Theory On People's Literature,Lam Lok,New Democracy Publishing Society,1952,"[""Chinese""]",placeholder,covers/1952_New_Theory_On_People's_Literature_PLACEHOLDER.jpg
2551,On Liberation Of Women,"Marx, Stalin, Lenin",New Democracy Publishing Society,1952,"[""Chinese""]",placeholder,covers/1952_On_Liberation_Of_Women_PLACEHOLDER.jpg
2552,Elementary Russian Reader,Hor Ching,New China Publishing Co,1952,"[""Chinese""]",placeholder,covers/1952_Elementary_Russian_Reader_PLACEHOLDER.jpg
2553,How To Think Correctly,Woo Seng,New China Bookshop,1952,"[""Chinese""]",placeholder,covers/1952_How_To_Think_Correctly_PLACEHOLDER.jpg
2554,Self Pride Of The Russians,,New China Bookshop,1952,"[""Chinese""]",placeholder,covers/1952_Self_Pride_Of_The_Russians_PLACEHOLDER.jpg
2555,Comrades You Have Taken The Wrong Road,Yau Chung Ming And Others,New China Bookshop,1952,"[""Chinese""]",placeholder,covers/1952_Comrades_You_Have_Taken_The_Wrong_Road_PLACEHOLDER.jpg
2556,Concise Philosophy,Sun Yap Fong,New China Bookshop,1952,"[""Chinese""]",placeholder,covers/1952_Concise_Philosophy_PLACEHOLDER.jpg
2557,Discourse On Methods Of Thinking,Wu Shing,New China Bookshop,1952,"[""Chinese""]",placeholder,covers/1952_Discourse_On_Methods_Of_Thinking_PLACEHOLDER.jpg
2558,Talk On The Subject Of Women,Toh Kun Fei,New China Bookshop,1952,"[""Chinese""]",placeholder,covers/1952_Talk_On_The_Subject_Of_Women_PLACEHOLDER.jpg
2559,Sowing Grains,Liu Ching,"New China Book Co., Hongkong",1952,"[""Chinese""]",placeholder,covers/1952_Sowing_Grains_PLACEHOLDER.jpg
2560,Philosophy For The General Masses,Ngai See Kei,Nam Fong Bookshop,1952,"[""Chinese""]",placeholder,covers/1952_Philosophy_For_The_General_Masses_PLACEHOLDER.jpg
2561,Collection Of Stalin's Latest Writings,Stalin,,1952,"[""Chinese""]",placeholder,covers/1952_Collection_Of_Stalin's_Latest_Writings_PLACEHOLDER.jpg
2562,Cultivated Land,Hon Meng,,1952,"[""Chinese""]",placeholder,covers/1952_Cultivated_Land_PLACEHOLDER.jpg
2563,To Study Pact Between China & Ussr,,,1952,"[""Chinese""]",placeholder,covers/1952_To_Study_Pact_Between_China_&_Ussr_PLACEHOLDER.jpg
2564,On Party's Internal Struggle,Liu Shao Chee,,1952,"[""Chinese""]",placeholder,covers/1952_On_Party's_Internal_Struggle_PLACEHOLDER.jpg
2565,Overseas,Hon Meng,,1952,"[""Chinese""]",placeholder,covers/1952_Overseas_PLACEHOLDER.jpg
2566,Protest Against Liberalism,Mao Tse Tung,,1952,"[""Chinese""]",placeholder,covers/1952_Protest_Against_Liberalism_PLACEHOLDER.jpg
2567,Recollection Of My Visit To America,Tau Hoon,"Life Readers,Sin Zh Publishing Co,Peking",1952,"[""Chinese""]",placeholder,covers/1952_Recollection_Of_My_Visit_To_America_PLACEHOLDER.jpg
2568,Selected Notes On Visit To Europe,Tau Hoon,"Life Readers, Sin Zh Publishing Co,Peking",1952,"[""Chinese""]",placeholder,covers/1952_Selected_Notes_On_Visit_To_Europe_PLACEHOLDER.jpg
2569,New Philosophy Of Life,Yee Ming Wong,Fut Sin Press,1952,"[""Chinese""]",placeholder,covers/1952_New_Philosophy_Of_Life_PLACEHOLDER.jpg
2570,Problems Of Unified Fighting Line,,Free World Publishing Co.Hongkong,1952,"[""Chinese""]",placeholder,covers/1952_Problems_Of_Unified_Fighting_Line_PLACEHOLDER.jpg
2571,Wong Chung Nam's Expedition,,Communist Press,1952,"[""Chinese""]",placeholder,covers/1952_Wong_Chung_Nam's_Expedition_PLACEHOLDER.jpg
2572,New China's October,Si Mah Mun Sum,Chin Cheun Bookshop,1952,"[""Chinese""]",placeholder,covers/1952_New_China's_October_PLACEHOLDER.jpg
2573,Spring Of South Island,,Central Propaganda Dept. Of Malaysan Communist Party,1952,"[""Chinese""]",placeholder,covers/1952_Spring_Of_South_Island_PLACEHOLDER.jpg
2574,Biography Of Ho Chi Minh,Tran Dan Tien & Chong Nien Shet,August Publishing Co,1952,"[""Chinese""]",placeholder,covers/1952_Biography_Of_Ho_Chi_Minh_PLACEHOLDER.jpg
2575,Map Communist China,"King Chuk Ann,Chen Chi Fong,Young Pak Yu,King Ching Yu",Ah Kwong Geographical Society,1952,"[""Chinese""]",placeholder,covers/1952_Map_Communist_China_PLACEHOLDER.jpg
2576,Teachings Of Lenin And Stalin On Proletarian Revolution And The State,A.I. Vyshinski,Soviet News,1952,"[""English""]",placeholder,covers/1952_Teachings_Of_Lenin_And_Stalin_On_Proletarian_Revolution_And_The_State_PLACEHOLDER.jpg
2577,New Times,Various,New Times Publishing House,1952,"[""English""]",placeholder,covers/1952_New_Times_PLACEHOLDER.jpg
2578,China's Stratagy For Victory,Mao Tse Tung,,1952,"[""English""]",placeholder,covers/1952_China's_Stratagy_For_Victory_PLACEHOLDER.jpg
2579,"For A Lasting Peace, For A People's Democracy",,,1952,"[""English""]",placeholder,"covers/1952_For_A_Lasting_Peace,_For_A_People's_Democracy_PLACEHOLDER.jpg"
2580,Social And State Structure Of The U.S.S.R,Karpinsky,,1952,"[""English""]",placeholder,covers/1952_Social_And_State_Structure_Of_The_U.S.S.R_PLACEHOLDER.jpg
2581,Soviet Democracy And Bourgeois Democracy,M.B. Mitin,,1952,"[""English""]",placeholder,covers/1952_Soviet_Democracy_And_Bourgeois_Democracy_PLACEHOLDER.jpg
2582,Soviet Literature Monthly,Various,,1952,"[""English""]",placeholder,covers/1952_Soviet_Literature_Monthly_PLACEHOLDER.jpg
2583,Soviet Literature,,,1952,"[""English""]",open_library,covers/1952_Soviet_Literature.jpg
2584,Stalin's Policy Of Peace And Democracy,V.M. Molotov,,1952,"[""English""]",placeholder,covers/1952_Stalin's_Policy_Of_Peace_And_Democracy_PLACEHOLDER.jpg
2585,Stalin Is Leading On To The Victory Of Communism,Kaganovich,,1952,"[""English""]",placeholder,covers/1952_Stalin_Is_Leading_On_To_The_Victory_Of_Communism_PLACEHOLDER.jpg
2586,"Thirty Years Of Struggle, Record Of The British Communist Party",John Collan,,1952,"[""English""]",placeholder,"covers/1952_Thirty_Years_Of_Struggle,_Record_Of_The_British_Communist_Party_PLACEHOLDER.jpg"
2587,Left Wing Communist An Infantile Disorder,Lenin,Little Lenin Library,1952,"[""English""]",placeholder,covers/1952_Left_Wing_Communist_An_Infantile_Disorder_PLACEHOLDER.jpg
2588,State And Revolution,Lenin,Little Lenin Library,1952,"[""English""]",placeholder,covers/1952_State_And_Revolution_PLACEHOLDER.jpg
2589,The A To Z Of The Soviet Union,Alex Page,Grafton Press Ltd.,1952,"[""English""]",placeholder,covers/1952_The_A_To_Z_Of_The_Soviet_Union_PLACEHOLDER.jpg
2590,Anarchism Of Socialism,V.I. Stalin,Foreign Language Publishing House,1952,"[""English""]",placeholder,covers/1952_Anarchism_Of_Socialism_PLACEHOLDER.jpg
2591,Concerning Marxism In Linguistics,Stalin,Foreign Language Publishing House,1952,"[""English""]",placeholder,covers/1952_Concerning_Marxism_In_Linguistics_PLACEHOLDER.jpg
2592,Economics And Politics In The Era Of The Dictatorshipof The Proleteriat,,Foreign Language Publishing House,1952,"[""English""]",placeholder,covers/1952_Economics_And_Politics_In_The_Era_Of_The_Dictatorshipof_The_Proleteriat_PLACEHOLDER.jpg
2593,Foundations Of Leninism,Stalin,Foreign Language Publishing House,1952,"[""English""]",open_library,covers/1952_Foundations_Of_Leninism.jpg
2594,History Of The Communist Party Of The Soviet Union,,Foreign Language Publishing House,1952,"[""English""]",open_library,covers/1952_History_Of_The_Communist_Party_Of_The_Soviet_Union.jpg
2595,History Of Communist Party Of Soviet Union (Bolsheviks),V.I. Stalin,Foreign Language Publishing House,1952,"[""English""]",placeholder,covers/1952_History_Of_Communist_Party_Of_Soviet_Union_(Bolsheviks)_PLACEHOLDER.jpg
2596,Lenin Selected Works,V.I. Lenin,Foreign Language Publishing House,1952,"[""English""]",placeholder,covers/1952_Lenin_Selected_Works_PLACEHOLDER.jpg
2597,Marxism And The National And Colonial Question,Stalin,Foreign Language Publishing House,1952,"[""English""]",placeholder,covers/1952_Marxism_And_The_National_And_Colonial_Question_PLACEHOLDER.jpg
2598,On Co-Operation,Lenin,Foreign Language Publishing House,1952,"[""English""]",placeholder,covers/1952_On_Co-Operation_PLACEHOLDER.jpg
2599,On The Draft Constitution (Fundamental Law) Of The Ussr,Stalin,Foreign Language Publishing House,1952,"[""English""]",placeholder,covers/1952_On_The_Draft_Constitution_(Fundamental_Law)_Of_The_Ussr_PLACEHOLDER.jpg
2600,"One Step Forward, Two Steps Back",V.I. Lenin,Foreign Language Publishing House,1952,"[""English""]",placeholder,"covers/1952_One_Step_Forward,_Two_Steps_Back_PLACEHOLDER.jpg"
2601,Problems Of Leninism,I.V. Stalin,Foreign Language Publishing House,1952,"[""English""]",placeholder,covers/1952_Problems_Of_Leninism_PLACEHOLDER.jpg
2602,Proletaria Revolution And The Renegade Kautsky,V.K. Lenin,Foreign Language Publishing House,1952,"[""English""]",placeholder,covers/1952_Proletaria_Revolution_And_The_Renegade_Kautsky_PLACEHOLDER.jpg
2603,Right Of Nations To Self Determination,V.I. Lenin,Foreign Language Publishing House,1952,"[""English""]",placeholder,covers/1952_Right_Of_Nations_To_Self_Determination_PLACEHOLDER.jpg
2604,Soviet Democracy,V.I. Stalin,Foreign Language Publishing House,1952,"[""English""]",placeholder,covers/1952_Soviet_Democracy_PLACEHOLDER.jpg
2605,Tasks Of The Youth League Imperialism The Highest State Of Capitalism,Lenin,Foreign Language Publishing House,1952,"[""English""]",placeholder,covers/1952_Tasks_Of_The_Youth_League_Imperialism_The_Highest_State_Of_Capitalism_PLACEHOLDER.jpg
2606,War And Second International,V.I. Lenin,Foreign Language Publishing House,1952,"[""English""]",placeholder,covers/1952_War_And_Second_International_PLACEHOLDER.jpg
2607,What Is To Be Done?,V.I. Lenin,Foreign Language Publishing House,1952,"[""English""]",placeholder,covers/1952_What_Is_To_Be_Done_PLACEHOLDER.jpg
2608,"What The Friends Of The People Are, And How They Fight The Social Democrats",V.I. Lenin,Foreign Language Publishing House,1952,"[""English""]",placeholder,"covers/1952_What_The_Friends_Of_The_People_Are,_And_How_They_Fight_The_Social_Democrats_PLACEHOLDER.jpg"
2609,Mao Tze Tung On People's Democratic Dictatorship,,English Language Service,1952,"[""English""]",placeholder,covers/1952_Mao_Tze_Tung_On_People's_Democratic_Dictatorship_PLACEHOLDER.jpg
2610,American P.O.W'S Calling From Korea,Various,Communist Patry Of China,1952,"[""English""]",placeholder,covers/1952_American_P.O.W'S_Calling_From_Korea_PLACEHOLDER.jpg
2611,"Waktu, Issue No. 40",Zahari,,1952,"[""Malay""]",placeholder,"covers/1952_Waktu,_Issue_No._40_PLACEHOLDER.jpg"
2612,New Times Novoye Vremya,,New Times Publishing House,1952,"[""Russian""]",placeholder,covers/1952_New_Times_Novoye_Vremya_PLACEHOLDER.jpg
2613,Tactics Of Social Democracy In Democratic Revolution,V.I. Lenin,Foreign Language Publishing House,1952,,placeholder,covers/1952_Tactics_Of_Social_Democracy_In_Democratic_Revolution_PLACEHOLDER.jpg
2614,In The Old House,Hon Meng,Chin Shih Publishing Co.Hongkong,1952,"[""Chinese""]",placeholder,covers/1952_In_The_Old_House_PLACEHOLDER.jpg
2615,Awake,,Watch Tower Bible & Tract Society,1952,"[""English""]",placeholder,covers/1952_Awake_PLACEHOLDER.jpg
2616,Watch Tower,,Watch Tower Bible & Tract Society,1952,"[""English""]",placeholder,covers/1952_Watch_Tower_PLACEHOLDER.jpg
2617,What Has Religion Done For Mankind,,Watch Tower Bible & Tract Society,1952,"[""English""]",open_library,covers/1952_What_Has_Religion_Done_For_Mankind.jpg
2618,See The Cultural Contruction Of Liberation Area From A Village,Pak Tou And Others,New Democracy Publishing Society,1952,"[""Chinese""]",placeholder,covers/1952_See_The_Cultural_Contruction_Of_Liberation_Area_From_A_Village_PLACEHOLDER.jpg
2619,Blood Of Vengeance,"Memorial Service Committee For Former Revolutionary Warriors,Singapore",New Democracy Publishing Society,1952,"[""Chinese""]",placeholder,covers/1952_Blood_Of_Vengeance_PLACEHOLDER.jpg
2620,"Social Education About Leadership, And Methods Of Organisation",Hiang Pak Jin,"New Democracy Press, Hongkong",1952,"[""Chinese""]",placeholder,"covers/1952_Social_Education_About_Leadership,_And_Methods_Of_Organisation_PLACEHOLDER.jpg"
2621,Oppose Old Ideas In The Party,,Hung Min Publishing Society,1952,"[""Chinese""]",placeholder,covers/1952_Oppose_Old_Ideas_In_The_Party_PLACEHOLDER.jpg
2622,Heroines Of The Modern Progress,Elmer C. Adams,World Book Store,1952,"[""English""]",placeholder,covers/1952_Heroines_Of_The_Modern_Progress_PLACEHOLDER.jpg
2623,Sedjarah Dan Perdjuangan Di-Malaya,I.K. Agustja,,1952,"[""Malay""]",placeholder,covers/1952_Sedjarah_Dan_Perdjuangan_Di-Malaya_PLACEHOLDER.jpg
2624,Koumodi Vol. Ii Issue No. 42 Vol Iii Issue No. 1,K. Balakrishnan,,1952,"[""Tamil""]",placeholder,covers/1952_Koumodi_Vol._Ii_Issue_No._42_Vol_Iii_Issue_No._1_PLACEHOLDER.jpg
2625,Hul-Chul,Paras Nat Rai,,1952,"[""Tamil""]",placeholder,covers/1952_Hul-Chul_PLACEHOLDER.jpg
2626,Thondu,"V. Veerasamy, B.A.",,1952,"[""Tamil""]",placeholder,covers/1952_Thondu_PLACEHOLDER.jpg
2627,Chinese Almanac,"Editorial Staff, Wa Nam Almanac, 1952",""" Wa Nam"" People's Publishing House",1952,"[""Chinese""]",placeholder,covers/1952_Chinese_Almanac_PLACEHOLDER.jpg
2629,Mimbar Indonesia,Dr. Mohammed Yamin,,1952,"[""Indonesian""]",placeholder,covers/1952_Mimbar_Indonesia_PLACEHOLDER.jpg
2630,Arasiyal Nilai,P. Jeevanandam,,1952,"[""Tamil""]",placeholder,covers/1952_Arasiyal_Nilai_PLACEHOLDER.jpg
2633,Stalin And Revolution Of China,,Study Commission Of The C.C.P. Tientsin Municipal Council,1951,,placeholder,covers/1951_Stalin_And_Revolution_Of_China_PLACEHOLDER.jpg
2635,Siapa Tah Tuhan Dan Juru Selamat Manusia Itu,,South China Peniel Press,1951,,placeholder,covers/1951_Siapa_Tah_Tuhan_Dan_Juru_Selamat_Manusia_Itu_PLACEHOLDER.jpg
2636,New Times,,Trend,1951,"[""Chinese""]",placeholder,covers/1951_New_Times_PLACEHOLDER.jpg
2637,New Youths & New China,Li Wen-Chien,Students Literary Society,1951,"[""Chinese""]",placeholder,covers/1951_New_Youths_&_New_China_PLACEHOLDER.jpg
2638,"Beating Up Gongs & Drums, And Sing",,Shanghai Publishing Co.,1951,"[""Chinese""]",placeholder,"covers/1951_Beating_Up_Gongs_&_Drums,_And_Sing_PLACEHOLDER.jpg"
2639,Travels In Liberated Area,Chan Hok Chiu,Shanghai Publishing Co.,1951,"[""Chinese""]",placeholder,covers/1951_Travels_In_Liberated_Area_PLACEHOLDER.jpg
2640,Novel Monthly,,Novel Monthly Pub. Co.,1951,"[""Chinese""]",placeholder,covers/1951_Novel_Monthly_PLACEHOLDER.jpg
2641,Novel,,Novel Magazine,1951,"[""Chinese""]",placeholder,covers/1951_Novel_PLACEHOLDER.jpg
2642,Charge,,,1951,"[""Chinese""]",placeholder,covers/1951_Charge_PLACEHOLDER.jpg
2643,New Democracy Theory,,,1951,"[""Chinese""]",placeholder,covers/1951_New_Democracy_Theory_PLACEHOLDER.jpg
2644,Outline Of New Philosophy,Mark B. Mitin,,1951,"[""Chinese""]",placeholder,covers/1951_Outline_Of_New_Philosophy_PLACEHOLDER.jpg
2645,Badges,,,1951,"[""Chinese""]",placeholder,covers/1951_Badges_PLACEHOLDER.jpg
2646,Great Edison,,Education Pictorial Publishing Co.,1951,"[""Chinese""]",placeholder,covers/1951_Great_Edison_PLACEHOLDER.jpg
2647,Nine Coats,,Drama Films Daily,1951,"[""Chinese""]",placeholder,covers/1951_Nine_Coats_PLACEHOLDER.jpg
2648,New Emancipation Songs,Tsau Yoh,Democratic Cultural Co.,1951,"[""Chinese""]",placeholder,covers/1951_New_Emancipation_Songs_PLACEHOLDER.jpg
2649,New Art Of Picture Cuttings,Wang Chien,Culture Printing Press,1951,"[""Chinese""]",placeholder,covers/1951_New_Art_Of_Picture_Cuttings_PLACEHOLDER.jpg
2650,On Sparks,Ho Chi-Fang,Chun Yi Printing Press,1951,"[""Chinese""]",placeholder,covers/1951_On_Sparks_PLACEHOLDER.jpg
2651,On The Seven Oceans,Han Meng,Chiu Shi Press,1951,"[""Chinese""]",placeholder,covers/1951_On_The_Seven_Oceans_PLACEHOLDER.jpg
2652,Kumudam,,"S.A.P. Annamalai, Devi Press Ltd",1951,"[""Tamil""]",placeholder,covers/1951_Kumudam_PLACEHOLDER.jpg
2653,Kalki,,"R. Krishnamoorthy, Kalki Press",1951,"[""Tamil""]",placeholder,covers/1951_Kalki_PLACEHOLDER.jpg
2654,Janashakti,,"P. Jeevanandam, Janashakti Press",1951,"[""Tamil""]",placeholder,covers/1951_Janashakti_PLACEHOLDER.jpg
2655,Tamil Mani,,"P. Albin Fernando,",1951,"[""Tamil""]",placeholder,covers/1951_Tamil_Mani_PLACEHOLDER.jpg
2656,Erimalai,,,1951,"[""Tamil""]",placeholder,covers/1951_Erimalai_PLACEHOLDER.jpg
2657,World Federation,Raja Mahandra Pratap,,1951,"[""Tamil""]",placeholder,covers/1951_World_Federation_PLACEHOLDER.jpg
2658,Phulwari,,"Ginni Hira Singh Dard, Phulwari Press, Jullundur City,",1951,"[""Tamil""]",placeholder,covers/1951_Phulwari_PLACEHOLDER.jpg
2659,Nava Jug,,Bhagwan Singh,1951,"[""Tamil""]",placeholder,covers/1951_Nava_Jug_PLACEHOLDER.jpg
2660,Ananda Vikatan,S.S. Vasan,Ananda Vikatan Press,1951,"[""Tamil""]",placeholder,covers/1951_Ananda_Vikatan_PLACEHOLDER.jpg
2661,Week End News,,"Week End Press, Hong Kong",1951,,placeholder,covers/1951_Week_End_News_PLACEHOLDER.jpg
2662,Vanguard News,,"Vanguard New Press,Selangor",1951,,placeholder,covers/1951_Vanguard_News_PLACEHOLDER.jpg
2663,Wong Kwai And Li Heung Heung,,Tung Yung Culture Pub.Co,1951,,placeholder,covers/1951_Wong_Kwai_And_Li_Heung_Heung_PLACEHOLDER.jpg
2664,Victory News,,Tsit Po Victory Press Sintok Military Zone,1951,,placeholder,covers/1951_Victory_News_PLACEHOLDER.jpg
2665,Week End Newspaper,,"The Week End Press,Hong Kong",1951,,placeholder,covers/1951_Week_End_Newspaper_PLACEHOLDER.jpg
2666,Student's News,,The Student's News Society,1951,,placeholder,covers/1951_Student's_News_PLACEHOLDER.jpg
2667,Way Out For Chinese Industry And Commerce,Shu Chung Yau,"The South Region Tribune Society,China",1951,,placeholder,covers/1951_Way_Out_For_Chinese_Industry_And_Commerce_PLACEHOLDER.jpg
2668,Stories,Various,Stories Monthly Press,1951,,placeholder,covers/1951_Stories_PLACEHOLDER.jpg
2669,Southbound Express,Kui Pak Yam,Shanghai Publishing Co.,1951,,placeholder,covers/1951_Southbound_Express_PLACEHOLDER.jpg
2670,Yang Ko Paddy Transplanting Song,,,1951,,placeholder,covers/1951_Yang_Ko_Paddy_Transplanting_Song_PLACEHOLDER.jpg
2671,Voice Of The People Kuan Shing Po,,"Kuan Shin Pao Press,Johore",1951,,placeholder,covers/1951_Voice_Of_The_People_Kuan_Shing_Po_PLACEHOLDER.jpg
2672,Youth Cultivation,Tso Pak Hon,"Hoi Ming Bookshop,Shanghai",1951,,placeholder,covers/1951_Youth_Cultivation_PLACEHOLDER.jpg
2673,Young Edison,,"Educational Pictorial Pub.Co,Shanghai",1951,,placeholder,covers/1951_Young_Edison_PLACEHOLDER.jpg
2674,Way To Build New Society,Wu Tung,"Chung Sin Press,China",1951,,placeholder,covers/1951_Way_To_Build_New_Society_PLACEHOLDER.jpg
2675,Sounds Of The Drum,W Whitman,Ching Tung Publishing Co.,1951,,placeholder,covers/1951_Sounds_Of_The_Drum_PLACEHOLDER.jpg
2676,March Under Flag Of Mao Tse Tung,,Youth Publishing Co.,1951,"[""Chinese""]",placeholder,covers/1951_March_Under_Flag_Of_Mao_Tse_Tung_PLACEHOLDER.jpg
2677,Establishment And Strengthening Of Youth During Anti-Blockade Campaign,,Youth Publishing Co.,1951,"[""Chinese""]",placeholder,covers/1951_Establishment_And_Strengthening_Of_Youth_During_Anti-Blockade_Campaign_PLACEHOLDER.jpg
2678,Forward Progressive Road,,Youth Publishing Co.,1951,"[""Chinese""]",placeholder,covers/1951_Forward_Progressive_Road_PLACEHOLDER.jpg
2679,Life & Ideal,Mai Ning,Youth & Knowledge Society,1951,"[""Chinese""]",placeholder,covers/1951_Life_&_Ideal_PLACEHOLDER.jpg
2680,Inside South East Asian Countries,Pan Kung Chao,World Knowledge Society,1951,"[""Chinese""]",placeholder,covers/1951_Inside_South_East_Asian_Countries_PLACEHOLDER.jpg
2681,Heroines Of Soviet Russia,,Women's League Of Sino-Soviet Culture Society,1951,"[""Chinese""]",placeholder,covers/1951_Heroines_Of_Soviet_Russia_PLACEHOLDER.jpg
2682,Liberation Of Greater Shanghai,,Wah Tung Bookshop,1951,"[""Chinese""]",placeholder,covers/1951_Liberation_Of_Greater_Shanghai_PLACEHOLDER.jpg
2683,Tuanty-Five Thousand Long March,,Wah Tung Bookshop,1951,"[""Chinese""]",placeholder,covers/1951_Tuanty-Five_Thousand_Long_March_PLACEHOLDER.jpg
2684,Exposition Of New International Situation,Chang Tiet Sheng,United China Publishing Co.,1951,"[""Chinese""]",placeholder,covers/1951_Exposition_Of_New_International_Situation_PLACEHOLDER.jpg
2685,Political Commonsense Of Workers,,Tung Lik Pub. Co.,1951,"[""Chinese""]",placeholder,covers/1951_Political_Commonsense_Of_Workers_PLACEHOLDER.jpg
2686,Impression Of The People's Writers,Si Ma Voon Sen,Tsi Yuen Bookstore,1951,"[""Chinese""]",placeholder,covers/1951_Impression_Of_The_People's_Writers_PLACEHOLDER.jpg
2687,True News,,True News Press,1951,"[""Chinese""]",placeholder,covers/1951_True_News_PLACEHOLDER.jpg
2688,Political Economy In Socialism,A. Leonchev,Tong Tai Pub. Co.,1951,"[""Chinese""]",placeholder,covers/1951_Political_Economy_In_Socialism_PLACEHOLDER.jpg
2689,General Criticism Of Chinese Traditional Thought,Choi Sheung Sze,Tong Tai Pub. Co.,1951,"[""Chinese""]",placeholder,covers/1951_General_Criticism_Of_Chinese_Traditional_Thought_PLACEHOLDER.jpg
2690,Geographical Environment & Socialistic Development,Ng Chak,Tong Tai Pub. Co.,1951,"[""Chinese""]",placeholder,covers/1951_Geographical_Environment_&_Socialistic_Development_PLACEHOLDER.jpg
2691,Tilling The Wilds,,Tilling The Wilds Publication Society,1951,"[""Chinese""]",placeholder,covers/1951_Tilling_The_Wilds_PLACEHOLDER.jpg
2692,Times,,The Times Book And Newspaper Publishing Co.,1951,"[""Chinese""]",placeholder,covers/1951_Times_PLACEHOLDER.jpg
2693,On The Colonial Question,"Lenin, Stalin And Zhukov",The People's Pub. House Ltd,1951,"[""Chinese""]",placeholder,covers/1951_On_The_Colonial_Question_PLACEHOLDER.jpg
2694,Book-Keeping,Various,The New China Bookshop,1951,"[""Chinese""]",placeholder,covers/1951_Book-Keeping_PLACEHOLDER.jpg
2695,Briefcourse Of Chinese History,Fan Man Lan,The New China Bookshop,1951,"[""Chinese""]",placeholder,covers/1951_Briefcourse_Of_Chinese_History_PLACEHOLDER.jpg
2696,Talks On Russian Literature,Gubachen,The New China Bookshop,1951,"[""Chinese""]",placeholder,covers/1951_Talks_On_Russian_Literature_PLACEHOLDER.jpg
2697,Concise History Of Western Philosophy,Sikolov,The New China Bookshop,1951,"[""Chinese""]",placeholder,covers/1951_Concise_History_Of_Western_Philosophy_PLACEHOLDER.jpg
2698,Times Forward,Valentin Petrovich Katayev,The New China Bookshop,1951,"[""Chinese""]",placeholder,covers/1951_Times_Forward_PLACEHOLDER.jpg
2699,Family Of Landlords,Shehedrin,The New China Bookshop,1951,"[""Chinese""]",placeholder,covers/1951_Family_Of_Landlords_PLACEHOLDER.jpg
2700,France,She Hon,The New China Bookshop,1951,"[""Chinese""]",placeholder,covers/1951_France_PLACEHOLDER.jpg
2701,Gorky And His Short Stories,A. Luscombe,The New China Bookshop,1951,"[""Chinese""]",placeholder,covers/1951_Gorky_And_His_Short_Stories_PLACEHOLDER.jpg
2702,History Of Chu Yuen Cheung,Ng Ham,The New China Bookshop,1951,"[""Chinese""]",placeholder,covers/1951_History_Of_Chu_Yuen_Cheung_PLACEHOLDER.jpg
2703,History Of Relationship Between Individual & Masses,Constantine,The New China Bookshop,1951,"[""Chinese""]",placeholder,covers/1951_History_Of_Relationship_Between_Individual_&_Masses_PLACEHOLDER.jpg
2704,Hung Saw Chuen,Chun Muk,The New China Bookshop,1951,"[""Chinese""]",placeholder,covers/1951_Hung_Saw_Chuen_PLACEHOLDER.jpg
2705,Life Of Karl Marx,,The New China Bookshop,1951,"[""Chinese""]",placeholder,covers/1951_Life_Of_Karl_Marx_PLACEHOLDER.jpg
2706,No. Forty-One,Lafulinief,The New China Bookshop,1951,"[""Chinese""]",placeholder,covers/1951_No._Forty-One_PLACEHOLDER.jpg
2707,Northwest,Tsoi Kwang Kai,The New China Bookshop,1951,"[""Chinese""]",placeholder,covers/1951_Northwest_PLACEHOLDER.jpg
2708,Philosophical Foundatioin Of Social Science,Fung Ting,The New China Bookshop,1951,"[""Chinese""]",placeholder,covers/1951_Philosophical_Foundatioin_Of_Social_Science_PLACEHOLDER.jpg
2709,Pratical Book-Keeping,Chu Yit Shing,The New China Bookshop,1951,"[""Chinese""]",placeholder,covers/1951_Pratical_Book-Keeping_PLACEHOLDER.jpg
2710,Selected Translation From Books Read,To Fan,The New China Bookshop,1951,"[""Chinese""]",placeholder,covers/1951_Selected_Translation_From_Books_Read_PLACEHOLDER.jpg
2711,How Steel & Iron Are Refined,Ostrovski,The Kwong Wah Bookshop,1951,"[""Chinese""]",placeholder,covers/1951_How_Steel_&_Iron_Are_Refined_PLACEHOLDER.jpg
2712,How To Appreciate Movies,Lo Ngai Fu,The Kwong Wah Bookshop,1951,"[""Chinese""]",placeholder,covers/1951_How_To_Appreciate_Movies_PLACEHOLDER.jpg
2713,Brief Course Of Chinese History,Lui Chun Yu,The Kwong Wah Bookshop,1951,"[""Chinese""]",placeholder,covers/1951_Brief_Course_Of_Chinese_History_PLACEHOLDER.jpg
2714,Collected Essays On New Music,Lui Yik,The Kwong Wah Bookshop,1951,"[""Chinese""]",placeholder,covers/1951_Collected_Essays_On_New_Music_PLACEHOLDER.jpg
2715,Open Letter To Compatriots On Realisation Of Outline Of People's Democratic Republic,Malayan Communist Party Central Committee,The Freedom Pub. Society,1951,"[""Chinese""]",placeholder,covers/1951_Open_Letter_To_Compatriots_On_Realisation_Of_Outline_Of_People's_Democratic_Republic_PLACEHOLDER.jpg
2716,Jean Christopher,Romain Holland,The Camel Publishing Co.,1951,"[""Chinese""]",placeholder,covers/1951_Jean_Christopher_PLACEHOLDER.jpg
2717,Tai Chung Po,,Tai Chung Press,1951,"[""Chinese""]",placeholder,covers/1951_Tai_Chung_Po_PLACEHOLDER.jpg
2718,Education Workers Manual,Feng Shi,Ta Kung Bookstore,1951,"[""Chinese""]",placeholder,covers/1951_Education_Workers_Manual_PLACEHOLDER.jpg
2719,Literary Post,,Sun Wah Book Co.,1951,"[""Chinese""]",placeholder,covers/1951_Literary_Post_PLACEHOLDER.jpg
2720,Grand Ceremony Of Founding Of The Country,,Sun Kwong Publishing Co.,1951,"[""Chinese""]",placeholder,covers/1951_Grand_Ceremony_Of_Founding_Of_The_Country_PLACEHOLDER.jpg
2721,Life On Soviet Farms,,Sun Kwong Publishing Co.,1951,"[""Chinese""]",placeholder,covers/1951_Life_On_Soviet_Farms_PLACEHOLDER.jpg
2722,New China Stands On Side Of Peace Bloc In International Theatre,,Sun Kwong Publishing Co.,1951,"[""Chinese""]",placeholder,covers/1951_New_China_Stands_On_Side_Of_Peace_Bloc_In_International_Theatre_PLACEHOLDER.jpg
2723,New Shops In Soviet Union,,Sun Kwong Publishing Co.,1951,"[""Chinese""]",placeholder,covers/1951_New_Shops_In_Soviet_Union_PLACEHOLDER.jpg
2724,Pictorial Life History Of Stalin,,Sun Kwong Publishing Co.,1951,"[""Chinese""]",placeholder,covers/1951_Pictorial_Life_History_Of_Stalin_PLACEHOLDER.jpg
2725,Big Parade In Red Square,,Sun Kwong Publishing Co.,1951,"[""Chinese""]",placeholder,covers/1951_Big_Parade_In_Red_Square_PLACEHOLDER.jpg
2726,Gallant Army Of Liberation,,Sun Kwong Publishing Co.,1951,"[""Chinese""]",placeholder,covers/1951_Gallant_Army_Of_Liberation_PLACEHOLDER.jpg
2727,Let The Woodcarver Awake,Pable Neruda,Sun Kwan Publishing Co.,1951,"[""Chinese""]",placeholder,covers/1951_Let_The_Woodcarver_Awake_PLACEHOLDER.jpg
2728,My Impressions In America,Ehrenberg,Sun Kwan Publishing Co.,1951,"[""Chinese""]",placeholder,covers/1951_My_Impressions_In_America_PLACEHOLDER.jpg
2729,Collection Of Theses To Commemorate 32Nd Anniversary Of October Revolution,Study Comm. Of The C.C.P. Tientsin Municipal Council,Study Commission Of The C.C.P. Tientsin Municipal Council,1951,"[""Chinese""]",placeholder,covers/1951_Collection_Of_Theses_To_Commemorate_32Nd_Anniversary_Of_October_Revolution_PLACEHOLDER.jpg
2730,Defend World Peace,,Study Commission Of The C.C.P. Tientsin Municipal Council,1951,"[""Chinese""]",placeholder,covers/1951_Defend_World_Peace_PLACEHOLDER.jpg
2731,Tighten Sino-Russian Frendship,,Study Commission Of The C.C.P. Tientsin Municipal Council,1951,"[""Chinese""]",placeholder,covers/1951_Tighten_Sino-Russian_Frendship_PLACEHOLDER.jpg
2732,Documents For Study By People's P.C.C.,,Study Commission Of The C.C.P. Tientsin Municipal Council,1951,"[""Chinese""]",placeholder,covers/1951_Documents_For_Study_By_People's_P.C.C_PLACEHOLDER.jpg
2733,Materials For Study Of Anti-American White Paper,,Study Commission Of The C.C.P. Tientsin Municipal Council,1951,"[""Chinese""]",placeholder,covers/1951_Materials_For_Study_Of_Anti-American_White_Paper_PLACEHOLDER.jpg
2734,On Relation Between Cities & Villages,,Study Commission Of The C.C.P. Tientsin Municipal Council,1951,"[""Chinese""]",placeholder,covers/1951_On_Relation_Between_Cities_&_Villages_PLACEHOLDER.jpg
2735,Talks On International Problems,,South Seas Publishing Bureau,1951,"[""Chinese""]",placeholder,covers/1951_Talks_On_International_Problems_PLACEHOLDER.jpg
2736,People's War,,South Malaya People's War Press,1951,"[""Chinese""]",placeholder,covers/1951_People's_War_PLACEHOLDER.jpg
2737,Literary Art Of A New People,Chou Yang,Sin Hwa Bookstore,1951,"[""Chinese""]",placeholder,covers/1951_Literary_Art_Of_A_New_People_PLACEHOLDER.jpg
2738,Literary News,,Sin Hwa Bookstore,1951,"[""Chinese""]",placeholder,covers/1951_Literary_News_PLACEHOLDER.jpg
2739,Flying Sparks Of War,Lui Pai -Yu,Sin Hwa Bookstore,1951,"[""Chinese""]",placeholder,covers/1951_Flying_Sparks_Of_War_PLACEHOLDER.jpg
2740,Showing The Time Of A New People,Chon Yang,Sin Hwa Bookstore,1951,"[""Chinese""]",placeholder,covers/1951_Showing_The_Time_Of_A_New_People_PLACEHOLDER.jpg
2741,Northern Line,Yang So,Sin Hwa Bookshop,1951,"[""Chinese""]",placeholder,covers/1951_Northern_Line_PLACEHOLDER.jpg
2742,Textbook On Sociology,Wang Po Lun,Shin Chow Kwok-Kwang Society,1951,"[""Chinese""]",placeholder,covers/1951_Textbook_On_Sociology_PLACEHOLDER.jpg
2743,Model Diary,Hwang Chen Fu,Shanghai Printing Press,1951,"[""Chinese""]",placeholder,covers/1951_Model_Diary_PLACEHOLDER.jpg
2744,Happy Reunion Of Lau Hau,Hon Hei Cheung,Sam Puen Bookshop,1951,"[""Chinese""]",placeholder,covers/1951_Happy_Reunion_Of_Lau_Hau_PLACEHOLDER.jpg
2745,Preparation For Writing (Books),Mau Tun,"Sam Luen Bookshop, China ,The New China Bookshop",1951,"[""Chinese""]",placeholder,covers/1951_Preparation_For_Writing_(Books)_PLACEHOLDER.jpg
2746,Capitalism,,Sam Luen Bookshop,1951,"[""Chinese""]",placeholder,covers/1951_Capitalism_PLACEHOLDER.jpg
2747,Historical Materialism,Mark B. Mitin,Sam Luen Bookshop,1951,"[""Chinese""]",placeholder,covers/1951_Historical_Materialism_PLACEHOLDER.jpg
2748,History Of Theories Of Surplus Value,Karl Marx,Sam Luen Bookshop,1951,"[""Chinese""]",placeholder,covers/1951_History_Of_Theories_Of_Surplus_Value_PLACEHOLDER.jpg
2749,How China Became A Semi Colony,Chin Yik Shek,Sam Luen Bookshop,1951,"[""Chinese""]",placeholder,covers/1951_How_China_Became_A_Semi_Colony_PLACEHOLDER.jpg
2750,How Man Became Great...,,Sam Luen Bookshop,1951,"[""Chinese""]",placeholder,covers/1951_How_Man_Became_Great_PLACEHOLDER.jpg
2751,How To Investigate Researches,Pak To,Sam Luen Bookshop,1951,"[""Chinese""]",placeholder,covers/1951_How_To_Investigate_Researches_PLACEHOLDER.jpg
2752,How To Study Capitalism,,Sam Luen Bookshop,1951,"[""Chinese""]",placeholder,covers/1951_How_To_Study_Capitalism_PLACEHOLDER.jpg
2753,Imperialism & Chinese Politics,Wu Shing,Sam Luen Bookshop,1951,"[""Chinese""]",placeholder,covers/1951_Imperialism_&_Chinese_Politics_PLACEHOLDER.jpg
2754,"Indonesia, Country Of Island's",Behrang At Wong Yam Shuk,Sam Luen Bookshop,1951,"[""Chinese""]",placeholder,"covers/1951_Indonesia,_Country_Of_Island's_PLACEHOLDER.jpg"
2755,Inside Story Of American Diplomats,Annabelle Bucar,Sam Luen Bookshop,1951,"[""Chinese""]",placeholder,covers/1951_Inside_Story_Of_American_Diplomats_PLACEHOLDER.jpg
2756,Japan Pre-War & Post-War,Lau Sze Mo,Sam Luen Bookshop,1951,"[""Chinese""]",placeholder,covers/1951_Japan_Pre-War_&_Post-War_PLACEHOLDER.jpg
2757,Labour Under The U.S.S.R.,Manieff,Sam Luen Bookshop,1951,"[""Chinese""]",placeholder,covers/1951_Labour_Under_The_U.S.S.R_PLACEHOLDER.jpg
2758,Learn Lenin's Method Of Working,,Sam Luen Bookshop,1951,"[""Chinese""]",placeholder,covers/1951_Learn_Lenin's_Method_Of_Working_PLACEHOLDER.jpg
2759,Lenin,Ngai Ming Chi,Sam Luen Bookshop,1951,"[""Chinese""]",placeholder,covers/1951_Lenin_PLACEHOLDER.jpg
2760,Li Yung Mines The Battlefield,Siu Chin Nam,Sam Luen Bookshop,1951,"[""Chinese""]",placeholder,covers/1951_Li_Yung_Mines_The_Battlefield_PLACEHOLDER.jpg
2761,Logic Of Dialectism,Joseph Dietzgen,Sam Luen Bookshop,1951,"[""Chinese""]",placeholder,covers/1951_Logic_Of_Dialectism_PLACEHOLDER.jpg
2762,Malaya,Shun Lo,Sam Luen Bookshop,1951,"[""Chinese""]",placeholder,covers/1951_Malaya_PLACEHOLDER.jpg
2763,Man Yat To,Min Chi,Sam Luen Bookshop,1951,"[""Chinese""]",placeholder,covers/1951_Man_Yat_To_PLACEHOLDER.jpg
2764,Marx,Ngai Ming Chi,Sam Luen Bookshop,1951,"[""Chinese""]",placeholder,covers/1951_Marx_PLACEHOLDER.jpg
2765,Marxism & Poetry,George Donaldson,Sam Luen Bookshop,1951,"[""Chinese""]",placeholder,covers/1951_Marxism_&_Poetry_PLACEHOLDER.jpg
2766,Materialism & Empirio Criticism,,Sam Luen Bookshop,1951,"[""Chinese""]",placeholder,covers/1951_Materialism_&_Empirio_Criticism_PLACEHOLDER.jpg
2767,Materialistic Conception Of Love,,Sam Luen Bookshop,1951,"[""Chinese""]",placeholder,covers/1951_Materialistic_Conception_Of_Love_PLACEHOLDER.jpg
2768,Merge Of Personal Interest And Public Interest In Age Of Socialism,,Sam Luen Bookshop,1951,"[""Chinese""]",placeholder,covers/1951_Merge_Of_Personal_Interest_And_Public_Interest_In_Age_Of_Socialism_PLACEHOLDER.jpg
2769,Miscellaneous Talks On Soviet Russia,Mau Tun,Sam Luen Bookshop,1951,"[""Chinese""]",placeholder,covers/1951_Miscellaneous_Talks_On_Soviet_Russia_PLACEHOLDER.jpg
2770,Modern History Of International Relations,Cheung Tit Sang,Sam Luen Bookshop,1951,"[""Chinese""]",placeholder,covers/1951_Modern_History_Of_International_Relations_PLACEHOLDER.jpg
2771,Modern History Of World Democratic Movement,Landi,Sam Luen Bookshop,1951,"[""Chinese""]",placeholder,covers/1951_Modern_History_Of_World_Democratic_Movement_PLACEHOLDER.jpg
2772,Mr. Short,,Sam Luen Bookshop,1951,"[""Chinese""]",placeholder,covers/1951_Mr._Short_PLACEHOLDER.jpg
2773,New Discourse On Geomancy,Lo Chuen,Sam Luen Bookshop,1951,"[""Chinese""]",placeholder,covers/1951_New_Discourse_On_Geomancy_PLACEHOLDER.jpg
2774,1911 Revolution & Yuan Shi Kai,Lai Nai Ham,Sam Luen Bookshop,1951,"[""Chinese""]",placeholder,covers/1951_1911_Revolution_&_Yuan_Shi_Kai_PLACEHOLDER.jpg
2775,On Property Under Socialism,,Sam Luen Bookshop,1951,"[""Chinese""]",placeholder,covers/1951_On_Property_Under_Socialism_PLACEHOLDER.jpg
2776,On Stalin's Dialectic Msterialism & Historical Materialism,Merk B. Mitin,Sam Luen Bookshop,1951,"[""Chinese""]",placeholder,covers/1951_On_Stalin's_Dialectic_Msterialism_&_Historical_Materialism_PLACEHOLDER.jpg
2777,On Transition From Socialism To Communism,,Sam Luen Bookshop,1951,"[""Chinese""]",placeholder,covers/1951_On_Transition_From_Socialism_To_Communism_PLACEHOLDER.jpg
2778,On Ways Of Thought,Wu Shing,Sam Luen Bookshop,1951,"[""Chinese""]",placeholder,covers/1951_On_Ways_Of_Thought_PLACEHOLDER.jpg
2779,"Origin Of Family, Private Property And State",F. Engels,Sam Luen Bookshop,1951,"[""Chinese""]",placeholder,"covers/1951_Origin_Of_Family,_Private_Property_And_State_PLACEHOLDER.jpg"
2780,Outline Of Economic History Of The World,Pang Tik Sin,Sam Luen Bookshop,1951,"[""Chinese""]",placeholder,covers/1951_Outline_Of_Economic_History_Of_The_World_PLACEHOLDER.jpg
2781,Outline Of Modern Economic Thought,Shum Chi Yuen,Sam Luen Bookshop,1951,"[""Chinese""]",placeholder,covers/1951_Outline_Of_Modern_Economic_Thought_PLACEHOLDER.jpg
2782,Philippines,Leung Sheung Yeun,Sam Luen Bookshop,1951,"[""Chinese""]",placeholder,covers/1951_Philippines_PLACEHOLDER.jpg
2783,Philosophical Foundation Of Social Science,Shum Chi Yuen,Sam Luen Bookshop,1951,"[""Chinese""]",placeholder,covers/1951_Philosophical_Foundation_Of_Social_Science_PLACEHOLDER.jpg
2784,Post-War Capitalism,To Tai Yung,Sam Luen Bookshop,1951,"[""Chinese""]",placeholder,covers/1951_Post-War_Capitalism_PLACEHOLDER.jpg
2785,Primary Education In Soviet Russia,,Sam Luen Bookshop,1951,"[""Chinese""]",placeholder,covers/1951_Primary_Education_In_Soviet_Russia_PLACEHOLDER.jpg
2786,"Problem Of Post-War, Japan",Lau Sze Mo,Sam Luen Bookshop,1951,"[""Chinese""]",placeholder,"covers/1951_Problem_Of_Post-War,_Japan_PLACEHOLDER.jpg"
2787,Problems Of Thought,Central Drama Institution Of Peiping,Sam Luen Bookshop,1951,"[""Chinese""]",placeholder,covers/1951_Problems_Of_Thought_PLACEHOLDER.jpg
2788,Reminiscences Of My Travels,To Fan,Sam Luen Bookshop,1951,"[""Chinese""]",placeholder,covers/1951_Reminiscences_Of_My_Travels_PLACEHOLDER.jpg
2789,Russian Primer,Ho Ching,Sam Luen Bookshop,1951,"[""Chinese""]",placeholder,covers/1951_Russian_Primer_PLACEHOLDER.jpg
2790,Science Of Money,Li Tat,Sam Luen Bookshop,1951,"[""Chinese""]",placeholder,covers/1951_Science_Of_Money_PLACEHOLDER.jpg
2791,Second World War,Tsui Yen,Sam Luen Bookshop,1951,"[""Chinese""]",placeholder,covers/1951_Second_World_War_PLACEHOLDER.jpg
2792,Selected Essays On Education By To Hang Chi,Fong Yu Yim,Sam Luen Bookshop,1951,"[""Chinese""]",placeholder,covers/1951_Selected_Essays_On_Education_By_To_Hang_Chi_PLACEHOLDER.jpg
2793,Selected Literary Works Reader,Chuen Lun & Kot Kam,Sam Luen Bookshop,1951,"[""Chinese""]",placeholder,covers/1951_Selected_Literary_Works_Reader_PLACEHOLDER.jpg
2794,Selections Of Philosphical Writings,Ngai Si Ki,Sam Luen Bookshop,1951,"[""Chinese""]",placeholder,covers/1951_Selections_Of_Philosphical_Writings_PLACEHOLDER.jpg
2795,America's Coming Crisis,Kiu Muk,Sam Luen Bookshop,1951,"[""Chinese""]",placeholder,covers/1951_America's_Coming_Crisis_PLACEHOLDER.jpg
2796,Analysis Of America's Postwar Economics,Chan Yuen,Sam Luen Bookshop,1951,"[""Chinese""]",placeholder,covers/1951_Analysis_Of_America's_Postwar_Economics_PLACEHOLDER.jpg
2797,Short History Of Literary Thought,Tsui Mau Yung,Sam Luen Bookshop,1951,"[""Chinese""]",placeholder,covers/1951_Short_History_Of_Literary_Thought_PLACEHOLDER.jpg
2798,Analysis Of Capitalist Economy,Shum Chi Yuen,Sam Luen Bookshop,1951,"[""Chinese""]",placeholder,covers/1951_Analysis_Of_Capitalist_Economy_PLACEHOLDER.jpg
2799,At The Foot Of The Hill,Tung Ping,Sam Luen Bookshop,1951,"[""Chinese""]",placeholder,covers/1951_At_The_Foot_Of_The_Hill_PLACEHOLDER.jpg
2800,Basic Characteristics Of Soviet Economic System,Karpovski,Sam Luen Bookshop,1951,"[""Chinese""]",placeholder,covers/1951_Basic_Characteristics_Of_Soviet_Economic_System_PLACEHOLDER.jpg
2801,Basic Knowledge Of Literature,Yee Kwan,Sam Luen Bookshop,1951,"[""Chinese""]",placeholder,covers/1951_Basic_Knowledge_Of_Literature_PLACEHOLDER.jpg
2802,Biography Of Lo Shun,Wong Sze Ching,Sam Luen Bookshop,1951,"[""Chinese""]",placeholder,covers/1951_Biography_Of_Lo_Shun_PLACEHOLDER.jpg
2803,Burma,Yee Pui,Sam Luen Bookshop,1951,"[""Chinese""]",placeholder,covers/1951_Burma_PLACEHOLDER.jpg
2804,Business Management & Professional Training,To Fam,Sam Luen Bookshop,1951,"[""Chinese""]",placeholder,covers/1951_Business_Management_&_Professional_Training_PLACEHOLDER.jpg
2806,Talks On Industrial Revolution,Chin Yik Shek,Sam Luen Bookshop,1951,"[""Chinese""]",placeholder,covers/1951_Talks_On_Industrial_Revolution_PLACEHOLDER.jpg
2807,Cheung Cho Purchases A Cow,Wong Ah Ping,Sam Luen Bookshop,1951,"[""Chinese""]",placeholder,covers/1951_Cheung_Cho_Purchases_A_Cow_PLACEHOLDER.jpg
2808,Talks On Youth Cultivation,Chow Yuen Bing,Sam Luen Bookshop,1951,"[""Chinese""]",placeholder,covers/1951_Talks_On_Youth_Cultivation_PLACEHOLDER.jpg
2809,Collection Of Family Letter's Of Lenin,,Sam Luen Bookshop,1951,"[""Chinese""]",placeholder,covers/1951_Collection_Of_Family_Letter's_Of_Lenin_PLACEHOLDER.jpg
2810,Those Who Built Stalingrad,M Gorky,Sam Luen Bookshop,1951,"[""Chinese""]",placeholder,covers/1951_Those_Who_Built_Stalingrad_PLACEHOLDER.jpg
2811,Developed Maiden Land,,Sam Luen Bookshop,1951,"[""Chinese""]",placeholder,covers/1951_Developed_Maiden_Land_PLACEHOLDER.jpg
2812,Development Of Socialistic Ideology,Shum Chi Yuen,Sam Luen Bookshop,1951,"[""Chinese""]",placeholder,covers/1951_Development_Of_Socialistic_Ideology_PLACEHOLDER.jpg
2813,Dialectic Materialism,Mart. B. Mitin,Sam Luen Bookshop,1951,"[""Chinese""]",placeholder,covers/1951_Dialectic_Materialism_PLACEHOLDER.jpg
2814,Discourse On Economics,Tik Chin Pak,Sam Luen Bookshop,1951,"[""Chinese""]",placeholder,covers/1951_Discourse_On_Economics_PLACEHOLDER.jpg
2815,Discourses On Soviet Literature,,Sam Luen Bookshop,1951,"[""Chinese""]",placeholder,covers/1951_Discourses_On_Soviet_Literature_PLACEHOLDER.jpg
2816,Times Of Rising,Chow Yew Fuk,Sam Luen Bookshop,1951,"[""Chinese""]",placeholder,covers/1951_Times_Of_Rising_PLACEHOLDER.jpg
2817,To Hang Chi,Mak Ching,Sam Luen Bookshop,1951,"[""Chinese""]",placeholder,covers/1951_To_Hang_Chi_PLACEHOLDER.jpg
2818,Engels On Capitalism,Translated By Cheung Hon Fu And Hui Tik Sun,Sam Luen Bookshop,1951,"[""Chinese""]",placeholder,covers/1951_Engels_On_Capitalism_PLACEHOLDER.jpg
2819,Trade Unions In Soviet Union,,Sam Luen Bookshop,1951,"[""Chinese""]",placeholder,covers/1951_Trade_Unions_In_Soviet_Union_PLACEHOLDER.jpg
2820,Feudalism,Kursminsky,Sam Luen Bookshop,1951,"[""Chinese""]",placeholder,covers/1951_Feudalism_PLACEHOLDER.jpg
2821,Frederick Engels-Biography,Gustav Mayer,Sam Luen Bookshop,1951,"[""Chinese""]",placeholder,covers/1951_Frederick_Engels-Biography_PLACEHOLDER.jpg
2822,Fundamental Problem Of Marxism,G.V. Plekhanov,Sam Luen Bookshop,1951,"[""Chinese""]",placeholder,covers/1951_Fundamental_Problem_Of_Marxism_PLACEHOLDER.jpg
2823,General History Of Chinese Thought,"To San So, Hau Ngoi Lo And Kee Yuen Ping",Sam Luen Bookshop,1951,"[""Chinese""]",placeholder,covers/1951_General_History_Of_Chinese_Thought_PLACEHOLDER.jpg
2824,On Eugenics & Racial Discrimination,Chow Kin Yan,Sam Luen Bookshop,1951,"[""Chinese""]",placeholder,covers/1951_On_Eugenics_&_Racial_Discrimination_PLACEHOLDER.jpg
2825,On Method Of Thought,Lin Shu,Reading & Pub.Co.,1951,"[""Chinese""]",placeholder,covers/1951_On_Method_Of_Thought_PLACEHOLDER.jpg
2826,Heist The Model Flag,Tientsin General Labour Union,Readers' Publishing Co.,1951,"[""Chinese""]",placeholder,covers/1951_Heist_The_Model_Flag_PLACEHOLDER.jpg
2827,History Of Chinese Farmers Revolutionary Movement,Sung Yeung,Reader's Publishing Co.,1951,"[""Chinese""]",placeholder,covers/1951_History_Of_Chinese_Farmers_Revolutionary_Movement_PLACEHOLDER.jpg
2828,How Apes Became Men,Compiled By Editors Of Readers Publishing Co.,Reader's Publishing Co.,1951,"[""Chinese""]",placeholder,covers/1951_How_Apes_Became_Men_PLACEHOLDER.jpg
2829,Life Of Soviet Women,Compiled By Editors Of Readers Publishing Co.,Reader's Publishing Co.,1951,"[""Chinese""]",placeholder,covers/1951_Life_Of_Soviet_Women_PLACEHOLDER.jpg
2830,Life Of Soviet Workers,Compiled By Editors Of Readers Publishing Co.,Reader's Publishing Co.,1951,"[""Chinese""]",placeholder,covers/1951_Life_Of_Soviet_Workers_PLACEHOLDER.jpg
2831,"Marx, Engels, Lenin, Stalin And Mao On Problem Of Study",To Sing,Reader's Publishing Co.,1951,"[""Chinese""]",placeholder,"covers/1951_Marx,_Engels,_Lenin,_Stalin_And_Mao_On_Problem_Of_Study_PLACEHOLDER.jpg"
2832,Outline Of Study Of Imperialism,Leonchiev,Reader's Publishing Co.,1951,"[""Chinese""]",placeholder,covers/1951_Outline_Of_Study_Of_Imperialism_PLACEHOLDER.jpg
2833,Chart Of Evolution Of Socialism,Siu Tong,Reader's Publishing Co.,1951,"[""Chinese""]",placeholder,covers/1951_Chart_Of_Evolution_Of_Socialism_PLACEHOLDER.jpg
2834,Chart Of Structure Of Socialism,Siu Tong,Reader's Publishing Co.,1951,"[""Chinese""]",placeholder,covers/1951_Chart_Of_Structure_Of_Socialism_PLACEHOLDER.jpg
2835,Education And Life Of Children In Soviet Russia,Compiled By Editors Of Readers Publishing Co.,Reader's Publishing Co.,1951,"[""Chinese""]",placeholder,covers/1951_Education_And_Life_Of_Children_In_Soviet_Russia_PLACEHOLDER.jpg
2836,Red Star News,,"Propaganda Committee, M.C.P.",1951,"[""Chinese""]",placeholder,covers/1951_Red_Star_News_PLACEHOLDER.jpg
2837,Hupeh Literary Art,,Preparatory Committee Hupeh Cultural Federation,1951,"[""Chinese""]",placeholder,covers/1951_Hupeh_Literary_Art_PLACEHOLDER.jpg
2838,Front Line Correspondence,,Political Sect. Of 3Rd Regt. M.R.L.A.,1951,"[""Chinese""]",placeholder,covers/1951_Front_Line_Correspondence_PLACEHOLDER.jpg
2839,Fook Kwei,,Po Kap Publishing Co.,1951,"[""Chinese""]",placeholder,covers/1951_Fook_Kwei_PLACEHOLDER.jpg
2840,Most Distinguished Medal,Various Russian Authors,Ping Ming Publishing Co.,1951,"[""Chinese""]",placeholder,covers/1951_Most_Distinguished_Medal_PLACEHOLDER.jpg
2841,Aspects Of China's Anti- Japanese Struggle,Mao Tse Tung,People's Publishing House Ltd.,1951,"[""Chinese""]",placeholder,covers/1951_Aspects_Of_China's_Anti-_Japanese_Struggle_PLACEHOLDER.jpg
2842,People's News (Johore),,People's News Press,1951,"[""Chinese""]",placeholder,covers/1951_People's_News_(Johore)_PLACEHOLDER.jpg
2843,People's News (N. Perak),,People's News Agency,1951,"[""Chinese""]",placeholder,covers/1951_People's_News_(N._Perak)_PLACEHOLDER.jpg
2844,Chuan Min Fao (People's Newspaper),,People's Culture Co. Ltd.,1951,"[""Chinese""]",placeholder,covers/1951_Chuan_Min_Fao_(People's_Newspaper)_PLACEHOLDER.jpg
2845,People's Awakening News,,People's Awakening News Press,1951,"[""Chinese""]",placeholder,covers/1951_People's_Awakening_News_PLACEHOLDER.jpg
2846,Teachers Of Peiping,,Peiping Teachers Society,1951,"[""Chinese""]",placeholder,covers/1951_Teachers_Of_Peiping_PLACEHOLDER.jpg
2847,Call Of The People,,Office Of Seruan Ra'ayat,1951,"[""Chinese""]",placeholder,covers/1951_Call_Of_The_People_PLACEHOLDER.jpg
2848,"Chinese People, Unite",Kwo Chieh,Ocean Book Co.,1951,"[""Chinese""]",placeholder,"covers/1951_Chinese_People,_Unite_PLACEHOLDER.jpg"
2849,Discourses On Economics,Di Chao-Pai,New Knowledge Book Co.,1951,"[""Chinese""]",placeholder,covers/1951_Discourses_On_Economics_PLACEHOLDER.jpg
2850,Inauguration On Establishment Of People's Democratic Republic,,New Democratic Press,1951,"[""Chinese""]",placeholder,covers/1951_Inauguration_On_Establishment_Of_People's_Democratic_Republic_PLACEHOLDER.jpg
2851,"Ladies Of New China, No. 8",,New China Women's League,1951,"[""Chinese""]",placeholder,"covers/1951_Ladies_Of_New_China,_No._8_PLACEHOLDER.jpg"
2852,Brief History Of Social Development,Engels,New China Bookshop,1951,"[""Chinese""]",placeholder,covers/1951_Brief_History_Of_Social_Development_PLACEHOLDER.jpg
2853,Sun Shines On The Sanghai River,Ting Ling,New China Book Co.,1951,"[""Chinese""]",placeholder,covers/1951_Sun_Shines_On_The_Sanghai_River_PLACEHOLDER.jpg
2854,A.B.C. Of Historic Materialism,Mok Yim,New China Book Co.,1951,"[""Chinese""]",placeholder,covers/1951_A.B.C._Of_Historic_Materialism_PLACEHOLDER.jpg
2855,Monkey God,Chian Pin,Nenfang Bookstore,1951,"[""Chinese""]",placeholder,covers/1951_Monkey_God_PLACEHOLDER.jpg
2856,Before Entering The New Society,Huang Yu,Nan Kuo Bookshop,1951,"[""Chinese""]",placeholder,covers/1951_Before_Entering_The_New_Society_PLACEHOLDER.jpg
2857,Discourse On International Problems,Sarkey,Nan Hai Publishing Society,1951,"[""Chinese""]",placeholder,covers/1951_Discourse_On_International_Problems_PLACEHOLDER.jpg
2858,People's Democratic Dictatorship,,,1951,"[""Chinese""]",placeholder,covers/1951_People's_Democratic_Dictatorship_PLACEHOLDER.jpg
2859,Internals Of China,,,1951,"[""Chinese""]",placeholder,covers/1951_Internals_Of_China_PLACEHOLDER.jpg
2860,Logical Proof Of Materialism And Historical Materialism,,,1951,"[""Chinese""]",placeholder,covers/1951_Logical_Proof_Of_Materialism_And_Historical_Materialism_PLACEHOLDER.jpg
2861,Portrait Of Stalin,,,1951,"[""Chinese""]",placeholder,covers/1951_Portrait_Of_Stalin_PLACEHOLDER.jpg
2862,Readers For Workers,Labour Education Workers Union Of Shanghai,,1951,"[""Chinese""]",placeholder,covers/1951_Readers_For_Workers_PLACEHOLDER.jpg
2863,Red Light Press,,,1951,"[""Chinese""]",placeholder,covers/1951_Red_Light_Press_PLACEHOLDER.jpg
2864,Science For The Masses,,,1951,"[""Chinese""]",placeholder,covers/1951_Science_For_The_Masses_PLACEHOLDER.jpg
2865,Biography Of World's Greatest Soviet Writer,,Modern Publishing Co.,1951,"[""Chinese""]",placeholder,covers/1951_Biography_Of_World's_Greatest_Soviet_Writer_PLACEHOLDER.jpg
2866,Mysterious Universe,Chin Kang Sun,Man Kwong Bookshop,1951,"[""Chinese""]",placeholder,covers/1951_Mysterious_Universe_PLACEHOLDER.jpg
2867,Aesthetic Conception Of Marxism,,Man Kwong Bookshop,1951,"[""Chinese""]",placeholder,covers/1951_Aesthetic_Conception_Of_Marxism_PLACEHOLDER.jpg
2868,Lightening News,,Lightening Publishing Society,1951,"[""Chinese""]",placeholder,covers/1951_Lightening_News_PLACEHOLDER.jpg
2869,Short History Of International Relations Of Last Thirty Years,Shu Yen,Life Book Co.,1951,"[""Chinese""]",placeholder,covers/1951_Short_History_Of_International_Relations_Of_Last_Thirty_Years_PLACEHOLDER.jpg
2870,Discourse On World Political Geography,Chen Yuan,Life Book Co.,1951,"[""Chinese""]",placeholder,covers/1951_Discourse_On_World_Political_Geography_PLACEHOLDER.jpg
2871,Liberation Soldiers,,Liberation Soldiers Press,1951,"[""Chinese""]",placeholder,covers/1951_Liberation_Soldiers_PLACEHOLDER.jpg
2872,Sun Wah Monthly,Sun Wah Book Co.,Liberation Society,1951,"[""Chinese""]",placeholder,covers/1951_Sun_Wah_Monthly_PLACEHOLDER.jpg
2873,Chinese Workers Pictorial,All China Federation Of Labour,Liberation Society,1951,"[""Chinese""]",placeholder,covers/1951_Chinese_Workers_Pictorial_PLACEHOLDER.jpg
2874,Course Of Russian,,Liberation Society,1951,"[""Chinese""]",placeholder,covers/1951_Course_Of_Russian_PLACEHOLDER.jpg
2875,"Marx, Engels, Lenin & Stalin On Ways Of Thought",,Liberation Society,1951,"[""Chinese""]",placeholder,"covers/1951_Marx,_Engels,_Lenin_&_Stalin_On_Ways_Of_Thought_PLACEHOLDER.jpg"
2876,On People's Democratic Dictatorship,New China News Agency,Liberation Society,1951,"[""Chinese""]",placeholder,covers/1951_On_People's_Democratic_Dictatorship_PLACEHOLDER.jpg
2877,Political Economy,,Liberation Society,1951,"[""Chinese""]",placeholder,covers/1951_Political_Economy_PLACEHOLDER.jpg
2878,Red Flower Must Be Adorned With Green Leaves,"Harbin Railway Workers, Union",Liberation Society,1951,"[""Chinese""]",placeholder,covers/1951_Red_Flower_Must_Be_Adorned_With_Green_Leaves_PLACEHOLDER.jpg
2879,Atlas Bof The World,,Liberation Society,1951,"[""Chinese""]",placeholder,covers/1951_Atlas_Bof_The_World_PLACEHOLDER.jpg
2880,Outline On Study Of Materialism & Historical Materialism,Mi Ting,Liberation Press,1951,"[""Chinese""]",placeholder,covers/1951_Outline_On_Study_Of_Materialism_&_Historical_Materialism_PLACEHOLDER.jpg
2881,Liberation News,,Liberation Committee,1951,"[""Chinese""]",placeholder,covers/1951_Liberation_News_PLACEHOLDER.jpg
2882,Lenin News,,Lenin News Press,1951,"[""Chinese""]",placeholder,covers/1951_Lenin_News_PLACEHOLDER.jpg
2883,Little Sing Girl,Kot Cheung Lun,Kwong Mong Publishing Co.,1951,"[""Chinese""]",placeholder,covers/1951_Little_Sing_Girl_PLACEHOLDER.jpg
2884,People's Republic Of China,Fong Pak,Kwong Mong Publishing Co.,1951,"[""Chinese""]",placeholder,covers/1951_People's_Republic_Of_China_PLACEHOLDER.jpg
2885,Revenge,,Kwong Mong Publishing Co.,1951,"[""Chinese""]",placeholder,covers/1951_Revenge_PLACEHOLDER.jpg
2886,Adventure Of Sea Leopard,Lida,Kwong Mong Publishing Co.,1951,"[""Chinese""]",placeholder,covers/1951_Adventure_Of_Sea_Leopard_PLACEHOLDER.jpg
2887,Get Rid Of Rich Families,Kot Cheung Lun,Kwong Mong Publishing Co.,1951,"[""Chinese""]",placeholder,covers/1951_Get_Rid_Of_Rich_Families_PLACEHOLDER.jpg
2888,Scientific Work In Soviet Union,Gennadi Fish,Kui Yin Publishing Co.,1951,"[""Chinese""]",placeholder,covers/1951_Scientific_Work_In_Soviet_Union_PLACEHOLDER.jpg
2889,New Conception Of Life,Yu Ming Wong,Knowledge Bookshop,1951,"[""Chinese""]",placeholder,covers/1951_New_Conception_Of_Life_PLACEHOLDER.jpg
2890,On Socialism & Social History,Siu Tong,Knowledge Bookshop,1951,"[""Chinese""]",placeholder,covers/1951_On_Socialism_&_Social_History_PLACEHOLDER.jpg
2891,Basic Problems Of Chinese Revolution,Wong Hueng Sing,Knowledge Bookshop,1951,"[""Chinese""]",placeholder,covers/1951_Basic_Problems_Of_Chinese_Revolution_PLACEHOLDER.jpg
2892,History Of Modern Dialectism,Shum Chi Yuen,Kang Wan Publishing Co.,1951,"[""Chinese""]",placeholder,covers/1951_History_Of_Modern_Dialectism_PLACEHOLDER.jpg
2893,Reader Of Dialetic Materialism,Suen Wai Yan,International Knowledge Society,1951,"[""Chinese""]",placeholder,covers/1951_Reader_Of_Dialetic_Materialism_PLACEHOLDER.jpg
2894,History Of Thought In Ancient China,Hau Ngoi Lo,International Cultural Society,1951,"[""Chinese""]",placeholder,covers/1951_History_Of_Thought_In_Ancient_China_PLACEHOLDER.jpg
2895,Humanity News,,Humanity News Press,1951,"[""Chinese""]",placeholder,covers/1951_Humanity_News_PLACEHOLDER.jpg
2896,Hopeh Literary Arts,,Hopeh Literary Art Press,1951,"[""Chinese""]",placeholder,covers/1951_Hopeh_Literary_Arts_PLACEHOLDER.jpg
2897,People's Song & Music,,Harbin University Faculty Of Drama And Music,1951,"[""Chinese""]",placeholder,covers/1951_People's_Song_&_Music_PLACEHOLDER.jpg
2898,Freedom News,,"Freedom News (Publishing Society, Singapore)",1951,"[""Chinese""]",placeholder,covers/1951_Freedom_News_PLACEHOLDER.jpg
2899,Days And Nights,Simonev,Foreign Language Publishing Co.,1951,"[""Chinese""]",placeholder,covers/1951_Days_And_Nights_PLACEHOLDER.jpg
2900,Imperialism In Capitalism's Peak,Lenin,Foreign Language Publishing Co.,1951,"[""Chinese""]",placeholder,covers/1951_Imperialism_In_Capitalism's_Peak_PLACEHOLDER.jpg
2901,On Monopoly Of Food,Lenin,Foreign Language Publishing Co.,1951,"[""Chinese""]",placeholder,covers/1951_On_Monopoly_Of_Food_PLACEHOLDER.jpg
2902,Proletariat Revolution & Kanstoky: Rebel Of Revolution,Lenin,Foreign Language Publishing Co.,1951,"[""Chinese""]",placeholder,covers/1951_Proletariat_Revolution_&_Kanstoky_Rebel_Of_Revolution_PLACEHOLDER.jpg
2903,Selections From Lenin,Lenin,Foreign Language Publishing Co.,1951,"[""Chinese""]",placeholder,covers/1951_Selections_From_Lenin_PLACEHOLDER.jpg
2904,People's China,,Foreign Language Press,1951,"[""Chinese""]",placeholder,covers/1951_People's_China_PLACEHOLDER.jpg
2905,First Flight,"Han Meng, Pan Sun",Equator Press,1951,"[""Chinese""]",placeholder,covers/1951_First_Flight_PLACEHOLDER.jpg
2906,Hungary,Lieboyakoff,Epoch Publishing Co.,1951,"[""Chinese""]",placeholder,covers/1951_Hungary_PLACEHOLDER.jpg
2907,Production Contest & Labour Discipline,Adreyev,Epoch Publishing Co.,1951,"[""Chinese""]",placeholder,covers/1951_Production_Contest_&_Labour_Discipline_PLACEHOLDER.jpg
2908,Bulgaria,Konstanchinoff,Epoch Publishing Co.,1951,"[""Chinese""]",placeholder,covers/1951_Bulgaria_PLACEHOLDER.jpg
2909,Czechoslovakia,Medviejiev,Epoch Publishing Co.,1951,"[""Chinese""]",placeholder,covers/1951_Czechoslovakia_PLACEHOLDER.jpg
2910,Factory With Three Medals,Colielik,Epoch Publishing Co.,1951,"[""Chinese""]",placeholder,covers/1951_Factory_With_Three_Medals_PLACEHOLDER.jpg
2911,Emancipation Series,,Emancipation Series Press,1951,"[""Chinese""]",placeholder,covers/1951_Emancipation_Series_PLACEHOLDER.jpg
2912,Lending Of The Red Lamp,,Education Pictorial Publishing Co.,1951,"[""Chinese""]",placeholder,covers/1951_Lending_Of_The_Red_Lamp_PLACEHOLDER.jpg
2913,Madame Curie,,Education Pictorial Publishing Co.,1951,"[""Chinese""]",placeholder,covers/1951_Madame_Curie_PLACEHOLDER.jpg
2914,Mrs. Cheung Lam,,Education Pictorial Publishing Co.,1951,"[""Chinese""]",placeholder,covers/1951_Mrs._Cheung_Lam_PLACEHOLDER.jpg
2915,Child Of The Brigade,,Education Pictorial Publishing Co.,1951,"[""Chinese""]",placeholder,covers/1951_Child_Of_The_Brigade_PLACEHOLDER.jpg
2916,"Meng Cheung Ying, Rise Up",,Education Pictorial Publishing Co.,1951,"[""Chinese""]",placeholder,"covers/1951_Meng_Cheung_Ying,_Rise_Up_PLACEHOLDER.jpg"
2917,Seven Blossoms,,Education Pictorial Pub. Co.,1951,"[""Chinese""]",placeholder,covers/1951_Seven_Blossoms_PLACEHOLDER.jpg
2918,Learner's Weekly..,,Editorial Cttee Of Snd Sect. 12Th Platoon,1951,"[""Chinese""]",placeholder,covers/1951_Learner's_Weekly_PLACEHOLDER.jpg
2919,Life Of Stalin,,Edited By Marx-Anglo-L. School. Sam Luen Bookshop,1951,"[""Chinese""]",placeholder,covers/1951_Life_Of_Stalin_PLACEHOLDER.jpg
2920,History Of China-Brief Course,,Edited By Chinese History Research Assoc. Sam Luen Bookshop,1951,"[""Chinese""]",placeholder,covers/1951_History_Of_China-Brief_Course_PLACEHOLDER.jpg
2921,Textbook Of Chinese History Of Last Hundred Years,Chang Chien Fu,Cultural Supply Co.,1951,"[""Chinese""]",placeholder,covers/1951_Textbook_Of_Chinese_History_Of_Last_Hundred_Years_PLACEHOLDER.jpg
2922,Reference Materials For Cultural Education,,Cultural Education Comm. Of The People's Govt. Administration,1951,"[""Chinese""]",placeholder,covers/1951_Reference_Materials_For_Cultural_Education_PLACEHOLDER.jpg
2923,Malacca News Sheet,,Correspondents Society,1951,"[""Chinese""]",placeholder,covers/1951_Malacca_News_Sheet_PLACEHOLDER.jpg
2924,Hwa Hills Stained With Blood,,Chung Yuen Printing Press,1951,"[""Chinese""]",placeholder,covers/1951_Hwa_Hills_Stained_With_Blood_PLACEHOLDER.jpg
2925,Chung Hwa Youths,Chang Mung Lin,Chung Hwa Book Co.,1951,"[""Chinese""]",placeholder,covers/1951_Chung_Hwa_Youths_PLACEHOLDER.jpg
2926,Guide To Trades & Industrialists Of New China,,Chun Sheng Publishing House,1951,"[""Chinese""]",placeholder,covers/1951_Guide_To_Trades_&_Industrialists_Of_New_China_PLACEHOLDER.jpg
2927,Industrial & Commercial Paths Of New China,,Chun Sheng Publishing House,1951,"[""Chinese""]",placeholder,covers/1951_Industrial_&_Commercial_Paths_Of_New_China_PLACEHOLDER.jpg
2928,Chun Chau Fortnightly,,Chun Chau Publishing Co.,1951,"[""Chinese""]",placeholder,covers/1951_Chun_Chau_Fortnightly_PLACEHOLDER.jpg
2929,Kiangnan Marching Music,,China Music Co.,1951,"[""Chinese""]",placeholder,covers/1951_Kiangnan_Marching_Music_PLACEHOLDER.jpg
2930,New Democratic Marching Music,,China Music Co.,1951,"[""Chinese""]",placeholder,covers/1951_New_Democratic_Marching_Music_PLACEHOLDER.jpg
2931,Discourses On Basis Of Social Sciences,Shen Chih Yuen,Chi-Yuen Book.Co,1951,"[""Chinese""]",placeholder,covers/1951_Discourses_On_Basis_Of_Social_Sciences_PLACEHOLDER.jpg
2932,How To Be A New Youth,Chen Hsien,Chi Yuen Book Co.,1951,"[""Chinese""]",placeholder,covers/1951_How_To_Be_A_New_Youth_PLACEHOLDER.jpg
2933,Pictorial Life Of To Hang Chi,,Brothers Book Co.,1951,"[""Chinese""]",placeholder,covers/1951_Pictorial_Life_Of_To_Hang_Chi_PLACEHOLDER.jpg
2934,Sarbiyan,,Brothers Book Co.,1951,"[""Chinese""]",placeholder,covers/1951_Sarbiyan_PLACEHOLDER.jpg
2935,Beacon News,,Beacon Publishing Society,1951,"[""Chinese""]",placeholder,covers/1951_Beacon_News_PLACEHOLDER.jpg
2936,Battlefront,,Battlefront Publication Ltd.,1951,"[""Chinese""]",placeholder,covers/1951_Battlefront_PLACEHOLDER.jpg
2937,Battle News,,Battle News Press,1951,"[""Chinese""]",placeholder,covers/1951_Battle_News_PLACEHOLDER.jpg
2938,Warta Raayat,,Warta Raayat Press,1951,"[""Malay""]",placeholder,covers/1951_Warta_Raayat_PLACEHOLDER.jpg
2939,Truth,,Truth Publication,1951,"[""Malay""]",placeholder,covers/1951_Truth_PLACEHOLDER.jpg
2940,Red Flag,,Red Flag,1951,"[""Malay""]",placeholder,covers/1951_Red_Flag_PLACEHOLDER.jpg
2941,Warta Kebanungan Raayat,,People's Uprising News Dept.,1951,"[""Malay""]",placeholder,covers/1951_Warta_Kebanungan_Raayat_PLACEHOLDER.jpg
2942,Peasants Voice,,Peasant Liberation Union,1951,"[""Malay""]",placeholder,covers/1951_Peasants_Voice_PLACEHOLDER.jpg
2943,Suara Raayat,,,1951,"[""Malay""]",placeholder,covers/1951_Suara_Raayat_PLACEHOLDER.jpg
2944,Shakti,,"Vai Govindan, Shakti Press Ltd.",1951,"[""Tamil""]",placeholder,covers/1951_Shakti_PLACEHOLDER.jpg
2945,Revolutionary Movement In The Colonies & Semi Colonies,,"Thesis Adopted By The 6Th Conress Of The Communist International, 1928, People's Publishing House Ltd.",1951,"[""Tamil""]",placeholder,covers/1951_Revolutionary_Movement_In_The_Colonies_&_Semi_Colonies_PLACEHOLDER.jpg
2946,"Towards The Democratic Front To Win Real Independence & People's Democracy, 1948",,Statement Of Policy Central Committee C.P Of India,1951,"[""Tamil""]",placeholder,"covers/1951_Towards_The_Democratic_Front_To_Win_Real_Independence_&_People's_Democracy,_1948_PLACEHOLDER.jpg"
2947,Scientific Politics-English,M.N. Roy,"Renaissance, Publisher",1951,"[""Tamil""]",placeholder,covers/1951_Scientific_Politics-English_PLACEHOLDER.jpg
2948,Por Murasu,,"R. Sonaimuthu, Zainullahbudeen",1951,"[""Tamil""]",placeholder,covers/1951_Por_Murasu_PLACEHOLDER.jpg
2949,Viduthalai Murasu,,Propaganda Section Of Indian Central Committee M.C.P Indian Section,1951,"[""Tamil""]",placeholder,covers/1951_Viduthalai_Murasu_PLACEHOLDER.jpg
2950,Puthu Valvu,,Political Committee,1951,"[""Tamil""]",placeholder,covers/1951_Puthu_Valvu_PLACEHOLDER.jpg
2951,Communist,,"People's Publishing Society House Ltd,",1951,"[""Tamil""]",placeholder,covers/1951_Communist_PLACEHOLDER.jpg
2952,"Communist Party Calls English For A Fighting Spirit Of Toiling Millions Agains Imperialist And Their Collaborators For Freedom And Democracy, 1948.",Review Of The Second Congress Of The C.P. Of India,People's Publishing House Ltd.,1951,"[""Tamil""]",placeholder,covers/1951_Communist_Party_Calls_English_For_A_Fighting_Spirit_Of_Toiling_Millions_Agains_Imperialist_And_Their_PLACEHOLDER.jpg
2953,"C.P.S.U. Problems Of Party Ideological Work, 1948",,People's Publishing House Ltd.,1951,"[""Tamil""]",placeholder,"covers/1951_C.P.S.U._Problems_Of_Party_Ideological_Work,_1948_PLACEHOLDER.jpg"
2954,India & The Unecafe Conference,B.T. Ranadive 1948,People's Publishing House Ltd.,1951,"[""Tamil""]",placeholder,covers/1951_India_&_The_Unecafe_Conference_PLACEHOLDER.jpg
2955,Marx & Trade Unions,A. Lozorsky,People's Publishing House Ltd.,1951,"[""Tamil""]",placeholder,covers/1951_Marx_&_Trade_Unions_PLACEHOLDER.jpg
2956,May Day Manisfesto In English Of The Communist Party Of India,,People's Publishing House Ltd.,1951,"[""Tamil""]",placeholder,covers/1951_May_Day_Manisfesto_In_English_Of_The_Communist_Party_Of_India_PLACEHOLDER.jpg
2957,Nehru Government Declares,B.T. Ranadive,People's Publishing House Ltd.,1951,"[""Tamil""]",placeholder,covers/1951_Nehru_Government_Declares_PLACEHOLDER.jpg
2958,Not,S.A. Dange,People's Publishing House Ltd.,1951,"[""Tamil""]",placeholder,covers/1951_Not_PLACEHOLDER.jpg
2960,Open Letter To Congress-Men,B.T. Ranadive,People's Publishing House Ltd.,1951,"[""Tamil""]",placeholder,covers/1951_Open_Letter_To_Congress-Men_PLACEHOLDER.jpg
2961,People's Age,,People's Publishing House Ltd.,1951,"[""Tamil""]",placeholder,covers/1951_People's_Age_PLACEHOLDER.jpg
2962,"Political Thesis Of The Communist Party Of India, 1948",,People's Publishing House Ltd.,1951,"[""Tamil""]",placeholder,"covers/1951_Political_Thesis_Of_The_Communist_Party_Of_India,_1948_PLACEHOLDER.jpg"
2963,Sterling Balances Betrayal,B.T. Ranadive,People's Publishing House Ltd.,1951,"[""Tamil""]",placeholder,covers/1951_Sterling_Balances_Betrayal_PLACEHOLDER.jpg
2964,Why No Nationalisation,B.T. Ranadive 1948,People's Publishing House Ltd.,1951,"[""Tamil""]",placeholder,covers/1951_Why_No_Nationalisation_PLACEHOLDER.jpg
2965,Puratchi,Magini,,1951,"[""Tamil""]",placeholder,covers/1951_Puratchi_PLACEHOLDER.jpg
2966,Viduthalai,,Malayan People's National Liberation Army (Penang And Kedah),1951,"[""Tamil""]",placeholder,covers/1951_Viduthalai_PLACEHOLDER.jpg
2967,Teeppori,,Malayan National Liberation Army,1951,"[""Tamil""]",placeholder,covers/1951_Teeppori_PLACEHOLDER.jpg
2968,Who Rules Pakistan,,"C.P. Publication,1948, People's Publishing House Ltd.",1951,"[""Tamil""]",placeholder,covers/1951_Who_Rules_Pakistan_PLACEHOLDER.jpg
2969,On The British Communist Party's Policy,,"C.P. Publication, Oct. 1948, People Publishing House Ltd.",1951,"[""Tamil""]",placeholder,covers/1951_On_The_British_Communist_Party's_Policy_PLACEHOLDER.jpg
2970,One Year Of People's Struggles,,"C.P. Of India Publication, People's Publishing House Ltd.",1951,"[""Tamil""]",placeholder,covers/1951_One_Year_Of_People's_Struggles_PLACEHOLDER.jpg
2971,Savera,,Balwant Singh,1951,"[""Tamil""]",placeholder,covers/1951_Savera_PLACEHOLDER.jpg
2972,Workers News,,"Workers Press M.C.P,Singapore",1951,,placeholder,covers/1951_Workers_News_PLACEHOLDER.jpg
2973,Workers And Farmers News,,"Workers And Peasant News Press,Johore",1951,,placeholder,covers/1951_Workers_And_Farmers_News_PLACEHOLDER.jpg
2974,Storyof How Woman Rises Up,,Wah Tung Bookshop,1951,,placeholder,covers/1951_Storyof_How_Woman_Rises_Up_PLACEHOLDER.jpg
2975,Upset Press,,"Upset Press,Penang/Kedah",1951,,placeholder,covers/1951_Upset_Press_PLACEHOLDER.jpg
2976,Union Paper,,"Union New Press, N. Pahang",1951,,placeholder,covers/1951_Union_Paper_PLACEHOLDER.jpg
2977,Stray Dog Cannot Eat Up The Sun,,Tung Yung Pub. Co.,1951,,placeholder,covers/1951_Stray_Dog_Cannot_Eat_Up_The_Sun_PLACEHOLDER.jpg
2978,Writing Experience,Si Na Voon Sen,"Tsi Yuen Bookstore,China",1951,,placeholder,covers/1951_Writing_Experience_PLACEHOLDER.jpg
2980,Storm,Chow Li Po,The Northern Publishing Society,1951,,placeholder,covers/1951_Storm_PLACEHOLDER.jpg
2981,Yellow River,Tsoi Kwan Kai,"The New China Bookshop,Peiping",1951,,placeholder,covers/1951_Yellow_River_PLACEHOLDER.jpg
2982,Sideviews Of America,Lau Chen Kee,The New China Bookshop,1951,,placeholder,covers/1951_Sideviews_Of_America_PLACEHOLDER.jpg
2983,Simple Course Of Shorthand,Ping Sang,The New China Bookshop,1951,,placeholder,covers/1951_Simple_Course_Of_Shorthand_PLACEHOLDER.jpg
2984,Young Vanguard,,Sun Kwong Publishing Co.Shanghai,1951,,placeholder,covers/1951_Young_Vanguard_PLACEHOLDER.jpg
2985,Soviet Sportwomen,,Sun Kwong Publishing Co.,1951,,placeholder,covers/1951_Soviet_Sportwomen_PLACEHOLDER.jpg
2986,Soviet Labour Hero,,Sun Kwong Publishing,1951,,placeholder,covers/1951_Soviet_Labour_Hero_PLACEHOLDER.jpg
2987,Student News (Singapore),,Student News Press,1951,,placeholder,covers/1951_Student_News_(Singapore)_PLACEHOLDER.jpg
2988,Soviet Pictorial,,Sino Soviet Friendship Society,1951,,placeholder,covers/1951_Soviet_Pictorial_PLACEHOLDER.jpg
2989,Singing In Praise Of China,,Sim Hwa Bookstore,1951,,placeholder,covers/1951_Singing_In_Praise_Of_China_PLACEHOLDER.jpg
2990,Youth Culture And Ideological Training,Ai Han Sung,Shanghai Magazine Co.,1951,,placeholder,covers/1951_Youth_Culture_And_Ideological_Training_PLACEHOLDER.jpg
2991,Seruan Raayat,,Seruan Raayat Office,1951,,placeholder,covers/1951_Seruan_Raayat_PLACEHOLDER.jpg
2992,United States Of America,Lau Chin Kei,"Sam Luen Bookshop,China",1951,,placeholder,covers/1951_United_States_Of_America_PLACEHOLDER.jpg
2993,"Value,Price And Profit",Karl Marx,"Sam Luen Bookshop,China",1951,,placeholder,"covers/1951_Value,Price_And_Profit_PLACEHOLDER.jpg"
2995,Wong Pei Kan Goes South,Hon Hei Cheung,"Sam Luen Bookshop,China",1951,,placeholder,covers/1951_Wong_Pei_Kan_Goes_South_PLACEHOLDER.jpg
2996,Short Song Of The Plateau,Chow Yee Fuk,Sam Luen Bookshop,1951,,placeholder,covers/1951_Short_Song_Of_The_Plateau_PLACEHOLDER.jpg
2997,Siam,Tso Min Chi,Sam Luen Bookshop,1951,,placeholder,covers/1951_Siam_PLACEHOLDER.jpg
2998,Social Science And Real Society,Emile Burns,Sam Luen Bookshop,1951,,placeholder,covers/1951_Social_Science_And_Real_Society_PLACEHOLDER.jpg
2999,Socialist Soviet Union,So Wah,Sam Luen Bookshop,1951,,placeholder,covers/1951_Socialist_Soviet_Union_PLACEHOLDER.jpg
3000,Obermorov,Koncharov,Sam Luen Bookshop,1951,,placeholder,covers/1951_Obermorov_PLACEHOLDER.jpg
3001,On Austerity System & Reduction Of Cost Of Industrial Products,To Lut Chi Ko,Sam Luen Bookshop,1951,,placeholder,covers/1951_On_Austerity_System_&_Reduction_Of_Cost_Of_Industrial_Products_PLACEHOLDER.jpg
3002,On Co-Operation Between Cities & Villages,Lo Hung,Sam Luen Bookshop,1951,,placeholder,covers/1951_On_Co-Operation_Between_Cities_&_Villages_PLACEHOLDER.jpg
3003,On Marx,,Sam Luen Bookshop,1951,,placeholder,covers/1951_On_Marx_PLACEHOLDER.jpg
3004,Sociology Elementary Reader,,Sam Luen Bookshop,1951,,placeholder,covers/1951_Sociology_Elementary_Reader_PLACEHOLDER.jpg
3005,Soviet Communist Youth Corps,M Vulin,Sam Luen Bookshop,1951,,placeholder,covers/1951_Soviet_Communist_Youth_Corps_PLACEHOLDER.jpg
3006,Soviet Finance And Currency,,Sam Luen Bookshop,1951,,placeholder,covers/1951_Soviet_Finance_And_Currency_PLACEHOLDER.jpg
3007,Soviet Transportation,,Sam Luen Bookshop,1951,,placeholder,covers/1951_Soviet_Transportation_PLACEHOLDER.jpg
3008,Soviet Union's Collective Farm System,D E Lapochev,Sam Luen Bookshop,1951,,placeholder,covers/1951_Soviet_Union's_Collective_Farm_System_PLACEHOLDER.jpg
3009,Soviet Union's New Ethical Didactics,B.P.Yesipov & N.K.Goncharov,Sam Luen Bookshop,1951,,placeholder,covers/1951_Soviet_Union's_New_Ethical_Didactics_PLACEHOLDER.jpg
3010,Speed Of Development Soviet Industries,Kielmiker,Sam Luen Bookshop,1951,,placeholder,covers/1951_Speed_Of_Development_Soviet_Industries_PLACEHOLDER.jpg
3011,Study Of Utilisation New Philosophy,,Sam Luen Bookshop,1951,,placeholder,covers/1951_Study_Of_Utilisation_New_Philosophy_PLACEHOLDER.jpg
3012,"What Comes First,Classes Or Exploitation",Readers Publishing Co.,Readers' Publishing Co.Tien Tsin,1951,,placeholder,"covers/1951_What_Comes_First,Classes_Or_Exploitation_PLACEHOLDER.jpg"
3013,Socialistic Development From Utopia To Science,Kina,Readers Publishing Co.,1951,,placeholder,covers/1951_Socialistic_Development_From_Utopia_To_Science_PLACEHOLDER.jpg
3014,Case For Comunisme,W. Gallacher,Penguin Books Ltd.,1951,,placeholder,covers/1951_Case_For_Comunisme_PLACEHOLDER.jpg
3015,Study The Sino-Russian Pact,,New Youth Publishing House,1951,,placeholder,covers/1951_Study_The_Sino-Russian_Pact_PLACEHOLDER.jpg
3016,Story Of Nin Si,Pai Lang,New China Bookshop,1951,,placeholder,covers/1951_Story_Of_Nin_Si_PLACEHOLDER.jpg
3017,Short History Of World War Ii,Shu Yen,New China Book Co,1951,,placeholder,covers/1951_Short_History_Of_World_War_Ii_PLACEHOLDER.jpg
3018,Daily Worker,,,1951,,placeholder,covers/1951_Daily_Worker_PLACEHOLDER.jpg
3019,Liberator,,,1951,,placeholder,covers/1951_Liberator_PLACEHOLDER.jpg
3020,Union Weekly,,,1951,,placeholder,covers/1951_Union_Weekly_PLACEHOLDER.jpg
3021,Sin Sing Hoi-People's Song Composer,Sam Luen Bookshop,,1951,,placeholder,covers/1951_Sin_Sing_Hoi-People's_Song_Composer_PLACEHOLDER.jpg
3022,Youth's National Language Book,Lu Chin Shan,Long Life Book Co.,1951,,placeholder,covers/1951_Youth's_National_Language_Book_PLACEHOLDER.jpg
3023,Who Is Our Friend,North East Railway Workers Union,"Liberation Society,Peiping",1951,,placeholder,covers/1951_Who_Is_Our_Friend_PLACEHOLDER.jpg
3024,Who Save Us,North East Railway Workers Union,"Liberation Society,Peiping",1951,,placeholder,covers/1951_Who_Save_Us_PLACEHOLDER.jpg
3025,Soviet Russia's Patriotism,Caruso,Liberation Society,1951,,placeholder,covers/1951_Soviet_Russia's_Patriotism_PLACEHOLDER.jpg
3026,Spark,Pravada,Liberation Society,1951,,placeholder,covers/1951_Spark_PLACEHOLDER.jpg
3027,Soviet Finance Policy And Frinciples,Lui Kee,Knowledge Bookshop,1951,,placeholder,covers/1951_Soviet_Finance_Policy_And_Frinciples_PLACEHOLDER.jpg
3028,On Communist Education,Kalnin,Foreign Language Publishing Co.,1951,,placeholder,covers/1951_On_Communist_Education_PLACEHOLDER.jpg
3029,Soviet Russia's Present Mission,Lenin,Foreign Language Publishing Co.,1951,,placeholder,covers/1951_Soviet_Russia's_Present_Mission_PLACEHOLDER.jpg
3030,Speeches By Stalin Made At General Election,Stalin,Foreign Language Publishing Co.,1951,,placeholder,covers/1951_Speeches_By_Stalin_Made_At_General_Election_PLACEHOLDER.jpg
3031,Stalin On China's Revolution,Stalin,Epoch Publishing Co.,1951,,placeholder,covers/1951_Stalin_On_China's_Revolution_PLACEHOLDER.jpg
3032,Son Of The Blacksmith And His Assistants,,Education Pictorial Pub.Co.,1951,,placeholder,covers/1951_Son_Of_The_Blacksmith_And_His_Assistants_PLACEHOLDER.jpg
3033,Story Of Sheung Ngo's Escape To Moon,,Education Pictorial Pub.Co.,1951,,placeholder,covers/1951_Story_Of_Sheung_Ngo's_Escape_To_Moon_PLACEHOLDER.jpg
3035,Twilight Of World Capitalism,William Z. Foster,"50Th Era Publishing Co,Shanghai",1951,,placeholder,covers/1951_Twilight_Of_World_Capitalism_PLACEHOLDER.jpg
3036,My Life Story Of Fifty Years,Raja Mahendra Pratap,World Federation,1951,"[""Tamil""]",placeholder,covers/1951_My_Life_Story_Of_Fifty_Years_PLACEHOLDER.jpg
3037,"Indian War Of Independence, 1857",V.D. Savarkar,,1951,"[""Tamil""]",placeholder,"covers/1951_Indian_War_Of_Independence,_1857_PLACEHOLDER.jpg"
3038,Dravida Nadu,,C.N. Annadurai At Dravidanadu Press,1951,"[""Tamil""]",placeholder,covers/1951_Dravida_Nadu_PLACEHOLDER.jpg
3039,Song Of Liberation Of Youth,,Tai Chung Arts.,1951,,placeholder,covers/1951_Song_Of_Liberation_Of_Youth_PLACEHOLDER.jpg
3040,Simple Discourse On Social Science,Teng Chu Min,Cultural Publishing Society,1951,,placeholder,covers/1951_Simple_Discourse_On_Social_Science_PLACEHOLDER.jpg
3041,Suprise Attack News,,Tu Chik (Surp. Attack) Pub.Society,1951,"[""Chinese""]",placeholder,covers/1951_Suprise_Attack_News_PLACEHOLDER.jpg
3042,"Indian Struggle, 1920-1935",Subhas C. Bose,,1951,"[""Tamil""]",placeholder,"covers/1951_Indian_Struggle,_1920-1935_PLACEHOLDER.jpg"
3043,Voice Of The Revolution,,"People's Liberation Army Of Malaya,N.Johore 5Th Brigade,West Section",1951,,placeholder,covers/1951_Voice_Of_The_Revolution_PLACEHOLDER.jpg
3044,Challenge,,,1951,,placeholder,covers/1951_Challenge_PLACEHOLDER.jpg
3045,Dheeran,C.Dorasamy,,1951,,placeholder,covers/1951_Dheeran_PLACEHOLDER.jpg
3046,Die Welt,,,1951,,placeholder,covers/1951_Die_Welt_PLACEHOLDER.jpg
3047,Free Press,,,1951,,placeholder,covers/1951_Free_Press_PLACEHOLDER.jpg
3048,Headline,,,1951,,placeholder,covers/1951_Headline_PLACEHOLDER.jpg
3049,Humanite,,,1951,,placeholder,covers/1951_Humanite_PLACEHOLDER.jpg
3050,Inside The Empire,,,1951,,placeholder,covers/1951_Inside_The_Empire_PLACEHOLDER.jpg
3051,Kypriaka Nea,,,1951,,placeholder,covers/1951_Kypriaka_Nea_PLACEHOLDER.jpg
3052,People's Post....,,,1951,,placeholder,covers/1951_People's_Post_PLACEHOLDER.jpg
3053,Pore Val,,,1951,,placeholder,covers/1951_Pore_Val_PLACEHOLDER.jpg
3054,Preet Sainik,Mao Tej Singh,,1951,,placeholder,covers/1951_Preet_Sainik_PLACEHOLDER.jpg
3055,Student Voice,,,1951,,placeholder,covers/1951_Student_Voice_PLACEHOLDER.jpg
3056,Vema,,,1951,,placeholder,covers/1951_Vema_PLACEHOLDER.jpg
3057,Action,,A Weekly Newpaper Great Britain,1951,,placeholder,covers/1951_Action_PLACEHOLDER.jpg
3058,"Week, The",,,1951,,placeholder,"covers/1951_Week,_The_PLACEHOLDER.jpg"
3059,"Eye, The",,,1951,"[""English""]",placeholder,"covers/1951_Eye,_The_PLACEHOLDER.jpg"
3060,Forward Bloc,,,1951,"[""English""]",placeholder,covers/1951_Forward_Bloc_PLACEHOLDER.jpg
3062,Action News Service,,,1951,"[""TIDAK ADA BAHASA""]",placeholder,covers/1951_Action_News_Service_PLACEHOLDER.jpg
3063,Russia To-Day,,,1951,,placeholder,covers/1951_Russia_To-Day_PLACEHOLDER.jpg
3064,Russia To-Day Newsletter,,,1951,,placeholder,covers/1951_Russia_To-Day_Newsletter_PLACEHOLDER.jpg
3065,Angles,,,1951,,placeholder,covers/1951_Angles_PLACEHOLDER.jpg
3066,"British Union Quarterly, The",,,1951,,placeholder,"covers/1951_British_Union_Quarterly,_The_PLACEHOLDER.jpg"
3067,"Communist International, The",,,1951,,placeholder,"covers/1951_Communist_International,_The_PLACEHOLDER.jpg"
3068,Labour Monthly,,,1951,,placeholder,covers/1951_Labour_Monthly_PLACEHOLDER.jpg
3069,Malayan Monitor,,,1951,,placeholder,covers/1951_Malayan_Monitor_PLACEHOLDER.jpg
3070,Moscow News...,,,1951,,placeholder,covers/1951_Moscow_News_PLACEHOLDER.jpg
3071,Netaji,,,1951,,placeholder,covers/1951_Netaji_PLACEHOLDER.jpg
3072,"New Propeller, The...",,,1951,,placeholder,"covers/1951_New_Propeller,_The_PLACEHOLDER.jpg"
3073,Preet Lari,Our Baksh Singh,,1951,,placeholder,covers/1951_Preet_Lari_PLACEHOLDER.jpg
3074,World News And Views,,,1951,,placeholder,covers/1951_World_News_And_Views_PLACEHOLDER.jpg
3076,"Indian War Of Independence Of 1875, The...",V.D. Savarkar,,1951,,placeholder,"covers/1951_Indian_War_Of_Independence_Of_1875,_The_PLACEHOLDER.jpg"
3077,Kayirril Thongiya Ganapathy,M. Karunanithi,"Munnera Pannai,Madras",1951,"[""Tamil""]",placeholder,covers/1951_Kayirril_Thongiya_Ganapathy_PLACEHOLDER.jpg
3078,Picture Books 3 Getting Into A Sedan Chair,,Hua Hsia Bookshop,1950,"[""Chinese""]",placeholder,covers/1950_Picture_Books_3_Getting_Into_A_Sedan_Chair_PLACEHOLDER.jpg
3079,Picture Books Yang Kuei Hsiang,,Education Publishing Society,1950,"[""Chinese""]",placeholder,covers/1950_Picture_Books_Yang_Kuei_Hsiang_PLACEHOLDER.jpg
3080,Picture Books White Haired Woman,,Education Publishing Society,1950,"[""Chinese""]",placeholder,covers/1950_Picture_Books_White_Haired_Woman_PLACEHOLDER.jpg
3081,Translations,,World Knowledge Society,1950,,placeholder,covers/1950_Translations_PLACEHOLDER.jpg
3082,World Knowledge,,World Knowledge Society,1950,,placeholder,covers/1950_World_Knowledge_PLACEHOLDER.jpg
3084,Observation,,Observation Society,1950,,placeholder,covers/1950_Observation_PLACEHOLDER.jpg
3085,The Popular Reader,Chia Ching,New Democracy Publishing Co.,1950,,placeholder,covers/1950_The_Popular_Reader_PLACEHOLDER.jpg
3086,Discourse On New Democracy Economics,Yue Li Teng,New Democracy Publishing Co.,1950,,placeholder,covers/1950_Discourse_On_New_Democracy_Economics_PLACEHOLDER.jpg
3087,Talks On New Politics,Toh Ngai,New Democracy Publishing Co.,1950,,placeholder,covers/1950_Talks_On_New_Politics_PLACEHOLDER.jpg
3088,Guide To The Study Of Politics,Su Hon,New Democracy Publishing Co.,1950,,placeholder,covers/1950_Guide_To_The_Study_Of_Politics_PLACEHOLDER.jpg
3089,Modern History Of China (1St Edition),,New Democracy Publishing Co.,1950,,placeholder,covers/1950_Modern_History_Of_China_(1St_Edition)_PLACEHOLDER.jpg
3090,How To Write Documents,Liao Yuen,Nan Fan Book Co.,1950,,placeholder,covers/1950_How_To_Write_Documents_PLACEHOLDER.jpg
3091,Everlasting Friendship,Youth Study Series Committee,,1950,,placeholder,covers/1950_Everlasting_Friendship_PLACEHOLDER.jpg
3092,Little Mister,,Little Mister Monthly Society,1950,,placeholder,covers/1950_Little_Mister_PLACEHOLDER.jpg
3093,New Year's Day,Kam Lo,Kau Sat Publishing Co.,1950,,placeholder,covers/1950_New_Year's_Day_PLACEHOLDER.jpg
3094,Picture Books The Happiness Of Resurgence,,Education Publishing Society,1950,,placeholder,covers/1950_Picture_Books_The_Happiness_Of_Resurgence_PLACEHOLDER.jpg
3095,Charhar Education,,Charhar Education Society,1950,,placeholder,covers/1950_Charhar_Education_PLACEHOLDER.jpg
3096,Lin Che Hsu,Children Good Friends Society,Wu Chow Book Store,1950,"[""Chinese""]",placeholder,covers/1950_Lin_Che_Hsu_PLACEHOLDER.jpg
3097,A Study Of The History The Development Of Society,Siao Tang,Truth Bookshop,1950,"[""Chinese""]",placeholder,covers/1950_A_Study_Of_The_History_The_Development_Of_Society_PLACEHOLDER.jpg
3098,The People's Republic Of China,Ho Kung Chao,Tang Ti Publishing Co.,1950,"[""Chinese""]",placeholder,covers/1950_The_People's_Republic_Of_China_PLACEHOLDER.jpg
3099,Picture Books The Gallant Hero,,Sin Hua Bookshop 10 Northeast Pictorial Society,1950,"[""Chinese""]",placeholder,covers/1950_Picture_Books_The_Gallant_Hero_PLACEHOLDER.jpg
3100,Liberation Songs,Tsao Pe Han,Sin Hua Bookshop,1950,"[""Chinese""]",placeholder,covers/1950_Liberation_Songs_PLACEHOLDER.jpg
3101,Handbook On Sino Soviet Alliance,Yeh Ming Hua,Shih Yung Publishing Co.,1950,"[""Chinese""]",placeholder,covers/1950_Handbook_On_Sino_Soviet_Alliance_PLACEHOLDER.jpg
3102,Women And Children Hygiene,,Shanghai Ta Te Publishing Society,1950,"[""Chinese""]",placeholder,covers/1950_Women_And_Children_Hygiene_PLACEHOLDER.jpg
3103,Outline Of Political Economy,Hu Min,Shanghai Magazine Co.,1950,"[""Chinese""]",placeholder,covers/1950_Outline_Of_Political_Economy_PLACEHOLDER.jpg
3104,Red East,,Shanghai Magazine Co.,1950,"[""Chinese""]",placeholder,covers/1950_Red_East_PLACEHOLDER.jpg
3105,Sing Together,Chang Siew Ching,Shanghai Educational Book Store,1950,"[""Chinese""]",placeholder,covers/1950_Sing_Together_PLACEHOLDER.jpg
3106,The World's Leaders Of People,,Popular Culture Publishing Society,1950,"[""Chinese""]",placeholder,covers/1950_The_World's_Leaders_Of_People_PLACEHOLDER.jpg
3107,Chinas October,Ching Pe Fang Chien,Popular Bookshop,1950,"[""Chinese""]",placeholder,covers/1950_Chinas_October_PLACEHOLDER.jpg
3108,Picture Books Liu Chi Tan People's Hero,,Popular Art Publishing Society,1950,"[""Chinese""]",placeholder,covers/1950_Picture_Books_Liu_Chi_Tan_People's_Hero_PLACEHOLDER.jpg
3109,Picture Books Ballards Of The Year Of Resurgence,,Popular Art Publishing Society,1950,"[""Chinese""]",placeholder,covers/1950_Picture_Books_Ballards_Of_The_Year_Of_Resurgence_PLACEHOLDER.jpg
3110,How To Know Yourself And Society,Lofu And Others,People's Bookshop,1950,"[""Chinese""]",placeholder,covers/1950_How_To_Know_Yourself_And_Society_PLACEHOLDER.jpg
3111,How To Organise A Study Sub-Commuttee,Shun Min And Others,New Youth Publishing Society,1950,"[""Chinese""]",placeholder,covers/1950_How_To_Organise_A_Study_Sub-Commuttee_PLACEHOLDER.jpg
3112,Picture Books Heroic Father,,New Voice Publishing Society,1950,"[""Chinese""]",placeholder,covers/1950_Picture_Books_Heroic_Father_PLACEHOLDER.jpg
3113,Picture Books The Marriage Of Yang Hsiao Lin,,New Voice Publishing Society,1950,"[""Chinese""]",placeholder,covers/1950_Picture_Books_The_Marriage_Of_Yang_Hsiao_Lin_PLACEHOLDER.jpg
3114,Picture Books The Last Drop Of Blood,,New Voice Publishing Society,1950,"[""Chinese""]",placeholder,covers/1950_Picture_Books_The_Last_Drop_Of_Blood_PLACEHOLDER.jpg
3115,Picture Books An Account Of The Redress Of Grievances Of A Blind Monthly Paid Worker,,New Voice Publishing Society,1950,"[""Chinese""]",placeholder,covers/1950_Picture_Books_An_Account_Of_The_Redress_Of_Grievances_Of_A_Blind_Monthly_Paid_Worker_PLACEHOLDER.jpg
3116,Picture Books Blood And Tear Feud,,New Voice Publishing Society,1950,"[""Chinese""]",placeholder,covers/1950_Picture_Books_Blood_And_Tear_Feud_PLACEHOLDER.jpg
3117,Picture Books Chao I Man,,New Voice Publishing Society,1950,"[""Chinese""]",placeholder,covers/1950_Picture_Books_Chao_I_Man_PLACEHOLDER.jpg
3118,A Modern History Of China,Fan Wen Lan,New China Book Co.,1950,"[""Chinese""]",placeholder,covers/1950_A_Modern_History_Of_China_PLACEHOLDER.jpg
3119,Youth And Labour,Hsin Huai,Nan Kuo Bookshop,1950,"[""Chinese""]",placeholder,covers/1950_Youth_And_Labour_PLACEHOLDER.jpg
3120,Handbook On Sino Soviet Friendship,,Look Magazine,1950,"[""Chinese""]",placeholder,covers/1950_Handbook_On_Sino_Soviet_Friendship_PLACEHOLDER.jpg
3121,Ten Lectures On The Latest 100 Years Of The History Of China,Chen Chi Yuan,Lo Chun Bookshop,1950,"[""Chinese""]",placeholder,covers/1950_Ten_Lectures_On_The_Latest_100_Years_Of_The_History_Of_China_PLACEHOLDER.jpg
3122,Selected Songs For The Masses,Lu Chi,Kuang Hun Bookshop,1950,"[""Chinese""]",placeholder,covers/1950_Selected_Songs_For_The_Masses_PLACEHOLDER.jpg
3123,Progressive Youth,,Kai Ming Book Co.,1950,"[""Chinese""]",placeholder,covers/1950_Progressive_Youth_PLACEHOLDER.jpg
3124,A Study Of Sino Soviet Pact,Lee Go Shih,Hua Mei Book Co.,1950,"[""Chinese""]",placeholder,covers/1950_A_Study_Of_Sino_Soviet_Pact_PLACEHOLDER.jpg
3125,Youths' Study Problems,Yang Kuei Tsang,Hua Hsia Bookshop,1950,"[""Chinese""]",placeholder,covers/1950_Youths'_Study_Problems_PLACEHOLDER.jpg
3126,Glory To The Peoples' Republic Of China,,Hua Fung Book Co.,1950,"[""Chinese""]",placeholder,covers/1950_Glory_To_The_Peoples'_Republic_Of_China_PLACEHOLDER.jpg
3127,New Songs,Ming Ming,Chung Hua Musical Studies Society,1950,"[""Chinese""]",placeholder,covers/1950_New_Songs_PLACEHOLDER.jpg
3128,Selections Of Literary Report,,Chih Yuan Book Co.,1950,"[""Chinese""]",placeholder,covers/1950_Selections_Of_Literary_Report_PLACEHOLDER.jpg
3129,A House Under The Sunlight,Shih Fei,Chen Kuang Publishing Co.,1950,"[""Chinese""]",placeholder,covers/1950_A_House_Under_The_Sunlight_PLACEHOLDER.jpg
3130,Picture Books New Liberated Areas,,,1950,"[""Chinese""]",placeholder,covers/1950_Picture_Books_New_Liberated_Areas_PLACEHOLDER.jpg
3131,Toward New Life,,Youth Study Publishing Society,1950,,placeholder,covers/1950_Toward_New_Life_PLACEHOLDER.jpg
3132,China Young Children,,Youth Publishing Society,1950,,placeholder,covers/1950_China_Young_Children_PLACEHOLDER.jpg
3133,China Youth,,Youth Publishing Society,1950,,placeholder,covers/1950_China_Youth_PLACEHOLDER.jpg
3134,Stray Thoughts In The Snail Hall,Ha Hin,Yan Kan Book Store,1950,,placeholder,covers/1950_Stray_Thoughts_In_The_Snail_Hall_PLACEHOLDER.jpg
3135,The Experience And Mission Of The Chinese Labour Movement,,Workers' Publishing Society,1950,,placeholder,covers/1950_The_Experience_And_Mission_Of_The_Chinese_Labour_Movement_PLACEHOLDER.jpg
3136,October Revolution,Wu Lan,Wen Kung Publishing Society,1950,,placeholder,covers/1950_October_Revolution_PLACEHOLDER.jpg
3137,Stalin,Wu Lan,Wen Kung Publishing Co.,1950,,placeholder,covers/1950_Stalin_PLACEHOLDER.jpg
3138,Talks On Sino Soviet Problems,"Hu Hwa ,Etc",United Books Publishing Co.,1950,,placeholder,covers/1950_Talks_On_Sino_Soviet_Problems_PLACEHOLDER.jpg
3139,Tour Of South East Europe,Tong Tat,The New China Book Co.,1950,,placeholder,covers/1950_Tour_Of_South_East_Europe_PLACEHOLDER.jpg
3140,Discourse On Ideology,Kui Choi,The New China Book Co.,1950,,placeholder,covers/1950_Discourse_On_Ideology_PLACEHOLDER.jpg
3141,Study,,Sun Lien Bookshop,1950,,placeholder,covers/1950_Study_PLACEHOLDER.jpg
3142,Soviet Women,,Soviet Women Anti-Fascist Committe,1950,,placeholder,covers/1950_Soviet_Women_PLACEHOLDER.jpg
3143,Useful Friend,,Sino-Russian Friendly Association,1950,,placeholder,covers/1950_Useful_Friend_PLACEHOLDER.jpg
3144,Introducing Soviet Russia,,Sino-Russian Friendly Association,1950,,placeholder,covers/1950_Introducing_Soviet_Russia_PLACEHOLDER.jpg
3145,Knowledge On Soviet Russia Monthly,,Sino Soviet Friendship Society,1950,,placeholder,covers/1950_Knowledge_On_Soviet_Russia_Monthly_PLACEHOLDER.jpg
3146,The General Masses,,Sin Hua Nan Publishing Society,1950,,placeholder,covers/1950_The_General_Masses_PLACEHOLDER.jpg
3147,Interexchange Of Remittances In Central China,,Sin Hua Bookshop,1950,,placeholder,covers/1950_Interexchange_Of_Remittances_In_Central_China_PLACEHOLDER.jpg
3148,Youth Songs,Chou Hsiang,Sin Hua Bookshop,1950,,placeholder,covers/1950_Youth_Songs_PLACEHOLDER.jpg
3149,Women Of New China,,Sin Hua Bookshop,1950,,placeholder,covers/1950_Women_Of_New_China_PLACEHOLDER.jpg
3150,How To Live A Democratic Life,Su Lu,Sin Hua Bookshop,1950,,placeholder,covers/1950_How_To_Live_A_Democratic_Life_PLACEHOLDER.jpg
3151,New China Monthly,,Sin Hua Bookshop,1950,,placeholder,covers/1950_New_China_Monthly_PLACEHOLDER.jpg
3152,North Russia Weekly,,Sin Hua Bookshop,1950,,placeholder,covers/1950_North_Russia_Weekly_PLACEHOLDER.jpg
3153,Handbook On Teaching Of Chinese History,Wu Yu Chiang,Sin Hua Book Co.,1950,,placeholder,covers/1950_Handbook_On_Teaching_Of_Chinese_History_PLACEHOLDER.jpg
3154,Present State Of The World,Wang Cheng,Sin Hua Book Co.,1950,,placeholder,covers/1950_Present_State_Of_The_World_PLACEHOLDER.jpg
3155,The Method Of Thingking And Studying,Hsieh Mu Chino,Sin Hua Book Co.,1950,,placeholder,covers/1950_The_Method_Of_Thingking_And_Studying_PLACEHOLDER.jpg
3156,New Farming Village,New Farming Village Magazine Society,Sin Hua Book Co.,1950,,placeholder,covers/1950_New_Farming_Village_PLACEHOLDER.jpg
3157,Liliput Series Of Times Encyclopedia,,Shanghai Times Book Co.,1950,,placeholder,covers/1950_Liliput_Series_Of_Times_Encyclopedia_PLACEHOLDER.jpg
3158,Basic Social Science Readers,,San Lien Bookshop,1950,,placeholder,covers/1950_Basic_Social_Science_Readers_PLACEHOLDER.jpg
3159,Labour In Socialist Countries,,San Lien Book Co.,1950,,placeholder,covers/1950_Labour_In_Socialist_Countries_PLACEHOLDER.jpg
3160,The Economy Of New Democracy,Shen Chi Yuen,San Lien Book Co.,1950,,placeholder,covers/1950_The_Economy_Of_New_Democracy_PLACEHOLDER.jpg
3161,Study Series,The Preparatory Commitee Of The Tientsin Democratic Youth Federation,Readers Bookshop,1950,,placeholder,covers/1950_Study_Series_PLACEHOLDER.jpg
3162,Selected Popular Songs,,Popular Bookshop,1950,,placeholder,covers/1950_Selected_Popular_Songs_PLACEHOLDER.jpg
3163,Translated Series Of Popular Knowledge,,Popular Bookshop,1950,,placeholder,covers/1950_Translated_Series_Of_Popular_Knowledge_PLACEHOLDER.jpg
3164,Popular Poems & Song,,Popular Bookshop,1950,,placeholder,covers/1950_Popular_Poems_&_Song_PLACEHOLDER.jpg
3165,"Study,Study And Study",,Popular Book Co.,1950,,placeholder,"covers/1950_Study,Study_And_Study_PLACEHOLDER.jpg"
3166,How To Exercise Criticism And Self Criticism,,Popular Book Co.,1950,,placeholder,covers/1950_How_To_Exercise_Criticism_And_Self_Criticism_PLACEHOLDER.jpg
3167,Railway Station,Shih Tao And Kang Nung,Popular Book Co.,1950,,placeholder,covers/1950_Railway_Station_PLACEHOLDER.jpg
3168,October,,October Magazinepublishing Society,1950,,placeholder,covers/1950_October_PLACEHOLDER.jpg
3169,North-East Pictorial,,North-East Pictorial Society,1950,,placeholder,covers/1950_North-East_Pictorial_PLACEHOLDER.jpg
3170,Education In The North East,,North East Bookshop,1950,,placeholder,covers/1950_Education_In_The_North_East_PLACEHOLDER.jpg
3171,How To Understand This World,Lin Huan Ping,New Youth Publishing Society,1950,,placeholder,covers/1950_How_To_Understand_This_World_PLACEHOLDER.jpg
3172,Chinese People's Literature,,New Voice Publishing Society,1950,,placeholder,covers/1950_Chinese_People's_Literature_PLACEHOLDER.jpg
3173,New Contruction,,New Contruction Magazine Co.,1950,,placeholder,covers/1950_New_Contruction_PLACEHOLDER.jpg
3175,Orient In Revolution,Chen Yuan,New China Bookshop,1950,,placeholder,covers/1950_Orient_In_Revolution_PLACEHOLDER.jpg
3176,On Soviet Democracy,Alexander Loff & Chen Wei,New China Book Co.,1950,,placeholder,covers/1950_On_Soviet_Democracy_PLACEHOLDER.jpg
3177,War And Production,Chien Shiao Mei,New China Book Co.,1950,,placeholder,covers/1950_War_And_Production_PLACEHOLDER.jpg
3178,New China And The Labour Class,Kiang Ping,Nan Fang Book Co.,1950,,placeholder,covers/1950_New_China_And_The_Labour_Class_PLACEHOLDER.jpg
3179,Common Sense On China's Politics,Chu Tsu,Nan Fang Book Co.,1950,,placeholder,covers/1950_Common_Sense_On_China's_Politics_PLACEHOLDER.jpg
3180,New Literary Art,New Literary Art Society,,1950,,placeholder,covers/1950_New_Literary_Art_PLACEHOLDER.jpg
3181,The Experience Of Study,Wei Lok San,Min Chih Book Co. And Shih Hai Publishers,1950,,placeholder,covers/1950_The_Experience_Of_Study_PLACEHOLDER.jpg
3182,Look,,"Look Weekly Co,",1950,,placeholder,covers/1950_Look_PLACEHOLDER.jpg
3183,Literary Life,Sze Ma Wen Sen,Literary Life Society,1950,,placeholder,covers/1950_Literary_Life_PLACEHOLDER.jpg
3184,Literary Art,,Literary Art Monthly Co.,1950,,placeholder,covers/1950_Literary_Art_PLACEHOLDER.jpg
3185,Elementary Historical Materialism,Mo Nai Chun,Life:Study:New Knowledge,1950,,placeholder,covers/1950_Elementary_Historical_Materialism_PLACEHOLDER.jpg
3187,For Everlasting Peace For People's Democracy,,Liberation Society,1950,,placeholder,covers/1950_For_Everlasting_Peace_For_People's_Democracy_PLACEHOLDER.jpg
3188,Enlightened Youth,Enlightend Youth Society,Kai Ming Book Co.,1950,,placeholder,covers/1950_Enlightened_Youth_PLACEHOLDER.jpg
3189,Selected New China Songs,Ai Han-Sung,Hui Chun Publishing Society,1950,,placeholder,covers/1950_Selected_New_China_Songs_PLACEHOLDER.jpg
3190,Selected Liberation Songs 1949,,Hua Feng Bookshop,1950,,placeholder,covers/1950_Selected_Liberation_Songs_1949_PLACEHOLDER.jpg
3191,Eastern China Pictorial,,Eastern China Pictorial Society,1950,,placeholder,covers/1950_Eastern_China_Pictorial_PLACEHOLDER.jpg
3192,New China,,Chung Hua Book Co.,1950,,placeholder,covers/1950_New_China_PLACEHOLDER.jpg
3193,Little Friends,,Chung Hua Book Co.,1950,,placeholder,covers/1950_Little_Friends_PLACEHOLDER.jpg
3194,Chinese Youth,Liao Hu Chin,Chung Hua Book Co.,1950,,placeholder,covers/1950_Chinese_Youth_PLACEHOLDER.jpg
3195,Literature For The Masses,,Chun Yi Publishing Society,1950,,placeholder,covers/1950_Literature_For_The_Masses_PLACEHOLDER.jpg
3196,Learning From The Masses,Gorki,Chun Hsia Book Co.,1950,,placeholder,covers/1950_Learning_From_The_Masses_PLACEHOLDER.jpg
3197,China Children,,China Children Society,1950,,placeholder,covers/1950_China_Children_PLACEHOLDER.jpg
3198,A Brief History Of China's Trade Union Movement,Teng Chung Hsia,Chih Shih Book Co.,1950,,placeholder,covers/1950_A_Brief_History_Of_China's_Trade_Union_Movement_PLACEHOLDER.jpg
3199,New Children,New Children Society,Chih Shih Book Co.,1950,,placeholder,covers/1950_New_Children_PLACEHOLDER.jpg
3200,Times,,Chiang Chuang Fang,1950,,placeholder,covers/1950_Times_PLACEHOLDER.jpg
3201,Popular Soviet Russian Political Science Series,,Authors Book Store,1950,,placeholder,covers/1950_Popular_Soviet_Russian_Political_Science_Series_PLACEHOLDER.jpg
3202,Bewithching Widow,Tien Ya Ku Ke,Tung Hsing Book Store,1950,"[""Chinese""]",placeholder,covers/1950_Bewithching_Widow_PLACEHOLDER.jpg
3203,Enchanting Lady,Tien Yu Ku Ke,Shih Hsing Book Store,1950,"[""Chinese""]",placeholder,covers/1950_Enchanting_Lady_PLACEHOLDER.jpg
3204,Beancurd Beauty,Shen Shu Sheng Pi Chi,Shih Hsing Book Store,1950,"[""Chinese""]",placeholder,covers/1950_Beancurd_Beauty_PLACEHOLDER.jpg
3205,Infatuated Lovers,Shen Hsiu,Shih Hsing Book Store,1950,"[""Chinese""]",placeholder,covers/1950_Infatuated_Lovers_PLACEHOLDER.jpg
3206,Talking And Singing,,Sin Hua Bookshop,1950,,placeholder,covers/1950_Talking_And_Singing_PLACEHOLDER.jpg
3207,The Revolutionary View Of Life,Tang Hung,Truth Publishing Socicty,1950,"[""Chinese""]",placeholder,covers/1950_The_Revolutionary_View_Of_Life_PLACEHOLDER.jpg
3208,The Necessity To Understand The Reality Of The Revolution,Tun Hsiao Chuan Chen Hsiaoliang,Shanghai Magazine Co.,1950,"[""Chinese""]",placeholder,covers/1950_The_Necessity_To_Understand_The_Reality_Of_The_Revolution_PLACEHOLDER.jpg
3209,India,Mo Lang,San Lien Bookshop,1950,"[""Chinese""]",placeholder,covers/1950_India_PLACEHOLDER.jpg
3210,October Revolution And China,,Reader's Bookshop,1950,"[""Chinese""]",placeholder,covers/1950_October_Revolution_And_China_PLACEHOLDER.jpg
3211,Knowledge Of The Revolution For The Masses,Huang I Cheng,Hua Hsia Bookshop,1950,"[""Chinese""]",placeholder,covers/1950_Knowledge_Of_The_Revolution_For_The_Masses_PLACEHOLDER.jpg
3212,Modern Youth,,Modern Youth Publishing Co.,1950,,placeholder,covers/1950_Modern_Youth_PLACEHOLDER.jpg
3213,Modern Women,,Modern Women Society,1950,,placeholder,covers/1950_Modern_Women_PLACEHOLDER.jpg
798,The Illustrated Kamasutra Ananga-Ananga *Perfume Garden (The Classic Eastern Love Texts),Richard Burton/ F.F Arduthnot,Octopus Illustrated Publishing,1999,"[""English""]",placeholder,covers/1999_The_Illustrated_Kamasutra_Ananga-Ananga_Perfume_Garden_(The_Classic_Eastern_Love_Texts)_PLACEHOLDER.jpg
1766,** Ancaman Komunisma Di Malaysia,,,1980,"[""Malay""]",placeholder,covers/1980_Ancaman_Komunisma_Di_Malaysia_PLACEHOLDER.jpg
1770,** Pendedahan Rahsia Besar Kepada Masyarakat Malaysia (786),Abdul Qahhar,,1980,"[""Malay""]",placeholder,covers/1980_Pendedahan_Rahsia_Besar_Kepada_Masyarakat_Malaysia_(786)_PLACEHOLDER.jpg
1791,** Mangsa Kekejaman Fasis Thai ( Barisan Nasional Pembebasan Patani),,,1977,"[""Malay""]",placeholder,covers/1977_Mangsa_Kekejaman_Fasis_Thai_(_Barisan_Nasional_Pembebasan_Patani)_PLACEHOLDER.jpg
1795,** Suara Demokrasi (Pelajar-Pelajar Demokratik Tanahair),,,1977,"[""Malay""]",placeholder,covers/1977_Suara_Demokrasi_(Pelajar-Pelajar_Demokratik_Tanahair)_PLACEHOLDER.jpg
1814,"** An Artcle Entitled ""On The Occasion Of 30Th Anniversary Of Foundation Of Worker's Party Of Korea Report Delivered By General Secretary Lim Ii Sung As Commenoration Of 30Th Founding Anniversary Of W",,,1976,,placeholder,covers/1976_An_Artcle_Entitled_On_The_Occasion_Of_30Th_Anniversary_Of_Foundation_Of_Worker's_Party_Of_Korea_Repo_PLACEHOLDER.jpg
1817,"** New Year Address Of The Great Leader Comrade Kim Ii Sung, General Secretary Of The Central Committee Of The Korkers Party Of Korea And President Of The State Of The Democratic People's Republic Of",,,1976,"[""English""]",placeholder,"covers/1976_New_Year_Address_Of_The_Great_Leader_Comrade_Kim_Ii_Sung,_General_Secretary_Of_The_Central_Committee_PLACEHOLDER.jpg"
1892,*China Pictorial No. 1/1975,,China Pictorial,1975,"[""Chinese""]",placeholder,covers/1975_China_Pictorial_No._1_1975_PLACEHOLDER.jpg
1896,** Pkm Bintang Merah Bercahaya (The Words And Music Of This Song),,,1975,"[""Malay""]",placeholder,covers/1975_Pkm_Bintang_Merah_Bercahaya_(The_Words_And_Music_Of_This_Song)_PLACEHOLDER.jpg
1903,*Oui,,Playboy Publications Inc.,1975,"[""English""]",placeholder,covers/1975_Oui_PLACEHOLDER.jpg
1907,** Badan Pengamal Rasuah Siri Kedua,,,1975,"[""Malay""]",placeholder,covers/1975_Badan_Pengamal_Rasuah_Siri_Kedua_PLACEHOLDER.jpg
1908,** Harta Timbalan Menteri (Purported To Have Been Written By Kumpulan Anti Rasuah Negara (Karan),,,1975,"[""Malay""]",placeholder,covers/1975_Harta_Timbalan_Menteri_(Purported_To_Have_Been_Written_By_Kumpulan_Anti_Rasuah_Negara_(Karan)_PLACEHOLDER.jpg
1909,"** A Document The Text Where Of Commences With The Words ""Kami Sekumpulan Rakyat Malaysia""Dated 2Nd Sept 1975, Printed In Bahasa M'sia With Certified Copies Of Five Extracts Of Title From The Land Re",,,1975,"[""Malay""]",placeholder,covers/1975_A_Document_The_Text_Where_Of_Commences_With_The_Words_Kami_Sekumpulan_Rakyat_Malaysia_Dated_2Nd_Sept_PLACEHOLDER.jpg
1910,** Anak Tani Machang Sudah Jadi Jutawan Dated 2Nd Sept 1975 (Purported To Have Been Written By: Kumpulan Anti Rasuah Negara),,,1975,"[""Malay""]",placeholder,covers/1975_Anak_Tani_Machang_Sudah_Jadi_Jutawan_Dated_2Nd_Sept_1975_(Purported_To_Have_Been_Written_By_Kumpulan_PLACEHOLDER.jpg
1911,"** Para Pemimpin Dan Nasionalis Melayu Di Malaysia - ( A Letter Form Addressed To The Above Title) Dated 1St Oct 1975 (Purported To Have Been Written By: Angkatan Barisan Bertindak Melayu, Markas 1, 1",,,1975,"[""Malay""]",placeholder,covers/1975_Para_Pemimpin_Dan_Nasionalis_Melayu_Di_Malaysia_-_(_A_Letter_Form_Addressed_To_The_Above_Title)_Date_PLACEHOLDER.jpg
2112,** Tiba Di-Shao-Shan,"Mao Tze-Tung (Jun, 1959)",,1970,"[""Chinese""]",placeholder,covers/1970_Tiba_Di-Shao-Shan_PLACEHOLDER.jpg
2141,"**""Chetusan"" Yang Di-Mulai Dengan Perkataan2 ""Chetusan Ia-Lah Chetusan Suara Majoriti Rakyat..."" Dan Diakhiri Dengan Perkataan2 "".....Yang Lebih Tulin Bagi Malaya"",",,,1970,"[""Malay""]",placeholder,covers/1970_Chetusan_Yang_Di-Mulai_Dengan_Perkataan2_Chetusan_Ia-Lah_Chetusan_Suara_Majoriti_Rakyat..._Dan_Diakh_PLACEHOLDER.jpg
