Publication Title,Gazette Date,Year,Gazette Number,Publication Type,Author/Translator,Publisher,Publication Origin,Printer,Language,Cluster,Subcluster,Act,Justification,Notes
Picture Books 3 Getting Into A Sedan Chair,1950-07-29,1950,L.N. 331,Printed Documents,,Hua Hsia Bookshop,Foreign,,"[""Chinese""]",General/Unidentified,Administrative/Unclear Ground,,,
Picture Books Yang Kuei Hsiang,1950-07-29,1950,L.N. 331,Printed Documents,,Education Publishing Society,Foreign,,"[""Chinese""]",General/Unidentified,Administrative/Unclear Ground,,,
Picture Books White Haired Woman,1950-07-29,1950,L.N. 331,Printed Documents,,Education Publishing Society,Foreign,,"[""Chinese""]",General/Unidentified,Administrative/Unclear Ground,,,
Translations,1950-07-29,1950,L.N. 331,Printed Documents,,World Knowledge Society,Foreign,,,General/Unidentified,Administrative/Unclear Ground,,,
World Knowledge,1950-07-29,1950,L.N. 331,Printed Documents,,World Knowledge Society,Foreign,,,General/Unidentified,Administrative/Unclear Ground,,,
World Knowledge,1950-07-29,1950,L.N. 332,Printed Documents,,World Knowledge Publishing Society,Foreign,,,General/Unidentified,Administrative/Unclear Ground,,,
Observation,1950-07-29,1950,L.N. 331,Printed Documents,,Observation Society,Unclear,,,General/Unidentified,Administrative/Unclear Ground,,,No Context.
The Popular Reader,1950-07-29,1950,L.N. 331,Printed Documents,Chia Ching,New Democracy Publishing Co.,Foreign,,,General/Unidentified,Administrative/Unclear Ground,,,
Discourse On New Democracy Economics,1950-07-29,1950,L.N. 331,Printed Documents,Yue Li Teng,New Democracy Publishing Co.,Foreign,,,General/Unidentified,Administrative/Unclear Ground,,,
Talks On New Politics,1950-07-29,1950,L.N. 331,Printed Documents,Toh Ngai,New Democracy Publishing Co.,Foreign,,,General/Unidentified,Administrative/Unclear Ground,,,
Guide To The Study Of Politics,1950-07-29,1950,L.N. 331,Printed Documents,Su Hon,New Democracy Publishing Co.,Foreign,,,General/Unidentified,Administrative/Unclear Ground,,,
Modern History Of China (1St Edition),1950-07-29,1950,L.N. 331,Printed Documents,,New Democracy Publishing Co.,Foreign,,,General/Unidentified,Administrative/Unclear Ground,,,
How To Write Documents,1950-07-29,1950,L.N. 331,Printed Documents,Liao Yuen,Nan Fan Book Co.,Foreign,,,General/Unidentified,Administrative/Unclear Ground,,,
Everlasting Friendship,1950-07-29,1950,L.N. 331,Printed Documents,Youth Study Series Committee,,Unclear,,,General/Unidentified,Administrative/Unclear Ground,,,"The Only Signifier That Implies It Have Revolutionary Politics Is That It From The ""Youth Study Series""."
Little Mister,1950-07-29,1950,L.N. 331,Printed Documents,,Little Mister Monthly Society,Unclear,,,General/Unidentified,Administrative/Unclear Ground,,,
New Year's Day,1950-07-29,1950,L.N. 331,Printed Documents,Kam Lo,Kau Sat Publishing Co.,Foreign,,,General/Unidentified,Administrative/Unclear Ground,,,
Picture Books The Happiness Of Resurgence,1950-07-29,1950,L.N. 331,Printed Documents,,Education Publishing Society,Foreign,,,General/Unidentified,Administrative/Unclear Ground,,,
Charhar Education,1950-07-29,1950,L.N. 332,Printed Documents,,Charhar Education Society,Unclear,,,General/Unidentified,Administrative/Unclear Ground,,,
New Times,1951-04-27,1951,L.N. 263,Printed Documents,,Trend,Unclear,,"[""Chinese""]",General/Unidentified,Administrative/Unclear Ground,,,
New Youths & New China,1951-04-27,1951,L.N. 263,Printed Documents,Li Wen-Chien,Students Literary Society,Unclear,,"[""Chinese""]",General/Unidentified,Administrative/Unclear Ground,,,
"Beating Up Gongs & Drums, And Sing",1951-04-27,1951,L.N. 263,Printed Documents,,Shanghai Publishing Co.,Foreign,,"[""Chinese""]",General/Unidentified,Administrative/Unclear Ground,,,Need To Check The Publisher.
Travels In Liberated Area,1951-04-27,1951,L.N. 263,Printed Documents,Chan Hok Chiu,Shanghai Publishing Co.,Foreign,,"[""Chinese""]",General/Unidentified,Administrative/Unclear Ground,,,
Novel Monthly,1951-04-27,1951,L.N. 263,Printed Documents,,Novel Monthly Pub. Co.,Unclear,,"[""Chinese""]",General/Unidentified,Administrative/Unclear Ground,,,Lack Of Information
Novel,1951-04-27,1951,L.N. 263,Printed Documents,,Novel Magazine,Unclear,,"[""Chinese""]",General/Unidentified,Administrative/Unclear Ground,,,Lack Of Information
Charge,1951-04-27,1951,L.N. 263,Printed Documents,,,Unclear,,"[""Chinese""]",General/Unidentified,Administrative/Unclear Ground,,,
New Democracy Theory,1951-04-27,1951,L.N. 263,Printed Documents,,,Unclear,,"[""Chinese""]",General/Unidentified,Administrative/Unclear Ground,,,
Outline Of New Philosophy,1951-04-27,1951,L.N. 263,Printed Documents,Mark B. Mitin,,Unclear,,"[""Chinese""]",General/Unidentified,Administrative/Unclear Ground,,,
Badges,1951-04-27,1951,L.N. 263,Printed Documents,,,Unclear,,"[""Chinese""]",General/Unidentified,Administrative/Unclear Ground,,,
Great Edison,1951-04-27,1951,L.N. 263,Printed Documents,,Education Pictorial Publishing Co.,Unclear,,"[""Chinese""]",General/Unidentified,Administrative/Unclear Ground,,,No Proof That Shows Its A Political Literature.
Nine Coats,1951-04-27,1951,L.N. 263,Printed Documents,,Drama Films Daily,Unclear,,"[""Chinese""]",General/Unidentified,Administrative/Unclear Ground,,,Lack Of Information
New Emancipation Songs,1951-04-27,1951,L.N. 263,Printed Documents,Tsau Yoh,Democratic Cultural Co.,Unclear,,"[""Chinese""]",General/Unidentified,Administrative/Unclear Ground,,,
New Art Of Picture Cuttings,1951-04-27,1951,L.N. 263,Printed Documents,Wang Chien,Culture Printing Press,Unclear,,"[""Chinese""]",General/Unidentified,Administrative/Unclear Ground,,,Lack Of Information
On Sparks,1951-04-27,1951,L.N. 263,Printed Documents,Ho Chi-Fang,Chun Yi Printing Press,Unclear,,"[""Chinese""]",General/Unidentified,Administrative/Unclear Ground,,,
On The Seven Oceans,1951-04-27,1951,L.N. 263,Printed Documents,Han Meng,Chiu Shi Press,Unclear,,"[""Chinese""]",General/Unidentified,Administrative/Unclear Ground,,,
Kumudam,1951-04-27,1951,L.N. 263,Printed Documents,,"S.A.P. Annamalai, Devi Press Ltd",Foreign,,"[""Tamil""]",General/Unidentified,Administrative/Unclear Ground,,,
Kalki,1951-04-27,1951,L.N. 263,Printed Documents,,"R. Krishnamoorthy, Kalki Press",Foreign,,"[""Tamil""]",General/Unidentified,Administrative/Unclear Ground,,,
Janashakti,1951-04-27,1951,L.N. 263,Printed Documents,,"P. Jeevanandam, Janashakti Press",Foreign,,"[""Tamil""]",General/Unidentified,Administrative/Unclear Ground,,,
Tamil Mani,1951-04-27,1951,L.N. 263,Printed Documents,,"P. Albin Fernando,",Foreign,"P. Albin Fernando,","[""Tamil""]",General/Unidentified,Administrative/Unclear Ground,,,
Erimalai,1951-04-27,1951,L.N. 263,Printed Documents,,,Unclear,,"[""Tamil""]",General/Unidentified,Administrative/Unclear Ground,,,Lack Of Information
World Federation,1951-04-27,1951,L.N. 263,Printed Documents,Raja Mahandra Pratap,,Unclear,,"[""Tamil""]",General/Unidentified,Administrative/Unclear Ground,,,
Phulwari,1951-04-27,1951,L.N. 263,Printed Documents,,"Ginni Hira Singh Dard, Phulwari Press, Jullundur City,",Foreign,,"[""Tamil""]",General/Unidentified,Administrative/Unclear Ground,,,
Nava Jug,1951-04-27,1951,L.N. 263,Printed Documents,,Bhagwan Singh,Foreign,,"[""Tamil""]",General/Unidentified,Administrative/Unclear Ground,,,
Ananda Vikatan,1951-04-27,1951,L.N. 263,Printed Documents,S.S. Vasan,Ananda Vikatan Press,Foreign,Ananda Vikatan Press,"[""Tamil""]",General/Unidentified,Administrative/Unclear Ground,,,"This Is A Magazine On Lifestyle, Culture, And Politics; Lack Of Information On Why It Was Banned"
Week End News,1951-04-27,1951,L.N. 263,Printed Documents,,"Week End Press, Hong Kong",Foreign,,,General/Unidentified,Administrative/Unclear Ground,,,
Vanguard News,1951-04-27,1951,L.N. 263,Printed Documents,,"Vanguard New Press,Selangor",Local,,,General/Unidentified,Administrative/Unclear Ground,,,
Wong Kwai And Li Heung Heung,1951-04-27,1951,L.N. 263,Printed Documents,,Tung Yung Culture Pub.Co,Foreign,,,General/Unidentified,Administrative/Unclear Ground,,,
Victory News,1951-04-27,1951,L.N. 263,Printed Documents,,Tsit Po Victory Press Sintok Military Zone,Unclear,,,General/Unidentified,Administrative/Unclear Ground,,,
Week End Newspaper,1951-04-27,1951,L.N. 263,Printed Documents,,"The Week End Press,Hong Kong",Foreign,,,General/Unidentified,Administrative/Unclear Ground,,,
Student's News,1951-04-27,1951,L.N. 263,Printed Documents,,The Student's News Society,Unclear,,,General/Unidentified,Administrative/Unclear Ground,,,
Way Out For Chinese Industry And Commerce,1951-04-27,1951,L.N. 263,Printed Documents,Shu Chung Yau,"The South Region Tribune Society,China",Unclear,,,General/Unidentified,Administrative/Unclear Ground,,,
Stories,1951-04-27,1951,L.N. 263,Printed Documents,Various,Stories Monthly Press,Unclear,,,General/Unidentified,Administrative/Unclear Ground,,,
Southbound Express,1951-04-27,1951,L.N. 263,Printed Documents,Kui Pak Yam,Shanghai Publishing Co.,Foreign,,,General/Unidentified,Administrative/Unclear Ground,,,
Yang Ko Paddy Transplanting Song,1951-04-27,1951,L.N. 263,Printed Documents,,,Unclear,,,General/Unidentified,Administrative/Unclear Ground,,,
Voice Of The People Kuan Shing Po,1951-04-27,1951,L.N. 263,Printed Documents,,"Kuan Shin Pao Press,Johore",Unclear,,,General/Unidentified,Administrative/Unclear Ground,,,I Want To Assume It Is Socialist Based On The Title But Ultimately I Have No Other Info.
Youth Cultivation,1951-04-27,1951,L.N. 263,Printed Documents,Tso Pak Hon,"Hoi Ming Bookshop,Shanghai",Foreign,,,General/Unidentified,Administrative/Unclear Ground,,,
Young Edison,1951-04-27,1951,L.N. 263,Printed Documents,,"Educational Pictorial Pub.Co,Shanghai",Foreign,,,General/Unidentified,Administrative/Unclear Ground,,,
Way To Build New Society,1951-04-27,1951,L.N. 263,Printed Documents,Wu Tung,"Chung Sin Press,China",Unclear,,,General/Unidentified,Administrative/Unclear Ground,,,
Sounds Of The Drum,1951-04-27,1951,L.N. 263,Printed Documents,W Whitman,Ching Tung Publishing Co.,Foreign,,,General/Unidentified,Administrative/Unclear Ground,,,
Challenge,1951-05-04,1951,L.N. 278,Printed Documents,,,Unclear,,,General/Unidentified,Administrative/Unclear Ground,,,Lack Of Information
Dheeran,1951-05-04,1951,L.N. 278,Printed Documents,C.Dorasamy,,Unclear,,,General/Unidentified,Administrative/Unclear Ground,,,Lack Of Information
Die Welt,1951-05-04,1951,L.N. 278,Printed Documents,,,Unclear,,,General/Unidentified,Administrative/Unclear Ground,,,Lack Of Information
Free Press,1951-05-04,1951,L.N. 278,Printed Documents,,,Unclear,,,General/Unidentified,Administrative/Unclear Ground,,,Lack Of Information
Headline,1951-05-04,1951,L.N. 278,Printed Documents,,,Unclear,,,General/Unidentified,Administrative/Unclear Ground,,,Lack Of Information; Title Too Generic
Humanite,1951-05-04,1951,L.N. 278,Printed Documents,,,Unclear,,,General/Unidentified,Administrative/Unclear Ground,,,Lack Of Information; Title Too Generic
Inside The Empire,1951-05-04,1951,L.N. 278,Printed Documents,,,Unclear,,,General/Unidentified,Administrative/Unclear Ground,,,Lack Of Information; Title Too Generic
Kypriaka Nea,1951-05-04,1951,L.N. 278,Printed Documents,,,Unclear,,,General/Unidentified,Administrative/Unclear Ground,,,Lack Of Information
People's Post....,1951-05-04,1951,L.N. 278,Printed Documents,,,Unclear,,,General/Unidentified,Administrative/Unclear Ground,,,Lack Of Information
Pore Val,1951-05-04,1951,L.N. 278,Printed Documents,,,Unclear,,,General/Unidentified,Administrative/Unclear Ground,,,Lack Of Information
Preet Sainik,1951-05-04,1951,L.N. 278,Printed Documents,Mao Tej Singh,,Unclear,,,General/Unidentified,Administrative/Unclear Ground,,,Lack Of Information
Student Voice,1951-05-04,1951,L.N. 278,Printed Documents,,,Unclear,,,General/Unidentified,Administrative/Unclear Ground,,,Lack Of Information; Title Too Generic
Vema,1951-05-04,1951,L.N. 278,Printed Documents,,,Unclear,,,General/Unidentified,Administrative/Unclear Ground,,,Lack Of Information
Action,1951-05-04,1951,L.N. 278,Printed Documents,,A Weekly Newpaper Great Britain,Unclear,,,General/Unidentified,Administrative/Unclear Ground,,,
"Week, The",1951-05-04,1951,L.N. 278,Printed Documents,,,Unclear,,,General/Unidentified,Administrative/Unclear Ground,,,Lack Of Information
Kayirril Thongiya Ganapathy,1951-11-01,1951,L.N. 606,Printed Documents,M. Karunanithi,"Munnera Pannai,Madras",Unclear,"The S.S.B Press, Madras","[""Tamil""]",General/Unidentified,Administrative/Unclear Ground,,,
Kai Meng Youth,1952-06-12,1952,L.N. 329,Printed Documents,,Shanghai,Foreign,,"[""Chinese""]",General/Unidentified,Administrative/Unclear Ground,,,
Below The Wind,1952-06-12,1952,L.N. 329,Printed Documents,,"New Nanyang Publishing Co,Singapore",Foreign,,"[""Chinese""]",General/Unidentified,Administrative/Unclear Ground,,,
Heroes Of The Thai Thoo River,1952-06-12,1952,L.N. 329,Printed Documents,,,Unclear,,"[""Chinese""]",General/Unidentified,Administrative/Unclear Ground,,,
Workmen's Paradise,1952-06-12,1952,L.N. 329,Printed Documents,,,Unclear,,"[""Chinese""]",General/Unidentified,Administrative/Unclear Ground,,,
Progressive Youth,1952-06-12,1952,L.N. 329,Printed Documents,,,Unclear,,"[""Chinese""]",General/Unidentified,Administrative/Unclear Ground,,,
Rather Die Than Submit,1952-06-12,1952,L.N. 329,Printed Documents,,,Unclear,,"[""Chinese""]",General/Unidentified,Administrative/Unclear Ground,,,
Series Of Short Articles From Overseas,1952-06-12,1952,L.N. 329,Printed Documents,Hon Meng,,Unclear,,"[""Chinese""]",General/Unidentified,Administrative/Unclear Ground,,,
Farewell To Malaya,1952-06-12,1952,L.N. 329,Printed Documents,Hon Meng,,Unclear,,"[""Chinese""]",General/Unidentified,Administrative/Unclear Ground,,,
Study Diary,1952-06-12,1952,L.N. 329,Printed Documents,,"Joint Publishing Co., Hongkong",Unclear,,"[""Chinese""]",General/Unidentified,Administrative/Unclear Ground,,,
To Intensify Training,1952-06-12,1952,L.N. 329,Printed Documents,,Hung Min Publishing Co.,Unclear,,"[""Chinese""]",General/Unidentified,Administrative/Unclear Ground,,,
Explanation Of New Democratic Literature,1952-06-12,1952,L.N. 329,Printed Documents,Ai Ching,Hai Yang Book Hongkong,Unclear,,"[""Chinese""]",General/Unidentified,Administrative/Unclear Ground,,,
Express Of The New Masses Era,1952-06-12,1952,L.N. 329,Printed Documents,Chou Yang,Hai Yang Book Hongkong,Unclear,,"[""Chinese""]",General/Unidentified,Administrative/Unclear Ground,,,
Tai Poh Province Administration,1952-06-12,1952,L.N. 329,Printed Documents,,Goverment Of Tai Poh Prefecture,Unclear,,"[""Chinese""]",General/Unidentified,Administrative/Unclear Ground,,,
China Shakes The World,1952-06-12,1952,L.N. 329,Printed Documents,Tack Belden,"Victor Gollanez, London",Foreign,,"[""English""]",General/Unidentified,Administrative/Unclear Ground,,,
World News And Views,1952-06-12,1952,L.N. 329,Printed Documents,,,Unclear,,"[""English""]",General/Unidentified,Administrative/Unclear Ground,,,
News Kzvestiya,1952-06-12,1952,L.N. 329,Printed Documents,,,Unclear,,"[""Russian""]",General/Unidentified,Administrative/Unclear Ground,,,
Truth Pravda,1952-06-12,1952,L.N. 329,Printed Documents,,,Unclear,,"[""Russian""]",General/Unidentified,Administrative/Unclear Ground,,,
Deshabhimani,1953-10-27,1953,L.N. 358,Printed Documents,,M. Govindankutty Deshabhimani Press,Unclear,,"[""Tamil""]",General/Unidentified,Administrative/Unclear Ground,,,
Ariyamai,1953-10-27,1953,L.N. 624,Printed Documents,,Kalamanram,Unclear,,"[""Tamil""]",General/Unidentified,Administrative/Unclear Ground,,,"""Ariyamai"" (அறியாமை) Is A Tamil Word Meaning Ignorance, Lack Of Knowledge, Or Stupidity"
Spring Hidden In Tiger's Lair,1956-06-07,1956,L.N. 167,Printed Documents,,,Unclear,,"[""Chinese""]",General/Unidentified,Administrative/Unclear Ground,,,
The Prohibitive Flesh The Romance Of Kong Sui-Yang Vol. 2,1956-06-07,1956,L.N. 167,Printed Documents,,,Unclear,,"[""Chinese""]",General/Unidentified,Administrative/Unclear Ground,,,
"Old Edition Of Jade Mats - Volume I, Ii, Iii And Continuation",1956-10-25,1956,L.N. 338,Printed Documents,,,Unclear,,"[""Chinese""]",General/Unidentified,Administrative/Unclear Ground,,,
Modern West Chamber's Dream - Volume I And Ii,1956-10-25,1956,L.N. 338,Printed Documents,,,Unclear,,"[""Chinese""]",General/Unidentified,Administrative/Unclear Ground,,,
Secret Volume. Yer Por Chee,1956-10-25,1956,L.N. 338,Printed Documents,,,Unclear,,"[""Chinese""]",General/Unidentified,Administrative/Unclear Ground,,,
The Human Bogey Of Hong Kong,1956-10-25,1956,L.N. 338,Printed Documents,,,Unclear,,"[""Chinese""]",General/Unidentified,Administrative/Unclear Ground,,,
P'an Chin-Lien. A Dissolute Woman,1956-10-25,1956,L.N. 338,Printed Documents,,,Unclear,,"[""Chinese""]",General/Unidentified,Administrative/Unclear Ground,,,
A Dissolute Woman Commits Adultery,1956-10-25,1956,L.N. 338,Printed Documents,,,Unclear,,"[""Chinese""]",General/Unidentified,Administrative/Unclear Ground,,,
Flavour,1956-10-25,1956,L.N. 338,Printed Documents,,,Unclear,,"[""Chinese""]",General/Unidentified,Administrative/Unclear Ground,,,
A Red Card Every Night - Volumes I And Ii,1956-10-25,1956,L.N. 338,Printed Documents,,,Unclear,,"[""Chinese""]",General/Unidentified,Administrative/Unclear Ground,,,
The Wild Mandarin-Ducks-Volume I And Ii,1956-10-25,1956,L.N. 338,Printed Documents,,,Unclear,,"[""Chinese""]",General/Unidentified,Administrative/Unclear Ground,,,
A Certain Maid Servant Of Katong,1956-10-25,1956,L.N. 338,Printed Documents,,,Unclear,,"[""Chinese""]",General/Unidentified,Administrative/Unclear Ground,,,
The Secret History Of Mo Chak-Thin,1956-10-25,1956,L.N. 338,Printed Documents,,,Unclear,,"[""Chinese""]",General/Unidentified,Administrative/Unclear Ground,,,
The Goddess,1956-12-27,1956,L.N. 445,Printed Documents,Kuo Mo Jo,People's Literature Publishing Society,Unclear,,"[""English""]",General/Unidentified,Administrative/Unclear Ground,,,
Indu Nesan,1960-10-06,1960,L.N. 258,Printed Documents,,K. Rajagopal Naidu,Unclear,,,General/Unidentified,Administrative/Unclear Ground,,,
Nathikam (Atheism),1960-10-27,1960,L.N. 269,Printed Documents,,P. Ramasamy,Unclear,,,General/Unidentified,Administrative/Unclear Ground,,,
Eastern Horizon,1960-11-17,1960,L.N. 300,Printed Documents,,Eastern Horizon Press,Unclear,,"[""English""]",General/Unidentified,Administrative/Unclear Ground,,,
Peking Review,1961-05-25,1961,L.N. 170,Printed Documents,,Peking Review,Unclear,,"[""English""]",General/Unidentified,Administrative/Unclear Ground,,,
The Student Of The Peninsula Have Grown Up,1961-08-24,1961,L.N. 268,Printed Documents,,,Unclear,,"[""Chinese""]",General/Unidentified,Administrative/Unclear Ground,,,
Issuing Forth,1961-08-24,1961,L.N. 268,Printed Documents,,,Unclear,,"[""Chinese""]",General/Unidentified,Administrative/Unclear Ground,,,
The Students All Over The World Are Of One Mind,1961-08-24,1961,L.N. 268,Printed Documents,,,Unclear,,"[""Chinese""]",General/Unidentified,Administrative/Unclear Ground,,,
Materialise The General Route,1961-08-24,1961,L.N. 268,Printed Documents,,,Unclear,,"[""Chinese""]",General/Unidentified,Administrative/Unclear Ground,,,
Push The Great Wheel To Go Forward,1961-11-09,1961,L.N. 341,Printed Documents,,,Unclear,,"[""Chinese""]",General/Unidentified,Administrative/Unclear Ground,,,
The Song Of Malaya,1961-11-09,1961,L.N. 341,Printed Documents,,,Unclear,,"[""Chinese""]",General/Unidentified,Administrative/Unclear Ground,,,
Go Forward! Brethren Of Malaya,1961-11-09,1961,L.N. 341,Printed Documents,,,Unclear,,"[""Chinese""]",General/Unidentified,Administrative/Unclear Ground,,,
Sing For Unity,1961-11-09,1961,L.N. 341,Printed Documents,,,Unclear,,"[""Chinese""]",General/Unidentified,Administrative/Unclear Ground,,,
Reminiscence Of Fire,1961-12-28,1961,L.N. 398,Printed Documents,Hsia Pin,Wen Yi Publishers,Unclear,,"[""Chinese""]",General/Unidentified,Administrative/Unclear Ground,,,
Beberapa Mutiara Yang Bagus Lagi Endah Atau Beberapa Masalah Yang Penting Lagi Mudah,1962-04-26,1962,L.N. 123,Printed Documents,Al Sheikh Abdul Kadir Bin Abdul Mutalib Al Indonesia Al Mandili,Taba'matba'atul Annuar Dan Matba'ab Haji Mohd. Idris Al-Marbawi Masir Egypt,Unclear,,"[""Malay""]",General/Unidentified,Administrative/Unclear Ground,,,
To The Youths,1962-05-24,1962,L.N. 148,Printed Documents,Lu Ming,World Publishing Society,Unclear,,"[""Chinese""]",General/Unidentified,Administrative/Unclear Ground,,,
Work And Study,1962-05-24,1962,L.N. 148,Printed Documents,Fang Chiang,World Publishing Society,Unclear,,"[""Chinese""]",General/Unidentified,Administrative/Unclear Ground,,,
Tetangga Jang Gagah Berani,1962-06-21,1962,L.N. 163,Printed Documents,,Jajasan Pembaruan Djakarta,Foreign,,"[""Indonesian""]",General/Unidentified,Administrative/Unclear Ground,,,
The Short History Of The Malayan Races Movement,1962-09-20,1962,L.N. 241,Printed Documents,,Nanyang Univeraity Historical And Geographical Socirty Singapore,Foreign,,"[""Chinese""]",General/Unidentified,Administrative/Unclear Ground,,,
Ayesha,1962-11-22,1962,L.N. 306,Printed Documents,Kurt Frischler,Barrie And Rockliff,Unclear,,"[""English""]",General/Unidentified,Administrative/Unclear Ground,,,
Art Literature And Life,1963-01-17,1963,L.N. 10,Printed Documents,Sung Tan,Equatorial Literature Publishers,Unclear,,"[""Chinese""]",General/Unidentified,Administrative/Unclear Ground,,,
Teachers' Journal No.3 Dated 15.5.1960,1963-09-12,1963,L.N. 224,Printed Documents,,Y.Y.Huang & Y.R. Sha,Local,Malaya Publishing & Printing Co.,"[""Chinese"", ""English"", ""Malay""]",General/Unidentified,Administrative/Unclear Ground,,,
Teachers' Journal No.4 Dated 15.7.1960,1963-09-12,1963,L.N. 224,Printed Documents,,Y.Y.Huang & Y.R. Sha,Local,Malaya Publishing & Printing Co.,"[""Chinese"", ""English"", ""Malay""]",General/Unidentified,Administrative/Unclear Ground,,,
Teachers' Journal Vol.Ii No.1 Dated 15.2.1961,1963-09-12,1963,L.N. 224,Printed Documents,,Y.Y.Huang & Y.R. Sha,Local,Malaya Publishing & Printing Co.,"[""Chinese"", ""English"", ""Malay""]",General/Unidentified,Administrative/Unclear Ground,,,
Teachers' Journal Vol.Ii No.3 Dated 15.6.1961,1963-09-12,1963,L.N. 224,Printed Documents,,Y.Y.Huang & Y.R. Sha,Local,Malaya Publishing & Printing Co.,"[""Chinese"", ""English"", ""Malay""]",General/Unidentified,Administrative/Unclear Ground,,,
"Teachers' Journal Vol.Iii No.2, 12Th Issue Dated 15.8.1962",1963-09-12,1963,L.N. 224,Printed Documents,,Y.Y.Huang & Y.R. Sha,Local,Malaya Publishing & Printing Co.,"[""Chinese"", ""English"", ""Malay""]",General/Unidentified,Administrative/Unclear Ground,,,
"Teachers' Journal Vol.Iii No.3, 13Th Issue Dated 15.10.1962",1963-09-12,1963,L.N. 224,Printed Documents,,Y.Y.Huang & Y.R. Sha,Local,Malaya Publishing & Printing Co.,"[""Chinese"", ""English"", ""Malay""]",General/Unidentified,Administrative/Unclear Ground,,,
"Teachers' Journal Vol.Iii No.4, 14Th Issue Dated 15.12.1962",1963-09-12,1963,L.N. 224,Printed Documents,,Y.Y.Huang & Y.R. Sha,Local,Malaya Publishing & Printing Co.,"[""Chinese"", ""English"", ""Malay""]",General/Unidentified,Administrative/Unclear Ground,,,
"Teachers' Journal Vol.Iv No.1, 15Th Issue Dated 15.3.1963",1963-09-12,1963,L.N. 224,Printed Documents,,Y.Y.Huang & Y.R. Sha,Local,Malaya Publishing & Printing Co.,"[""Chinese"", ""English"", ""Malay""]",General/Unidentified,Administrative/Unclear Ground,,,
"Teachers' Journal Vol.Iv No.2, 16Th Issue Dated 15.5.1963",1963-09-12,1963,L.N. 224,Printed Documents,,Y.Y.Huang & Y.R. Sha,Local,Malaya Publishing & Printing Co.,,General/Unidentified,Administrative/Unclear Ground,,,It Was Printed By Malaya Publishing? Wondering If The Publication Orign Should Be Local.
Poetry Magazine,1965-04-08,1965,L.N. 139,Printed Documents,Tzang Ke Chia,"People Literature Press,Peking",Unclear,,"[""Chinese""]",General/Unidentified,Administrative/Unclear Ground,,,
Secret Of Japan,1965-10-14,1965,L.N. 386,Printed Documents,Yeh Mu,"Ping Ping Bookshop Kowloon,Hongkong",Foreign,,"[""Chinese""]",General/Unidentified,Administrative/Unclear Ground,,,
Biography Of A Young Mistress,1965-10-14,1965,L.N. 386,Printed Documents,Hsu Yu Ching,"Hsiang Chang Publishing Society,Hong Kong",Foreign,,"[""Chinese""]",General/Unidentified,Administrative/Unclear Ground,,,
Springtime In Bangkok,1965-10-14,1965,L.N. 386,Printed Documents,,,Unclear,,,General/Unidentified,Administrative/Unclear Ground,,,
Passion Of Fire Unknown (Vol.1),1967-10-12,1967,P.U.487,Printed Documents,,Sin Chih Publishing Society,Foreign,,,General/Unidentified,Administrative/Unclear Ground,,,Cannot Determine The Title Insinuates Immoral Content Or Revolution
"Purnell's New English Encyclopedia - Vol.9, No.8",1968-06-06,1968,P.U.241,Printed Documents,"A, Workman M.A.",Purnell And Sons Ltd And Intituto Geografico De Agostini,Foreign,,"[""English""]",General/Unidentified,Administrative/Unclear Ground,,,
"Confidential Volume 16. No.6.- June,1968",1968-07-11,1968,P.U.284,Printed Documents,Gene Taylor,"Simon Lee Garth, By-Line Publications, Inc.",Foreign,,"[""English""]",General/Unidentified,Administrative/Unclear Ground,,,
Kesatuan Tukang-Tukang Mas Dan Perak Singapura-Terbitan Khas Merayakan Hari Buroh Antarabangsa Tahun 1968,1968-07-25,1968,P.U.318,Printed Documents,Needs More Information,Kesatuan Tukang-Tukang Mas Perak Singapura,Local,,"[""Chinese""]",General/Unidentified,Administrative/Unclear Ground,,,Could Be About Trade Union? No Other Indication.
Cahaya Menyinar Rongga Hati,1968-09-12,1968,P.U.377,Printed Documents,,Chang Chaw,Foreign,International Printing Co.Ltd,"[""Chinese""]",General/Unidentified,Administrative/Unclear Ground,,,Seems Like A Mistake At The Administrative Level
"Wine,Women And Money",1968-10-03,1968,P.U.397,Printed Documents,Sha Nan,Hua Hsia Publishing Society,Foreign,,"[""Chinese""]",General/Unidentified,Administrative/Unclear Ground,,,"I Put It As Unindentified, Mostly Due To The Lack Of Information But Also Due To The Fact That The Phrase Refers To A Confucius Teaching So I Can't Say That It Is Immoral."
Companion No.151,1969-05-29,1969,P.U. (A) 172,Printed Documents,,Companion Magazine,Unclear,,"[""Chinese""]",General/Unidentified,Administrative/Unclear Ground,,,
A Different Drum,1969-07-31,1969,P.U. (A) 287,Printed Documents,Chris Davidson,Ember Library,Unclear,,"[""English""]",General/Unidentified,Administrative/Unclear Ground,,,
Night Travellers Weekly,1969-09-25,1969,P.U. (A) 380,Printed Documents,,Liu Wei-Min,Unclear,Chang Hsing Printing Co.,"[""Chinese""]",General/Unidentified,Administrative/Unclear Ground,,,
Harga Padi Telah Turun Semula,1970-04-02,1970,P.U. (A) 110,Printed Documents,,Sharikat Penerbitan P-Chi,Local,Perchetakan Jensen,"[""Chinese""]",General/Unidentified,Administrative/Unclear Ground,,,
Lagu,1970-04-02,1970,P.U. ( A) 111,Printed Documents,,,Unclear,,"[""English""]",General/Unidentified,Administrative/Unclear Ground,,,
Lagu,1970-04-02,1970,P.U. (A) 111,Printed Documents,,,Unclear,,"[""English""]",General/Unidentified,Administrative/Unclear Ground,,,
Happiness Is A Warm Gun,1970-04-02,1970,P.U. (A) 111,Printed Documents,,,Unclear,,,General/Unidentified,Administrative/Unclear Ground,,,
Puff The Magic Dragon,1970-04-02,1970,P.U. (A) 111,Printed Documents,,,Unclear,,,General/Unidentified,Administrative/Unclear Ground,,,
Naik Gaji,1970-05-14,1970,P.U (A) 167,Printed Documents,,Sharikat Penerbit P-Chi,Local,Perchetaka Jensen,"[""Chinese""]",General/Unidentified,Administrative/Unclear Ground,,,
"** "" Perutusan Khas Hari Raya Haji"" Yang Di-Chetak Dalam Bahasa Malaysia Yang Di-Mulai Dengan Perkataan2 "" Kpd Manusia2 Yang Maseh Berugama Terutama Mereka Yang Maseh Islam"" Dan Di-Akhiri Dengan Perk",1970-05-14,1970,P.U (A) 168,Printed Documents,,,Unclear,,"[""Malay""]",General/Unidentified,Administrative/Unclear Ground,,,
"** ""Chetusan""Yang Di-Mulai Dengan Perkataan2 ""(Bahasa Cina).....""Dan Di-Akhiri Dengan Perkataan2 ""..... (Bahasa Cina)",1970-09-10,1970,P.U (A) 326,Printed Documents,,,Unclear,,"[""Chinese""]",General/Unidentified,Administrative/Unclear Ground,,,
"** Spark"" Yang Di-Mulai Dengan Perkataan2 ""Spark Is The Courageous Voice Of The Oppressed Majority....""Dan Di-Akhiri Dengan Perkataan2 ""....And Oppressors Is Lighter Than A Feather"".",1970-09-10,1970,P.U (A) 326,Printed Documents,,,Unclear,,"[""English""]",General/Unidentified,Administrative/Unclear Ground,,,
"**""Chetusan"" Yang Di-Mulai Dengan Perkataan2 ""Chetusan Ia-Lah Chetusan Suara Majoriti Rakyat..."" Dan Diakhiri Dengan Perkataan2 "".....Yang Lebih Tulin Bagi Malaya"",",1970-09-10,1970,P.U (A) 326,Printed Documents,,,Unclear,,"[""Malay""]",General/Unidentified,Administrative/Unclear Ground,,,Special Cases. Seems Like A Blanket Ban On Any Publications With These Terms.
"** ""Chetusan""Yang Di-Mulai Dengan Perkataan2 ""(Bahasa Tamil)....""Dan Di-Akhiri Dengan Perkataan2 "".....(Bahasa Tamil)"":",1970-09-10,1970,P.U (A) 326,Printed Documents,,,Unclear,,"[""Tamil""]",General/Unidentified,Administrative/Unclear Ground,,,
Far Eastern Economic Review,1970-09-10,1970,P.U. (A) 325,Printed Documents,,Far Eastern Economic Review Ltd,Unclear,,,General/Unidentified,Administrative/Unclear Ground,,,
Kejayaan Tertanggong Kepada Daya Manusia,1970-10-22,1970,P.U (A) 380,Printed Documents,,Sharikat Kebudayaan Terbang-Atas,Unclear,,"[""Chinese""]",General/Unidentified,Administrative/Unclear Ground,,,
Mother India,1970-10-22,1970,P.U. (A) 384,Printed Documents,,Sumati Publications Private Ltd,Unclear,,,General/Unidentified,Administrative/Unclear Ground,,,
"Keluaran Khas Mengenai Pertonjokan2 Amal Oleh Rombongan Bintang2 Perak Hongkong Di-Malaysia, 1971",1971-04-01,1971,P.U. (A) 112,Printed Documents,,Penerbitan Tahan,Local,Berjaya Printing Press,"[""Chinese""]",General/Unidentified,Administrative/Unclear Ground,,,
Bulanan Riam,1971-04-01,1971,P.U. (A) 111,Printed Documents,,Badan Penyunting Bulanan Riam,Unclear,Syarikat Perchetakan Tong Ngee,"[""Chinese""]",General/Unidentified,Administrative/Unclear Ground,,,
Bulanan Seni Sastera,1971-04-01,1971,P.U. (A) 111,Printed Documents,,Badan Penyunting Bulanan Riam,Unclear,Syarikat Perchetakan Tong Ngee,"[""Chinese""]",General/Unidentified,Administrative/Unclear Ground,,,
Bulanan Pembangunan,1971-04-01,1971,P.U. (A) 111,Printed Documents,,Badan Penyunting Bulanan Riam,Unclear,Syarikat Perchetakan Tong Ngee,"[""Chinese""]",General/Unidentified,Administrative/Unclear Ground,,,
Majalah Triwulanan Kehidupan Seni Sastera,1971-04-01,1971,P.U. (A) 111,Printed Documents,,Badan Penyunting Bulanan Riam,Unclear,Syarikat Perchetakan Tong Ngee,"[""Chinese""]",General/Unidentified,Administrative/Unclear Ground,,,
"Suara Siswa Jilid 2 Bil.2 Disember, 1970",1971-04-01,1971,P.U. (A) 110,Printed Documents,,Persatuan Kebangsaan Pelajar-Pelajar Islam Malaysia (Pkpim),Local,Perchetakan Dip,"[""Malay"", ""English""]",General/Unidentified,Administrative/Unclear Ground,,,
Piring Hitam Mas Sempena Lawatan Rombongan Bintang2 Perak Ka-Malaysia Nombor Mlp - 325,1971-06-03,1971,P.U. (A) 185,Audio/Recordings,,Di-Perbuat Oleh Sharikat Piring Hitam Great Wall Hong Kong,Foreign,,"[""Chinese""]",General/Unidentified,Administrative/Unclear Ground,,,
The Muslims Malays Of South Thailand (Orang2 Melayu Islam Di -Negeri Thai Selatan),1971-07-08,1971,P.U. (A) 233,Printed Documents,,,Unclear,,"[""English""]",General/Unidentified,Administrative/Unclear Ground,,,
Flossie,1971-07-15,1971,P.U. (A) 241,Printed Documents,,Vacation Books,Foreign,,"[""English""]",General/Unidentified,Administrative/Unclear Ground,,,
Flosste,1971-07-15,1971,P.U. (A) 241,Printed Documents,,Vacation Books,Foreign,,"[""English""]",General/Unidentified,Administrative/Unclear Ground,,,
Humper,1971-07-15,1971,P.U. (A) 241,Printed Documents,Marcus Van Heller,United States Of America,Unclear,,"[""English""]",General/Unidentified,Administrative/Unclear Ground,,,
Autobiography Of A Louse Volume Ii,1971-07-15,1971,P.U. (A) 241,Printed Documents,,Tower Publications,Foreign,,"[""English""]",General/Unidentified,Administrative/Unclear Ground,,,
Adventures In American And Story Of Mike,1971-07-15,1971,P.U. (A) 241,Printed Documents,,,Unclear,,"[""English""]",General/Unidentified,Administrative/Unclear Ground,,,
Autobiography Of A Flea,1971-07-15,1971,P.U. (A) 241,Printed Documents,,,Unclear,,"[""English""]",General/Unidentified,Administrative/Unclear Ground,,,
Pit Tuan,1972-01-27,1972,P.U. (A) 24,Printed Documents,,Bahagian Penyusunan Penerbitan Bulanan Pit Tuan,Local,,"[""Chinese""]",General/Unidentified,Administrative/Unclear Ground,,,
Selangor Persatuan Murid2 Tua Sekolah Kampong Baharu Serdang Perayaan Ulang Tahun Kedua Persatuan Malam Irama 1971,1972-04-06,1972,P.U (A) 99,Printed Documents,,Selangor Persatuan Murid2 Tua Sekolah Kampung Baharu Serdang,Local,,"[""Chinese""]",General/Unidentified,Administrative/Unclear Ground,,,
Suratan2 Dalam Bahasa China Yang Mengandongi Perkataan2 Dan Muzik Dalam Lagu2 Yang Tajok2Nya Ia-Lah: (Terdapat Sebanyak 13 Tajuk),1972-08-17,1972,P.U (A) 249,Printed Documents,,,Unclear,,"[""Chinese""]",General/Unidentified,Administrative/Unclear Ground,,,They Don't Tell Us The Tajok Is
Blue Cover Mystery Magazine,1973-07-12,1973,P.U (A) 188,Printed Documents,,The Universal Publisher,Unclear,,"[""Chinese""]",General/Unidentified,Administrative/Unclear Ground,,,
Time,1973-11-22,1973,P.U. (A) 319,Printed Documents,,"Time Inc,",Foreign,Issue Dated 5 Nov 1973,,General/Unidentified,Administrative/Unclear Ground,,,
Man's Life,1974-12-26,1974,P.U (A) 444,Printed Documents,,Stanley Publications Inc.,Foreign,,"[""English""]",General/Unidentified,Administrative/Unclear Ground,,,
Dusky,1974-12-26,1974,P.U (A) 444,Printed Documents,,Rainbow Publications,Foreign,,"[""English""]",General/Unidentified,Administrative/Unclear Ground,,,
Trade Mark,1974-12-26,1974,P.U. (A) 444,Printed Documents,,"Mecca,Canoga Park",Unclear,,"[""English""]",General/Unidentified,Administrative/Unclear Ground,,,
Api,1975-06-19,1975,P.U (A) 178,Printed Documents,,,Unclear,,"[""Malay""]",General/Unidentified,Administrative/Unclear Ground,,,
Express Newsletter,1975-07-31,1975,P.U (A) 230,Printed Documents,"Chinese Society, University Of Singapore",,Unclear,,"[""Chinese""]",General/Unidentified,Administrative/Unclear Ground,,,
Causeway (Newspaper),1975-07-31,1975,P.U (A) 228,Printed Documents,,Auckland Malaysian & Singapore Students,Local,"Association (Amssa) P.O Box 5317, Wellesly","[""English""]",General/Unidentified,Administrative/Unclear Ground,,,
The Last Two Million Years,1975-09-11,1975,P.U (A) 283,Printed Documents,,"The Reader's Digest Association, London",Foreign,Great Britain,"[""English""]",General/Unidentified,Administrative/Unclear Ground,,,
Perasaan Senyap,1975-10-16,1975,P.U (A) 333,Printed Documents,Loh Sin Kwei,Blue Sky Book Shop,Unclear,Tah Siang Printing Co.,"[""Chinese""]",General/Unidentified,Administrative/Unclear Ground,,,
* Cinema,1975-10-16,1975,P.U (A) 330,Printed Documents,,Warner House,Foreign,Caplislwebb Offset Original By Printmark Ltd,"[""English""]",General/Unidentified,Administrative/Unclear Ground,,,
Solidarity,1975-10-16,1975,P.U (A) 337,Printed Documents,,,Unclear,,"[""English""]",General/Unidentified,Administrative/Unclear Ground,,,
Female Forum,1975-10-16,1975,P.U (A) 332,Printed Documents,,Forum International Ltd.,Foreign,,"[""English""]",General/Unidentified,Administrative/Unclear Ground,,,
* Penthouse Forum,1975-10-16,1975,P.U (A) 330,Printed Documents,,Forum International Ltd.,Foreign,,"[""English""]",General/Unidentified,Administrative/Unclear Ground,,,
* Continental Film Review,1975-10-16,1975,P.U (A) 330,Printed Documents,,Eurap Publishing Co.,Foreign,Letraprintco.St.,"[""English""]",General/Unidentified,Administrative/Unclear Ground,,,
"** Suratan Dalam Bahasa Kebangsaan Yang Bertajuk ""Pilihanraya Cara Parti-Parti Kanan Sejak 1955",1975-10-16,1975,P.U (A) 334,Printed Documents,,,Unclear,,"[""Malay""]",General/Unidentified,Administrative/Unclear Ground,,,
** Badan Pengamal Rasuah Siri Kedua,1975-12-04,1975,P.U (A) 409,Printed Documents,,,Unclear,,"[""Malay""]",General/Unidentified,Administrative/Unclear Ground,,,
** Harta Timbalan Menteri (Purported To Have Been Written By Kumpulan Anti Rasuah Negara (Karan),1975-12-04,1975,P.U (A) 409,Printed Documents,,,Unclear,,"[""Malay""]",General/Unidentified,Administrative/Unclear Ground,,,
"** A Document The Text Where Of Commences With The Words ""Kami Sekumpulan Rakyat Malaysia""Dated 2Nd Sept 1975, Printed In Bahasa M'sia With Certified Copies Of Five Extracts Of Title From The Land Re",1975-12-04,1975,P.U (A) 409,Printed Documents,,,Unclear,,"[""Malay""]",General/Unidentified,Administrative/Unclear Ground,,,
** Anak Tani Machang Sudah Jadi Jutawan Dated 2Nd Sept 1975 (Purported To Have Been Written By: Kumpulan Anti Rasuah Negara),1975-12-04,1975,P.U (A) 409,Printed Documents,,,Unclear,,"[""Malay""]",General/Unidentified,Administrative/Unclear Ground,,,
"** Para Pemimpin Dan Nasionalis Melayu Di Malaysia - ( A Letter Form Addressed To The Above Title) Dated 1St Oct 1975 (Purported To Have Been Written By: Angkatan Barisan Bertindak Melayu, Markas 1, 1",1975-12-04,1975,P.U (A) 409,Printed Documents,,,Unclear,,"[""Malay""]",General/Unidentified,Administrative/Unclear Ground,,,
"Swiss Press Review And News Report Vol. Xvi No. 43 Bertarikh 27Hb Oktober, 1975",1976-03-11,1976,P.U. (A) 78,Printed Documents,,"Independent Weekly Press Service,",Foreign,,"[""English""]",General/Unidentified,Administrative/Unclear Ground,,,
The Perspective (Keluaran No. 69 Bertarikh 16/2/1976),1977-06-23,1977,P.U. (A) 185,Printed Documents,,Loong Men Cultural Enterprise Ltd. Co.,Local,Lip Soon Printing Co.,"[""Chinese""]",General/Unidentified,Administrative/Unclear Ground,,,
"""Sokong Dengan Hangat Perjuangan Kemerdekaan Rakyat Pattani"" Bertarikh 31Hb Disember 1975",1977-06-23,1977,P.U. (A) 183,Printed Documents,Jawatankuasa Pusat Liga Belia Islam,,Unclear,,"[""Malay"", ""English""]",General/Unidentified,Administrative/Unclear Ground,,,
Rmk2 Dalam Kritikan! Rmk3 Dalam Penantian?,1977-06-23,1977,P.U. (A) 180,Printed Documents,Ibrahim Ali,Persatuan Kebangsaan Pelajar-Pelajar Islam Malaysia (Pkpim),Local,,"[""Malay""]",General/Unidentified,Administrative/Unclear Ground,,,
"Suratan Bertajuk ""Selingkar Kesah Politik Datuk Hussein Dan Peristiwa Dato' Harun""",1977-06-23,1977,P.U. (A) 181,Printed Documents,Pemerhati Bangsa Melayu,,Unclear,,"[""Malay""]",General/Unidentified,Administrative/Unclear Ground,,,
"Suratan Bertajuk ""Berita Patani Menggugat"" Dan ""Mangsa Kekejaman Fasis Thai""",1977-06-23,1977,P.U. (A) 182,Printed Documents,Barisan Nasional Pembebasan Patani,,Unclear,,"[""Malay""]",General/Unidentified,Administrative/Unclear Ground,,,
"Suratan Bertajuk ""Umat Islam Perlu Perhebatkan Lagi Perjuangan Untuk Kebenaran Dan Keadilan"" Bertarikh 6 Oktober 1975",1977-06-23,1977,P.U. (A) 183,Printed Documents,,,Unclear,,"[""Malay""]",General/Unidentified,Administrative/Unclear Ground,,,
"""Suara Demokrasi""",1977-06-23,1977,P.U. (A) 184,Printed Documents,Pelajar=Pelajar Demokratik Tanahair,,Unclear,,"[""Malay""]",General/Unidentified,Administrative/Unclear Ground,,,
** Mangsa Kekejaman Fasis Thai ( Barisan Nasional Pembebasan Patani),1977-06-23,1977,P.U (A) 182,Printed Documents,,,Unclear,,"[""Malay""]",General/Unidentified,Administrative/Unclear Ground,,,Keep It Here For Reference
** Umat Islam Perlu Perhebatkan Lagi Perjuangan Untuk Kebenaran Dan Keadilan - 6/10/75,1977-06-23,1977,P.U (A) 183,Printed Documents,Jawatankuasa Pusat Liga Belia Islam,,Unclear,,"[""Malay""]",General/Unidentified,Administrative/Unclear Ground,,,
** Suluh Keadilan - Jadikan Hari Raya Sebagai Hari Mengorbankan Lagi Perjuangan Umat Islam - Disember 1975,1977-06-23,1977,P.U (A) 183,Printed Documents,,,Unclear,,"[""Malay""]",General/Unidentified,Administrative/Unclear Ground,,,
** Sokong Dengan Hangat Perjuangan Kemerdekaan Rakyat Pattani - Dated 31/12/75,1977-06-23,1977,P.U (A) 183,Printed Documents,Jawatankuasa Pusat Liga Belia Islam,,Unclear,,"[""Malay""]",General/Unidentified,Administrative/Unclear Ground,,,
** Suara Demokrasi (Pelajar-Pelajar Demokratik Tanahair),1977-06-23,1977,P.U (A) 184,Printed Documents,,,Unclear,,"[""Malay""]",General/Unidentified,Administrative/Unclear Ground,,,
"""Suluh Keadilan-Jadikan Hari Raya Sebagai Hari Mengorbankan Lagi Perjuangan Umat Islam"" Bertarikh Disember 1975",1977-06-23,1977,P.U. (A) 183,Printed Documents,,,Unclear,,,General/Unidentified,Administrative/Unclear Ground,,,
Blood-Stained Rape,1977-06-30,1977,P.U (A) 195,Printed Documents,Siah Pei,Yee Lok Publishing Company,Unclear,Wei Chee Printing Company,"[""Chinese""]",General/Unidentified,Administrative/Unclear Ground,,,
Asian Student News (Termasuk Keluaran-Keluaran Yang Lalu Dan Yang Akan Datang),1977-06-30,1977,P.U. (A) 192,Printed Documents,,Asian Student Association,Foreign,Loyal Printing Company,"[""English""]",General/Unidentified,Administrative/Unclear Ground,,,
"Suratan Bertajuk ""Baca Dan Fikir Semasak-Masaknya""",1977-11-03,1977,P.U. (A) 350,Printed Documents,,,Unclear,,"[""Malay""]",General/Unidentified,Administrative/Unclear Ground,,,
** Baca Dan Fikir Semasak-Masaknya,1977-11-03,1977,P.U (A) 350,Printed Documents,,,Unclear,,"[""Malay""]",General/Unidentified,Administrative/Unclear Ground,,,
Misdeeds Of Tun Mustapha,1978-02-19,1978,P.U. (A) 54,Printed Documents,Ed Hunter,Ed Hunter Enterprises Ltd.,Local,Chung Hwa Printing Co. Ltd Hong Kong,"[""English""]",General/Unidentified,Administrative/Unclear Ground,,,
Episodes In Sabah Politics,1978-05-04,1978,P.U. (A) 133,Printed Documents,Ed Hunter,Ed Hunter Enterprises Ltd.,Local,Chung Hwa Printing Co. Ltd. Hong Kong,"[""English""]",General/Unidentified,Administrative/Unclear Ground,,,
Peter J. Mojuntin The Golden Son Of The Kadazan,1978-06-22,1978,P.U. (A) 187,Printed Documents,Bernard Sta Maria,,Unclear,"Chang Litho Press Sdn Bhd.,","[""English""]",General/Unidentified,Administrative/Unclear Ground,,,
Majalah Dian Bulan September 1978,1978-12-30,1978,P.U. (A) 377,Printed Documents,,Syarikat Dian Sdn Bhd,Local,Syarikat Dian Sdn Bhd,"[""Malay""]",General/Unidentified,Administrative/Unclear Ground,,,
Exposing The Betrayers Of The Chinese Peoples,1979-09-27,1979,P.U. (A) 223,Printed Documents,,Sapo Secretary General: Sze Tu Mei Tong,Foreign,Sarawak People Organisation,"[""English"", ""Chinese""]",General/Unidentified,Administrative/Unclear Ground,,,
"Risalah Yang Bertajuk ""Penekanan Terhadap Gerakan Islam""",1980-04-17,1980,P.U. (A) 92,Printed Documents,,,Unclear,,,General/Unidentified,Administrative/Unclear Ground,,,
** Ancaman Komunisma Di Malaysia,1980-05-22,1980,P.U (A) 140,Printed Documents,,,Unclear,,"[""Malay""]",General/Unidentified,Administrative/Unclear Ground,,,
"Risalah Yang Bertajuk ""Ancaman Komunisma Di Malaysia""",1980-05-22,1980,P.U. (A) 140,Printed Documents,,,Unclear,,,General/Unidentified,Administrative/Unclear Ground,,,
Islam Pugattumpunitham,1980-12-11,1980,P.U. (A) 349,Printed Documents,Karthigesu Swamigal,,Unclear,,"[""Malay""]",General/Unidentified,Administrative/Unclear Ground,,,
"Risalah Bertajuk ""Pendedahan Rahsia Besar Kapada Masyarakat Malaysia (786)""",1980-12-11,1980,P.U. (A) 348,Printed Documents,Abdul Qahhar,,Unclear,,"[""Malay""]",General/Unidentified,Administrative/Unclear Ground,,,
** Pendedahan Rahsia Besar Kepada Masyarakat Malaysia (786),1980-12-11,1980,P.U (A) 348,Printed Documents,Abdul Qahhar,,Unclear,,"[""Malay""]",General/Unidentified,Administrative/Unclear Ground,,,
"Artikel Bertajuk "" Islam Pugattum Punitham""",1980-12-11,1980,P.U (A) 349,Printed Documents,Karthigesu Swamigal,Tamil Malar,Unclear,,"[""Tamil""]",General/Unidentified,Administrative/Unclear Ground,,,
"Risalah Bertajuk ""Trojan Donkeys In Malaysia""",1981-04-15,1981,P.U. (A) 110,Printed Documents,Fan Yew Teng,,Unclear,,"[""English""]",General/Unidentified,Administrative/Unclear Ground,,,
Siapa Yang Suka Akan Gelap,1981-04-15,1981,P.U. (A) 108,Printed Documents,,,Unclear,,"[""Malay""]",General/Unidentified,Administrative/Unclear Ground,,,
Hidup Yang Sungguh Bererti Bagi Saudara,1981-04-15,1981,P.U. (A) 108,Printed Documents,,,Unclear,,"[""Malay""]",General/Unidentified,Administrative/Unclear Ground,,,
Saksi Yang Setia,1981-04-15,1981,P.U. (A) 108,Printed Documents,,,Unclear,,"[""Malay""]",General/Unidentified,Administrative/Unclear Ground,,,
"""Remberance Of The Youth Movement""",1981-07-16,1981,P.U. (A) 203,Printed Documents,,China Youth Publisher,Unclear,,"[""Chinese""]",General/Unidentified,Administrative/Unclear Ground,,,
"""Terang Boelan""",1981-08-27,1981,P.U. (A) 253,Printed Documents,,,Unclear,,"[""Malay""]",General/Unidentified,Administrative/Unclear Ground,,,
The Heroes,1982-11-04,1982,P.U. (A) 336,Printed Documents,Wong Yuk Long,"Yuk Long Books Co. Ltd.,",Foreign,Empire Printing Factory,"[""Chinese""]",General/Unidentified,Administrative/Unclear Ground,,,"Wong Yuk-Long, Hong Kong's Comic Artist's Work. Unsure On Why They Are Banned 龍虎門"
Drunken Fist,1982-11-04,1982,P.U. (A) 336,Printed Documents,Wong Yuk Long,"Yuk Long Books Co. Ltd.,",Foreign,Empire Printing Factory,"[""Chinese""]",General/Unidentified,Administrative/Unclear Ground,,,黄玉郎《醉拳》
Biography Of The Wild Wolf,1982-11-04,1982,P.U. (A) 336,Printed Documents,,"Yuk Long Books Co. Ltd.,",Foreign,Empire Printing Factory,"[""Chinese""]",General/Unidentified,Administrative/Unclear Ground,,,
The Buddha's Palm,1982-11-04,1982,P.U. (A) 336,Printed Documents,Wong Yuk Long,"Yuk Long Books Co. Ltd.,",Foreign,Sang Poh Co. Ltd,"[""Chinese""]",General/Unidentified,Administrative/Unclear Ground,,,如來神掌
The Tai-Chi Sect,1982-11-04,1982,P.U. (A) 336,Printed Documents,,"Yuk Long Books Co. Ltd.,",Foreign,Sang Poh Co. Ltd,"[""Chinese""]",General/Unidentified,Administrative/Unclear Ground,,,
Bruce Lee,1982-11-04,1982,P.U. (A) 336,Printed Documents,,"Hee Poh Publishing Co.,",Unclear,Wen Fung Printing Factory,"[""Chinese""]",General/Unidentified,Administrative/Unclear Ground,,,
The Discovery Magazine,1984-12-06,1984,P.U. (A) 444,Printed Documents,,The Discovery Magazine Publishing Co,Unclear,"Typographic Printing (Hong Kong) Co., Ltd","[""Chinese""]",General/Unidentified,Administrative/Unclear Ground,"Akta Mesin Cetak Dan Penerbitan, 1984",Kemoralan,
Fire Unicorn,1985-02-28,1985,P.U. (A) 88,Printed Documents,,Huo Oi Ling Magazine Publishing House,Unclear,You Sheng Offset Printing Co. Ltd,"[""Chinese""]",General/Unidentified,Administrative/Unclear Ground,"Akta Mesin Cetak Dan Penerbitan, 1984",Kemoralan,
Youth,1985-02-28,1985,P.U. (A) 88,Printed Documents,,Chong Chin Magazine Publishing House,Local,Super Art Printing Ltd. Co,"[""Chinese""]",General/Unidentified,Administrative/Unclear Ground,"Akta Mesin Cetak Dan Penerbitan, 1984",Kemoralan,
Chan Yan Ni Talking And Singing),1985-07-11,1985,P.U. (A) 299,Printed Documents,Cahan Yan Ni,,Unclear,,"[""Chinese""]",General/Unidentified,Administrative/Unclear Ground,"Akta Mesin Cetak Dan Penerbitan, 1984",Kemoralan,
Comedy Drama,1985-07-11,1985,P.U. (A) 298,Printed Documents,Chandran Babu & Party,,Unclear,,"[""Tamil""]",General/Unidentified,Administrative/Unclear Ground,"Akta Mesin Cetak Dan Penerbitan, 1984",Kemoralan,
Musical Comedy Drama,1985-07-11,1985,P.U. (A) 298,Printed Documents,Chandran Babu,,Unclear,,"[""Tamil""]",General/Unidentified,Administrative/Unclear Ground,"Akta Mesin Cetak Dan Penerbitan, 1984",Kemoralan,
Tamil Comedy,1985-07-11,1985,P.U. (A) 298,Printed Documents,M.R.Chandran Babu & L.R.Anjali,,Unclear,,"[""Tamil""]",General/Unidentified,Administrative/Unclear Ground,"Akta Mesin Cetak Dan Penerbitan, 1984",Kemoralan,
Untuk Mereka Yang Berkorban Di Sri Langka Bagi Tamil Eelam: Majalah Tanda Penghargaan,1985-07-11,1985,P.U. (A) 301,Printed Documents,,,Unclear,,"[""Tamil""]",General/Unidentified,Administrative/Unclear Ground,"Akta Mesin Cetak Dan Penerbitan, 1984",Ketenteraman Awam,
Voise Of The People,1986-06-26,1986,P.U. (A) 203,Printed Documents,,,Unclear,,"[""Malay"", ""English""]",General/Unidentified,Administrative/Unclear Ground,"Akta Mesin Cetak Dan Penerbitan, 1984",Kepentingan Negara,
Hong Kong 86,1986-12-04,1986,P.U. (A) 432,Printed Documents,,Xin Yi Cheng Publishing House,Unclear,You Mei Printing Factory,"[""Chinese""]",General/Unidentified,Administrative/Unclear Ground,"Akta Mesin Cetak Dan Penerbitan, 1984",Ketenteraman Awam,
Good Recomendation,1986-12-04,1986,P.U. (A) 432,Printed Documents,,Wei Long Publishing House,Unclear,"Ou Brothers Printing Co.,","[""Chinese""]",General/Unidentified,Administrative/Unclear Ground,"Akta Mesin Cetak Dan Penerbitan, 1984",Ketenteraman Awam,
Hello,1986-12-04,1986,P.U. (A) 432,Printed Documents,,"Tian Li Co. Ltd.,",Unclear,Guang Cai Printing Co. Ltd,"[""Chinese""]",General/Unidentified,Administrative/Unclear Ground,"Akta Mesin Cetak Dan Penerbitan, 1984",Ketenteraman Awam,
Hong Kong 97,1986-12-04,1986,P.U. (A) 432,Printed Documents,,Hong Kong Publishing House,Foreign,"Lian Fa Hang Printing Co.,","[""Chinese""]",General/Unidentified,Administrative/Unclear Ground,"Akta Mesin Cetak Dan Penerbitan, 1984",Ketenteraman Awam,
James Bond Magazine,1986-12-04,1986,P.U. (A) 432,Printed Documents,,Grand Orient Ltd,Unclear,Yong Heng Off-Set Printing Factory,"[""Chinese""]",General/Unidentified,Administrative/Unclear Ground,"Akta Mesin Cetak Dan Penerbitan, 1984",Ketenteraman Awam,
More Magazine,1986-12-04,1986,P.U. (A) 432,Printed Documents,,Big Dragon International Trading Co.,Unclear,You Sheng Offset Printing Co. Ltd,"[""Chinese""]",General/Unidentified,Administrative/Unclear Ground,"Akta Mesin Cetak Dan Penerbitan, 1984",Ketenteraman Awam,
Richman Bi-Weekly,1986-12-04,1986,P.U. (A) 432,Printed Documents,,Jing Man Di Publishing Organisation,Unclear,Fu Yi Printing Co.,"[""Chinese""]",General/Unidentified,Administrative/Unclear Ground,"Akta Mesin Cetak Dan Penerbitan, 1984",Ketenteraman Awam,
Grandfather,1986-12-04,1986,P.U. (A) 432,Printed Documents,,Jing Man Di Publishing Organisation,Unclear,Fu Yi Printing Co.,"[""Chinese""]",General/Unidentified,Administrative/Unclear Ground,"Akta Mesin Cetak Dan Penerbitan, 1984",Ketenteraman Awam,
Konserto Biola Liang Shang-Po Dan Chu Ying-Tai,1990-04-12,1990,P.U. (A) 93,Audio/Recordings,,Oriental Record Co. Hong Kong,Foreign,,"[""Chinese""]",General/Unidentified,Administrative/Unclear Ground,"Akta Mesin Cetak Dan Penerbitan, 1984",Ketenteraman Awam,Is Referring To The Butterfly Lovers Violin Concerto But No Idea Why Banned.
Percutian Yang Romantik (Romantic Holidays),1990-05-03,1990,P.U. (A) 119,Printed Documents,,Youth Publishing House,Unclear,,"[""Chinese""]",General/Unidentified,Administrative/Unclear Ground,"Akta Mesin Cetak Dan Penerbitan, 1984",Kemoralan,Not Much Information And Indicator
The Power Of Myth,1992-08-20,1992,P.U. (A) 315,Printed Documents,Joseph Campbell With Bill Moyers,"Doubleday, A Division Of Bantam Doubleday Dell Publishing Group, Inc.,",Foreign,,"[""English""]",General/Unidentified,Administrative/Unclear Ground,"Akta Mesin Cetak Dan Penerbitan, 1984",Ketenteraman Awam,
Tarikhuna (Our History) No. 1,1992-08-20,1992,P.U. (A) 315,Printed Documents,Irfan Hammour,"Dar Ar-Choura Tajer Bldg, Clemenceau St.",Unclear,,"[""English""]",General/Unidentified,Administrative/Unclear Ground,"Akta Mesin Cetak Dan Penerbitan, 1984",Ketenteraman Awam,
Tree Of Knowledge Part 7 (Weekly Encyclopedia),1992-09-03,1992,P.U. (A) 331,Printed Documents,,"Marshall Cavendish Partworks Ltd.,",Foreign,"Tpl (U.K) Ltd.,","[""English""]",General/Unidentified,Administrative/Unclear Ground,"Akta Mesin Cetak Dan Penerbitan, 1984",Ketenteraman Awam,No Info On What Part 7 Is About
People In History,1992-09-10,1992,P.U. (A) 338,Printed Documents,Avril Price-Budgen,"Artists Division Of Mitchell Beazley International Ltd.,",Foreign,Resopal Industria Grafica Lda. Portugal,"[""English""]",General/Unidentified,Administrative/Unclear Ground,"Akta Mesin Cetak Dan Penerbitan, 1984",Ketenteraman Awam,
Kehidupan Dalam Kurungan,1993-04-29,1993,P.U. (A) 112,Printed Documents,"Li Yi Wen, He Ku Han, Xin",Borneo Printing Co. Sdn. Bhd.,Local,Borneo Printing Co. Sdn. Bhd.,"[""Chinese""]",General/Unidentified,Administrative/Unclear Ground,"Akta Mesin Cetak Dan Penerbitan, 1984",Ketenteraman Awam,
Sifat Baik Yang Semulajadi,1993-09-02,1993,P.U. (A) 253,Printed Documents,Dr Jin,Physician Wen,Unclear,,"[""Chinese""]",General/Unidentified,Administrative/Unclear Ground,"Akta Mesin Cetak Dan Penerbitan, 1984",Kemoralan,
Lagu-Lagu Popular Hokkien Nostalgik Yang Berselera Tambahan Gs-778,1994-01-13,1994,P.U. (A) 7,Audio/Recordings,Tidak Diketahui,Golden Note Records Co. Production,Unclear,,"[""Chinese""]",General/Unidentified,Administrative/Unclear Ground,"Akta Mesin Cetak Dan Penerbitan, 1984",Ketenteraman Awam,No Info Online
Lagu-Lagu Popular Hokkien Yang Berselera Tambahan Gs-780,1994-01-13,1994,P.U. (A) 7,Audio/Recordings,Tidak Diketahui,Golden Note Records Co. Production,Unclear,,"[""Chinese""]",General/Unidentified,Administrative/Unclear Ground,"Akta Mesin Cetak Dan Penerbitan, 1984",Ketenteraman Awam,No Info Online
Lagu-Lagu Popular Hokkien Yang Berselera Tambahan Gs-89-777,1994-01-13,1994,P.U. (A) 7,Audio/Recordings,Tidak Diketahui,Golden Note Records Co. Production,Unclear,,"[""Chinese""]",General/Unidentified,Administrative/Unclear Ground,"Akta Mesin Cetak Dan Penerbitan, 1984",Ketenteraman Awam,No Info Online
The Picture,1994-03-17,1994,P.U. (A) 91,Printed Documents,,The Picture,Unclear,,"[""English""]",General/Unidentified,Administrative/Unclear Ground,"Akta Mesin Cetak Dan Penerbitan, 1984",Kemoralan,Too Little Info
"Some Spice, Some Vice",1994-09-15,1994,P.U. (A) 349,Printed Documents,A.S Abdul Rahman,Sri Lina,Unclear,K.P. Kulim,"[""English""]",General/Unidentified,Administrative/Unclear Ground,"Akta Mesin Cetak Dan Penerbitan, 1984",Kemoralan,
"""Hero"" Cholikkul Enna Irukku",1995-10-12,1995,P.U. (A) 362,Audio/Recordings,Subha Dan Chitra,Mani Osai Marketing,Unclear,,"[""Tamil""]",General/Unidentified,Administrative/Unclear Ground,"Akta Mesin Cetak Dan Penerbitan, 1984",Kemoralan,
"Big 4, Vol. Ii No.5",1995-10-26,1995,P.U. (A) 371,Printed Documents,Fujida Jun Ichi,,Foreign,,"[""Japanese""]",General/Unidentified,Administrative/Unclear Ground,"Akta Mesin Cetak Dan Penerbitan, 1984",Kemoralan,
X 10 Vol.1,1995-10-26,1995,P.U. (A) 371,Printed Documents,Fujida Jun Ichi,,Foreign,,"[""Japanese""]",General/Unidentified,Administrative/Unclear Ground,"Akta Mesin Cetak Dan Penerbitan, 1984",Kemoralan,
The Five Doors,1995-10-26,1995,P.U. (A) 371,Printed Documents,,,Foreign,To Sho Printing Corporation Company,"[""Japanese""]",General/Unidentified,Administrative/Unclear Ground,"Akta Mesin Cetak Dan Penerbitan, 1984",Kemoralan,
Majalah Dunia (World Magazine),1996-02-15,1996,P.U. (A) 66,Printed Documents,,Topazman Holding,Foreign,Chung Hwa Printing Co.,"[""Chinese""]",General/Unidentified,Administrative/Unclear Ground,"Akta Mesin Cetak Dan Penerbitan, 1984",Kemoralan,
Kisah Jin Ping Mei (Komik),2000-02-02,2000,P.U. (A) 83,Printed Documents,Xu Da Bao,"Sun Century Publishing Co. Ltd., Hong Kong",Foreign,,"[""Chinese""]",General/Unidentified,Administrative/Unclear Ground,,,
"Ananda Vikatan Dis 12, 2007",2008-09-17,2008,P.U. (A) 423,Printed Documents,,,Unclear,,"[""Tamil""]",General/Unidentified,Administrative/Unclear Ground,"Akta Mesin Cetak Dan Penerbitan, 1984",Ketenteraman Awam,
Kumudam 12-12-2007,2008-11-17,2008,P.U. (A) 423,Printed Documents,,,Unclear,,"[""Tamil""]",General/Unidentified,Administrative/Unclear Ground,"Akta Mesin Cetak Dan Penerbitan, 1984",Ketenteraman Awam,
"""Mengapa Ahmadiyah Mencabar Muis""",1987-01-29,1987,P.U. (A) 51,Printed Documents,Mobarak Ahmad,,Unclear,,"[""Malay""]",Religious Doctrinal Deviance,Ahmadiyyah,"Akta Mesin Cetak Dan Penerbitan, 1984",Ketenteraman Awam,
Invitation To Ahmadiyyat,1992-08-20,1992,P.U. (A) 315,Printed Documents,Hazrat Haji Mirza Bashir-Ud-Din Mahmud Ahmad Khalifatul-Masih Ii,Routledge & Kegan Paul Ltd.,Foreign,Redwood Burn Ltd. Great Britain,"[""English""]",Religious Doctrinal Deviance,Ahmadiyyah,"Akta Mesin Cetak Dan Penerbitan, 1984",Ketenteraman Awam,
The Holy Quran With English Translation And Commentary Volume Ii (Part 1),1992-08-20,1992,P.U. (A) 315,Printed Documents,,M. Mas'ud Ahmad For The Sadr Anjuman Ahmadiyya,Foreign,"The Civil & Military Gazette Ltd.,","[""English""]",Religious Doctrinal Deviance,Ahmadiyyah,"Akta Mesin Cetak Dan Penerbitan, 1984",Ketenteraman Awam,
Penawar Racun Fitnah Terhadap Ahmadiah. Tanggapan Dan Penyelarasan Atas Buku Mengapa Saya Keluar Dari Ahmadiyah Qadiani,1993-09-23,1993,P.U. (A) 280,Printed Documents,Pengurus Besar Jema`At Ahmadiah,Jema`At Ahmadiah Indonesia,Foreign,,"[""Malay""]",Religious Doctrinal Deviance,Ahmadiyyah,"Akta Mesin Cetak Dan Penerbitan, 1984",Ketenteraman Awam,
Apakah Itu Ahmadiyah?,2007-04-26,2007,P.U. (A) 169,Printed Documents,Mirza Bashiruddin Mahmud Ahmad,Jemaat Islam Ahmadiyah Malaysia 1995,Local,,"[""Malay""]",Religious Doctrinal Deviance,Ahmadiyyah,"Akta Mesin Cetak Dan Penerbitan, 1984",Ketenteraman Awam,
The Goal Of The Wise: The Gospel Of The Riser Of The Family Of Mohammed,2025-03-10,2025,P.U. (A) 76,Printed Documents,Abdullah Hashem,The Ahmadi Religion Of Peace And Light,Foreign,,"[""English""]",Religious Doctrinal Deviance,Ahmadiyyah,"Akta Mesin Cetak Dan Penerbitan, 1984",Ketenteraman Awam,
Aurad Muhammadiah Pegangan Darul Arqam Sekaligus Menjawab Tuduhan,1988-11-24,1988,P.U. (A) 417,Printed Documents,Ustaz Hj. Ashaari Muhammad,Penerangan Arqam,Local,,"[""Malay""]",Religious Doctrinal Deviance,Al-Arqam,"Akta Mesin Cetak Dan Penerbitan, 1984",Ketenteraman Awam,
Siapa Mujaddid Kurun Ke 15?,1989-09-21,1989,P.U. (A) 278,Printed Documents,Ustaz Ashaari Muhammad,Penerangan Al Arqam,Local,Percetakan Polygraphic Sdn. Bhd.,"[""Malay""]",Religious Doctrinal Deviance,Al-Arqam,"Akta Mesin Cetak Dan Penerbitan, 1984",Ketenteraman Awam,
Arqam Militan,1992-11-05,1992,P.U. (A) 420,Printed Documents,Abu Saifullah Ramadhan,"Tinta Merah, Kuala Lumpur",Local,Polygraphic Marketing Sdn. Bhd.,"[""Malay""]",Religious Doctrinal Deviance,Al-Arqam,"Akta Mesin Cetak Dan Penerbitan, 1984",Ketenteraman Awam,Not Sure If They Are Actually Al Arqam
Langkah-Langkah Perjuangan,1992-11-05,1992,P.U. (A) 420,Printed Documents,Ustaz Ashaari Muhammad,Shoutul Arqam,Local,Vinlin Press Sdn.Bhd.,"[""Malay""]",Religious Doctrinal Deviance,Al-Arqam,"Akta Mesin Cetak Dan Penerbitan, 1984",Ketenteraman Awam,
Rahsia Ustaz Ashaari Terbongkar Di Luar Negara,1992-11-05,1992,P.U. (A) 420,Printed Documents,Mohd. Sayuti Omar,"Prodescom Sdn. Bhd.,",Local,"Percetakan Polygraphic Sdn. Bhd., Selangor","[""Malay""]",Religious Doctrinal Deviance,Al-Arqam,"Akta Mesin Cetak Dan Penerbitan, 1984",Ketenteraman Awam,Ustaz Ashaari
Panduan Membina Empayar Islam Di Asia Tenggara,1992-11-05,1992,P.U. (A) 420,Printed Documents,Ustaz Haji Abdul Halim Abbas,Penerbitan Hikmah,Local,Vinlin Press Sdn.Bhd.,"[""Malay""]",Religious Doctrinal Deviance,Al-Arqam,"Akta Mesin Cetak Dan Penerbitan, 1984",Ketenteraman Awam,
Inilah Pandanganku,1992-11-05,1992,P.U. (A) 420,Printed Documents,Ustaz Ashaari Muhammad,Penerangan Al-Arqam,Local,"Polygraphic Press Sdn.Bhd.,","[""Malay""]",Religious Doctrinal Deviance,Al-Arqam,"Akta Mesin Cetak Dan Penerbitan, 1984",Ketenteraman Awam,
Berhati-Hati Membuat Tuduhan,1992-11-05,1992,P.U. (A) 420,Printed Documents,Ustaz Ashaari Muhammad,Penerangan Al-Arqam,Local,"Yeohprinco Sdn. Bhd.,","[""Malay""]",Religious Doctrinal Deviance,Al-Arqam,"Akta Mesin Cetak Dan Penerbitan, 1984",Ketenteraman Awam,
Yang Di-Rindu,1992-11-05,1992,P.U. (A) 420,Printed Documents,Ustaz Ashaari Muhammad,Penerangan Al-Arqam,Local,Polygraphic Marketing Sdn. Bhd.,"[""Malay""]",Religious Doctrinal Deviance,Al-Arqam,"Akta Mesin Cetak Dan Penerbitan, 1984",Ketenteraman Awam,
Kenapa Salahkan Musuh?,1992-11-05,1992,P.U. (A) 420,Printed Documents,Ustaz Ashaari Muhammad,Penerangan Al-Arqam,Local,Polygraphic Marketing Sdn. Bhd.,"[""Malay""]",Religious Doctrinal Deviance,Al-Arqam,"Akta Mesin Cetak Dan Penerbitan, 1984",Ketenteraman Awam,
Perang Teluk Islam Akan Kembali Gemilang,1992-11-05,1992,P.U. (A) 420,Printed Documents,Ustaz Ashaari Muhammad,Jabatan Syeikhul Arqam (Bahagian Buku),Local,Ampang Press Sdn. Bhd,"[""Malay""]",Religious Doctrinal Deviance,Al-Arqam,"Akta Mesin Cetak Dan Penerbitan, 1984",Ketenteraman Awam,
Dr Mahathir Atau Ustaz Ashaari Siapa Lebih Tokoh?,1993-09-23,1993,P.U. (A) 280,Printed Documents,Nik Mahadi Nik Hassan,Penerbitan Al Munir,Local,"Percetakan Turbo (M) Sdn Bhd.,","[""Malay""]",Religious Doctrinal Deviance,Al-Arqam,"Akta Mesin Cetak Dan Penerbitan, 1984",Ketenteraman Awam,
Love And Care-The Key To Universal Unity,1994-09-29,1994,P.U. (A) 367,Printed Documents,Abuya Sheikh Imam Ashaari Muhammad,Penerbitan Hikmah With Permission From Asoib International Limited,Local,K.C. Enterprise Malaysia,"[""English""]",Religious Doctrinal Deviance,Al-Arqam,"Akta Mesin Cetak Dan Penerbitan, 1984",Ketenteraman Awam,
This Is Our Way,1994-09-29,1994,P.U. (A) 366,Printed Documents,Abuya Syeikh Iman Ashaari Muhammad,Minda Abuya Agency,Local,K.C. Enterprise Malaysia,"[""English""]",Religious Doctrinal Deviance,Al-Arqam,"Akta Mesin Cetak Dan Penerbitan, 1984",Ketenteraman Awam,
The Scription Of Hidden Knowledge,1994-09-29,1994,P.U. (A) 366,Printed Documents,Abuya Sheikh Imam Ashaari Muhammad,Minda Abuya Agency,Local,K.C. Enterprise Malaysia,"[""English""]",Religious Doctrinal Deviance,Al-Arqam,"Akta Mesin Cetak Dan Penerbitan, 1984",Ketenteraman Awam,
The West On The Brink Of Death,1994-09-29,1994,P.U. (A) 366,Printed Documents,Abuya Sheikh Imam Ashaari Muhammad,Minda Abuya Agency,Local,K.C. Enterprise Malaysia,"[""English""]",Religious Doctrinal Deviance,Al-Arqam,"Akta Mesin Cetak Dan Penerbitan, 1984",Ketenteraman Awam,
Al-Arqam Group Of Companies (Pamplets),1994-09-29,1994,P.U. (A) 367,Printed Documents,,Al-Arqam Information Department October 1993,Local,,"[""English""]",Religious Doctrinal Deviance,Al-Arqam,"Akta Mesin Cetak Dan Penerbitan, 1984",Ketenteraman Awam,
Khutbah Idil Fitri Eidul Fitr Sermon 1414 Hijrah/Hegira,1994-09-29,1994,P.U. (A) 366,Printed Documents,Abuya Syeikh Iman Ashaari Muhammad,Penerbitan Hikmah,Local,Percetakan Malindo Sdn. Bhd,"[""Malay"", ""English""]",Religious Doctrinal Deviance,Al-Arqam,"Akta Mesin Cetak Dan Penerbitan, 1984",Ketenteraman Awam,
Khutbah Aidiladha 1413 Hijrah Eidul Adha Sermon 1413 Hegira,1994-09-29,1994,P.U. (A) 367,Printed Documents,Abuya Sheikh Imam Ashaari Muhammad,Bahagian Pengeluaran Minda Syeikhul Arqam,Local,,"[""Malay"", ""English""]",Religious Doctrinal Deviance,Al-Arqam,"Akta Mesin Cetak Dan Penerbitan, 1984",Ketenteraman Awam,
Yang Tersirat Disurat,1994-09-29,1994,P.U. (A) 366,Printed Documents,Ustaz Haji Ashaari Muhammad,Yayasan Al Arqam Bhg. Penerangan,Local,Percetakan Pustaka Jaya,"[""Malay""]",Religious Doctrinal Deviance,Al-Arqam,"Akta Mesin Cetak Dan Penerbitan, 1984",Ketenteraman Awam,
Al Arqam,1994-09-29,1994,P.U. (A) 366,Printed Documents,,Yayasan Al Arqam,Local,Syarikat Perindustrian Sdn. Bhd.,"[""Malay""]",Religious Doctrinal Deviance,Al-Arqam,"Akta Mesin Cetak Dan Penerbitan, 1984",Ketenteraman Awam,
Kahwin Cara Arqam,1994-09-29,1994,P.U. (A) 367,Printed Documents,Nur S Biedyn Beseri,Trans Media Publications,Unclear,Perusahaan Sinaran Jaya,"[""Malay""]",Religious Doctrinal Deviance,Al-Arqam,"Akta Mesin Cetak Dan Penerbitan, 1984",Ketenteraman Awam,
Mujadid Alam Melayu Dan Impian Darul Arqam,1994-09-29,1994,P.U. (A) 366,Printed Documents,Mohd Sayuti Omar,Tinta Merah,Local,Istiramai Enterprise Sdn. Bhd.,"[""Malay""]",Religious Doctrinal Deviance,Al-Arqam,"Akta Mesin Cetak Dan Penerbitan, 1984",Kemoralan,
Bagaimana Memahami Jalan Berfikir,1994-09-29,1994,P.U. (A) 367,Printed Documents,Ustaz Ashaari Muhammad,Syukbah Penerangan Al Arqam,Local,,"[""Malay""]",Religious Doctrinal Deviance,Al-Arqam,"Akta Mesin Cetak Dan Penerbitan, 1984",Ketenteraman Awam,
Manusia Tidak Memiliki Dan Tidak Dimiliki,1994-09-29,1994,P.U. (A) 366,Printed Documents,Ustaz Haji Ashaari Muhammad,"Shoutul Arqam, Yayasan Al-Arqam",Local,Ampang Press Sdn Bhd,"[""Malay""]",Religious Doctrinal Deviance,Al-Arqam,"Akta Mesin Cetak Dan Penerbitan, 1984",Ketenteraman Awam,
Panduan Untuk Murabbi,1994-09-29,1994,P.U. (A) 366,Printed Documents,Ustaz Hj. Abd. Halim Abbas,Shoutul Arqam,Local,"Vin Lin Press Sdn Bhd.,","[""Malay""]",Religious Doctrinal Deviance,Al-Arqam,"Akta Mesin Cetak Dan Penerbitan, 1984",Ketenteraman Awam,
Manisnya Madu,1994-09-29,1994,P.U. (A) 366,Printed Documents,Ustazah Khadijah Aam,Shoutul Arqam,Local,"Vin Lin Press Sdn. Bhd.,","[""Malay""]",Religious Doctrinal Deviance,Al-Arqam,"Akta Mesin Cetak Dan Penerbitan, 1984",Ketenteraman Awam,
Aqidah Mukmin Siri 1,1994-09-29,1994,P.U. (A) 367,Printed Documents,Ustaz Ashaari Muhammad,Shoutul Arqam,Local,Ampang Press Sdn Bhd,"[""Malay""]",Religious Doctrinal Deviance,Al-Arqam,"Akta Mesin Cetak Dan Penerbitan, 1984",Ketenteraman Awam,
Panduan Hidup Mukmin,1994-09-29,1994,P.U. (A) 367,Printed Documents,,Shoutul Arqam,Local,Vinlin Press Sdn.Bhd.,"[""Malay""]",Religious Doctrinal Deviance,Al-Arqam,"Akta Mesin Cetak Dan Penerbitan, 1984",Ketenteraman Awam,
Iman Dan Persoalannya,1994-09-29,1994,P.U. (A) 367,Printed Documents,Ashaari Muhammad,Shoutul Arqam,Local,Vinlin Press Sdn.Bhd.,"[""Malay""]",Religious Doctrinal Deviance,Al-Arqam,"Akta Mesin Cetak Dan Penerbitan, 1984",Ketenteraman Awam,
Ratu,1994-09-29,1994,P.U. (A) 366,Printed Documents,Zakaria Sungib,Pustaka Jasa,Local,Ultimate Print Sdn Bhd,"[""Malay""]",Religious Doctrinal Deviance,Al-Arqam,"Akta Mesin Cetak Dan Penerbitan, 1984",Ketenteraman Awam,Deduce That Its Al Arqam Due To The Publisher Book Have Published Ustaz Ashaari's Publication Before.
Konsep Kesederhanaan Menurut Pandangan Islam,1994-09-29,1994,P.U. (A) 366,Printed Documents,Ustaz Haji Ashaari Muhammad,Pustaka Jasa,Local,Vivar Printing Sdn Bhd,"[""Malay""]",Religious Doctrinal Deviance,Al-Arqam,"Akta Mesin Cetak Dan Penerbitan, 1984",Ketenteraman Awam,
Aqidah Mukmin Siri 2,1994-09-29,1994,P.U. (A) 366,Printed Documents,Ustaz Ashaari Muhammad,Pustaka Jasa,Local,"Vivar Printing Sdn. Bhd., Malaysia","[""Malay""]",Religious Doctrinal Deviance,Al-Arqam,"Akta Mesin Cetak Dan Penerbitan, 1984",Ketenteraman Awam,
Al Munir,1994-09-29,1994,P.U. (A) 366,Printed Documents,Ustaz Jaafar Salleh,Perkhidmatan Penerangan Al-Arqam,Local,Utusan Printcorp Sdn Bhd,"[""Malay""]",Religious Doctrinal Deviance,Al-Arqam,"Akta Mesin Cetak Dan Penerbitan, 1984",Ketenteraman Awam,
Mengenal Diri Malalui Rasa Hati,1994-09-29,1994,P.U. (A) 366,Printed Documents,Ustaz Ashaari Muhammad,Penerbitan Shoutul Arqam,Local,"Vin Lin Press Sdn. Bhd.,","[""Malay""]",Religious Doctrinal Deviance,Al-Arqam,"Akta Mesin Cetak Dan Penerbitan, 1984",Ketenteraman Awam,
Panduan Untuk Bakal Pengantin,1994-09-29,1994,P.U. (A) 367,Printed Documents,Ahmad Baei Hj. Jaafar,Penerbitan Shoutul Arqam,Local,Vinlin Press Sdn. Bhd.,"[""Malay""]",Religious Doctrinal Deviance,Al-Arqam,"Akta Mesin Cetak Dan Penerbitan, 1984",Ketenteraman Awam,
1415 Hijrah: Menuju Kejayaan Yang Dijanjikan Perutusan Khas Tahun Baru Hijrah 1415,1994-09-29,1994,P.U. (A) 367,Printed Documents,Abuya Sheikh Imam Ashaari Muhammad At Tamimi,"Penerbitan Media Al Arqam Group Of Companies,",Local,,"[""Malay""]",Religious Doctrinal Deviance,Al-Arqam,"Akta Mesin Cetak Dan Penerbitan, 1984",Ketenteraman Awam,
Keistimewaan Cantik Dan Akhlak Pada Wanita,1994-09-29,1994,P.U. (A) 367,Printed Documents,,"Penerbitan Hikmah,",Local,Vinlin Press Sdn. Bhd.,"[""Malay""]",Religious Doctrinal Deviance,Al-Arqam,"Akta Mesin Cetak Dan Penerbitan, 1984",Ketenteraman Awam,
Falsafah Perlaksanaan Hukum Hudud Dalam Masyarakat,1994-09-29,1994,P.U. (A) 366,Printed Documents,Ustaz Haji Ashaari Muhammad,Penerbitan Hikmah,Local,Vinlin Press Sdn Bhd,"[""Malay""]",Religious Doctrinal Deviance,Al-Arqam,"Akta Mesin Cetak Dan Penerbitan, 1984",Ketenteraman Awam,
Aqidah Mukmin Siri 3,1994-09-29,1994,P.U. (A) 366,Printed Documents,Ustaz Ashaari Muhammad,Penerbitan Hikmah,Local,Percetakan Cs,"[""Malay""]",Religious Doctrinal Deviance,Al-Arqam,"Akta Mesin Cetak Dan Penerbitan, 1984",Ketenteraman Awam,
Meruntuh Berhala Di Tiongkok,1994-09-29,1994,P.U. (A) 366,Printed Documents,Ustaz Abdul Halim Abbas,Penerbitan Hikmah,Local,"Percetakan Selaseh, Kuala Lumpur","[""Malay""]",Religious Doctrinal Deviance,Al-Arqam,"Akta Mesin Cetak Dan Penerbitan, 1984",Ketenteraman Awam,
Kembara Menyingkap Tamadun Islam,1994-09-29,1994,P.U. (A) 366,Printed Documents,Ustaz Fakhrur Razi Ashaari,Penerbitan Hikmah,Local,"Jiwa Mas Printers Sdn. Bhd.,","[""Malay""]",Religious Doctrinal Deviance,Al-Arqam,"Akta Mesin Cetak Dan Penerbitan, 1984",Ketenteraman Awam,
Bagaimana Menjadi Wali,1994-09-29,1994,P.U. (A) 367,Printed Documents,Ustaz Abdul Halim Abbas,Penerbitan Hikmah,Local,Vinlin Press Sdn Bhd,"[""Malay""]",Religious Doctrinal Deviance,Al-Arqam,"Akta Mesin Cetak Dan Penerbitan, 1984",Ketenteraman Awam,
Keistimewaan Wanita Solehah,1994-09-29,1994,P.U. (A) 367,Printed Documents,,Penerbitan Hikmah,Local,Vinlin Press Sdn. Bhd.,"[""Malay""]",Religious Doctrinal Deviance,Al-Arqam,"Akta Mesin Cetak Dan Penerbitan, 1984",Ketenteraman Awam,
Keistimewaan Kasih Sayang Dalam Rumahtangga,1994-09-29,1994,P.U. (A) 367,Printed Documents,,Penerbitan Hikmah,Local,Percetakan Polygraphic Sdn. Bhd.,"[""Malay""]",Religious Doctrinal Deviance,Al-Arqam,,,
Keistimewaan Wanita Penyayang,1994-09-29,1994,P.U. (A) 367,Printed Documents,,Penerbitan Hikmah,Local,Vinlin Press Sdn. Bhd.,"[""Malay""]",Religious Doctrinal Deviance,Al-Arqam,"Akta Mesin Cetak Dan Penerbitan, 1984",Ketenteraman Awam,
Keistimewaan Berkasih Sayang,1994-09-29,1994,P.U. (A) 367,Printed Documents,,Penerbitan Hikmah,Local,Vinlin Press Sdn. Bhd.,"[""Malay""]",Religious Doctrinal Deviance,Al-Arqam,"Akta Mesin Cetak Dan Penerbitan, 1984",Ketenteraman Awam,
Panduan Poligami,1994-09-29,1994,P.U. (A) 367,Printed Documents,Ashaari Muhammad,Penerbitan Hikmah,Local,Percetakan Malindo,"[""Malay""]",Religious Doctrinal Deviance,Al-Arqam,"Akta Mesin Cetak Dan Penerbitan, 1984",Ketenteraman Awam,
Panduan Mendidik Anak,1994-09-29,1994,P.U. (A) 367,Printed Documents,Ahmad Baei Hj. Jaafar,Penerbitan Hikmah,Local,"Jiwa Mas Printers Sdn. Bhd.,","[""Malay""]",Religious Doctrinal Deviance,Al-Arqam,"Akta Mesin Cetak Dan Penerbitan, 1984",Ketenteraman Awam,
Jenaka Dakwah Hidupkan Budaya Lepak,1994-09-29,1994,P.U. (A) 367,Printed Documents,,Penerbitan Hikmah,Local,,"[""Malay""]",Religious Doctrinal Deviance,Al-Arqam,"Akta Mesin Cetak Dan Penerbitan, 1984",Ketenteraman Awam,
Ulama Dalam Pandangan Islam,1994-09-29,1994,P.U. (A) 367,Printed Documents,Ustazah Khadijah Aam,Penerbitan Hikmah,Local,Vinlin Press Sdn. Bhd.,"[""Malay""]",Religious Doctrinal Deviance,Al-Arqam,"Akta Mesin Cetak Dan Penerbitan, 1984",Ketenteraman Awam,
Panduan Wanita Solehah,1994-09-29,1994,P.U. (A) 367,Printed Documents,,Penerbitan Hikmah,Local,Percetakan Vinlin Sdn. Bhd.,"[""Malay""]",Religious Doctrinal Deviance,Al-Arqam,"Akta Mesin Cetak Dan Penerbitan, 1984",Ketenteraman Awam,
Menuju Jiwa Sufi,1994-09-29,1994,P.U. (A) 367,Printed Documents,Ustaz Hj. Muhammad Hamim Hj. Rahmat,Penerbitan Hikmah,Local,"Percetakan Mahir Saujana (M) Sdn. Bhd., Kuala Lumpur","[""Malay""]",Religious Doctrinal Deviance,Al-Arqam,"Akta Mesin Cetak Dan Penerbitan, 1984",Ketenteraman Awam,
Saddam Bela Islam,1994-09-29,1994,P.U. (A) 367,Printed Documents,Shoutul Islam,Penerbitan Hikmah,Local,Vinlin Press Sdn. Bhd.,"[""Malay""]",Religious Doctrinal Deviance,Al-Arqam,"Akta Mesin Cetak Dan Penerbitan, 1984",Ketenteraman Awam,
Siri Terkini Era Kasih Sayang-,1994-09-29,1994,P.U. (A) 367,Printed Documents,,Penerbitan Hikmah,Local,Kc Enterprise,"[""Malay""]",Religious Doctrinal Deviance,Al-Arqam,"Akta Mesin Cetak Dan Penerbitan, 1984",Ketenteraman Awam,
Menangani Ancaman Al Arqam,1994-09-29,1994,P.U. (A) 366,Printed Documents,Maswan,Penerbitan Al-Munir,Local,"Syarikat Perniagaan Saya, Kuala Lumpur","[""Malay""]",Religious Doctrinal Deviance,Al-Arqam,"Akta Mesin Cetak Dan Penerbitan, 1984",Ketenteraman Awam,
Diantara Rintihan Dan Harapan Siri Sajak Al-Arqam,1994-09-29,1994,P.U. (A) 367,Printed Documents,Ustaz Ashaari Muhammad,Penerbitan Al-Arqam,Local,Utusan Printcorp Sdn Bhd,"[""Malay""]",Religious Doctrinal Deviance,Al-Arqam,"Akta Mesin Cetak Dan Penerbitan, 1984",Ketenteraman Awam,
Darul Arqam Sasaran Siapa,1994-09-29,1994,P.U. (A) 367,Printed Documents,Hj. Tajul Ariffin,Penerbitan Al Munir,Local,"Percetakan Pustaka Jaya,","[""Malay""]",Religious Doctrinal Deviance,Al-Arqam,"Akta Mesin Cetak Dan Penerbitan, 1984",Ketenteraman Awam,
Presiden Soeharto Ikut Jadual Allah,1994-09-29,1994,P.U. (A) 366,Printed Documents,Abuya Syeikh Iman Ashaari Muhammad,Penerbitan Abuya & Asoib International Limited,Local,Percetakan Cs,"[""Malay""]",Religious Doctrinal Deviance,Al-Arqam,"Akta Mesin Cetak Dan Penerbitan, 1984",Ketenteraman Awam,
Assalamualaikum Dato' Seri Pm,1994-09-29,1994,P.U. (A) 367,Printed Documents,Ustazah Khadijah Aam,Penerbitan Abuya,Local,"Syarikat Perniagaan Jaya, Kuala Lumpur","[""Malay""]",Religious Doctrinal Deviance,Al-Arqam,"Akta Mesin Cetak Dan Penerbitan, 1984",Ketenteraman Awam,
Darul Arqam 25 Tahun Perjuangan Abuya Syeikh Imam Ashaari Muhammad At-Tamimi,1994-09-29,1994,P.U. (A) 366,Printed Documents,,Penerbit Abuya,Local,Percetakan Cs,"[""Malay""]",Religious Doctrinal Deviance,Al-Arqam,"Akta Mesin Cetak Dan Penerbitan, 1984",Ketenteraman Awam,
Al-Mukminah,1994-09-29,1994,P.U. (A) 366,Printed Documents,Aishah Mohd Lajis,"Penerangan Al-Arqam,",Local,Pustaka Jaya,"[""Malay""]",Religious Doctrinal Deviance,Al-Arqam,"Akta Mesin Cetak Dan Penerbitan, 1984",Ketenteraman Awam,
Al Ain,1994-09-29,1994,P.U. (A) 366,Printed Documents,Mohd Nor Rafuzi Razali,"Penerangan Al-Arqam,",Local,Pustaka Jaya,"[""Malay""]",Religious Doctrinal Deviance,Al-Arqam,"Akta Mesin Cetak Dan Penerbitan, 1984",Ketenteraman Awam,
Matlamat Perjuangan Menurut Islam,1994-09-29,1994,P.U. (A) 366,Printed Documents,Ustaz Haji Ashaari Muhammad,"Penerangan Al-Arqam,",Local,Percetakan Simal Sdn Bhd,"[""Malay""]",Religious Doctrinal Deviance,Al-Arqam,"Akta Mesin Cetak Dan Penerbitan, 1984",Ketenteraman Awam,
Renungan Untuk Mengubah Sikap,1994-09-29,1994,P.U. (A) 366,Printed Documents,Ustaz Haji Ashaari Muhammad,"Penerangan Al-Arqam,",Local,Polygraphic Marketing Sdn Bhd,"[""Malay""]",Religious Doctrinal Deviance,Al-Arqam,"Akta Mesin Cetak Dan Penerbitan, 1984",Ketenteraman Awam,
Perancangan Dan Perkhidmatan,1994-09-29,1994,P.U. (A) 367,Printed Documents,Ustaz Haji Abdul Halim Abbas,"Penerangan Al-Arqam,",Local,Percetakan Polygraphic Sdn. Bhd.,"[""Malay""]",Religious Doctrinal Deviance,Al-Arqam,"Akta Mesin Cetak Dan Penerbitan, 1984",Ketenteraman Awam,
Pada Hemah & Pandangan Ustaz Hj. Ashaari Muhammad,1994-09-29,1994,P.U. (A) 367,Printed Documents,Ustaz Hj. Tajul Arifin,"Penerangan Al-Arqam,",Local,Percetakan Pustaka Jaya,"[""Malay""]",Religious Doctrinal Deviance,Al-Arqam,"Akta Mesin Cetak Dan Penerbitan, 1984",Ketenteraman Awam,
Falsafah Ke Arah Menyelesaikan Masalah Hidup Menurut Islam,1994-09-29,1994,P.U. (A) 367,Printed Documents,Ustaz Ashaari Muhammad,"Penerangan Al-Arqam,",Local,Percetakan Polygrafic Sdn.Bhd,"[""Malay""]",Religious Doctrinal Deviance,Al-Arqam,"Akta Mesin Cetak Dan Penerbitan, 1984",Ketenteraman Awam,
Serban Dan Jubah Pakaian Islam,1994-09-29,1994,P.U. (A) 367,Printed Documents,Ustaz Jaafar Salleh,"Penerangan Al-Arqam,",Local,Percetakan Polygraphic Sdn. Bhd.,"[""Malay""]",Religious Doctrinal Deviance,Al-Arqam,"Akta Mesin Cetak Dan Penerbitan, 1984",Ketenteraman Awam,
Peranan Angkatan Sufi Dalam Politik,1994-09-29,1994,P.U. (A) 367,Printed Documents,Abdul Hamid Al Bi Lali,Penerangan Al Arqam,Local,Percetakan Polygraphic Sdn. Bhd.,"[""Malay""]",Religious Doctrinal Deviance,Al-Arqam,"Akta Mesin Cetak Dan Penerbitan, 1984",Ketenteraman Awam,
Ibadah: Menurut Islam,1994-09-29,1994,P.U. (A) 367,Printed Documents,Ustaz Ashaari Muhammad,Penerangan Al Arqam,Local,Percetakan Sais Baru Sdn. Bhd,"[""Malay""]",Religious Doctrinal Deviance,Al-Arqam,"Akta Mesin Cetak Dan Penerbitan, 1984",Ketenteraman Awam,
Isu Arqam-Pm Siri 2,1994-09-29,1994,P.U. (A) 367,Printed Documents,,"Majlis Syuyukh Al Arqam, Madinah Al Arqam Sayidina Abu Bakar As Siddiq",Local,,"[""Malay""]",Religious Doctrinal Deviance,Al-Arqam,"Akta Mesin Cetak Dan Penerbitan, 1984",Ketenteraman Awam,
"Isu Arqam- Pusat Islam Siri 3,4,12,21,22,25,27, Dan 28",1994-09-29,1994,P.U. (A) 367,Printed Documents,,"Majlis Syuyukh Al Arqam, Madinah Al Arqam Sayidina Abu Bakar As Siddiq",Local,,"[""Malay""]",Religious Doctrinal Deviance,Al-Arqam,"Akta Mesin Cetak Dan Penerbitan, 1984",Ketenteraman Awam,
Dialog Abuya- Pusat Islam Sessi 01 Sessi 02 Dan Sessi 03,1994-09-29,1994,P.U. (A) 367,Printed Documents,,"Majlis Syuyukh Al Arqam, (Majlis Tertinggi Al-Arqam) Malaysia 29 Julai 1994",Local,,"[""Malay""]",Religious Doctrinal Deviance,Al-Arqam,"Akta Mesin Cetak Dan Penerbitan, 1984",Ketenteraman Awam,
Kenapa Timbul Kontroversi Syahadah Aurad Muhammadiah?,1994-09-29,1994,P.U. (A) 367,Printed Documents,,"Majlis Syuyukh Al Arqam, (Majlis Tertinggi Al-Arqam) Malaysia 29 Julai 1994",Local,,"[""Malay""]",Religious Doctrinal Deviance,Al-Arqam,"Akta Mesin Cetak Dan Penerbitan, 1984",Ketenteraman Awam,
Pertandingan Satu Lawan Satuabuya Iman Ashaari Vs Dr. Mahathir,1994-09-29,1994,P.U. (A) 367,Printed Documents,,"Majlis Syuyukh Al Arqam, (Majlis Tertinggi Al-Arqam) Malaysia 24 Julai 1994",Local,,"[""Malay""]",Religious Doctrinal Deviance,Al-Arqam,"Akta Mesin Cetak Dan Penerbitan, 1984",Ketenteraman Awam,
"Isu Ak Arqam Siri 6, 7, 8, 9, 10,11, 13, 14, 15, 19, 20, 23, 30, 32, 33, 34, 35 Dan Siri 36",1994-09-29,1994,P.U. (A) 367,Printed Documents,,Majlis Syuyukh Al Arqam Majlis Tertinggi Al-Arqam) Madinah Al Arqam Sayidina Abu Bakar As Sidiq,Local,,"[""Malay""]",Religious Doctrinal Deviance,Al-Arqam,,,
Pendidikan Rasulullah,1994-09-29,1994,P.U. (A) 366,Printed Documents,Ustaz Haji Ashaari Muhammad,Jabatan Syeikhul Arqam,Local,"Vinlon Press Sdn. Bhd.,","[""Malay""]",Religious Doctrinal Deviance,Al-Arqam,"Akta Mesin Cetak Dan Penerbitan, 1984",Ketenteraman Awam,
Pembangun Jiwa Dan Fikiran Ummah,1994-09-29,1994,P.U. (A) 366,Printed Documents,Ustaz Ashaari Muhammad,Jabatan Syeikhul Arqam,Local,"Yeohprinco Sdn.Bhd.,","[""Malay""]",Religious Doctrinal Deviance,Al-Arqam,"Akta Mesin Cetak Dan Penerbitan, 1984",Ketenteraman Awam,
Khutbah Aidilfitri 1413 Hijrah,1994-09-29,1994,P.U. (A) 366,Printed Documents,Sheikh Imam Ashaari Muhammad At-Tamimi,Bahagian Pengeluaran Minda Syeikhul Arqam,Local,,"[""Malay""]",Religious Doctrinal Deviance,Al-Arqam,"Akta Mesin Cetak Dan Penerbitan, 1984",Ketenteraman Awam,
Bersatu Menurut Islam,1994-09-29,1994,P.U. (A) 367,Printed Documents,Ustaz Hj. Ashaari Muhammad,Bahagian Penerangan Yayasan Al Arqam,Local,,"[""Malay""]",Religious Doctrinal Deviance,Al-Arqam,"Akta Mesin Cetak Dan Penerbitan, 1984",Ketenteraman Awam,
Huraian-Apa Itu Masyarakat Islam,1994-09-29,1994,P.U. (A) 367,Printed Documents,Ustaz Ashaari Muhammad,Bahagian Penerangan Darul Arqam,Local,Percetakan Simal Bhd,"[""Malay""]",Religious Doctrinal Deviance,Al-Arqam,"Akta Mesin Cetak Dan Penerbitan, 1984",Ketenteraman Awam,
Huraian Ke Arah Membangun Negara Dan Masyarakat Islam,1994-09-29,1994,P.U. (A) 367,Printed Documents,Ustaz Ashaari Muhammad,Bahagian Penerangan Darul Arqam,Local,Percetakan Jimal Sdn. Bhd,"[""Malay""]",Religious Doctrinal Deviance,Al-Arqam,"Akta Mesin Cetak Dan Penerbitan, 1984",Ketenteraman Awam,
25 Years Of Darul Arqam The Struggle Of Abuya Sheikh Imam Ashaari Muhammad At-Tamimi (Pamplet),1994-09-29,1994,P.U. (A) 367,Printed Documents,,Al-Arqam Information Department October 1993,Local,,"[""Malay""]",Religious Doctrinal Deviance,Al-Arqam,"Akta Mesin Cetak Dan Penerbitan, 1984",Ketenteraman Awam,
Perutusan Dari Timur,1994-09-29,1994,P.U. (A) 367,Printed Documents,,Al Arqam Production Singapura,Local,,"[""Malay""]",Religious Doctrinal Deviance,Al-Arqam,"Akta Mesin Cetak Dan Penerbitan, 1984",Ketenteraman Awam,
Bila Tabir Buluh Terbuka,1994-09-29,1994,P.U. (A) 367,Printed Documents,Ustaz Sheikh Abdul Rahim Sheikh Ahmad,Al Arqam Production Singapura,Local,,"[""Malay""]",Religious Doctrinal Deviance,Al-Arqam,"Akta Mesin Cetak Dan Penerbitan, 1984",Ketenteraman Awam,
Manaqib Kiyai Agung As Sheikh Assayyid Muhammad Bin Abdullah As Suhaimi,1994-09-29,1994,P.U. (A) 366,Printed Documents,Kiyai Muhammad Fadhullah Suhaimi Dalam Bahasa Jawa. Diterjemahkan Ke Dalam Bahasa Melayu Oleh Ramli Bin Alias. Diperbaiki Dan Ditambah Beberapa Hal Oleh Al-Ustaz Muhammad Thaha Suhaimi. Ditulis Oleh,,Unclear,,,Religious Doctrinal Deviance,Al-Arqam,"Akta Mesin Cetak Dan Penerbitan, 1984",Ketenteraman Awam,
Kamal Ataturk Ideologi Dan Kesannya Ke Atas Rakyat Turki,1996-09-26,1996,P.U. (A) 481,Printed Documents,Pahrol Mohamad Juoi,Penerbitan Hikmah,Local,Percetakan Malindo Sdn.Bhd,"[""Malay""]",Religious Doctrinal Deviance,Al-Arqam,"Akta Mesin Cetak Dan Penerbitan, 1984",Ketenteraman Awam,
Mayat Bertukar Bangkai Khinzir,1998-09-10,1998,P.U. (A) 337,Printed Documents,Ustaz Kamal Ashaari,Al-Faizuun Enterprise,Local,Al-Faizuun Enterprise,"[""Malay""]",Religious Doctrinal Deviance,Al-Arqam,"Akta Mesin Cetak Dan Penerbitan, 1984",Menggemparkan Fikiran Orang Ramai,
Cabaran Mujahid Akhir Zaman,1999-05-20,1999,P.U. (A) 204,Printed Documents,Ustaz Zulkifli Bin Ashaari,Mj Enterprise,Local,,"[""Malay""]",Religious Doctrinal Deviance,Al-Arqam,"Akta Mesin Cetak Dan Penerbitan, 1984",Menggemparkan Fikiran Orang Ramai,
Mengapa Sebahagian Bekas Pemimpin Arqam Menentang Haji Ashaari,2006-12-14,2006,P.U. (A) 419,Printed Documents,Dr. Mohd Noor Mohd Basir Dan Alifi Alias,Perniagaan Mata Angin (001618055-V),Local,,"[""Malay""]",Religious Doctrinal Deviance,Al-Arqam,"Akta Mesin Cetak Dan Penerbitan, 1984",Ketenteraman Awam,
Abuya Ashaari Muhammad Pemimpin Paling Ajaib Di Zamannya,2006-12-14,2006,P.U. (A) 419,Printed Documents,Ustazah Khadijah Aam,Penerbitan Minda Ikhwan (001283198-V),Local,,"[""Malay""]",Religious Doctrinal Deviance,Al-Arqam,"Akta Mesin Cetak Dan Penerbitan, 1984",Ketenteraman Awam,
Tsunami Pembawa Mesej Dari Tuhan,2006-12-14,2006,P.U. (A) 419,Printed Documents,Ustaz Ashaari Muhammad Dan Ustazah Khadijah Aam,Penerbitan Minda Ikhwan (001283198-V),Local,,"[""Malay""]",Religious Doctrinal Deviance,Al-Arqam,"Akta Mesin Cetak Dan Penerbitan, 1984",Ketenteraman Awam,
Pendidikan Rapat Dengan Rohaniah Manusia,2006-12-14,2006,P.U. (A) 419,Printed Documents,Ustaz Hj. Ashaari Muhammad,Penerbitan Minda Ikhwan (001283198-V),Local,,"[""Malay""]",Religious Doctrinal Deviance,Al-Arqam,"Akta Mesin Cetak Dan Penerbitan, 1984",Ketenteraman Awam,
Politik Islam Membawa Kasih Sayang,2007-09-13,2007,P.U. (A) 308,Printed Documents,Ustaz Hj. Ashaari Muhammad,One Art Productions (001662932-D),Local,Tckl Corporation Sdn. Bhd,"[""Malay""]",Religious Doctrinal Deviance,Al-Arqam,"Akta Mesin Cetak Dan Penerbitan, 1984",Ketenteraman Awam,
Lin Che Hsu,1950-07-29,1950,L.N. 331,Printed Documents,Children Good Friends Society,Wu Chow Book Store,Foreign,,"[""Chinese""]",Subversive Ideological And Political Content,Communism/Socialism,,,
A Study Of The History The Development Of Society,1950-07-29,1950,L.N. 331,Printed Documents,Siao Tang,Truth Bookshop,Foreign,,"[""Chinese""]",Subversive Ideological And Political Content,Communism/Socialism,,,
The People's Republic Of China,1950-07-29,1950,L.N. 331,Printed Documents,Ho Kung Chao,Tang Ti Publishing Co.,Foreign,,"[""Chinese""]",Subversive Ideological And Political Content,Communism/Socialism,,,
Picture Books The Gallant Hero,1950-07-29,1950,L.N. 331,Printed Documents,,Sin Hua Bookshop 10 Northeast Pictorial Society,Foreign,,"[""Chinese""]",Subversive Ideological And Political Content,Communism/Socialism,,,
Liberation Songs,1950-07-29,1950,L.N. 331,Printed Documents,Tsao Pe Han,Sin Hua Bookshop,Foreign,,"[""Chinese""]",Subversive Ideological And Political Content,Communism/Socialism,,,
Handbook On Sino Soviet Alliance,1950-07-29,1950,L.N. 331,Printed Documents,Yeh Ming Hua,Shih Yung Publishing Co.,Foreign,,"[""Chinese""]",Subversive Ideological And Political Content,Communism/Socialism,,,
Women And Children Hygiene,1950-07-29,1950,L.N. 331,Printed Documents,,Shanghai Ta Te Publishing Society,Foreign,,"[""Chinese""]",Subversive Ideological And Political Content,Communism/Socialism,,,Tagged As Communism Despite The Vague Title. I Assume It Is Based On The Fact That It Comes From A Shanghai Publisher. Needs Confirmation.
Outline Of Political Economy,1950-07-29,1950,L.N. 331,Printed Documents,Hu Min,Shanghai Magazine Co.,Foreign,,"[""Chinese""]",Subversive Ideological And Political Content,Communism/Socialism,,,
Red East,1950-07-29,1950,L.N. 331,Printed Documents,,Shanghai Magazine Co.,Foreign,,"[""Chinese""]",Subversive Ideological And Political Content,Communism/Socialism,,,
Sing Together,1950-07-29,1950,L.N. 331,Printed Documents,Chang Siew Ching,Shanghai Educational Book Store,Foreign,,"[""Chinese""]",Subversive Ideological And Political Content,Communism/Socialism,,,Cannot Find Information On The Cluster But Assumed It Is Likely As Selected Because Of The Publisher's Affiliation
The World's Leaders Of People,1950-07-29,1950,L.N. 331,Printed Documents,,Popular Culture Publishing Society,Foreign,,"[""Chinese""]",Subversive Ideological And Political Content,Communism/Socialism,,,
Chinas October,1950-07-29,1950,L.N. 331,Printed Documents,Ching Pe Fang Chien,Popular Bookshop,Foreign,,"[""Chinese""]",Subversive Ideological And Political Content,Communism/Socialism,,,
Picture Books Liu Chi Tan People's Hero,1950-07-29,1950,L.N. 331,Printed Documents,,Popular Art Publishing Society,Foreign,,"[""Chinese""]",Subversive Ideological And Political Content,Communism/Socialism,,,
Picture Books Ballards Of The Year Of Resurgence,1950-07-29,1950,L.N. 331,Printed Documents,,Popular Art Publishing Society,Foreign,,"[""Chinese""]",Subversive Ideological And Political Content,Communism/Socialism,,,
How To Know Yourself And Society,1950-07-29,1950,L.N. 331,Printed Documents,Lofu And Others,People's Bookshop,Foreign,,"[""Chinese""]",Subversive Ideological And Political Content,Communism/Socialism,,,
How To Organise A Study Sub-Commuttee,1950-07-29,1950,L.N. 331,Printed Documents,Shun Min And Others,New Youth Publishing Society,Foreign,,"[""Chinese""]",Subversive Ideological And Political Content,Communism/Socialism,,,
Picture Books Heroic Father,1950-07-29,1950,L.N. 331,Printed Documents,,New Voice Publishing Society,Foreign,,"[""Chinese""]",Subversive Ideological And Political Content,Communism/Socialism,,,
Picture Books The Marriage Of Yang Hsiao Lin,1950-07-29,1950,L.N. 331,Printed Documents,,New Voice Publishing Society,Foreign,,"[""Chinese""]",Subversive Ideological And Political Content,Communism/Socialism,,,
Picture Books The Last Drop Of Blood,1950-07-29,1950,L.N. 331,Printed Documents,,New Voice Publishing Society,Foreign,,"[""Chinese""]",Subversive Ideological And Political Content,Communism/Socialism,,,Determine Based On Publisher Records.
Picture Books An Account Of The Redress Of Grievances Of A Blind Monthly Paid Worker,1950-07-29,1950,L.N. 331,Printed Documents,,New Voice Publishing Society,Foreign,,"[""Chinese""]",Subversive Ideological And Political Content,Communism/Socialism,,,
Picture Books Blood And Tear Feud,1950-07-29,1950,L.N. 331,Printed Documents,,New Voice Publishing Society,Foreign,,"[""Chinese""]",Subversive Ideological And Political Content,Communism/Socialism,,,
Picture Books Chao I Man,1950-07-29,1950,L.N. 331,Printed Documents,,New Voice Publishing Society,Foreign,,"[""Chinese""]",Subversive Ideological And Political Content,Communism/Socialism,,,
A Modern History Of China,1950-07-29,1950,L.N. 331,Printed Documents,Fan Wen Lan,New China Book Co.,Foreign,,"[""Chinese""]",Subversive Ideological And Political Content,Communism/Socialism,,,
Youth And Labour,1950-07-29,1950,L.N. 331,Printed Documents,Hsin Huai,Nan Kuo Bookshop,Foreign,,"[""Chinese""]",Subversive Ideological And Political Content,Communism/Socialism,,,
Handbook On Sino Soviet Friendship,1950-07-29,1950,L.N. 331,Printed Documents,,Look Magazine,Foreign,,"[""Chinese""]",Subversive Ideological And Political Content,Communism/Socialism,,,
Ten Lectures On The Latest 100 Years Of The History Of China,1950-07-29,1950,L.N. 331,Printed Documents,Chen Chi Yuan,Lo Chun Bookshop,Foreign,,"[""Chinese""]",Subversive Ideological And Political Content,Communism/Socialism,,,
Selected Songs For The Masses,1950-07-29,1950,L.N. 331,Printed Documents,Lu Chi,Kuang Hun Bookshop,Foreign,,"[""Chinese""]",Subversive Ideological And Political Content,Communism/Socialism,,,
Progressive Youth,1950-07-29,1950,L.N. 331,Printed Documents,,Kai Ming Book Co.,Foreign,,"[""Chinese""]",Subversive Ideological And Political Content,Communism/Socialism,,,
A Study Of Sino Soviet Pact,1950-07-29,1950,L.N. 331,Printed Documents,Lee Go Shih,Hua Mei Book Co.,Foreign,,"[""Chinese""]",Subversive Ideological And Political Content,Communism/Socialism,,,
Youths' Study Problems,1950-07-29,1950,L.N. 331,Printed Documents,Yang Kuei Tsang,Hua Hsia Bookshop,Foreign,,"[""Chinese""]",Subversive Ideological And Political Content,Communism/Socialism,,,
Glory To The Peoples' Republic Of China,1950-07-29,1950,L.N. 331,Printed Documents,,Hua Fung Book Co.,Foreign,,"[""Chinese""]",Subversive Ideological And Political Content,Communism/Socialism,,,
New Songs,1950-07-29,1950,L.N. 331,Printed Documents,Ming Ming,Chung Hua Musical Studies Society,Foreign,,"[""Chinese""]",Subversive Ideological And Political Content,Communism/Socialism,,,
Selections Of Literary Report,1950-07-29,1950,L.N. 331,Printed Documents,,Chih Yuan Book Co.,Foreign,,"[""Chinese""]",Subversive Ideological And Political Content,Communism/Socialism,,,
A House Under The Sunlight,1950-07-29,1950,L.N. 331,Printed Documents,Shih Fei,Chen Kuang Publishing Co.,Foreign,,"[""Chinese""]",Subversive Ideological And Political Content,Communism/Socialism,,,
Picture Books New Liberated Areas,1950-07-29,1950,L.N. 331,Printed Documents,,,Foreign,,"[""Chinese""]",Subversive Ideological And Political Content,Communism/Socialism,,,
Toward New Life,1950-07-29,1950,L.N. 332,Printed Documents,,Youth Study Publishing Society,Foreign,,,Subversive Ideological And Political Content,Communism/Socialism,,,
China Young Children,1950-07-29,1950,L.N. 331,Printed Documents,,Youth Publishing Society,Foreign,,,Subversive Ideological And Political Content,Communism/Socialism,,,
China Youth,1950-07-29,1950,L.N. 332,Printed Documents,,Youth Publishing Society,Foreign,,,Subversive Ideological And Political Content,Communism/Socialism,,,
Stray Thoughts In The Snail Hall,1950-07-29,1950,L.N. 331,Printed Documents,Ha Hin,Yan Kan Book Store,Unclear,,,Subversive Ideological And Political Content,Communism/Socialism,,,
The Experience And Mission Of The Chinese Labour Movement,1950-07-29,1950,L.N. 331,Printed Documents,,Workers' Publishing Society,Unclear,,,Subversive Ideological And Political Content,Communism/Socialism,,,
October Revolution,1950-07-29,1950,L.N. 331,Printed Documents,Wu Lan,Wen Kung Publishing Society,Unclear,,,Subversive Ideological And Political Content,Communism/Socialism,,,
Stalin,1950-07-29,1950,L.N. 331,Printed Documents,Wu Lan,Wen Kung Publishing Co.,Foreign,,,Subversive Ideological And Political Content,Communism/Socialism,,,
Talks On Sino Soviet Problems,1950-07-29,1950,L.N. 331,Printed Documents,"Hu Hwa ,Etc",United Books Publishing Co.,Foreign,,,Subversive Ideological And Political Content,Communism/Socialism,,,
Tour Of South East Europe,1950-07-29,1950,L.N. 331,Printed Documents,Tong Tat,The New China Book Co.,Foreign,,,Subversive Ideological And Political Content,Communism/Socialism,,,
Discourse On Ideology,1950-07-29,1950,L.N. 331,Printed Documents,Kui Choi,The New China Book Co.,Foreign,,,Subversive Ideological And Political Content,Communism/Socialism,,,
Study,1950-07-29,1950,L.N. 332,Printed Documents,,Sun Lien Bookshop,Foreign,,,Subversive Ideological And Political Content,Communism/Socialism,,,Title Is Too Broad
Soviet Women,1950-07-29,1950,L.N. 331,Printed Documents,,Soviet Women Anti-Fascist Committe,Foreign,,,Subversive Ideological And Political Content,Communism/Socialism,,,
Useful Friend,1950-07-29,1950,L.N. 332,Printed Documents,,Sino-Russian Friendly Association,Unclear,,,Subversive Ideological And Political Content,Communism/Socialism,,,
Introducing Soviet Russia,1950-07-29,1950,L.N. 331,Printed Documents,,Sino-Russian Friendly Association,Foreign,,,Subversive Ideological And Political Content,Communism/Socialism,,,Language Undetermined
Knowledge On Soviet Russia Monthly,1950-07-29,1950,L.N. 332,Printed Documents,,Sino Soviet Friendship Society,Foreign,,,Subversive Ideological And Political Content,Communism/Socialism,,,
The General Masses,1950-07-29,1950,L.N. 332,Printed Documents,,Sin Hua Nan Publishing Society,Unclear,,,Subversive Ideological And Political Content,Communism/Socialism,,,
Interexchange Of Remittances In Central China,1950-07-29,1950,L.N. 331,Printed Documents,,Sin Hua Bookshop,Foreign,,,Subversive Ideological And Political Content,Communism/Socialism,,,
Youth Songs,1950-07-29,1950,L.N. 331,Printed Documents,Chou Hsiang,Sin Hua Bookshop,Foreign,,,Subversive Ideological And Political Content,Communism/Socialism,,,
Women Of New China,1950-07-29,1950,L.N. 331,Printed Documents,,Sin Hua Bookshop,Foreign,,,Subversive Ideological And Political Content,Communism/Socialism,,,
How To Live A Democratic Life,1950-07-29,1950,L.N. 331,Printed Documents,Su Lu,Sin Hua Bookshop,Foreign,,,Subversive Ideological And Political Content,Communism/Socialism,,,
New China Monthly,1950-07-29,1950,L.N. 332,Printed Documents,,Sin Hua Bookshop,Foreign,,,Subversive Ideological And Political Content,Communism/Socialism,,,
North Russia Weekly,1950-07-29,1950,L.N. 332,Printed Documents,,Sin Hua Bookshop,Foreign,,,Subversive Ideological And Political Content,Communism/Socialism,,,
Handbook On Teaching Of Chinese History,1950-07-29,1950,L.N. 331,Printed Documents,Wu Yu Chiang,Sin Hua Book Co.,Foreign,,,Subversive Ideological And Political Content,Communism/Socialism,,,
Present State Of The World,1950-07-29,1950,L.N. 331,Printed Documents,Wang Cheng,Sin Hua Book Co.,Foreign,,,Subversive Ideological And Political Content,Communism/Socialism,,,
The Method Of Thingking And Studying,1950-07-29,1950,L.N. 331,Printed Documents,Hsieh Mu Chino,Sin Hua Book Co.,Foreign,,,Subversive Ideological And Political Content,Communism/Socialism,,,
New Farming Village,1950-07-29,1950,L.N. 332,Printed Documents,New Farming Village Magazine Society,Sin Hua Book Co.,Foreign,,,Subversive Ideological And Political Content,Communism/Socialism,,,
Liliput Series Of Times Encyclopedia,1950-07-29,1950,L.N. 332,Printed Documents,,Shanghai Times Book Co.,Foreign,,,Subversive Ideological And Political Content,Communism/Socialism,,,
Basic Social Science Readers,1950-07-29,1950,L.N. 332,Printed Documents,,San Lien Bookshop,Foreign,,,Subversive Ideological And Political Content,Communism/Socialism,,,
Labour In Socialist Countries,1950-07-29,1950,L.N. 331,Printed Documents,,San Lien Book Co.,Foreign,,,Subversive Ideological And Political Content,Communism/Socialism,,,
The Economy Of New Democracy,1950-07-29,1950,L.N. 331,Printed Documents,Shen Chi Yuen,San Lien Book Co.,Foreign,,,Subversive Ideological And Political Content,Communism/Socialism,,,
Study Series,1950-07-29,1950,L.N. 332,Printed Documents,The Preparatory Commitee Of The Tientsin Democratic Youth Federation,Readers Bookshop,Foreign,,,Subversive Ideological And Political Content,Communism/Socialism,,,
Selected Popular Songs,1950-07-29,1950,L.N. 331,Printed Documents,,Popular Bookshop,Foreign,,,Subversive Ideological And Political Content,Communism/Socialism,,,
Translated Series Of Popular Knowledge,1950-07-29,1950,L.N. 332,Printed Documents,,Popular Bookshop,Foreign,,,Subversive Ideological And Political Content,Communism/Socialism,,,
Popular Poems & Song,1950-07-29,1950,L.N. 332,Printed Documents,,Popular Bookshop,Foreign,,,Subversive Ideological And Political Content,Communism/Socialism,,,
"Study,Study And Study",1950-07-29,1950,L.N. 331,Printed Documents,,Popular Book Co.,Foreign,,,Subversive Ideological And Political Content,Communism/Socialism,,,"No Information On The Book, At All. But Based On Publisher I Categorised It As Communist"
How To Exercise Criticism And Self Criticism,1950-07-29,1950,L.N. 331,Printed Documents,,Popular Book Co.,Foreign,,,Subversive Ideological And Political Content,Communism/Socialism,,,"No Indication About The Content, Same With Above."
Railway Station,1950-07-29,1950,L.N. 331,Printed Documents,Shih Tao And Kang Nung,Popular Book Co.,Foreign,,,Subversive Ideological And Political Content,Communism/Socialism,,,
October,1950-07-29,1950,L.N. 331,Printed Documents,,October Magazinepublishing Society,Unclear,,,Subversive Ideological And Political Content,Communism/Socialism,,,I Assume It Refers To The October Revolution.
North-East Pictorial,1950-07-29,1950,L.N. 332,Printed Documents,,North-East Pictorial Society,Unclear,,,Subversive Ideological And Political Content,Communism/Socialism,,,Foreign Magazine
Education In The North East,1950-07-29,1950,L.N. 332,Printed Documents,,North East Bookshop,Foreign,,,Subversive Ideological And Political Content,Communism/Socialism,,,
How To Understand This World,1950-07-29,1950,L.N. 331,Printed Documents,Lin Huan Ping,New Youth Publishing Society,Foreign,,,Subversive Ideological And Political Content,Communism/Socialism,,,
Chinese People's Literature,1950-07-29,1950,L.N. 332,Printed Documents,,New Voice Publishing Society,Unclear,,,Subversive Ideological And Political Content,Communism/Socialism,,,
New Contruction,1950-07-29,1950,L.N. 332,Printed Documents,,New Contruction Magazine Co.,Unclear,,,Subversive Ideological And Political Content,Communism/Socialism,,,
New China Monthly,1950-07-29,1950,L.N. 332,Printed Documents,,New China Monthly Society,Unclear,,,Subversive Ideological And Political Content,Communism/Socialism,,,
Orient In Revolution,1950-07-29,1950,L.N. 331,Printed Documents,Chen Yuan,New China Bookshop,Foreign,,,Subversive Ideological And Political Content,Communism/Socialism,,,
On Soviet Democracy,1950-07-29,1950,L.N. 331,Printed Documents,Alexander Loff & Chen Wei,New China Book Co.,Foreign,,,Subversive Ideological And Political Content,Communism/Socialism,,,
War And Production,1950-07-29,1950,L.N. 331,Printed Documents,Chien Shiao Mei,New China Book Co.,Foreign,,,Subversive Ideological And Political Content,Communism/Socialism,,,
New China And The Labour Class,1950-07-29,1950,L.N. 331,Printed Documents,Kiang Ping,Nan Fang Book Co.,Foreign,,,Subversive Ideological And Political Content,Communism/Socialism,,,
Common Sense On China's Politics,1950-07-29,1950,L.N. 331,Printed Documents,Chu Tsu,Nan Fang Book Co.,Foreign,,,Subversive Ideological And Political Content,Communism/Socialism,,,
New Literary Art,1950-07-29,1950,L.N. 332,Printed Documents,New Literary Art Society,,Unclear,,,Subversive Ideological And Political Content,Communism/Socialism,,,
The Experience Of Study,1950-07-29,1950,L.N. 331,Printed Documents,Wei Lok San,Min Chih Book Co. And Shih Hai Publishers,Foreign,,,Subversive Ideological And Political Content,Communism/Socialism,,,
Look,1950-07-29,1950,L.N. 332,Printed Documents,,"Look Weekly Co,",Unclear,,,Subversive Ideological And Political Content,Communism/Socialism,,,
Literary Life,1950-07-29,1950,L.N. 332,Printed Documents,Sze Ma Wen Sen,Literary Life Society,Unclear,,,Subversive Ideological And Political Content,Communism/Socialism,,,Chinese Playwrite: Claims Hong Kong Is Owned By China.
Literary Art,1950-07-29,1950,L.N. 332,Printed Documents,,Literary Art Monthly Co.,Unclear,,,Subversive Ideological And Political Content,Communism/Socialism,,,
Elementary Historical Materialism,1950-07-29,1950,L.N. 331,Printed Documents,Mo Nai Chun,Life:Study:New Knowledge,Unclear,,,Subversive Ideological And Political Content,Communism/Socialism,,,
Liberation Songs,1950-07-29,1950,L.N. 332,Printed Documents,,Liberation Songs & Society,Unclear,,,Subversive Ideological And Political Content,Communism/Socialism,,,
For Everlasting Peace For People's Democracy,1950-07-29,1950,L.N. 332,Printed Documents,,Liberation Society,Foreign,,,Subversive Ideological And Political Content,Communism/Socialism,,,
Enlightened Youth,1950-07-29,1950,L.N. 332,Printed Documents,Enlightend Youth Society,Kai Ming Book Co.,Foreign,,,Subversive Ideological And Political Content,Communism/Socialism,,,
Selected New China Songs,1950-07-29,1950,L.N. 332,Printed Documents,Ai Han-Sung,Hui Chun Publishing Society,Unclear,,,Subversive Ideological And Political Content,Communism/Socialism,,,
Selected Liberation Songs 1949,1950-07-29,1950,L.N. 332,Printed Documents,,Hua Feng Bookshop,Foreign,,,Subversive Ideological And Political Content,Communism/Socialism,,,
Eastern China Pictorial,1950-07-29,1950,L.N. 332,Printed Documents,,Eastern China Pictorial Society,Foreign,,,Subversive Ideological And Political Content,Communism/Socialism,,,
New China,1950-07-29,1950,L.N. 331,Printed Documents,,Chung Hua Book Co.,Foreign,,,Subversive Ideological And Political Content,Communism/Socialism,,,
Little Friends,1950-07-29,1950,L.N. 332,Printed Documents,,Chung Hua Book Co.,Foreign,,,Subversive Ideological And Political Content,Communism/Socialism,,,
Chinese Youth,1950-07-29,1950,L.N. 332,Printed Documents,Liao Hu Chin,Chung Hua Book Co.,Foreign,,,Subversive Ideological And Political Content,Communism/Socialism,,,
Literature For The Masses,1950-07-29,1950,L.N. 332,Printed Documents,,Chun Yi Publishing Society,Unclear,,,Subversive Ideological And Political Content,Communism/Socialism,,,
Learning From The Masses,1950-07-29,1950,L.N. 331,Printed Documents,Gorki,Chun Hsia Book Co.,Foreign,,,Subversive Ideological And Political Content,Communism/Socialism,,,Soviet's Literature
China Children,1950-07-29,1950,L.N. 331,Printed Documents,,China Children Society,Unclear,,,Subversive Ideological And Political Content,Communism/Socialism,,,
A Brief History Of China's Trade Union Movement,1950-07-29,1950,L.N. 331,Printed Documents,Teng Chung Hsia,Chih Shih Book Co.,Foreign,,,Subversive Ideological And Political Content,Communism/Socialism,,,
New Children,1950-07-29,1950,L.N. 332,Printed Documents,New Children Society,Chih Shih Book Co.,Foreign,,,Subversive Ideological And Political Content,Communism/Socialism,,,The Title And Author Is A Bit Vague But Publisher Have Published Pro Communist Books Before
Times,1950-07-29,1950,L.N. 332,Printed Documents,,Chiang Chuang Fang,Unclear,,,Subversive Ideological And Political Content,Communism/Socialism,,,
Popular Soviet Russian Political Science Series,1950-07-29,1950,L.N. 332,Printed Documents,,Authors Book Store,Unclear,,,Subversive Ideological And Political Content,Communism/Socialism,,,
Stalin And Revolution Of China,1951-04-09,1951,L.N. 263,Printed Documents,,Study Commission Of The C.C.P. Tientsin Municipal Council,Foreign,,,Subversive Ideological And Political Content,Communism/Socialism,,,
March Under Flag Of Mao Tse Tung,1951-04-27,1951,L.N. 263,Printed Documents,,Youth Publishing Co.,Foreign,,"[""Chinese""]",Subversive Ideological And Political Content,Communism/Socialism,,,"No Direct Evidence That Supports This Is About Communism, Except For The Fact That Mao Tse Tung Is The Leader Of Chinese Communist Party"
Establishment And Strengthening Of Youth During Anti-Blockade Campaign,1951-04-27,1951,L.N. 263,Printed Documents,,Youth Publishing Co.,Foreign,,"[""Chinese""]",Subversive Ideological And Political Content,Communism/Socialism,,,Promote Communist Youth Movements
Forward Progressive Road,1951-04-27,1951,L.N. 263,Printed Documents,,Youth Publishing Co.,Foreign,,"[""Chinese""]",Subversive Ideological And Political Content,Communism/Socialism,,,
Life & Ideal,1951-04-27,1951,L.N. 263,Printed Documents,Mai Ning,Youth & Knowledge Society,Unclear,,"[""Chinese""]",Subversive Ideological And Political Content,Communism/Socialism,,,
Inside South East Asian Countries,1951-04-27,1951,L.N. 263,Printed Documents,Pan Kung Chao,World Knowledge Society,Unclear,,"[""Chinese""]",Subversive Ideological And Political Content,Communism/Socialism,,,
Heroines Of Soviet Russia,1951-04-27,1951,L.N. 263,Printed Documents,,Women's League Of Sino-Soviet Culture Society,Foreign,New Life Book Store,"[""Chinese""]",Subversive Ideological And Political Content,Communism/Socialism,,,
Liberation Of Greater Shanghai,1951-04-27,1951,L.N. 263,Printed Documents,,Wah Tung Bookshop,Unclear,,"[""Chinese""]",Subversive Ideological And Political Content,Communism/Socialism,,,
Tuanty-Five Thousand Long March,1951-04-27,1951,L.N. 263,Audio/Recordings,,Wah Tung Bookshop,Foreign,,"[""Chinese""]",Subversive Ideological And Political Content,Communism/Socialism,,,
Exposition Of New International Situation,1951-04-27,1951,L.N. 263,Printed Documents,Chang Tiet Sheng,United China Publishing Co.,Foreign,,"[""Chinese""]",Subversive Ideological And Political Content,Communism/Socialism,,,Analyse Global Politics From A Communist Perspective; Flagged Under Act 301
Political Commonsense Of Workers,1951-04-27,1951,L.N. 263,Printed Documents,,Tung Lik Pub. Co.,Unclear,,"[""Chinese""]",Subversive Ideological And Political Content,Communism/Socialism,,,Workers
Impression Of The People's Writers,1951-04-27,1951,L.N. 263,Printed Documents,Si Ma Voon Sen,Tsi Yuen Bookstore,Unclear,,"[""Chinese""]",Subversive Ideological And Political Content,Communism/Socialism,,,
True News,1951-04-27,1951,L.N. 263,Printed Documents,,True News Press,Foreign,,"[""Chinese""]",Subversive Ideological And Political Content,Communism/Socialism,,,
Political Economy In Socialism,1951-04-27,1951,L.N. 263,Printed Documents,A. Leonchev,Tong Tai Pub. Co.,Unclear,,"[""Chinese""]",Subversive Ideological And Political Content,Communism/Socialism,,,
General Criticism Of Chinese Traditional Thought,1951-04-27,1951,L.N. 263,Printed Documents,Choi Sheung Sze,Tong Tai Pub. Co.,Foreign,,"[""Chinese""]",Subversive Ideological And Political Content,Communism/Socialism,,,
Geographical Environment & Socialistic Development,1951-04-27,1951,L.N. 263,Printed Documents,Ng Chak,Tong Tai Pub. Co.,Foreign,,"[""Chinese""]",Subversive Ideological And Political Content,Communism/Socialism,,,
Tilling The Wilds,1951-04-27,1951,L.N. 263,Printed Documents,,Tilling The Wilds Publication Society,Foreign,,"[""Chinese""]",Subversive Ideological And Political Content,Communism/Socialism,,,
Times,1951-04-27,1951,L.N. 263,Printed Documents,,The Times Book And Newspaper Publishing Co.,Foreign,,"[""Chinese""]",Subversive Ideological And Political Content,Communism/Socialism,,,
On The Colonial Question,1951-04-27,1951,L.N. 263,Printed Documents,"Lenin, Stalin And Zhukov",The People's Pub. House Ltd,Unclear,,"[""Chinese""]",Subversive Ideological And Political Content,Communism/Socialism,,,
Book-Keeping,1951-04-27,1951,L.N. 263,Printed Documents,Various,The New China Bookshop,Foreign,,"[""Chinese""]",Subversive Ideological And Political Content,Communism/Socialism,,,
Briefcourse Of Chinese History,1951-04-27,1951,L.N. 263,Printed Documents,Fan Man Lan,The New China Bookshop,Foreign,,"[""Chinese""]",Subversive Ideological And Political Content,Communism/Socialism,,,
Talks On Russian Literature,1951-04-27,1951,L.N. 263,Printed Documents,Gubachen,The New China Bookshop,Foreign,,"[""Chinese""]",Subversive Ideological And Political Content,Communism/Socialism,,,
Concise History Of Western Philosophy,1951-04-27,1951,L.N. 263,Printed Documents,Sikolov,The New China Bookshop,Foreign,,"[""Chinese""]",Subversive Ideological And Political Content,Communism/Socialism,,,
Times Forward,1951-04-27,1951,L.N. 263,Printed Documents,Valentin Petrovich Katayev,The New China Bookshop,Foreign,,"[""Chinese""]",Subversive Ideological And Political Content,Communism/Socialism,,,
Family Of Landlords,1951-04-27,1951,L.N. 263,Printed Documents,Shehedrin,The New China Bookshop,Foreign,,"[""Chinese""]",Subversive Ideological And Political Content,Communism/Socialism,,,
France,1951-04-27,1951,L.N. 263,Printed Documents,She Hon,The New China Bookshop,Foreign,,"[""Chinese""]",Subversive Ideological And Political Content,Communism/Socialism,,,
Gorky And His Short Stories,1951-04-27,1951,L.N. 263,Printed Documents,A. Luscombe,The New China Bookshop,Foreign,,"[""Chinese""]",Subversive Ideological And Political Content,Communism/Socialism,,,
History Of Chu Yuen Cheung,1951-04-27,1951,L.N. 263,Printed Documents,Ng Ham,The New China Bookshop,Foreign,,"[""Chinese""]",Subversive Ideological And Political Content,Communism/Socialism,,,
History Of Relationship Between Individual & Masses,1951-04-27,1951,L.N. 263,Printed Documents,Constantine,The New China Bookshop,Foreign,,"[""Chinese""]",Subversive Ideological And Political Content,Communism/Socialism,,,
Hung Saw Chuen,1951-04-27,1951,L.N. 263,Printed Documents,Chun Muk,The New China Bookshop,Foreign,,"[""Chinese""]",Subversive Ideological And Political Content,Communism/Socialism,,,
Life Of Karl Marx,1951-04-27,1951,L.N. 263,Printed Documents,,The New China Bookshop,Foreign,,"[""Chinese""]",Subversive Ideological And Political Content,Communism/Socialism,,,
No. Forty-One,1951-04-27,1951,L.N. 263,Printed Documents,Lafulinief,The New China Bookshop,Foreign,,"[""Chinese""]",Subversive Ideological And Political Content,Communism/Socialism,,,Lack Of Information
Northwest,1951-04-27,1951,L.N. 263,Printed Documents,Tsoi Kwang Kai,The New China Bookshop,Foreign,,"[""Chinese""]",Subversive Ideological And Political Content,Communism/Socialism,,,
Philosophical Foundatioin Of Social Science,1951-04-27,1951,L.N. 263,Printed Documents,Fung Ting,The New China Bookshop,Foreign,,"[""Chinese""]",Subversive Ideological And Political Content,Communism/Socialism,,,
Pratical Book-Keeping,1951-04-27,1951,L.N. 263,Printed Documents,Chu Yit Shing,The New China Bookshop,Foreign,,"[""Chinese""]",Subversive Ideological And Political Content,Communism/Socialism,,,
Selected Translation From Books Read,1951-04-27,1951,L.N. 263,Printed Documents,To Fan,The New China Bookshop,Foreign,,"[""Chinese""]",Subversive Ideological And Political Content,Communism/Socialism,,,
How Steel & Iron Are Refined,1951-04-27,1951,L.N. 263,Printed Documents,Ostrovski,The Kwong Wah Bookshop,Unclear,,"[""Chinese""]",Subversive Ideological And Political Content,Communism/Socialism,,,
How To Appreciate Movies,1951-04-27,1951,L.N. 263,Printed Documents,Lo Ngai Fu,The Kwong Wah Bookshop,Unclear,,"[""Chinese""]",Subversive Ideological And Political Content,Communism/Socialism,,,
Brief Course Of Chinese History,1951-04-27,1951,L.N. 263,Printed Documents,Lui Chun Yu,The Kwong Wah Bookshop,Local,,"[""Chinese""]",Subversive Ideological And Political Content,Communism/Socialism,,,Evidence Of Publication Origin Being Local Is Because Of Kwong Wah Yit Pau
Collected Essays On New Music,1951-04-27,1951,L.N. 263,Printed Documents,Lui Yik,The Kwong Wah Bookshop,Foreign,,"[""Chinese""]",Subversive Ideological And Political Content,Communism/Socialism,,,
Open Letter To Compatriots On Realisation Of Outline Of People's Democratic Republic,1951-04-27,1951,L.N. 263,Printed Documents,Malayan Communist Party Central Committee,The Freedom Pub. Society,Unclear,,"[""Chinese""]",Subversive Ideological And Political Content,Communism/Socialism,,,
Jean Christopher,1951-04-27,1951,L.N. 263,Printed Documents,Romain Holland,The Camel Publishing Co.,Unclear,,"[""Chinese""]",Subversive Ideological And Political Content,Communism/Socialism,,,
Tai Chung Po,1951-04-27,1951,L.N. 263,Printed Documents,,Tai Chung Press,Foreign,,"[""Chinese""]",Subversive Ideological And Political Content,Communism/Socialism,,,
Education Workers Manual,1951-04-27,1951,L.N. 263,Printed Documents,Feng Shi,Ta Kung Bookstore,Foreign,,"[""Chinese""]",Subversive Ideological And Political Content,Communism/Socialism,,,
Literary Post,1951-04-27,1951,L.N. 263,Printed Documents,,Sun Wah Book Co.,Unclear,,"[""Chinese""]",Subversive Ideological And Political Content,Communism/Socialism,,,
Grand Ceremony Of Founding Of The Country,1951-04-27,1951,L.N. 263,Printed Documents,,Sun Kwong Publishing Co.,Unclear,,"[""Chinese""]",Subversive Ideological And Political Content,Communism/Socialism,,,
Life On Soviet Farms,1951-04-27,1951,L.N. 263,Printed Documents,,Sun Kwong Publishing Co.,Unclear,,"[""Chinese""]",Subversive Ideological And Political Content,Communism/Socialism,,,
New China Stands On Side Of Peace Bloc In International Theatre,1951-04-27,1951,L.N. 263,Printed Documents,,Sun Kwong Publishing Co.,Unclear,,"[""Chinese""]",Subversive Ideological And Political Content,Communism/Socialism,,,
New Shops In Soviet Union,1951-04-27,1951,L.N. 263,Printed Documents,,Sun Kwong Publishing Co.,Unclear,,"[""Chinese""]",Subversive Ideological And Political Content,Communism/Socialism,,,
Pictorial Life History Of Stalin,1951-04-27,1951,L.N. 263,Printed Documents,,Sun Kwong Publishing Co.,Unclear,,"[""Chinese""]",Subversive Ideological And Political Content,Communism/Socialism,,,
Big Parade In Red Square,1951-04-27,1951,L.N. 263,Printed Documents,,Sun Kwong Publishing Co.,Foreign,,"[""Chinese""]",Subversive Ideological And Political Content,Communism/Socialism,,,
Gallant Army Of Liberation,1951-04-27,1951,L.N. 263,Printed Documents,,Sun Kwong Publishing Co.,Foreign,,"[""Chinese""]",Subversive Ideological And Political Content,Communism/Socialism,,,
Let The Woodcarver Awake,1951-04-27,1951,L.N. 263,Printed Documents,Pable Neruda,Sun Kwan Publishing Co.,Unclear,,"[""Chinese""]",Subversive Ideological And Political Content,Communism/Socialism,,,
My Impressions In America,1951-04-27,1951,L.N. 263,Printed Documents,Ehrenberg,Sun Kwan Publishing Co.,Unclear,,"[""Chinese""]",Subversive Ideological And Political Content,Communism/Socialism,,,
Collection Of Theses To Commemorate 32Nd Anniversary Of October Revolution,1951-04-27,1951,L.N. 263,Printed Documents,Study Comm. Of The C.C.P. Tientsin Municipal Council,Study Commission Of The C.C.P. Tientsin Municipal Council,Foreign,,"[""Chinese""]",Subversive Ideological And Political Content,Communism/Socialism,,,
Defend World Peace,1951-04-27,1951,L.N. 263,Printed Documents,,Study Commission Of The C.C.P. Tientsin Municipal Council,Foreign,,"[""Chinese""]",Subversive Ideological And Political Content,Communism/Socialism,,,
Tighten Sino-Russian Frendship,1951-04-27,1951,L.N. 263,Printed Documents,,Study Commission Of The C.C.P. Tientsin Municipal Council,Foreign,,"[""Chinese""]",Subversive Ideological And Political Content,Communism/Socialism,,,
Documents For Study By People's P.C.C.,1951-04-27,1951,L.N. 263,Printed Documents,,Study Commission Of The C.C.P. Tientsin Municipal Council,Foreign,,"[""Chinese""]",Subversive Ideological And Political Content,Communism/Socialism,,,
Materials For Study Of Anti-American White Paper,1951-04-27,1951,L.N. 263,Printed Documents,,Study Commission Of The C.C.P. Tientsin Municipal Council,Foreign,,"[""Chinese""]",Subversive Ideological And Political Content,Communism/Socialism,,,
On Relation Between Cities & Villages,1951-04-27,1951,L.N. 263,Printed Documents,,Study Commission Of The C.C.P. Tientsin Municipal Council,Foreign,,"[""Chinese""]",Subversive Ideological And Political Content,Communism/Socialism,,,
Talks On International Problems,1951-04-27,1951,L.N. 263,Printed Documents,,South Seas Publishing Bureau,Foreign,,"[""Chinese""]",Subversive Ideological And Political Content,Communism/Socialism,,,
People's War,1951-04-27,1951,L.N. 263,Printed Documents,,South Malaya People's War Press,Unclear,,"[""Chinese""]",Subversive Ideological And Political Content,Communism/Socialism,,,
Literary Art Of A New People,1951-04-27,1951,L.N. 263,Printed Documents,Chou Yang,Sin Hwa Bookstore,Unclear,,"[""Chinese""]",Subversive Ideological And Political Content,Communism/Socialism,,,
Literary News,1951-04-27,1951,L.N. 263,Printed Documents,,Sin Hwa Bookstore,Unclear,,"[""Chinese""]",Subversive Ideological And Political Content,Communism/Socialism,,,
Flying Sparks Of War,1951-04-27,1951,L.N. 263,Printed Documents,Lui Pai -Yu,Sin Hwa Bookstore,Foreign,,"[""Chinese""]",Subversive Ideological And Political Content,Communism/Socialism,,,
Showing The Time Of A New People,1951-04-27,1951,L.N. 263,Printed Documents,Chon Yang,Sin Hwa Bookstore,Foreign,,"[""Chinese""]",Subversive Ideological And Political Content,Communism/Socialism,,,
Northern Line,1951-04-27,1951,L.N. 263,Printed Documents,Yang So,Sin Hwa Bookshop,Unclear,,"[""Chinese""]",Subversive Ideological And Political Content,Communism/Socialism,,,Lack Of Information
Textbook On Sociology,1951-04-27,1951,L.N. 263,Printed Documents,Wang Po Lun,Shin Chow Kwok-Kwang Society,Foreign,,"[""Chinese""]",Subversive Ideological And Political Content,Communism/Socialism,,,
Model Diary,1951-04-27,1951,L.N. 263,Printed Documents,Hwang Chen Fu,Shanghai Printing Press,Foreign,,"[""Chinese""]",Subversive Ideological And Political Content,Communism/Socialism,,,
Happy Reunion Of Lau Hau,1951-04-27,1951,L.N. 263,Printed Documents,Hon Hei Cheung,Sam Puen Bookshop,Unclear,,"[""Chinese""]",Subversive Ideological And Political Content,Communism/Socialism,,,Sam Puen Bookstore Have Many Communism/Socialism Book.
Preparation For Writing (Books),1951-04-27,1951,L.N. 263,Printed Documents,Mau Tun,"Sam Luen Bookshop, China ,The New China Bookshop",Foreign,,"[""Chinese""]",Subversive Ideological And Political Content,Communism/Socialism,,,
Capitalism,1951-04-27,1951,L.N. 263,Printed Documents,,Sam Luen Bookshop,Unclear,,"[""Chinese""]",Subversive Ideological And Political Content,Communism/Socialism,,,
Historical Materialism,1951-04-27,1951,L.N. 263,Printed Documents,Mark B. Mitin,Sam Luen Bookshop,Unclear,,"[""Chinese""]",Subversive Ideological And Political Content,Communism/Socialism,,,
History Of Theories Of Surplus Value,1951-04-27,1951,L.N. 263,Printed Documents,Karl Marx,Sam Luen Bookshop,Unclear,,"[""Chinese""]",Subversive Ideological And Political Content,Communism/Socialism,,,
How China Became A Semi Colony,1951-04-27,1951,L.N. 263,Printed Documents,Chin Yik Shek,Sam Luen Bookshop,Unclear,,"[""Chinese""]",Subversive Ideological And Political Content,Communism/Socialism,,,
How Man Became Great...,1951-04-27,1951,L.N. 263,Printed Documents,,Sam Luen Bookshop,Unclear,,"[""Chinese""]",Subversive Ideological And Political Content,Communism/Socialism,,,
How To Investigate Researches,1951-04-27,1951,L.N. 263,Printed Documents,Pak To,Sam Luen Bookshop,Unclear,,"[""Chinese""]",Subversive Ideological And Political Content,Communism/Socialism,,,
How To Study Capitalism,1951-04-27,1951,L.N. 263,Printed Documents,,Sam Luen Bookshop,Unclear,,"[""Chinese""]",Subversive Ideological And Political Content,Communism/Socialism,,,
Imperialism & Chinese Politics,1951-04-27,1951,L.N. 263,Printed Documents,Wu Shing,Sam Luen Bookshop,Unclear,,"[""Chinese""]",Subversive Ideological And Political Content,Communism/Socialism,,,
"Indonesia, Country Of Island's",1951-04-27,1951,L.N. 263,Printed Documents,Behrang At Wong Yam Shuk,Sam Luen Bookshop,Unclear,,"[""Chinese""]",Subversive Ideological And Political Content,Communism/Socialism,,,
Inside Story Of American Diplomats,1951-04-27,1951,L.N. 263,Printed Documents,Annabelle Bucar,Sam Luen Bookshop,Unclear,,"[""Chinese""]",Subversive Ideological And Political Content,Communism/Socialism,,,
Japan Pre-War & Post-War,1951-04-27,1951,L.N. 263,Printed Documents,Lau Sze Mo,Sam Luen Bookshop,Unclear,,"[""Chinese""]",Subversive Ideological And Political Content,Communism/Socialism,,,
Labour Under The U.S.S.R.,1951-04-27,1951,L.N. 263,Printed Documents,Manieff,Sam Luen Bookshop,Unclear,,"[""Chinese""]",Subversive Ideological And Political Content,Communism/Socialism,,,
Learn Lenin's Method Of Working,1951-04-27,1951,L.N. 263,Printed Documents,,Sam Luen Bookshop,Unclear,,"[""Chinese""]",Subversive Ideological And Political Content,Communism/Socialism,,,
Lenin,1951-04-27,1951,L.N. 263,Printed Documents,Ngai Ming Chi,Sam Luen Bookshop,Unclear,,"[""Chinese""]",Subversive Ideological And Political Content,Communism/Socialism,,,
Li Yung Mines The Battlefield,1951-04-27,1951,L.N. 263,Printed Documents,Siu Chin Nam,Sam Luen Bookshop,Unclear,,"[""Chinese""]",Subversive Ideological And Political Content,Communism/Socialism,,,
Logic Of Dialectism,1951-04-27,1951,L.N. 263,Printed Documents,Joseph Dietzgen,Sam Luen Bookshop,Unclear,,"[""Chinese""]",Subversive Ideological And Political Content,Communism/Socialism,,,
Malaya,1951-04-27,1951,L.N. 263,Printed Documents,Shun Lo,Sam Luen Bookshop,Unclear,,"[""Chinese""]",Subversive Ideological And Political Content,Communism/Socialism,,,Lack Of Information; Title Too Generic
Man Yat To,1951-04-27,1951,L.N. 263,Printed Documents,Min Chi,Sam Luen Bookshop,Unclear,,"[""Chinese""]",Subversive Ideological And Political Content,Communism/Socialism,,,"No Evidence To Back This Up, But All Books Under Sam Luen Bookshop Could've Been Banned Not Necessarily Bcs Of The Contents, But Bcs The Bookshop's Affiliation With Communism"
Marx,1951-04-27,1951,L.N. 263,Printed Documents,Ngai Ming Chi,Sam Luen Bookshop,Unclear,,"[""Chinese""]",Subversive Ideological And Political Content,Communism/Socialism,,,
Marxism & Poetry,1951-04-27,1951,L.N. 263,Printed Documents,George Donaldson,Sam Luen Bookshop,Unclear,,"[""Chinese""]",Subversive Ideological And Political Content,Communism/Socialism,,,
Materialism & Empirio Criticism,1951-04-27,1951,L.N. 263,Printed Documents,,Sam Luen Bookshop,Unclear,,"[""Chinese""]",Subversive Ideological And Political Content,Communism/Socialism,,,
Materialistic Conception Of Love,1951-04-27,1951,L.N. 263,Printed Documents,,Sam Luen Bookshop,Unclear,,"[""Chinese""]",Subversive Ideological And Political Content,Communism/Socialism,,,
Merge Of Personal Interest And Public Interest In Age Of Socialism,1951-04-27,1951,L.N. 263,Printed Documents,,Sam Luen Bookshop,Unclear,,"[""Chinese""]",Subversive Ideological And Political Content,Communism/Socialism,,,
Miscellaneous Talks On Soviet Russia,1951-04-27,1951,L.N. 263,Printed Documents,Mau Tun,Sam Luen Bookshop,Unclear,,"[""Chinese""]",Subversive Ideological And Political Content,Communism/Socialism,,,
Modern History Of International Relations,1951-04-27,1951,L.N. 263,Printed Documents,Cheung Tit Sang,Sam Luen Bookshop,Unclear,,"[""Chinese""]",Subversive Ideological And Political Content,Communism/Socialism,,,Could Be Bcs Of Publisher's Association; No Evidence To Back This Up
Modern History Of World Democratic Movement,1951-04-27,1951,L.N. 263,Printed Documents,Landi,Sam Luen Bookshop,Unclear,,"[""Chinese""]",Subversive Ideological And Political Content,Communism/Socialism,,,
Mr. Short,1951-04-27,1951,L.N. 263,Printed Documents,,Sam Luen Bookshop,Unclear,,"[""Chinese""]",Subversive Ideological And Political Content,Communism/Socialism,,,"Lack Of Information And Generic Title But There Are A Lot Of Books From This Publisher That Has Been Banned, Hence Could Be Bcs Of Communism Association"
New Discourse On Geomancy,1951-04-27,1951,L.N. 263,Printed Documents,Lo Chuen,Sam Luen Bookshop,Unclear,,"[""Chinese""]",Subversive Ideological And Political Content,Communism/Socialism,,,"Geomancy (Feng Shui), Maybe Could Be About Superstitions"
1911 Revolution & Yuan Shi Kai,1951-04-27,1951,L.N. 263,Printed Documents,Lai Nai Ham,Sam Luen Bookshop,Unclear,,"[""Chinese""]",Subversive Ideological And Political Content,Communism/Socialism,,,
On Property Under Socialism,1951-04-27,1951,L.N. 263,Printed Documents,,Sam Luen Bookshop,Unclear,,"[""Chinese""]",Subversive Ideological And Political Content,Communism/Socialism,,,
On Stalin's Dialectic Msterialism & Historical Materialism,1951-04-27,1951,L.N. 263,Printed Documents,Merk B. Mitin,Sam Luen Bookshop,Unclear,,"[""Chinese""]",Subversive Ideological And Political Content,Communism/Socialism,,,
On Transition From Socialism To Communism,1951-04-27,1951,L.N. 263,Printed Documents,,Sam Luen Bookshop,Unclear,,"[""Chinese""]",Subversive Ideological And Political Content,Communism/Socialism,,,
On Ways Of Thought,1951-04-27,1951,L.N. 263,Printed Documents,Wu Shing,Sam Luen Bookshop,Unclear,,"[""Chinese""]",Subversive Ideological And Political Content,Communism/Socialism,,,
"Origin Of Family, Private Property And State",1951-04-27,1951,L.N. 263,Printed Documents,F. Engels,Sam Luen Bookshop,Unclear,,"[""Chinese""]",Subversive Ideological And Political Content,Communism/Socialism,,,
Outline Of Economic History Of The World,1951-04-27,1951,L.N. 263,Printed Documents,Pang Tik Sin,Sam Luen Bookshop,Unclear,,"[""Chinese""]",Subversive Ideological And Political Content,Communism/Socialism,,,
Outline Of Modern Economic Thought,1951-04-27,1951,L.N. 263,Printed Documents,Shum Chi Yuen,Sam Luen Bookshop,Unclear,,"[""Chinese""]",Subversive Ideological And Political Content,Communism/Socialism,,,
Philippines,1951-04-27,1951,L.N. 263,Printed Documents,Leung Sheung Yeun,Sam Luen Bookshop,Unclear,,"[""Chinese""]",Subversive Ideological And Political Content,Communism/Socialism,,,
Philosophical Foundation Of Social Science,1951-04-27,1951,L.N. 263,Printed Documents,Shum Chi Yuen,Sam Luen Bookshop,Unclear,,"[""Chinese""]",Subversive Ideological And Political Content,Communism/Socialism,,,
Post-War Capitalism,1951-04-27,1951,L.N. 263,Printed Documents,To Tai Yung,Sam Luen Bookshop,Unclear,,"[""Chinese""]",Subversive Ideological And Political Content,Communism/Socialism,,,
Primary Education In Soviet Russia,1951-04-27,1951,L.N. 263,Printed Documents,,Sam Luen Bookshop,Unclear,,"[""Chinese""]",Subversive Ideological And Political Content,Communism/Socialism,,,
"Problem Of Post-War, Japan",1951-04-27,1951,L.N. 263,Printed Documents,Lau Sze Mo,Sam Luen Bookshop,Unclear,,"[""Chinese""]",Subversive Ideological And Political Content,Communism/Socialism,,,
Problems Of Thought,1951-04-27,1951,L.N. 263,Printed Documents,Central Drama Institution Of Peiping,Sam Luen Bookshop,Unclear,,"[""Chinese""]",Subversive Ideological And Political Content,Communism/Socialism,,,
Reminiscences Of My Travels,1951-04-27,1951,L.N. 263,Printed Documents,To Fan,Sam Luen Bookshop,Unclear,,"[""Chinese""]",Subversive Ideological And Political Content,Communism/Socialism,,,
Russian Primer,1951-04-27,1951,L.N. 263,Printed Documents,Ho Ching,Sam Luen Bookshop,Unclear,,"[""Chinese""]",Subversive Ideological And Political Content,Communism/Socialism,,,
Science Of Money,1951-04-27,1951,L.N. 263,Printed Documents,Li Tat,Sam Luen Bookshop,Unclear,,"[""Chinese""]",Subversive Ideological And Political Content,Communism/Socialism,,,
Second World War,1951-04-27,1951,L.N. 263,Printed Documents,Tsui Yen,Sam Luen Bookshop,Unclear,,"[""Chinese""]",Subversive Ideological And Political Content,Communism/Socialism,,,
Selected Essays On Education By To Hang Chi,1951-04-27,1951,L.N. 263,Printed Documents,Fong Yu Yim,Sam Luen Bookshop,Unclear,,"[""Chinese""]",Subversive Ideological And Political Content,Communism/Socialism,,,
Selected Literary Works Reader,1951-04-27,1951,L.N. 263,Printed Documents,Chuen Lun & Kot Kam,Sam Luen Bookshop,Unclear,,"[""Chinese""]",Subversive Ideological And Political Content,Communism/Socialism,,,
Selections Of Philosphical Writings,1951-04-27,1951,L.N. 263,Printed Documents,Ngai Si Ki,Sam Luen Bookshop,Unclear,,"[""Chinese""]",Subversive Ideological And Political Content,Communism/Socialism,,,
America's Coming Crisis,1951-04-27,1951,L.N. 263,Printed Documents,Kiu Muk,Sam Luen Bookshop,Unclear,,"[""Chinese""]",Subversive Ideological And Political Content,Communism/Socialism,,,
Analysis Of America's Postwar Economics,1951-04-27,1951,L.N. 263,Printed Documents,Chan Yuen,Sam Luen Bookshop,Unclear,,"[""Chinese""]",Subversive Ideological And Political Content,Communism/Socialism,,,
Short History Of Literary Thought,1951-04-27,1951,L.N. 263,Printed Documents,Tsui Mau Yung,Sam Luen Bookshop,Unclear,,"[""Chinese""]",Subversive Ideological And Political Content,Communism/Socialism,,,
Analysis Of Capitalist Economy,1951-04-27,1951,L.N. 263,Printed Documents,Shum Chi Yuen,Sam Luen Bookshop,Unclear,,"[""Chinese""]",Subversive Ideological And Political Content,Communism/Socialism,,,
At The Foot Of The Hill,1951-04-27,1951,L.N. 263,Printed Documents,Tung Ping,Sam Luen Bookshop,Unclear,,"[""Chinese""]",Subversive Ideological And Political Content,Communism/Socialism,,,
Basic Characteristics Of Soviet Economic System,1951-04-27,1951,L.N. 263,Printed Documents,Karpovski,Sam Luen Bookshop,Unclear,,"[""Chinese""]",Subversive Ideological And Political Content,Communism/Socialism,,,
Basic Knowledge Of Literature,1951-04-27,1951,L.N. 263,Printed Documents,Yee Kwan,Sam Luen Bookshop,Unclear,,"[""Chinese""]",Subversive Ideological And Political Content,Communism/Socialism,,,
Biography Of Lo Shun,1951-04-27,1951,L.N. 263,Printed Documents,Wong Sze Ching,Sam Luen Bookshop,Foreign,,"[""Chinese""]",Subversive Ideological And Political Content,Communism/Socialism,,,
Burma,1951-04-27,1951,L.N. 263,Printed Documents,Yee Pui,Sam Luen Bookshop,Foreign,,"[""Chinese""]",Subversive Ideological And Political Content,Communism/Socialism,,,
Business Management & Professional Training,1951-04-27,1951,L.N. 263,Printed Documents,To Fam,Sam Luen Bookshop,Foreign,,"[""Chinese""]",Subversive Ideological And Political Content,Communism/Socialism,,,
Capitalism,1951-04-27,1951,L.N. 263,Printed Documents,Lau Chee Ming,Sam Luen Bookshop,Foreign,,"[""Chinese""]",Subversive Ideological And Political Content,Communism/Socialism,,,
Talks On Industrial Revolution,1951-04-27,1951,L.N. 263,Printed Documents,Chin Yik Shek,Sam Luen Bookshop,Foreign,,"[""Chinese""]",Subversive Ideological And Political Content,Communism/Socialism,,,
Cheung Cho Purchases A Cow,1951-04-27,1951,L.N. 263,Printed Documents,Wong Ah Ping,Sam Luen Bookshop,Foreign,,"[""Chinese""]",Subversive Ideological And Political Content,Communism/Socialism,,,
Talks On Youth Cultivation,1951-04-27,1951,L.N. 263,Printed Documents,Chow Yuen Bing,Sam Luen Bookshop,Foreign,,"[""Chinese""]",Subversive Ideological And Political Content,Communism/Socialism,,,
Collection Of Family Letter's Of Lenin,1951-04-27,1951,L.N. 263,Printed Documents,,Sam Luen Bookshop,Foreign,,"[""Chinese""]",Subversive Ideological And Political Content,Communism/Socialism,,,
Those Who Built Stalingrad,1951-04-27,1951,L.N. 263,Printed Documents,M Gorky,Sam Luen Bookshop,Foreign,,"[""Chinese""]",Subversive Ideological And Political Content,Communism/Socialism,,,
Developed Maiden Land,1951-04-27,1951,L.N. 263,Printed Documents,,Sam Luen Bookshop,Foreign,,"[""Chinese""]",Subversive Ideological And Political Content,Communism/Socialism,,,
Development Of Socialistic Ideology,1951-04-27,1951,L.N. 263,Printed Documents,Shum Chi Yuen,Sam Luen Bookshop,Foreign,,"[""Chinese""]",Subversive Ideological And Political Content,Communism/Socialism,,,
Dialectic Materialism,1951-04-27,1951,L.N. 263,Printed Documents,Mart. B. Mitin,Sam Luen Bookshop,Foreign,,"[""Chinese""]",Subversive Ideological And Political Content,Communism/Socialism,,,
Discourse On Economics,1951-04-27,1951,L.N. 263,Printed Documents,Tik Chin Pak,Sam Luen Bookshop,Foreign,,"[""Chinese""]",Subversive Ideological And Political Content,Communism/Socialism,,,
Discourses On Soviet Literature,1951-04-27,1951,L.N. 263,Printed Documents,,Sam Luen Bookshop,Foreign,,"[""Chinese""]",Subversive Ideological And Political Content,Communism/Socialism,,,
Times Of Rising,1951-04-27,1951,L.N. 263,Printed Documents,Chow Yew Fuk,Sam Luen Bookshop,Foreign,,"[""Chinese""]",Subversive Ideological And Political Content,Communism/Socialism,,,
To Hang Chi,1951-04-27,1951,L.N. 263,Printed Documents,Mak Ching,Sam Luen Bookshop,Foreign,,"[""Chinese""]",Subversive Ideological And Political Content,Communism/Socialism,,,
Engels On Capitalism,1951-04-27,1951,L.N. 263,Printed Documents,Translated By Cheung Hon Fu And Hui Tik Sun,Sam Luen Bookshop,Foreign,,"[""Chinese""]",Subversive Ideological And Political Content,Communism/Socialism,,,Promote Marxist Critiques Of Capitalism
Trade Unions In Soviet Union,1951-04-27,1951,L.N. 263,Printed Documents,,Sam Luen Bookshop,Foreign,,"[""Chinese""]",Subversive Ideological And Political Content,Communism/Socialism,,,
Feudalism,1951-04-27,1951,L.N. 263,Printed Documents,Kursminsky,Sam Luen Bookshop,Foreign,,"[""Chinese""]",Subversive Ideological And Political Content,Communism/Socialism,,,
Frederick Engels-Biography,1951-04-27,1951,L.N. 263,Printed Documents,Gustav Mayer,Sam Luen Bookshop,Foreign,,"[""Chinese""]",Subversive Ideological And Political Content,Communism/Socialism,,,
Fundamental Problem Of Marxism,1951-04-27,1951,L.N. 263,Printed Documents,G.V. Plekhanov,Sam Luen Bookshop,Foreign,,"[""Chinese""]",Subversive Ideological And Political Content,Communism/Socialism,,,
General History Of Chinese Thought,1951-04-27,1951,L.N. 263,Printed Documents,"To San So, Hau Ngoi Lo And Kee Yuen Ping",Sam Luen Bookshop,Foreign,,"[""Chinese""]",Subversive Ideological And Political Content,Communism/Socialism,,,
On Eugenics & Racial Discrimination,1951-04-27,1951,L.N. 263,Printed Documents,Chow Kin Yan,Sam Luen Bookshop,Foreign,,"[""Chinese""]",Subversive Ideological And Political Content,Communism/Socialism,,,
On Method Of Thought,1951-04-27,1951,L.N. 263,Printed Documents,Lin Shu,Reading & Pub.Co.,Unclear,,"[""Chinese""]",Subversive Ideological And Political Content,Communism/Socialism,,,
Heist The Model Flag,1951-04-27,1951,L.N. 263,Printed Documents,Tientsin General Labour Union,Readers' Publishing Co.,Unclear,,"[""Chinese""]",Subversive Ideological And Political Content,Communism/Socialism,,,
History Of Chinese Farmers Revolutionary Movement,1951-04-27,1951,L.N. 263,Printed Documents,Sung Yeung,Reader's Publishing Co.,Unclear,,"[""Chinese""]",Subversive Ideological And Political Content,Communism/Socialism,,,
How Apes Became Men,1951-04-27,1951,L.N. 263,Printed Documents,Compiled By Editors Of Readers Publishing Co.,Reader's Publishing Co.,Unclear,,"[""Chinese""]",Subversive Ideological And Political Content,Communism/Socialism,,,
Life Of Soviet Women,1951-04-27,1951,L.N. 263,Printed Documents,Compiled By Editors Of Readers Publishing Co.,Reader's Publishing Co.,Unclear,,"[""Chinese""]",Subversive Ideological And Political Content,Communism/Socialism,,,
Life Of Soviet Workers,1951-04-27,1951,L.N. 263,Printed Documents,Compiled By Editors Of Readers Publishing Co.,Reader's Publishing Co.,Unclear,,"[""Chinese""]",Subversive Ideological And Political Content,Communism/Socialism,,,
"Marx, Engels, Lenin, Stalin And Mao On Problem Of Study",1951-04-27,1951,L.N. 263,Printed Documents,To Sing,Reader's Publishing Co.,Unclear,,"[""Chinese""]",Subversive Ideological And Political Content,Communism/Socialism,,,
Outline Of Study Of Imperialism,1951-04-27,1951,L.N. 263,Printed Documents,Leonchiev,Reader's Publishing Co.,Unclear,,"[""Chinese""]",Subversive Ideological And Political Content,Communism/Socialism,,,
Chart Of Evolution Of Socialism,1951-04-27,1951,L.N. 263,Printed Documents,Siu Tong,Reader's Publishing Co.,Foreign,,"[""Chinese""]",Subversive Ideological And Political Content,Communism/Socialism,,,
Chart Of Structure Of Socialism,1951-04-27,1951,L.N. 263,Printed Documents,Siu Tong,Reader's Publishing Co.,Foreign,,"[""Chinese""]",Subversive Ideological And Political Content,Communism/Socialism,,,
Education And Life Of Children In Soviet Russia,1951-04-27,1951,L.N. 263,Printed Documents,Compiled By Editors Of Readers Publishing Co.,Reader's Publishing Co.,Foreign,,"[""Chinese""]",Subversive Ideological And Political Content,Communism/Socialism,,,
Red Star News,1951-04-27,1951,L.N. 263,Printed Documents,,"Propaganda Committee, M.C.P.",Foreign,,"[""Chinese""]",Subversive Ideological And Political Content,Communism/Socialism,,,
Hupeh Literary Art,1951-04-27,1951,L.N. 263,Printed Documents,,Preparatory Committee Hupeh Cultural Federation,Foreign,,"[""Chinese""]",Subversive Ideological And Political Content,Communism/Socialism,,,
Front Line Correspondence,1951-04-27,1951,L.N. 263,Printed Documents,,Political Sect. Of 3Rd Regt. M.R.L.A.,Foreign,,"[""Chinese""]",Subversive Ideological And Political Content,Communism/Socialism,,,
Fook Kwei,1951-04-27,1951,L.N. 263,Printed Documents,,Po Kap Publishing Co.,Foreign,,"[""Chinese""]",Subversive Ideological And Political Content,Communism/Socialism,,,
Most Distinguished Medal,1951-04-27,1951,L.N. 263,Printed Documents,Various Russian Authors,Ping Ming Publishing Co.,Unclear,,"[""Chinese""]",Subversive Ideological And Political Content,Communism/Socialism,,,
Aspects Of China's Anti- Japanese Struggle,1951-04-27,1951,L.N. 263,Printed Documents,Mao Tse Tung,People's Publishing House Ltd.,Foreign,,"[""Chinese""]",Subversive Ideological And Political Content,Communism/Socialism,,,
People's News (Johore),1951-04-27,1951,L.N. 263,Printed Documents,,People's News Press,Foreign,,"[""Chinese""]",Subversive Ideological And Political Content,Communism/Socialism,,,
People's News (N. Perak),1951-04-27,1951,L.N. 263,Printed Documents,,People's News Agency,Foreign,,"[""Chinese""]",Subversive Ideological And Political Content,Communism/Socialism,,,
Chuan Min Fao (People's Newspaper),1951-04-27,1951,L.N. 263,Printed Documents,,People's Culture Co. Ltd.,Foreign,,"[""Chinese""]",Subversive Ideological And Political Content,Communism/Socialism,,,
People's Awakening News,1951-04-27,1951,L.N. 263,Printed Documents,,People's Awakening News Press,Unclear,,"[""Chinese""]",Subversive Ideological And Political Content,Communism/Socialism,,,
Teachers Of Peiping,1951-04-27,1951,L.N. 263,Printed Documents,,Peiping Teachers Society,Foreign,,"[""Chinese""]",Subversive Ideological And Political Content,Communism/Socialism,,,
Call Of The People,1951-04-27,1951,L.N. 263,Printed Documents,,Office Of Seruan Ra'ayat,Local,,"[""Chinese""]",Subversive Ideological And Political Content,Communism/Socialism,,,"Could Be Banned Bcs Of Political Dissent, But No Evidence To Support This"
"Chinese People, Unite",1951-04-27,1951,L.N. 263,Printed Documents,Kwo Chieh,Ocean Book Co.,Foreign,,"[""Chinese""]",Subversive Ideological And Political Content,Communism/Socialism,,,
Discourses On Economics,1951-04-27,1951,L.N. 263,Printed Documents,Di Chao-Pai,New Knowledge Book Co.,Foreign,,"[""Chinese""]",Subversive Ideological And Political Content,Communism/Socialism,,,
Inauguration On Establishment Of People's Democratic Republic,1951-04-27,1951,L.N. 263,Printed Documents,,New Democratic Press,Foreign,,"[""Chinese""]",Subversive Ideological And Political Content,Communism/Socialism,,,
"Ladies Of New China, No. 8",1951-04-27,1951,L.N. 263,Printed Documents,,New China Women's League,Foreign,,"[""Chinese""]",Subversive Ideological And Political Content,Communism/Socialism,,,Change From Obscene To Communism (Based On Publisher)
Brief History Of Social Development,1951-04-27,1951,L.N. 263,Printed Documents,Engels,New China Bookshop,Foreign,,"[""Chinese""]",Subversive Ideological And Political Content,Communism/Socialism,,,
Sun Shines On The Sanghai River,1951-04-27,1951,L.N. 263,Printed Documents,Ting Ling,New China Book Co.,Foreign,,"[""Chinese""]",Subversive Ideological And Political Content,Communism/Socialism,,,
A.B.C. Of Historic Materialism,1951-04-27,1951,L.N. 263,Printed Documents,Mok Yim,New China Book Co.,Foreign,,"[""Chinese""]",Subversive Ideological And Political Content,Communism/Socialism,,,
Monkey God,1951-04-27,1951,L.N. 263,Printed Documents,Chian Pin,Nenfang Bookstore,Unclear,,"[""Chinese""]",Subversive Ideological And Political Content,Communism/Socialism,,,Maybe Religious Deviancy But No Evidence
Before Entering The New Society,1951-04-27,1951,L.N. 263,Printed Documents,Huang Yu,Nan Kuo Bookshop,Foreign,,"[""Chinese""]",Subversive Ideological And Political Content,Communism/Socialism,,,
Discourse On International Problems,1951-04-27,1951,L.N. 263,Printed Documents,Sarkey,Nan Hai Publishing Society,Foreign,,"[""Chinese""]",Subversive Ideological And Political Content,Communism/Socialism,,,
People's Democratic Dictatorship,1951-04-27,1951,L.N. 263,Printed Documents,,,Unclear,,"[""Chinese""]",Subversive Ideological And Political Content,Communism/Socialism,,,
Internals Of China,1951-04-27,1951,L.N. 263,Printed Documents,,,Unclear,,"[""Chinese""]",Subversive Ideological And Political Content,Communism/Socialism,,,
Logical Proof Of Materialism And Historical Materialism,1951-04-27,1951,L.N. 263,Printed Documents,,,Unclear,,"[""Chinese""]",Subversive Ideological And Political Content,Communism/Socialism,,,
Portrait Of Stalin,1951-04-27,1951,L.N. 263,Printed Documents,,,Unclear,,"[""Chinese""]",Subversive Ideological And Political Content,Communism/Socialism,,,Stalin Mentioned.
Readers For Workers,1951-04-27,1951,L.N. 263,Printed Documents,Labour Education Workers Union Of Shanghai,,Unclear,,"[""Chinese""]",Subversive Ideological And Political Content,Communism/Socialism,,,
Red Light Press,1951-04-27,1951,L.N. 263,Printed Documents,,,Unclear,,"[""Chinese""]",Subversive Ideological And Political Content,Communism/Socialism,,,
Science For The Masses,1951-04-27,1951,L.N. 263,Printed Documents,,,Unclear,,"[""Chinese""]",Subversive Ideological And Political Content,Communism/Socialism,,,
Biography Of World's Greatest Soviet Writer,1951-04-27,1951,L.N. 263,Printed Documents,,Modern Publishing Co.,Foreign,,"[""Chinese""]",Subversive Ideological And Political Content,Communism/Socialism,,,Cannot Find Information On Publication Origin But It Was Assumed That It Is Likely A Foreign Work
Mysterious Universe,1951-04-27,1951,L.N. 263,Printed Documents,Chin Kang Sun,Man Kwong Bookshop,Unclear,,"[""Chinese""]",Subversive Ideological And Political Content,Communism/Socialism,,,Lack Of Information But Could Be Because Religious Deviancy
Aesthetic Conception Of Marxism,1951-04-27,1951,L.N. 263,Printed Documents,,Man Kwong Bookshop,Unclear,,"[""Chinese""]",Subversive Ideological And Political Content,Communism/Socialism,,,
Lightening News,1951-04-27,1951,L.N. 263,Printed Documents,,Lightening Publishing Society,Unclear,,"[""Chinese""]",Subversive Ideological And Political Content,Communism/Socialism,,,
Short History Of International Relations Of Last Thirty Years,1951-04-27,1951,L.N. 263,Printed Documents,Shu Yen,Life Book Co.,Unclear,,"[""Chinese""]",Subversive Ideological And Political Content,Communism/Socialism,,,
Discourse On World Political Geography,1951-04-27,1951,L.N. 263,Printed Documents,Chen Yuan,Life Book Co.,Foreign,,"[""Chinese""]",Subversive Ideological And Political Content,Communism/Socialism,,,The Book Focus On Political Geography From A Marxist Perspective
Liberation Soldiers,1951-04-27,1951,L.N. 263,Printed Documents,,Liberation Soldiers Press,Foreign,,"[""Chinese""]",Subversive Ideological And Political Content,Communism/Socialism,,,
Sun Wah Monthly,1951-04-27,1951,L.N. 263,Printed Documents,Sun Wah Book Co.,Liberation Society,Foreign,,"[""Chinese""]",Subversive Ideological And Political Content,Communism/Socialism,,,
Chinese Workers Pictorial,1951-04-27,1951,L.N. 263,Printed Documents,All China Federation Of Labour,Liberation Society,Foreign,,"[""Chinese""]",Subversive Ideological And Political Content,Communism/Socialism,,,
Course Of Russian,1951-04-27,1951,L.N. 263,Printed Documents,,Liberation Society,Foreign,,"[""Chinese""]",Subversive Ideological And Political Content,Communism/Socialism,,,
"Marx, Engels, Lenin & Stalin On Ways Of Thought",1951-04-27,1951,L.N. 263,Printed Documents,,Liberation Society,Foreign,,"[""Chinese""]",Subversive Ideological And Political Content,Communism/Socialism,,,
On People's Democratic Dictatorship,1951-04-27,1951,L.N. 263,Printed Documents,New China News Agency,Liberation Society,Foreign,,"[""Chinese""]",Subversive Ideological And Political Content,Communism/Socialism,,,
Political Economy,1951-04-27,1951,L.N. 263,Printed Documents,,Liberation Society,Foreign,,"[""Chinese""]",Subversive Ideological And Political Content,Communism/Socialism,,,
Red Flower Must Be Adorned With Green Leaves,1951-04-27,1951,L.N. 263,Printed Documents,"Harbin Railway Workers, Union",Liberation Society,Foreign,,"[""Chinese""]",Subversive Ideological And Political Content,Communism/Socialism,,,
Atlas Bof The World,1951-04-27,1951,L.N. 263,Printed Documents,,Liberation Society,Foreign,,"[""Chinese""]",Subversive Ideological And Political Content,Communism/Socialism,,,
Outline On Study Of Materialism & Historical Materialism,1951-04-27,1951,L.N. 263,Printed Documents,Mi Ting,Liberation Press,Unclear,,"[""Chinese""]",Subversive Ideological And Political Content,Communism/Socialism,,,
Liberation News,1951-04-27,1951,L.N. 263,Printed Documents,,Liberation Committee,Foreign,,"[""Chinese""]",Subversive Ideological And Political Content,Communism/Socialism,,,
Lenin News,1951-04-27,1951,L.N. 263,Printed Documents,,Lenin News Press,Foreign,,"[""Chinese""]",Subversive Ideological And Political Content,Communism/Socialism,,,
Little Sing Girl,1951-04-27,1951,L.N. 263,Printed Documents,Kot Cheung Lun,Kwong Mong Publishing Co.,Unclear,,"[""Chinese""]",Subversive Ideological And Political Content,Communism/Socialism,,,
People's Republic Of China,1951-04-27,1951,L.N. 263,Printed Documents,Fong Pak,Kwong Mong Publishing Co.,Unclear,,"[""Chinese""]",Subversive Ideological And Political Content,Communism/Socialism,,,
Revenge,1951-04-27,1951,L.N. 263,Printed Documents,,Kwong Mong Publishing Co.,Unclear,,"[""Chinese""]",Subversive Ideological And Political Content,Communism/Socialism,,,
Adventure Of Sea Leopard,1951-04-27,1951,L.N. 263,Printed Documents,Lida,Kwong Mong Publishing Co.,Unclear,,"[""Chinese""]",Subversive Ideological And Political Content,Communism/Socialism,,,
Get Rid Of Rich Families,1951-04-27,1951,L.N. 263,Printed Documents,Kot Cheung Lun,Kwong Mong Publishing Co.,Foreign,,"[""Chinese""]",Subversive Ideological And Political Content,Communism/Socialism,,,
Scientific Work In Soviet Union,1951-04-27,1951,L.N. 263,Printed Documents,Gennadi Fish,Kui Yin Publishing Co.,Unclear,,"[""Chinese""]",Subversive Ideological And Political Content,Communism/Socialism,,,
New Conception Of Life,1951-04-27,1951,L.N. 263,Printed Documents,Yu Ming Wong,Knowledge Bookshop,Unclear,,"[""Chinese""]",Subversive Ideological And Political Content,Communism/Socialism,,,
On Socialism & Social History,1951-04-27,1951,L.N. 263,Printed Documents,Siu Tong,Knowledge Bookshop,Unclear,,"[""Chinese""]",Subversive Ideological And Political Content,Communism/Socialism,,,
Basic Problems Of Chinese Revolution,1951-04-27,1951,L.N. 263,Printed Documents,Wong Hueng Sing,Knowledge Bookshop,Unclear,,"[""Chinese""]",Subversive Ideological And Political Content,Communism/Socialism,,,
History Of Modern Dialectism,1951-04-27,1951,L.N. 263,Printed Documents,Shum Chi Yuen,Kang Wan Publishing Co.,Unclear,,"[""Chinese""]",Subversive Ideological And Political Content,Communism/Socialism,,,
Reader Of Dialetic Materialism,1951-04-27,1951,L.N. 263,Printed Documents,Suen Wai Yan,International Knowledge Society,Unclear,,"[""Chinese""]",Subversive Ideological And Political Content,Communism/Socialism,,,
History Of Thought In Ancient China,1951-04-27,1951,L.N. 263,Printed Documents,Hau Ngoi Lo,International Cultural Society,Unclear,,"[""Chinese""]",Subversive Ideological And Political Content,Communism/Socialism,,,Author Have Released Marxists Works.
Humanity News,1951-04-27,1951,L.N. 263,Printed Documents,,Humanity News Press,Unclear,,"[""Chinese""]",Subversive Ideological And Political Content,Communism/Socialism,,,
Hopeh Literary Arts,1951-04-27,1951,L.N. 263,Printed Documents,,Hopeh Literary Art Press,Foreign,,"[""Chinese""]",Subversive Ideological And Political Content,Communism/Socialism,,,
People's Song & Music,1951-04-27,1951,L.N. 263,Printed Documents,,Harbin University Faculty Of Drama And Music,Unclear,,"[""Chinese""]",Subversive Ideological And Political Content,Communism/Socialism,,,
Freedom News,1951-04-27,1951,L.N. 263,Printed Documents,,"Freedom News (Publishing Society, Singapore)",Foreign,,"[""Chinese""]",Subversive Ideological And Political Content,Communism/Socialism,,,
Days And Nights,1951-04-27,1951,L.N. 263,Printed Documents,Simonev,Foreign Language Publishing Co.,Foreign,,"[""Chinese""]",Subversive Ideological And Political Content,Communism/Socialism,,,Soviet Novel That Reflects Socialist Values (Red Army's Collective Effort And Loyalty To The State)
Imperialism In Capitalism's Peak,1951-04-27,1951,L.N. 263,Printed Documents,Lenin,Foreign Language Publishing Co.,Foreign,,"[""Chinese""]",Subversive Ideological And Political Content,Communism/Socialism,,,
On Monopoly Of Food,1951-04-27,1951,L.N. 263,Printed Documents,Lenin,Foreign Language Publishing Co.,Foreign,,"[""Chinese""]",Subversive Ideological And Political Content,Communism/Socialism,,,
Proletariat Revolution & Kanstoky: Rebel Of Revolution,1951-04-27,1951,L.N. 263,Printed Documents,Lenin,Foreign Language Publishing Co.,Foreign,,"[""Chinese""]",Subversive Ideological And Political Content,Communism/Socialism,,,
Selections From Lenin,1951-04-27,1951,L.N. 263,Printed Documents,Lenin,Foreign Language Publishing Co.,Foreign,,"[""Chinese""]",Subversive Ideological And Political Content,Communism/Socialism,,,
People's China,1951-04-27,1951,L.N. 263,Printed Documents,,Foreign Language Press,Unclear,,"[""Chinese""]",Subversive Ideological And Political Content,Communism/Socialism,,,People And China Might Reflect Socialism/Communism
First Flight,1951-04-27,1951,L.N. 263,Printed Documents,"Han Meng, Pan Sun",Equator Press,Foreign,,"[""Chinese""]",Subversive Ideological And Political Content,Communism/Socialism,,,
Hungary,1951-04-27,1951,L.N. 263,Printed Documents,Lieboyakoff,Epoch Publishing Co.,Unclear,,"[""Chinese""]",Subversive Ideological And Political Content,Communism/Socialism,,,
Production Contest & Labour Discipline,1951-04-27,1951,L.N. 263,Printed Documents,Adreyev,Epoch Publishing Co.,Unclear,,"[""Chinese""]",Subversive Ideological And Political Content,Communism/Socialism,,,
Bulgaria,1951-04-27,1951,L.N. 263,Printed Documents,Konstanchinoff,Epoch Publishing Co.,Foreign,,"[""Chinese""]",Subversive Ideological And Political Content,Communism/Socialism,,,
Czechoslovakia,1951-04-27,1951,L.N. 263,Printed Documents,Medviejiev,Epoch Publishing Co.,Foreign,,"[""Chinese""]",Subversive Ideological And Political Content,Communism/Socialism,,,
Factory With Three Medals,1951-04-27,1951,L.N. 263,Printed Documents,Colielik,Epoch Publishing Co.,Foreign,,"[""Chinese""]",Subversive Ideological And Political Content,Communism/Socialism,,,
Emancipation Series,1951-04-27,1951,L.N. 263,Printed Documents,,Emancipation Series Press,Foreign,Freedom News,"[""Chinese""]",Subversive Ideological And Political Content,Communism/Socialism,,,
Lending Of The Red Lamp,1951-04-27,1951,L.N. 263,Printed Documents,,Education Pictorial Publishing Co.,Unclear,,"[""Chinese""]",Subversive Ideological And Political Content,Communism/Socialism,,,
Madame Curie,1951-04-27,1951,L.N. 263,Printed Documents,,Education Pictorial Publishing Co.,Unclear,,"[""Chinese""]",Subversive Ideological And Political Content,Communism/Socialism,,,
Mrs. Cheung Lam,1951-04-27,1951,L.N. 263,Printed Documents,,Education Pictorial Publishing Co.,Unclear,,"[""Chinese""]",Subversive Ideological And Political Content,Communism/Socialism,,,
Child Of The Brigade,1951-04-27,1951,L.N. 263,Printed Documents,,Education Pictorial Publishing Co.,Unclear,,"[""Chinese""]",Subversive Ideological And Political Content,Communism/Socialism,,,
"Meng Cheung Ying, Rise Up",1951-04-27,1951,L.N. 263,Printed Documents,,Education Pictorial Publishing Co.,Unclear,,"[""Chinese""]",Subversive Ideological And Political Content,Communism/Socialism,,,Lack Of Information But Could Very Much Be Categorised As Communism
Seven Blossoms,1951-04-27,1951,L.N. 263,Printed Documents,,Education Pictorial Pub. Co.,Unclear,,"[""Chinese""]",Subversive Ideological And Political Content,Communism/Socialism,,,Need More Info On Publisher
Learner's Weekly..,1951-04-27,1951,L.N. 263,Printed Documents,,Editorial Cttee Of Snd Sect. 12Th Platoon,Foreign,,"[""Chinese""]",Subversive Ideological And Political Content,Communism/Socialism,,,
Life Of Stalin,1951-04-27,1951,L.N. 263,Printed Documents,,Edited By Marx-Anglo-L. School. Sam Luen Bookshop,Foreign,,"[""Chinese""]",Subversive Ideological And Political Content,Communism/Socialism,,,
History Of China-Brief Course,1951-04-27,1951,L.N. 263,Printed Documents,,Edited By Chinese History Research Assoc. Sam Luen Bookshop,Unclear,,"[""Chinese""]",Subversive Ideological And Political Content,Communism/Socialism,,,
Textbook Of Chinese History Of Last Hundred Years,1951-04-27,1951,L.N. 263,Printed Documents,Chang Chien Fu,Cultural Supply Co.,Foreign,,"[""Chinese""]",Subversive Ideological And Political Content,Communism/Socialism,,,
Reference Materials For Cultural Education,1951-04-27,1951,L.N. 263,Printed Documents,,Cultural Education Comm. Of The People's Govt. Administration,Unclear,,"[""Chinese""]",Subversive Ideological And Political Content,Communism/Socialism,,,
Malacca News Sheet,1951-04-27,1951,L.N. 263,Printed Documents,,Correspondents Society,Unclear,,"[""Chinese""]",Subversive Ideological And Political Content,Communism/Socialism,,,
Hwa Hills Stained With Blood,1951-04-27,1951,L.N. 263,Printed Documents,,Chung Yuen Printing Press,Unclear,,"[""Chinese""]",Subversive Ideological And Political Content,Communism/Socialism,,,
Chung Hwa Youths,1951-04-27,1951,L.N. 263,Printed Documents,Chang Mung Lin,Chung Hwa Book Co.,Foreign,,"[""Chinese""]",Subversive Ideological And Political Content,Communism/Socialism,,,
Guide To Trades & Industrialists Of New China,1951-04-27,1951,L.N. 263,Printed Documents,,Chun Sheng Publishing House,Unclear,,"[""Chinese""]",Subversive Ideological And Political Content,Communism/Socialism,,,
Industrial & Commercial Paths Of New China,1951-04-27,1951,L.N. 263,Printed Documents,,Chun Sheng Publishing House,Unclear,,"[""Chinese""]",Subversive Ideological And Political Content,Communism/Socialism,,,
Chun Chau Fortnightly,1951-04-27,1951,L.N. 263,Printed Documents,,Chun Chau Publishing Co.,Foreign,,"[""Chinese""]",Subversive Ideological And Political Content,Communism/Socialism,,,
Kiangnan Marching Music,1951-04-27,1951,L.N. 263,Printed Documents,,China Music Co.,Foreign,,"[""Chinese""]",Subversive Ideological And Political Content,Communism/Socialism,,,
New Democratic Marching Music,1951-04-27,1951,L.N. 263,Printed Documents,,China Music Co.,Foreign,,"[""Chinese""]",Subversive Ideological And Political Content,Communism/Socialism,,,
Discourses On Basis Of Social Sciences,1951-04-27,1951,L.N. 263,Printed Documents,Shen Chih Yuen,Chi-Yuen Book.Co,Foreign,,"[""Chinese""]",Subversive Ideological And Political Content,Communism/Socialism,,,The Home Ministry Cited Act 301
How To Be A New Youth,1951-04-27,1951,L.N. 263,Printed Documents,Chen Hsien,Chi Yuen Book Co.,Unclear,,"[""Chinese""]",Subversive Ideological And Political Content,Communism/Socialism,,,
Pictorial Life Of To Hang Chi,1951-04-27,1951,L.N. 263,Printed Documents,,Brothers Book Co.,Unclear,,"[""Chinese""]",Subversive Ideological And Political Content,Communism/Socialism,,,
Sarbiyan,1951-04-27,1951,L.N. 263,Printed Documents,,Brothers Book Co.,Unclear,,"[""Chinese""]",Subversive Ideological And Political Content,Communism/Socialism,,,
Beacon News,1951-04-27,1951,L.N. 263,Printed Documents,,Beacon Publishing Society,Unclear,,"[""Chinese""]",Subversive Ideological And Political Content,Communism/Socialism,,,
Battlefront,1951-04-27,1951,L.N. 263,Printed Documents,,Battlefront Publication Ltd.,Unclear,,"[""Chinese""]",Subversive Ideological And Political Content,Communism/Socialism,,,
Battle News,1951-04-27,1951,L.N. 263,Printed Documents,,Battle News Press,Unclear,,"[""Chinese""]",Subversive Ideological And Political Content,Communism/Socialism,,,
Warta Raayat,1951-04-27,1951,L.N. 263,Printed Documents,,Warta Raayat Press,Foreign,,"[""Malay""]",Subversive Ideological And Political Content,Communism/Socialism,,,
Truth,1951-04-27,1951,L.N. 263,Printed Documents,,Truth Publication,Foreign,,"[""Malay""]",Subversive Ideological And Political Content,Communism/Socialism,,,
Red Flag,1951-04-27,1951,L.N. 263,Printed Documents,,Red Flag,Foreign,,"[""Malay""]",Subversive Ideological And Political Content,Communism/Socialism,,,
Warta Kebanungan Raayat,1951-04-27,1951,L.N. 263,Printed Documents,,People's Uprising News Dept.,Foreign,,"[""Malay""]",Subversive Ideological And Political Content,Communism/Socialism,,,
Peasants Voice,1951-04-27,1951,L.N. 263,Printed Documents,,Peasant Liberation Union,Foreign,,"[""Malay""]",Subversive Ideological And Political Content,Communism/Socialism,,,
Suara Raayat,1951-04-27,1951,L.N. 263,Printed Documents,,,Unclear,,"[""Malay""]",Subversive Ideological And Political Content,Communism/Socialism,,,
Shakti,1951-04-27,1951,L.N. 263,Printed Documents,,"Vai Govindan, Shakti Press Ltd.",Foreign,"Vai Govindan, Shakti Press Ltd.","[""Tamil""]",Subversive Ideological And Political Content,Communism/Socialism,,,
Revolutionary Movement In The Colonies & Semi Colonies,1951-04-27,1951,L.N. 263,Printed Documents,,"Thesis Adopted By The 6Th Conress Of The Communist International, 1928, People's Publishing House Ltd.",Foreign,,"[""Tamil""]",Subversive Ideological And Political Content,Communism/Socialism,,,
"Towards The Democratic Front To Win Real Independence & People's Democracy, 1948",1951-04-27,1951,L.N. 263,Printed Documents,,Statement Of Policy Central Committee C.P Of India,Foreign,,"[""Tamil""]",Subversive Ideological And Political Content,Communism/Socialism,,,
Scientific Politics-English,1951-04-27,1951,L.N. 263,Printed Documents,M.N. Roy,"Renaissance, Publisher",Foreign,,"[""Tamil""]",Subversive Ideological And Political Content,Communism/Socialism,,,
Por Murasu,1951-04-27,1951,L.N. 263,Printed Documents,,"R. Sonaimuthu, Zainullahbudeen",Foreign,"K. Raman, Vijaya Printers","[""Tamil""]",Subversive Ideological And Political Content,Communism/Socialism,,,
Viduthalai Murasu,1951-04-27,1951,L.N. 263,Printed Documents,,Propaganda Section Of Indian Central Committee M.C.P Indian Section,Foreign,,"[""Tamil""]",Subversive Ideological And Political Content,Communism/Socialism,,,
Puthu Valvu,1951-04-27,1951,L.N. 263,Printed Documents,,Political Committee,Foreign,,"[""Tamil""]",Subversive Ideological And Political Content,Communism/Socialism,,,
Communist,1951-04-27,1951,L.N. 263,Printed Documents,,"People's Publishing Society House Ltd,",Foreign,,"[""Tamil""]",Subversive Ideological And Political Content,Communism/Socialism,,,"Most Likely Chinese Language, But No Direct Evidence Except For The Fact That The Publisher Use Chinese As Primary Language For Their Ideological Works"
"Communist Party Calls English For A Fighting Spirit Of Toiling Millions Agains Imperialist And Their Collaborators For Freedom And Democracy, 1948.",1951-04-27,1951,L.N. 263,Printed Documents,Review Of The Second Congress Of The C.P. Of India,People's Publishing House Ltd.,Foreign,,"[""Tamil""]",Subversive Ideological And Political Content,Communism/Socialism,,,
"C.P.S.U. Problems Of Party Ideological Work, 1948",1951-04-27,1951,L.N. 263,Printed Documents,,People's Publishing House Ltd.,Foreign,,"[""Tamil""]",Subversive Ideological And Political Content,Communism/Socialism,,,
India & The Unecafe Conference,1951-04-27,1951,L.N. 263,Printed Documents,B.T. Ranadive 1948,People's Publishing House Ltd.,Foreign,,"[""Tamil""]",Subversive Ideological And Political Content,Communism/Socialism,,,
Marx & Trade Unions,1951-04-27,1951,L.N. 263,Printed Documents,A. Lozorsky,People's Publishing House Ltd.,Foreign,,"[""Tamil""]",Subversive Ideological And Political Content,Communism/Socialism,,,
May Day Manisfesto In English Of The Communist Party Of India,1951-04-27,1951,L.N. 263,Printed Documents,,People's Publishing House Ltd.,Foreign,,"[""Tamil""]",Subversive Ideological And Political Content,Communism/Socialism,,,
Nehru Government Declares,1951-04-27,1951,L.N. 263,Printed Documents,B.T. Ranadive,People's Publishing House Ltd.,Foreign,,"[""Tamil""]",Subversive Ideological And Political Content,Communism/Socialism,,,
Not,1951-04-27,1951,L.N. 263,Printed Documents,S.A. Dange,People's Publishing House Ltd.,Foreign,,"[""Tamil""]",Subversive Ideological And Political Content,Communism/Socialism,,,
On The Colonial Question,1951-04-27,1951,L.N. 263,Printed Documents,"Lenin, Stalin And Zhukov",People's Publishing House Ltd.,Foreign,,"[""Tamil""]",Subversive Ideological And Political Content,Communism/Socialism,,,
Open Letter To Congress-Men,1951-04-27,1951,L.N. 263,Printed Documents,B.T. Ranadive,People's Publishing House Ltd.,Foreign,,"[""Tamil""]",Subversive Ideological And Political Content,Communism/Socialism,,,
People's Age,1951-04-27,1951,L.N. 263,Printed Documents,,People's Publishing House Ltd.,Foreign,,"[""Tamil""]",Subversive Ideological And Political Content,Communism/Socialism,,,
"Political Thesis Of The Communist Party Of India, 1948",1951-04-27,1951,L.N. 263,Printed Documents,,People's Publishing House Ltd.,Foreign,,"[""Tamil""]",Subversive Ideological And Political Content,Communism/Socialism,,,
Sterling Balances Betrayal,1951-04-27,1951,L.N. 263,Printed Documents,B.T. Ranadive,People's Publishing House Ltd.,Foreign,,"[""Tamil""]",Subversive Ideological And Political Content,Communism/Socialism,,,
Why No Nationalisation,1951-04-27,1951,L.N. 263,Printed Documents,B.T. Ranadive 1948,People's Publishing House Ltd.,Foreign,,"[""Tamil""]",Subversive Ideological And Political Content,Communism/Socialism,,,
Puratchi,1951-04-27,1951,L.N. 263,Printed Documents,Magini,,Unclear,Madura,"[""Tamil""]",Subversive Ideological And Political Content,Communism/Socialism,,,
Viduthalai,1951-04-27,1951,L.N. 263,Printed Documents,,Malayan People's National Liberation Army (Penang And Kedah),Local,,"[""Tamil""]",Subversive Ideological And Political Content,Communism/Socialism,,,
Teeppori,1951-04-27,1951,L.N. 263,Printed Documents,,Malayan National Liberation Army,Local,,"[""Tamil""]",Subversive Ideological And Political Content,Communism/Socialism,,,
Who Rules Pakistan,1951-04-27,1951,L.N. 263,Printed Documents,,"C.P. Publication,1948, People's Publishing House Ltd.",Foreign,,"[""Tamil""]",Subversive Ideological And Political Content,Communism/Socialism,,,
On The British Communist Party's Policy,1951-04-27,1951,L.N. 263,Printed Documents,,"C.P. Publication, Oct. 1948, People Publishing House Ltd.",Foreign,,"[""Tamil""]",Subversive Ideological And Political Content,Communism/Socialism,,,
One Year Of People's Struggles,1951-04-27,1951,L.N. 263,Printed Documents,,"C.P. Of India Publication, People's Publishing House Ltd.",Foreign,,"[""Tamil""]",Subversive Ideological And Political Content,Communism/Socialism,,,
Savera,1951-04-27,1951,L.N. 263,Printed Documents,,Balwant Singh,Foreign,,"[""Tamil""]",Subversive Ideological And Political Content,Communism/Socialism,,,
Workers News,1951-04-27,1951,L.N. 263,Printed Documents,,"Workers Press M.C.P,Singapore",Foreign,,,Subversive Ideological And Political Content,Communism/Socialism,,,
Workers And Farmers News,1951-04-27,1951,L.N. 263,Printed Documents,,"Workers And Peasant News Press,Johore",Unclear,,,Subversive Ideological And Political Content,Communism/Socialism,,,Workers
Storyof How Woman Rises Up,1951-04-27,1951,L.N. 263,Printed Documents,,Wah Tung Bookshop,Foreign,,,Subversive Ideological And Political Content,Communism/Socialism,,,
Upset Press,1951-04-27,1951,L.N. 263,Printed Documents,,"Upset Press,Penang/Kedah",Unclear,,,Subversive Ideological And Political Content,Communism/Socialism,,,
Union Paper,1951-04-27,1951,L.N. 263,Printed Documents,,"Union New Press, N. Pahang",Unclear,,,Subversive Ideological And Political Content,Communism/Socialism,,,
Stray Dog Cannot Eat Up The Sun,1951-04-27,1951,L.N. 263,Printed Documents,,Tung Yung Pub. Co.,Foreign,,,Subversive Ideological And Political Content,Communism/Socialism,,,
Writing Experience,1951-04-27,1951,L.N. 263,Printed Documents,Si Na Voon Sen,"Tsi Yuen Bookstore,China",Foreign,,,Subversive Ideological And Political Content,Communism/Socialism,,,
Communist,1951-04-27,1951,L.N. 263,Printed Documents,,The People' Publishing House,Foreign,,,Subversive Ideological And Political Content,Communism/Socialism,,,"Most Likely Chinese Language, But No Direct Evidence Except For The Fact That The Publisher Use Chinese As Primary Language For Their Ideological Works"
Storm,1951-04-27,1951,L.N. 263,Printed Documents,Chow Li Po,The Northern Publishing Society,Unclear,,,Subversive Ideological And Political Content,Communism/Socialism,,,
Yellow River,1951-04-27,1951,L.N. 263,Printed Documents,Tsoi Kwan Kai,"The New China Bookshop,Peiping",Foreign,,,Subversive Ideological And Political Content,Communism/Socialism,,,
Sideviews Of America,1951-04-27,1951,L.N. 263,Printed Documents,Lau Chen Kee,The New China Bookshop,Foreign,,,Subversive Ideological And Political Content,Communism/Socialism,,,
Simple Course Of Shorthand,1951-04-27,1951,L.N. 263,Printed Documents,Ping Sang,The New China Bookshop,Foreign,,,Subversive Ideological And Political Content,Communism/Socialism,,,
Young Vanguard,1951-04-27,1951,L.N. 263,Printed Documents,,Sun Kwong Publishing Co.Shanghai,Foreign,,,Subversive Ideological And Political Content,Communism/Socialism,,,
Soviet Sportwomen,1951-04-27,1951,L.N. 263,Printed Documents,,Sun Kwong Publishing Co.,Foreign,,,Subversive Ideological And Political Content,Communism/Socialism,,,
Soviet Labour Hero,1951-04-27,1951,L.N. 263,Printed Documents,,Sun Kwong Publishing,Foreign,,,Subversive Ideological And Political Content,Communism/Socialism,,,
Student News (Singapore),1951-04-27,1951,L.N. 263,Printed Documents,,Student News Press,Unclear,,,Subversive Ideological And Political Content,Communism/Socialism,,,
Soviet Pictorial,1951-04-27,1951,L.N. 263,Printed Documents,,Sino Soviet Friendship Society,Foreign,,,Subversive Ideological And Political Content,Communism/Socialism,,,Soviet Mentioned
Singing In Praise Of China,1951-04-27,1951,L.N. 263,Printed Documents,,Sim Hwa Bookstore,Foreign,,,Subversive Ideological And Political Content,Communism/Socialism,,,
Youth Culture And Ideological Training,1951-04-27,1951,L.N. 263,Printed Documents,Ai Han Sung,Shanghai Magazine Co.,Foreign,,,Subversive Ideological And Political Content,Communism/Socialism,,,
Seruan Raayat,1951-04-27,1951,L.N. 263,Printed Documents,,Seruan Raayat Office,Unclear,,,Subversive Ideological And Political Content,Communism/Socialism,,,
United States Of America,1951-04-27,1951,L.N. 263,Printed Documents,Lau Chin Kei,"Sam Luen Bookshop,China",Foreign,,,Subversive Ideological And Political Content,Communism/Socialism,,,
"Value,Price And Profit",1951-04-27,1951,L.N. 263,Printed Documents,Karl Marx,"Sam Luen Bookshop,China",Foreign,,,Subversive Ideological And Political Content,Communism/Socialism,,,
Wong Kwai And Li Heung Heung,1951-04-27,1951,L.N. 263,Printed Documents,Li Kwai,"Sam Luen Bookshop,China",Foreign,,,Subversive Ideological And Political Content,Communism/Socialism,,,
Wong Pei Kan Goes South,1951-04-27,1951,L.N. 263,Printed Documents,Hon Hei Cheung,"Sam Luen Bookshop,China",Foreign,,,Subversive Ideological And Political Content,Communism/Socialism,,,
Short Song Of The Plateau,1951-04-27,1951,L.N. 263,Printed Documents,Chow Yee Fuk,Sam Luen Bookshop,Foreign,,,Subversive Ideological And Political Content,Communism/Socialism,,,
Siam,1951-04-27,1951,L.N. 263,Printed Documents,Tso Min Chi,Sam Luen Bookshop,Foreign,,,Subversive Ideological And Political Content,Communism/Socialism,,,
Social Science And Real Society,1951-04-27,1951,L.N. 263,Printed Documents,Emile Burns,Sam Luen Bookshop,Foreign,,,Subversive Ideological And Political Content,Communism/Socialism,,,
Socialist Soviet Union,1951-04-27,1951,L.N. 263,Printed Documents,So Wah,Sam Luen Bookshop,Foreign,,,Subversive Ideological And Political Content,Communism/Socialism,,,
Obermorov,1951-04-27,1951,L.N. 263,Printed Documents,Koncharov,Sam Luen Bookshop,Foreign,,,Subversive Ideological And Political Content,Communism/Socialism,,,"Original Publication Was Most Probably In Russian, But Could Be Translated In English Or Chinese Here; No Evidence To Back This Up"
On Austerity System & Reduction Of Cost Of Industrial Products,1951-04-27,1951,L.N. 263,Printed Documents,To Lut Chi Ko,Sam Luen Bookshop,Foreign,,,Subversive Ideological And Political Content,Communism/Socialism,,,"No Evidence To Back This Up; But Language Could've Been Chinese/English, And Category Could Be Socialism Based On The Title"
On Co-Operation Between Cities & Villages,1951-04-27,1951,L.N. 263,Printed Documents,Lo Hung,Sam Luen Bookshop,Foreign,,,Subversive Ideological And Political Content,Communism/Socialism,,,Title Seems To Suggest Leftist Economic Models
On Marx,1951-04-27,1951,L.N. 263,Printed Documents,,Sam Luen Bookshop,Foreign,,,Subversive Ideological And Political Content,Communism/Socialism,,,
Sociology Elementary Reader,1951-04-27,1951,L.N. 263,Printed Documents,,Sam Luen Bookshop,Foreign,,,Subversive Ideological And Political Content,Communism/Socialism,,,
Soviet Communist Youth Corps,1951-04-27,1951,L.N. 263,Printed Documents,M Vulin,Sam Luen Bookshop,Foreign,,,Subversive Ideological And Political Content,Communism/Socialism,,,
Soviet Finance And Currency,1951-04-27,1951,L.N. 263,Printed Documents,,Sam Luen Bookshop,Foreign,,,Subversive Ideological And Political Content,Communism/Socialism,,,
Soviet Transportation,1951-04-27,1951,L.N. 263,Printed Documents,,Sam Luen Bookshop,Foreign,,,Subversive Ideological And Political Content,Communism/Socialism,,,
Soviet Union's Collective Farm System,1951-04-27,1951,L.N. 263,Printed Documents,D E Lapochev,Sam Luen Bookshop,Foreign,,,Subversive Ideological And Political Content,Communism/Socialism,,,
Soviet Union's New Ethical Didactics,1951-04-27,1951,L.N. 263,Printed Documents,B.P.Yesipov & N.K.Goncharov,Sam Luen Bookshop,Foreign,,,Subversive Ideological And Political Content,Communism/Socialism,,,
Speed Of Development Soviet Industries,1951-04-27,1951,L.N. 263,Printed Documents,Kielmiker,Sam Luen Bookshop,Foreign,,,Subversive Ideological And Political Content,Communism/Socialism,,,
Study Of Utilisation New Philosophy,1951-04-27,1951,L.N. 263,Printed Documents,,Sam Luen Bookshop,Foreign,,,Subversive Ideological And Political Content,Communism/Socialism,,,
"What Comes First,Classes Or Exploitation",1951-04-27,1951,L.N. 263,Printed Documents,Readers Publishing Co.,Readers' Publishing Co.Tien Tsin,Foreign,,,Subversive Ideological And Political Content,Communism/Socialism,,,
Socialistic Development From Utopia To Science,1951-04-27,1951,L.N. 263,Printed Documents,Kina,Readers Publishing Co.,Foreign,,,Subversive Ideological And Political Content,Communism/Socialism,,,
Case For Comunisme,1951-04-27,1951,L.N. 263,Printed Documents,W. Gallacher,Penguin Books Ltd.,Foreign,,,Subversive Ideological And Political Content,Communism/Socialism,,,
Study The Sino-Russian Pact,1951-04-27,1951,L.N. 263,Printed Documents,,New Youth Publishing House,Foreign,,,Subversive Ideological And Political Content,Communism/Socialism,,,
Story Of Nin Si,1951-04-27,1951,L.N. 263,Printed Documents,Pai Lang,New China Bookshop,Foreign,,,Subversive Ideological And Political Content,Communism/Socialism,,,
Short History Of World War Ii,1951-04-27,1951,L.N. 263,Printed Documents,Shu Yen,New China Book Co,Foreign,,,Subversive Ideological And Political Content,Communism/Socialism,,,
Daily Worker,1951-04-27,1951,L.N. 263,Printed Documents,,,Unclear,,,Subversive Ideological And Political Content,Communism/Socialism,,,
Liberator,1951-04-27,1951,L.N. 263,Printed Documents,,,Unclear,,,Subversive Ideological And Political Content,Communism/Socialism,,,
Union Weekly,1951-04-27,1951,L.N. 263,Printed Documents,,,Unclear,,,Subversive Ideological And Political Content,Communism/Socialism,,,
Sin Sing Hoi-People's Song Composer,1951-04-27,1951,L.N. 263,Printed Documents,Sam Luen Bookshop,,Unclear,,,Subversive Ideological And Political Content,Communism/Socialism,,,Sam Luen
Youth's National Language Book,1951-04-27,1951,L.N. 263,Printed Documents,Lu Chin Shan,Long Life Book Co.,Foreign,,,Subversive Ideological And Political Content,Communism/Socialism,,,
Who Is Our Friend,1951-04-27,1951,L.N. 263,Printed Documents,North East Railway Workers Union,"Liberation Society,Peiping",Foreign,,,Subversive Ideological And Political Content,Communism/Socialism,,,
Who Save Us,1951-04-27,1951,L.N. 263,Printed Documents,North East Railway Workers Union,"Liberation Society,Peiping",Foreign,,,Subversive Ideological And Political Content,Communism/Socialism,,,
Soviet Russia's Patriotism,1951-04-27,1951,L.N. 263,Printed Documents,Caruso,Liberation Society,Foreign,,,Subversive Ideological And Political Content,Communism/Socialism,,,
Spark,1951-04-27,1951,L.N. 263,Printed Documents,Pravada,Liberation Society,Foreign,,,Subversive Ideological And Political Content,Communism/Socialism,,,
Soviet Finance Policy And Frinciples,1951-04-27,1951,L.N. 263,Printed Documents,Lui Kee,Knowledge Bookshop,Foreign,,,Subversive Ideological And Political Content,Communism/Socialism,,,
On Communist Education,1951-04-27,1951,L.N. 263,Printed Documents,Kalnin,Foreign Language Publishing Co.,Foreign,,,Subversive Ideological And Political Content,Communism/Socialism,,,
Soviet Russia's Present Mission,1951-04-27,1951,L.N. 263,Printed Documents,Lenin,Foreign Language Publishing Co.,Foreign,,,Subversive Ideological And Political Content,Communism/Socialism,,,
Speeches By Stalin Made At General Election,1951-04-27,1951,L.N. 263,Printed Documents,Stalin,Foreign Language Publishing Co.,Foreign,,,Subversive Ideological And Political Content,Communism/Socialism,,,
Stalin On China's Revolution,1951-04-27,1951,L.N. 263,Printed Documents,Stalin,Epoch Publishing Co.,Foreign,,,Subversive Ideological And Political Content,Communism/Socialism,,,
Son Of The Blacksmith And His Assistants,1951-04-27,1951,L.N. 263,Printed Documents,,Education Pictorial Pub.Co.,Foreign,,,Subversive Ideological And Political Content,Communism/Socialism,,,
Story Of Sheung Ngo's Escape To Moon,1951-04-27,1951,L.N. 263,Printed Documents,,Education Pictorial Pub.Co.,Foreign,,,Subversive Ideological And Political Content,Communism/Socialism,,,
Sarbiyan,1951-04-27,1951,L.N. 263,Printed Documents,,"Brothers Book Co,Shanghai",Foreign,,,Subversive Ideological And Political Content,Communism/Socialism,,,
Twilight Of World Capitalism,1951-04-27,1951,L.N. 263,Printed Documents,William Z. Foster,"50Th Era Publishing Co,Shanghai",Foreign,,,Subversive Ideological And Political Content,Communism/Socialism,,,
"Eye, The",1951-05-04,1951,L.N. 278,Printed Documents,,,Unclear,,"[""English""]",Subversive Ideological And Political Content,Communism/Socialism,,,
Forward Bloc,1951-05-04,1951,L.N. 278,Printed Documents,,,Unclear,,"[""English""]",Subversive Ideological And Political Content,Communism/Socialism,,,
World Federation,1951-05-04,1951,L.N. 278,Printed Documents,Raja Mahandra Pratap,,Unclear,,"[""English""]",Subversive Ideological And Political Content,Communism/Socialism,,,
Action News Service,1951-05-04,1951,L.N. 278,Printed Documents,,,Unclear,,"[""TIDAK ADA BAHASA""]",Subversive Ideological And Political Content,Communism/Socialism,,,
Russia To-Day,1951-05-04,1951,L.N. 278,Printed Documents,,,Unclear,,,Subversive Ideological And Political Content,Communism/Socialism,,,Lack Of Information; Title Too Generic
Russia To-Day Newsletter,1951-05-04,1951,L.N. 278,Printed Documents,,,Unclear,,,Subversive Ideological And Political Content,Communism/Socialism,,,Lack Of Information
Angles,1951-05-04,1951,L.N. 278,Printed Documents,,,Unclear,,,Subversive Ideological And Political Content,Communism/Socialism,,,
"British Union Quarterly, The",1951-05-04,1951,L.N. 278,Printed Documents,,,Unclear,,,Subversive Ideological And Political Content,Communism/Socialism,,,Incomplete Name In The Kdn List
"Communist International, The",1951-05-04,1951,L.N. 278,Printed Documents,,,Unclear,,,Subversive Ideological And Political Content,Communism/Socialism,,,Incomplete Name In The Kdn List
Labour Monthly,1951-05-04,1951,L.N. 278,Printed Documents,,,Unclear,,,Subversive Ideological And Political Content,Communism/Socialism,,,
Malayan Monitor,1951-05-04,1951,L.N. 278,Printed Documents,,,Unclear,,,Subversive Ideological And Political Content,Communism/Socialism,,,
Moscow News...,1951-05-04,1951,L.N. 278,Printed Documents,,,Unclear,,,Subversive Ideological And Political Content,Communism/Socialism,,,Lack Of Information
Netaji,1951-05-04,1951,L.N. 278,Printed Documents,,,Unclear,,,Subversive Ideological And Political Content,Communism/Socialism,,,Lack Of Information; Title Too Generic
"New Propeller, The...",1951-05-04,1951,L.N. 278,Printed Documents,,,Unclear,,,Subversive Ideological And Political Content,Communism/Socialism,,,Lack Of Information
Preet Lari,1951-05-04,1951,L.N. 278,Printed Documents,Our Baksh Singh,,Unclear,,,Subversive Ideological And Political Content,Communism/Socialism,,,
World News And Views,1951-05-04,1951,L.N. 278,Printed Documents,,,Unclear,,,Subversive Ideological And Political Content,Communism/Socialism,,,Lack Of Information; Title Too Generic
We Are Indebted To The Great Stalin For Our Success,1952-06-12,1952,L.N. 329,Printed Documents,Kosygin,,Unclear,,"[""English""]",Subversive Ideological And Political Content,Communism/Socialism,,,
Songs Of Liberated Zones,1952-06-12,1952,L.N. 329,Printed Documents,,Yim Chai Publishing Society,Unclear,,"[""Chinese""]",Subversive Ideological And Political Content,Communism/Socialism,,,
New Attitude Of Life,1952-06-12,1952,L.N. 329,Printed Documents,Cho Yat Cheong And Others,The New Youth Publishing Co.Hongkong,Foreign,,"[""Chinese""]",Subversive Ideological And Political Content,Communism/Socialism,,,
Pictorial Autography Of Gorky,1952-06-12,1952,L.N. 329,Printed Documents,Various,"Tai Chung Art Publishing House,Shanghai",Foreign,,"[""Chinese""]",Subversive Ideological And Political Content,Communism/Socialism,,,
Historical Materialism History Of Social Expansion,1952-06-12,1952,L.N. 329,Printed Documents,Ngoi Szkhie,"Som Luen Bookshop,Manchuria",Foreign,,"[""Chinese""]",Subversive Ideological And Political Content,Communism/Socialism,,,
New China & The South Seas Chinese,1952-06-12,1952,L.N. 329,Printed Documents,,Singapore Nam Chiau Pau,Foreign,,"[""Chinese""]",Subversive Ideological And Political Content,Communism/Socialism,,,
Study Of Capitalism,1952-06-12,1952,L.N. 329,Printed Documents,Wong Sze Wa,"Sin Tze, Tuk Shwee And Sang Fah Bookshops",Unclear,,"[""Chinese""]",Subversive Ideological And Political Content,Communism/Socialism,,,Capitalism Mentioned
Speechless Article,1952-06-12,1952,L.N. 329,Printed Documents,Pa Jin And Others,Sin Si Tai Wen Ye Seh,Unclear,,"[""Chinese""]",Subversive Ideological And Political Content,Communism/Socialism,,,
Russian Reader,1952-06-12,1952,L.N. 329,Printed Documents,Koo Yung Chung,Sin Min Chu Publishing Co,Unclear,,"[""Chinese""]",Subversive Ideological And Political Content,Communism/Socialism,,,
Fascinating Palace,1952-06-12,1952,L.N. 329,Printed Documents,Wong Kah Yang,Sin Min Chu Publishing Co,Unclear,,"[""Chinese""]",Subversive Ideological And Political Content,Communism/Socialism,,,Publisher
How Marx Studied,1952-06-12,1952,L.N. 329,Printed Documents,,"Sin Hwa Bookshop,Manchuria",Foreign,,"[""Chinese""]",Subversive Ideological And Political Content,Communism/Socialism,,,
Research On Investigation,1952-06-12,1952,L.N. 329,Printed Documents,Yee Kwong Yueu,Sin Hwa Bookshop,Foreign,,"[""Chinese""]",Subversive Ideological And Political Content,Communism/Socialism,,,
To Have An Interview With,1952-06-12,1952,L.N. 329,Printed Documents,Cultural Working Cell Of The Political Dept. Of N.W. Army District,"Sin Hwa Book Store, Canton",Unclear,,"[""Chinese""]",Subversive Ideological And Political Content,Communism/Socialism,,,Publisher
Voice Of Liberation,1952-06-12,1952,L.N. 329,Printed Documents,Sin Huai,"Sin Hwa Book Store, Canton",Foreign,,"[""Chinese""]",Subversive Ideological And Political Content,Communism/Socialism,,,
Kuo Koon Tai,1952-06-12,1952,L.N. 329,Printed Documents,Au Yong Shan,Sin Hwa Book Co.Shanghai,Foreign,,"[""Chinese""]",Subversive Ideological And Political Content,Communism/Socialism,,,
Story Of Underground Worker In China During Japanese Occupation,1952-06-12,1952,L.N. 329,Printed Documents,Oh Nan,"Sin Hwa Book Co., Shanghai",Foreign,,"[""Chinese""]",Subversive Ideological And Political Content,Communism/Socialism,,,
The Functions Of Progressive Ideas In The Development Of Socialism,1952-06-12,1952,L.N. 329,Printed Documents,Kong Sze Tan & Ting Noe Fu,Shanghai Newspapers & Magazine Publishing Society,Foreign,,"[""Chinese""]",Subversive Ideological And Political Content,Communism/Socialism,,,
Letter To The Beginner Who Wishes To Write,1952-06-12,1952,L.N. 329,Printed Documents,Russian Literary Advisory Committee,San Lian Bookshop,Foreign,,"[""Chinese""]",Subversive Ideological And Political Content,Communism/Socialism,,,
Introducing Communist Leaders In Various Countries,1952-06-12,1952,L.N. 329,Printed Documents,,"Sam Luen Bookshop,Manchuria",Foreign,,"[""Chinese""]",Subversive Ideological And Political Content,Communism/Socialism,,,
Karl Marx The Ideologist And Revolutionist,1952-06-12,1952,L.N. 329,Printed Documents,Tan Kak Sz,"Sam Luen Bookshop,Manchuria",Foreign,,"[""Chinese""]",Subversive Ideological And Political Content,Communism/Socialism,,,
Dialetics Of Materialism,1952-06-12,1952,L.N. 329,Printed Documents,Rosenthal,"Sam Luen Bookshop,China",Foreign,,"[""Chinese""]",Subversive Ideological And Political Content,Communism/Socialism,,,
Socialism And Communism,1952-06-12,1952,L.N. 329,Printed Documents,Yau Kam,"Sam Luen Bookshop, Manchuria",Unclear,,"[""Chinese""]",Subversive Ideological And Political Content,Communism/Socialism,,,
Text Book On Russian Lectures,1952-06-12,1952,L.N. 329,Printed Documents,,"Pepople's Broadcasting Station, Tientsin",Unclear,,"[""Chinese""]",Subversive Ideological And Political Content,Communism/Socialism,,,Russia = Soviet
"Mao Tze Tung's Selections,Part I,Ii,Iii,Iv",1952-06-12,1952,L.N. 329,Printed Documents,Mao Tze Tung,People's Publishing Society,Foreign,,"[""Chinese""]",Subversive Ideological And Political Content,Communism/Socialism,,,
Chinese Youth,1952-06-12,1952,L.N. 329,Printed Documents,,Peking,Unclear,,"[""Chinese""]",Subversive Ideological And Political Content,Communism/Socialism,,,China
Folk Songs Of The World,1952-06-12,1952,L.N. 329,Printed Documents,Yip Lo,"Onward Bookshop,Hong Kong",Foreign,,"[""Chinese""]",Subversive Ideological And Political Content,Communism/Socialism,,,Publisher
I Got Chiang Kai Shek Alive,1952-06-12,1952,L.N. 329,Printed Documents,Suen Ming Wan,"Onward Bookshop,Hong Kong",Foreign,,"[""Chinese""]",Subversive Ideological And Political Content,Communism/Socialism,,,
Catechism Of The New Democratic Doctrine,1952-06-12,1952,L.N. 329,Printed Documents,Ng Lan,"Onward Bookshop,Hong Kong",Foreign,,"[""Chinese""]",Subversive Ideological And Political Content,Communism/Socialism,,,Publisher
Dawn,1952-06-12,1952,L.N. 329,Printed Documents,Nip Kan No,"Onward Bookshop,Hong Kong",Foreign,,"[""Chinese""]",Subversive Ideological And Political Content,Communism/Socialism,,,
Where Can The K.M.T Spies Go?,1952-06-12,1952,L.N. 329,Printed Documents,Fan San,"Onward Bookshop, Hongkong",Foreign,,"[""Chinese""]",Subversive Ideological And Political Content,Communism/Socialism,,,
How To Make General Summary On Works,1952-06-12,1952,L.N. 329,Printed Documents,Hun Yen Lam,New Democratic Press,Foreign,,"[""Chinese""]",Subversive Ideological And Political Content,Communism/Socialism,,,
Young Life Of Mao Tze Tung,1952-06-12,1952,L.N. 329,Printed Documents,Siu Sum,New Democracy Publishing Society,Foreign,,"[""Chinese""]",Subversive Ideological And Political Content,Communism/Socialism,,,
New Theory On People's Literature,1952-06-12,1952,L.N. 329,Printed Documents,Lam Lok,New Democracy Publishing Society,Foreign,,"[""Chinese""]",Subversive Ideological And Political Content,Communism/Socialism,,,
On Liberation Of Women,1952-06-12,1952,L.N. 329,Printed Documents,"Marx, Stalin, Lenin",New Democracy Publishing Society,Foreign,,"[""Chinese""]",Subversive Ideological And Political Content,Communism/Socialism,,,
Elementary Russian Reader,1952-06-12,1952,L.N. 329,Printed Documents,Hor Ching,New China Publishing Co,Foreign,,"[""Chinese""]",Subversive Ideological And Political Content,Communism/Socialism,,,
How To Think Correctly,1952-06-12,1952,L.N. 329,Printed Documents,Woo Seng,New China Bookshop,Foreign,,"[""Chinese""]",Subversive Ideological And Political Content,Communism/Socialism,,,
Self Pride Of The Russians,1952-06-12,1952,L.N. 329,Printed Documents,,New China Bookshop,Foreign,,"[""Chinese""]",Subversive Ideological And Political Content,Communism/Socialism,,,
Comrades You Have Taken The Wrong Road,1952-06-12,1952,L.N. 329,Printed Documents,Yau Chung Ming And Others,New China Bookshop,Foreign,,"[""Chinese""]",Subversive Ideological And Political Content,Communism/Socialism,,,
Concise Philosophy,1952-06-12,1952,L.N. 329,Printed Documents,Sun Yap Fong,New China Bookshop,Foreign,,"[""Chinese""]",Subversive Ideological And Political Content,Communism/Socialism,,,
Discourse On Methods Of Thinking,1952-06-12,1952,L.N. 329,Printed Documents,Wu Shing,New China Bookshop,Foreign,,"[""Chinese""]",Subversive Ideological And Political Content,Communism/Socialism,,,
Talk On The Subject Of Women,1952-06-12,1952,L.N. 329,Printed Documents,Toh Kun Fei,New China Bookshop,Foreign,,"[""Chinese""]",Subversive Ideological And Political Content,Communism/Socialism,,,
Sowing Grains,1952-06-12,1952,L.N. 329,Printed Documents,Liu Ching,"New China Book Co., Hongkong",Foreign,,"[""Chinese""]",Subversive Ideological And Political Content,Communism/Socialism,,,
Philosophy For The General Masses,1952-06-12,1952,L.N. 329,Printed Documents,Ngai See Kei,Nam Fong Bookshop,Foreign,,"[""Chinese""]",Subversive Ideological And Political Content,Communism/Socialism,,,
Collection Of Stalin's Latest Writings,1952-06-12,1952,L.N. 329,Printed Documents,Stalin,,Unclear,,"[""Chinese""]",Subversive Ideological And Political Content,Communism/Socialism,,,
Cultivated Land,1952-06-12,1952,L.N. 329,Printed Documents,Hon Meng,,Unclear,,"[""Chinese""]",Subversive Ideological And Political Content,Communism/Socialism,,,
To Study Pact Between China & Ussr,1952-06-12,1952,L.N. 329,Printed Documents,,,Unclear,,"[""Chinese""]",Subversive Ideological And Political Content,Communism/Socialism,,,
On Party's Internal Struggle,1952-06-12,1952,L.N. 329,Printed Documents,Liu Shao Chee,,Foreign,,"[""Chinese""]",Subversive Ideological And Political Content,Communism/Socialism,,,
Overseas,1952-06-12,1952,L.N. 329,Printed Documents,Hon Meng,,Foreign,,"[""Chinese""]",Subversive Ideological And Political Content,Communism/Socialism,,,
Protest Against Liberalism,1952-06-12,1952,L.N. 329,Printed Documents,Mao Tse Tung,,Foreign,,"[""Chinese""]",Subversive Ideological And Political Content,Communism/Socialism,,,
Recollection Of My Visit To America,1952-06-12,1952,L.N. 329,Printed Documents,Tau Hoon,"Life Readers,Sin Zh Publishing Co,Peking",Foreign,,"[""Chinese""]",Subversive Ideological And Political Content,Communism/Socialism,,,
Selected Notes On Visit To Europe,1952-06-12,1952,L.N. 329,Printed Documents,Tau Hoon,"Life Readers, Sin Zh Publishing Co,Peking",Unclear,,"[""Chinese""]",Subversive Ideological And Political Content,Communism/Socialism,,,
New Philosophy Of Life,1952-06-12,1952,L.N. 329,Printed Documents,Yee Ming Wong,Fut Sin Press,Foreign,,"[""Chinese""]",Subversive Ideological And Political Content,Communism/Socialism,,,
Problems Of Unified Fighting Line,1952-06-12,1952,L.N. 329,Printed Documents,,Free World Publishing Co.Hongkong,Foreign,,"[""Chinese""]",Subversive Ideological And Political Content,Communism/Socialism,,,
Wong Chung Nam's Expedition,1952-06-12,1952,L.N. 329,Printed Documents,,Communist Press,Foreign,,"[""Chinese""]",Subversive Ideological And Political Content,Communism/Socialism,,,
New China's October,1952-06-12,1952,L.N. 329,Printed Documents,Si Mah Mun Sum,Chin Cheun Bookshop,Foreign,,"[""Chinese""]",Subversive Ideological And Political Content,Communism/Socialism,,,
Spring Of South Island,1952-06-12,1952,L.N. 329,Printed Documents,,Central Propaganda Dept. Of Malaysan Communist Party,Foreign,,"[""Chinese""]",Subversive Ideological And Political Content,Communism/Socialism,,,
Biography Of Ho Chi Minh,1952-06-12,1952,L.N. 329,Printed Documents,Tran Dan Tien & Chong Nien Shet,August Publishing Co,Unclear,,"[""Chinese""]",Subversive Ideological And Political Content,Communism/Socialism,,,Uncle Ho Mentioned
Map Communist China,1952-06-12,1952,L.N. 329,Printed Documents,"King Chuk Ann,Chen Chi Fong,Young Pak Yu,King Ching Yu",Ah Kwong Geographical Society,Foreign,,"[""Chinese""]",Subversive Ideological And Political Content,Communism/Socialism,,,
Teachings Of Lenin And Stalin On Proletarian Revolution And The State,1952-06-12,1952,L.N. 329,Printed Documents,A.I. Vyshinski,Soviet News,Foreign,,"[""English""]",Subversive Ideological And Political Content,Communism/Socialism,,,
New Times,1952-06-12,1952,L.N. 329,Printed Documents,Various,New Times Publishing House,Foreign,,"[""English""]",Subversive Ideological And Political Content,Communism/Socialism,,,
China's Stratagy For Victory,1952-06-12,1952,L.N. 329,Printed Documents,Mao Tse Tung,,Unclear,,"[""English""]",Subversive Ideological And Political Content,Communism/Socialism,,,
"For A Lasting Peace, For A People's Democracy",1952-06-12,1952,L.N. 329,Printed Documents,,,Unclear,,"[""English""]",Subversive Ideological And Political Content,Communism/Socialism,,,People's Democracy
Social And State Structure Of The U.S.S.R,1952-06-12,1952,L.N. 329,Printed Documents,Karpinsky,,Unclear,,"[""English""]",Subversive Ideological And Political Content,Communism/Socialism,,,Title
Soviet Democracy And Bourgeois Democracy,1952-06-12,1952,L.N. 329,Printed Documents,M.B. Mitin,,Unclear,,"[""English""]",Subversive Ideological And Political Content,Communism/Socialism,,,Title
Soviet Literature Monthly,1952-06-12,1952,L.N. 329,Printed Documents,Various,,Unclear,,"[""English""]",Subversive Ideological And Political Content,Communism/Socialism,,,
Soviet Literature,1952-06-12,1952,L.N. 329,Printed Documents,,,Unclear,,"[""English""]",Subversive Ideological And Political Content,Communism/Socialism,,,
Stalin's Policy Of Peace And Democracy,1952-06-12,1952,L.N. 329,Printed Documents,V.M. Molotov,,Unclear,,"[""English""]",Subversive Ideological And Political Content,Communism/Socialism,,,
Stalin Is Leading On To The Victory Of Communism,1952-06-12,1952,L.N. 329,Printed Documents,Kaganovich,,Unclear,,"[""English""]",Subversive Ideological And Political Content,Communism/Socialism,,,
"Thirty Years Of Struggle, Record Of The British Communist Party",1952-06-12,1952,L.N. 329,Printed Documents,John Collan,,Unclear,,"[""English""]",Subversive Ideological And Political Content,Communism/Socialism,,,
Left Wing Communist An Infantile Disorder,1952-06-12,1952,L.N. 329,Printed Documents,Lenin,Little Lenin Library,Unclear,,"[""English""]",Subversive Ideological And Political Content,Communism/Socialism,,,
State And Revolution,1952-06-12,1952,L.N. 329,Printed Documents,Lenin,Little Lenin Library,Unclear,,"[""English""]",Subversive Ideological And Political Content,Communism/Socialism,,,
The A To Z Of The Soviet Union,1952-06-12,1952,L.N. 329,Printed Documents,Alex Page,Grafton Press Ltd.,Foreign,,"[""English""]",Subversive Ideological And Political Content,Communism/Socialism,,,
Anarchism Of Socialism,1952-06-12,1952,L.N. 329,Printed Documents,V.I. Stalin,Foreign Language Publishing House,Foreign,,"[""English""]",Subversive Ideological And Political Content,Communism/Socialism,,,
Concerning Marxism In Linguistics,1952-06-12,1952,L.N. 329,Printed Documents,Stalin,Foreign Language Publishing House,Foreign,,"[""English""]",Subversive Ideological And Political Content,Communism/Socialism,,,
Economics And Politics In The Era Of The Dictatorshipof The Proleteriat,1952-06-12,1952,L.N. 329,Printed Documents,,Foreign Language Publishing House,Foreign,,"[""English""]",Subversive Ideological And Political Content,Communism/Socialism,,,
Foundations Of Leninism,1952-06-12,1952,L.N. 329,Printed Documents,Stalin,Foreign Language Publishing House,Foreign,,"[""English""]",Subversive Ideological And Political Content,Communism/Socialism,,,
History Of The Communist Party Of The Soviet Union,1952-06-12,1952,L.N. 329,Printed Documents,,Foreign Language Publishing House,Foreign,,"[""English""]",Subversive Ideological And Political Content,Communism/Socialism,,,
History Of Communist Party Of Soviet Union (Bolsheviks),1952-06-12,1952,L.N. 329,Printed Documents,V.I. Stalin,Foreign Language Publishing House,Foreign,,"[""English""]",Subversive Ideological And Political Content,Communism/Socialism,,,
Lenin Selected Works,1952-06-12,1952,L.N. 329,Printed Documents,V.I. Lenin,Foreign Language Publishing House,Foreign,,"[""English""]",Subversive Ideological And Political Content,Communism/Socialism,,,
Marxism And The National And Colonial Question,1952-06-12,1952,L.N. 329,Printed Documents,Stalin,Foreign Language Publishing House,Foreign,,"[""English""]",Subversive Ideological And Political Content,Communism/Socialism,,,
On Co-Operation,1952-06-12,1952,L.N. 329,Printed Documents,Lenin,Foreign Language Publishing House,Foreign,,"[""English""]",Subversive Ideological And Political Content,Communism/Socialism,,,Writings Of Role Of Cooperatives In Building A Socialist Economy; Also Promotes Communist Ideology
On The Draft Constitution (Fundamental Law) Of The Ussr,1952-06-12,1952,L.N. 329,Printed Documents,Stalin,Foreign Language Publishing House,Foreign,,"[""English""]",Subversive Ideological And Political Content,Communism/Socialism,,,
"One Step Forward, Two Steps Back",1952-06-12,1952,L.N. 329,Printed Documents,V.I. Lenin,Foreign Language Publishing House,Foreign,,"[""English""]",Subversive Ideological And Political Content,Communism/Socialism,,,
Problems Of Leninism,1952-06-12,1952,L.N. 329,Printed Documents,I.V. Stalin,Foreign Language Publishing House,Foreign,,"[""English""]",Subversive Ideological And Political Content,Communism/Socialism,,,
Proletaria Revolution And The Renegade Kautsky,1952-06-12,1952,L.N. 329,Printed Documents,V.K. Lenin,Foreign Language Publishing House,Foreign,,"[""English""]",Subversive Ideological And Political Content,Communism/Socialism,,,
Right Of Nations To Self Determination,1952-06-12,1952,L.N. 329,Printed Documents,V.I. Lenin,Foreign Language Publishing House,Foreign,,"[""English""]",Subversive Ideological And Political Content,Communism/Socialism,,,
Soviet Democracy,1952-06-12,1952,L.N. 329,Printed Documents,V.I. Stalin,Foreign Language Publishing House,Foreign,,"[""English""]",Subversive Ideological And Political Content,Communism/Socialism,,,
Tasks Of The Youth League Imperialism The Highest State Of Capitalism,1952-06-12,1952,L.N. 329,Printed Documents,Lenin,Foreign Language Publishing House,Foreign,,"[""English""]",Subversive Ideological And Political Content,Communism/Socialism,,,
War And Second International,1952-06-12,1952,L.N. 329,Printed Documents,V.I. Lenin,Foreign Language Publishing House,Foreign,,"[""English""]",Subversive Ideological And Political Content,Communism/Socialism,,,
What Is To Be Done?,1952-06-12,1952,L.N. 329,Printed Documents,V.I. Lenin,Foreign Language Publishing House,Foreign,,"[""English""]",Subversive Ideological And Political Content,Communism/Socialism,,,
"What The Friends Of The People Are, And How They Fight The Social Democrats",1952-06-12,1952,L.N. 329,Printed Documents,V.I. Lenin,Foreign Language Publishing House,Foreign,,"[""English""]",Subversive Ideological And Political Content,Communism/Socialism,,,
Mao Tze Tung On People's Democratic Dictatorship,1952-06-12,1952,L.N. 329,Printed Documents,,English Language Service,Unclear,,"[""English""]",Subversive Ideological And Political Content,Communism/Socialism,,,Mao
American P.O.W'S Calling From Korea,1952-06-12,1952,L.N. 329,Printed Documents,Various,Communist Patry Of China,Foreign,,"[""English""]",Subversive Ideological And Political Content,Communism/Socialism,,,
"Waktu, Issue No. 40",1952-06-12,1952,L.N. 329,Printed Documents,Zahari,,Unclear,,"[""Malay""]",Subversive Ideological And Political Content,Communism/Socialism,,,
New Times Novoye Vremya,1952-06-12,1952,L.N. 329,Printed Documents,,New Times Publishing House,Foreign,,"[""Russian""]",Subversive Ideological And Political Content,Communism/Socialism,,,
Tactics Of Social Democracy In Democratic Revolution,1952-06-12,1952,L.N. 329,Printed Documents,V.I. Lenin,Foreign Language Publishing House,Foreign,,,Subversive Ideological And Political Content,Communism/Socialism,,,
Chinese Almanac,1952-11-14,1952,L.N. 607,Printed Documents,"Editorial Staff, Wa Nam Almanac, 1952",""" Wa Nam"" People's Publishing House",Unclear,,"[""Chinese""]",Subversive Ideological And Political Content,Communism/Socialism,,,
Chinese Almanac,1952-11-14,1952,L.N. 607,Printed Documents,Staff Wa Nam Almanac 1952,""" Wa Nam "" People's Publishing House",Foreign,,"[""Chinese""]",Subversive Ideological And Political Content,Communism/Socialism,,,
Mimbar Indonesia,1952-11-14,1952,L.N. 607,Printed Documents,Dr. Mohammed Yamin,,Unclear,,"[""Indonesian""]",Subversive Ideological And Political Content,Communism/Socialism,,,
Arasiyal Nilai,1952-11-14,1952,L.N. 607,Printed Documents,P. Jeevanandam,,Unclear,,"[""Tamil""]",Subversive Ideological And Political Content,Communism/Socialism,,,Most Likely Banned For Promoting Communism But I Couldn't Find Evidence
Arasiyal Nilai,1952-11-14,1952,L.N. 607,Printed Documents,P Jeevanandam,M.S.Bharathan Munnani Pathipagam,Foreign,,"[""Tamil""]",Subversive Ideological And Political Content,Communism/Socialism,,,
Unarchi Maalai,1953-08-08,1953,L.N. 554,Printed Documents,M.Karunaanidhi,"Karunaanidhi Publishing House, Madras 2",Foreign,,"[""Tamil""]",Subversive Ideological And Political Content,Communism/Socialism,,,
The Working Youth Of The Rumanian Peoples Republic,1953-08-13,1953,L.N. 396,Printed Documents,,The Central Committee Of The Union Of Working Youth,Unclear,,"[""English""]",Subversive Ideological And Political Content,Communism/Socialism,,,Working Youth = Workers Right = Communist
Arasangam,1953-08-13,1953,L.N. 397,Printed Documents,V.I.Lenin,Kalai Manran Madras1,Unclear,,"[""Tamil""]",Subversive Ideological And Political Content,Communism/Socialism,,,
Stalin Puratchi Mozhikal(Revolutionary Sayings Of Stalin),1953-08-31,1953,L.N. 490,Printed Documents,J.V.Stalin And Kalaichelvan,"Kalai Manram,Madras",Unclear,,"[""Tamil""]",Subversive Ideological And Political Content,Communism/Socialism,,,
Soviet Weekly,1953-10-27,1953,L.N. 357,Printed Documents,,Soviet Weekly,Foreign,,"[""English""]",Subversive Ideological And Political Content,Communism/Socialism,,,
Navayugam,1953-10-27,1953,L.N. 359,Printed Documents,K Damsderam,Vallathol Printing & Publishing,Unclear,,"[""Tamil""]",Subversive Ideological And Political Content,Communism/Socialism,,,"Navayugom Is A Malayalam Fortnightly Published In Kerala, India. It Is The Official Organ Of The Kerala State Council Of The Communist Party Of India.[1] Navayugam Started Publishing On 7 January 1950, As Weekly. K. Damodaran Was The First Editor."
Vengalachilai,1955-05-05,1955,L.N. 235,Printed Documents,,"Tamil Mandram,Theppakulam,Tiruchirappally,Madras,South India",Foreign,,"[""Tamil""]",Subversive Ideological And Political Content,Communism/Socialism,,,
Malay Nadukalil,1955-05-05,1955,L.N. 235,Printed Documents,,"Mangalodayam Ltd,Trichur,South India",Foreign,,"[""Tamil""]",Subversive Ideological And Political Content,Communism/Socialism,,,
The Mathrubhumi Illustrated Wekly,1955-05-05,1955,L.N. 235,Printed Documents,,"K.P.K Menon Mathrubhumi Press,Kozhikode,South India",Foreign,,"[""Tamil""]",Subversive Ideological And Political Content,Communism/Socialism,,,
Vedangalin Vandavalam,1955-07-28,1955,L.N. 364,Printed Documents,,Dravida Kala Nilayam,Unclear,,"[""Tamil""]",Subversive Ideological And Political Content,Communism/Socialism,,,
Cheng Fong Pau,1955-08-11,1955,L.N. 379,Printed Documents,,Cheng Fong Pau,Unclear,,"[""Chinese""]",Subversive Ideological And Political Content,Communism/Socialism,,,
Khuai Huoh Pau,1955-09-15,1955,L.N. 417,Printed Documents,,Khuai Huoh Pau Co. Ltd.,Unclear,,"[""Chinese""]",Subversive Ideological And Political Content,Communism/Socialism,,,
Facts Review,1955-09-15,1955,L.N. 417,Printed Documents,,Eastern Cultural Enterprises Ltd.,Local,,"[""Chinese""]",Subversive Ideological And Political Content,Communism/Socialism,,,
Fun Look,1955-09-29,1955,L.N. 431,Printed Documents,,Fun Look Press,Unclear,,"[""Chinese""]",Subversive Ideological And Political Content,Communism/Socialism,,,
Feng Pao,1955-09-29,1955,L.N. 431,Printed Documents,,Feng Pao Co. Ltd.,Unclear,,"[""Chinese""]",Subversive Ideological And Political Content,Communism/Socialism,,,
Loyal Press,1956-04-12,1956,L.N. 122,Printed Documents,,Loyal Press,Unclear,General Press,"[""Chinese""]",Subversive Ideological And Political Content,Communism/Socialism,,,
China Reconstructs,1956-12-13,1956,L.N. 404,Printed Documents,,"The China Welfare Institute,No.157,Changshu Lu,Shanghai,China",Foreign,,"[""Chinese""]",Subversive Ideological And Political Content,Communism/Socialism,,,
Sin Pao,1956-12-27,1956,L.N. 436,Printed Documents,,"Sin Pao Press Ltd,Singapore",Foreign,,"[""Chinese""]",Subversive Ideological And Political Content,Communism/Socialism,,,
Textbook For Members Of The Communist Party,1956-12-27,1956,L.N. 445,Printed Documents,Central Middle South Propaganda Bureau Of The Chinese Communist Party,Sin Hua Bookshop,Unclear,,"[""Chinese""]",Subversive Ideological And Political Content,Communism/Socialism,,,
A Treatise On The New Stage,1956-12-27,1956,L.N. 445,Printed Documents,Mao Tse Tung,New Democracy Publishing Society,Unclear,,"[""Chinese""]",Subversive Ideological And Political Content,Communism/Socialism,,,
Advancing Towards Communism,1956-12-27,1956,L.N. 445,Printed Documents,Yang Shun Sin And 12 Others,Youth Publishing Society,Foreign,,"[""English""]",Subversive Ideological And Political Content,Communism/Socialism,,,
The Story Of Bridges,1956-12-27,1956,L.N. 445,Printed Documents,Fang Teck Chun,Young Children's Publishing Society,Unclear,,"[""English""]",Subversive Ideological And Political Content,Communism/Socialism,,,
Chou's Platoon Attacked Pingchuan,1956-12-27,1956,L.N. 445,Printed Documents,Ma Feng,Workers' Publishing Society,Unclear,,"[""English""]",Subversive Ideological And Political Content,Communism/Socialism,,,
A Short History Of Social Development,1956-12-27,1956,L.N. 445,Printed Documents,,The People's Publishing Society,Foreign,,"[""English""]",Subversive Ideological And Political Content,Communism/Socialism,,,
Lectures On The Study Of The Business Of Becoming A Primary School Teacher,1956-12-27,1956,L.N. 445,Printed Documents,Chang Tenghsia,Ta Chung Book Company,Foreign,,"[""English""]",Subversive Ideological And Political Content,Communism/Socialism,,,
The Two Ma,1956-12-27,1956,L.N. 445,Printed Documents,Lao Sheh,Shen Kwang Publishing Company,Foreign,,"[""English""]",Subversive Ideological And Political Content,Communism/Socialism,,,
Advance For A Thousand Miles,1956-12-27,1956,L.N. 445,Printed Documents,Chen Kerk,Shanghai Publishing Company,Foreign,,"[""English""]",Subversive Ideological And Political Content,Communism/Socialism,,,
This Is Life,1956-12-27,1956,L.N. 445,Printed Documents,Lee Chen Tse,Self Study Publishing Society,Unclear,,"[""English""]",Subversive Ideological And Political Content,Communism/Socialism,,,
From Yenan To Peking,1956-12-27,1956,L.N. 445,Printed Documents,Ko Chong Ping,San Lien Bookshop,Foreign,,"[""English""]",Subversive Ideological And Political Content,Communism/Socialism,,,
To Begiiner Writers,1956-12-27,1956,L.N. 445,Printed Documents,Gorky,Ping Ming Publishing Society,Foreign,,"[""English""]",Subversive Ideological And Political Content,Communism/Socialism,,,
People's New Era,1956-12-27,1956,L.N. 445,Printed Documents,Sheh Ko,People's Fine Arts Publishing Society,Unclear,,"[""English""]",Subversive Ideological And Political Content,Communism/Socialism,,,
Revision Of Subjects For Middle Schools,1956-12-27,1956,L.N. 445,Printed Documents,Chien Hung Hsiang And 4 Others,Pei Sin Book Shop,Unclear,,"[""English""]",Subversive Ideological And Political Content,Communism/Socialism,,,
Raising The Standard Of Thought In Soviet Literature,1956-12-27,1956,L.N. 445,Printed Documents,Yeh Ko Lin,New China Bookshop,Foreign,,"[""English""]",Subversive Ideological And Political Content,Communism/Socialism,,,
Autumn In Grass Village,1956-12-27,1956,L.N. 445,Printed Documents,Liu Chi,New Art Publishing Society,Unclear,,"[""English""]",Subversive Ideological And Political Content,Communism/Socialism,,,
A Short History Of Social Development,1956-12-27,1956,L.N. 445,Printed Documents,,Liberation Society,Foreign,,"[""English""]",Subversive Ideological And Political Content,Communism/Socialism,,,
The Beginning Of A Cell And Life,1956-12-27,1956,L.N. 445,Printed Documents,Russian Transliterated,Kai Ming Book Company,Foreign,,"[""English""]",Subversive Ideological And Political Content,Communism/Socialism,,,
How To Be A Good Student,1956-12-27,1956,L.N. 445,Printed Documents,Hua Chia,Hsueh Wen Book Co.,Foreign,,"[""English""]",Subversive Ideological And Political Content,Communism/Socialism,,,
The New World Situation After The War,1956-12-27,1956,L.N. 445,Printed Documents,Wang Chau Liang,Hai Yen Bookshop,Foreign,,"[""English""]",Subversive Ideological And Political Content,Communism/Socialism,,,
How To Soviet Republic Eliminates The Exploiting Classes And Class Distinction,1956-12-27,1956,L.N. 445,Printed Documents,Russian Transliterated,Epoch Publishing Company,Foreign,,"[""English""]",Subversive Ideological And Political Content,Communism/Socialism,,,
The Fugitive,1956-12-27,1956,L.N. 445,Printed Documents,Pablo Neruda,Cultural Works Society,Unclear,,"[""English""]",Subversive Ideological And Political Content,Communism/Socialism,,,
An Outline Theory On Classes And Class Struggle,1956-12-27,1956,L.N. 445,Printed Documents,Ten Chu Min,Cultural Supplies Society,Unclear,,"[""English""]",Subversive Ideological And Political Content,Communism/Socialism,,,
History Of The Revolution Of China During The Last One Hundred Years,1956-12-27,1956,L.N. 445,Printed Documents,Siau Peifan,Chiu Shih Publishing Society,Unclear,,"[""English""]",Subversive Ideological And Political Content,Communism/Socialism,,,
The Mother Country At Dawn,1956-12-27,1956,L.N. 445,Printed Documents,Hsiu Sen Tien,Chiu Hua Fine Arts Publishing Society,Unclear,,"[""English""]",Subversive Ideological And Political Content,Communism/Socialism,,,
Table And Chair Committee,1956-12-27,1956,L.N. 445,Printed Documents,Chiang Shanyeh,China Youth Publishing Society,Foreign,,"[""English""]",Subversive Ideological And Political Content,Communism/Socialism,,,
Suara Malaya Merdeka,1956-12-27,1956,L.N. 436,Printed Documents,,Jakarta In Romanised Malay And Edited By Ibrahim Bin Haji Yaacob,Foreign,,"[""Malay""]",Subversive Ideological And Political Content,Communism/Socialism,,,
"World Student News (All Past,Present And Future Issues)",1957-07-25,1957,L.N. 307,Printed Documents,,International Union Of Students,Unclear,,"[""English""]",Subversive Ideological And Political Content,Communism/Socialism,,,
Talks On Ideology,1957-11-07,1957,L.N. 59,Printed Documents,,Knowledge Book Shops,Unclear,,"[""English""]",Subversive Ideological And Political Content,Communism/Socialism,,,
How To Know Oneself And The Society,1960-09-01,1960,L.N. 220,Printed Documents,Huang E-Cheng,Chiu Shih Publishing Society,Unclear,,,Subversive Ideological And Political Content,Communism/Socialism,,,
Pertemuan Wakil2 Partai2 Komunis Dan Partai2 Buruh,1961-10-05,1961,L.N. 310,Printed Documents,,Jajasan Pembaruan,Unclear,,"[""Indonesian""]",Subversive Ideological And Political Content,Communism/Socialism,,,
"""Pernjataan & Seruan"" ""Pertemuan Wakil2 Partai2 Komunis Dan Partai2 Buruh""",1961-11-16,1961,L.N. 347,Printed Documents,,Jajasan Pembaruan,Unclear,,"[""Indonesian""]",Subversive Ideological And Political Content,Communism/Socialism,,,
The Aim Of Life,1962-05-24,1962,L.N. 148,Printed Documents,Various Russian,China Youth Publishing Society,Foreign,,"[""Chinese""]",Subversive Ideological And Political Content,Communism/Socialism,,,
Siaran Partai Berkenaan Revolusi Nasional Rakyat Kalimantan Utara,1963-01-17,1963,L.N. 11,Printed Documents,,Seksi Penerangan Pr Singapura,Unclear,Malay Language(Rumi),"[""Malay""]",Subversive Ideological And Political Content,Communism/Socialism,,,
Knowledge No.97 Volume 9 Dated 12Th November 1962,1963-02-21,1963,L.N. 46,Printed Documents,,"Purnell & Sons Limited,Paulton,Nr.Bristol,England",Foreign,,,Subversive Ideological And Political Content,Communism/Socialism,,,
Contemporary Progressive Indonesian Poetry,1963-04-11,1963,L.N. 92,Printed Documents,Bintang Suradi,"Leaguage Of People's Culture,Indonesia",Foreign,,,Subversive Ideological And Political Content,Communism/Socialism,,,
Finding Out (Part Number 11),1963-06-06,1963,L.N. 138,Printed Documents,,"Purnell & Sons Ltd,Gulf House,2 Portman Street,London,W.Iengland",Foreign,,,Subversive Ideological And Political Content,Communism/Socialism,,,
Recollections,1963-08-24,1963,L.N. 203,Printed Documents,Lim Lean Geok,"Publishing Committee,United Chinese School Teachers'association",Unclear,Jit Sing Printing Press,"[""Chinese""]",Subversive Ideological And Political Content,Communism/Socialism,,,
Chendera Mata Hari Wanita Sedunia 8Hb March 1964,1964-06-25,1964,L.N. 184,Printed Documents,,Jabatan Wanita Front Sosialis Rakyat Malaya,Unclear,Universe Type Printing Co.,"[""Chinese"", ""English"", ""Malay""]",Subversive Ideological And Political Content,Communism/Socialism,,,Socialist Publisher
The First Half Of My Life,1964-11-12,1964,L.N. 377,Printed Documents,Henry Pu Yi,"Hong Kong Wen Tong Bookshop,Hong Kong",Foreign,,"[""Chinese""]",Subversive Ideological And Political Content,Communism/Socialism,,,Autobiography Of The Last Chinese Emperor Pu Yi. Unsure Communist Or Revolutionary Politics.
Chenderamata Puja Umor 10 Partai Rakyat Malaysia,1965-05-06,1965,L.N. 178,Printed Documents,,Partai Rakyat Malaya,Unclear,Weng Yeau,"[""Chinese""]",Subversive Ideological And Political Content,Communism/Socialism,,,
Berita Pemuda,1965-05-06,1965,L.N. 177,Printed Documents,,"Editorial Department,Central Committee,Pemuda Socialis Malaya",Unclear,,"[""English""]",Subversive Ideological And Political Content,Communism/Socialism,,,Socialist Publisher
Chenderamata Perayaan Ulang Tahun 3 Partai Buroh Malaya Chawangan Perbandaran Bersama Merayakan 8Hb 3 Hari Wanita 1965,1965-06-24,1965,L.N. 258,Printed Documents,,"Labour Party Of Malaya,Malacca Town Branch",Unclear,,"[""Chinese""]",Subversive Ideological And Political Content,Communism/Socialism,,,
Distortion Of Blood Dripping Facts Will Not Be Tolerated,1966-02-24,1966,P.U. 72,Printed Documents,"Propaganda & Education Office, Perak Division, Socialist Front",,Unclear,"Propaganda & Education Office, Perak Division, Socialist Front","[""Chinese""]",Subversive Ideological And Political Content,Communism/Socialism,,,Published By Socialist
Berita Ringkas,1966-05-12,1966,P.U 196,Printed Documents,,Propaganda And Educational Section Of Mpsf Perak Division,Unclear,,"[""Chinese""]",Subversive Ideological And Political Content,Communism/Socialism,,,
"Hsueh Hsih Materials,Volume Two",1966-07-14,1966,P.U. 275,Printed Documents,,Propaganda And Educational Section Of Lpm/Prm Perak Division Liaison Committee,Unclear,,,Subversive Ideological And Political Content,Communism/Socialism,,,
"Compatriots,Come And Do Righteousness",1966-07-14,1966,P.U. 276,Printed Documents,,"Labour Party Of Malaya,Kampar Branch",Unclear,,,Subversive Ideological And Political Content,Communism/Socialism,,,
"""Firmly Support The Righteous Struggle Of The West Coast Fishermen In Their 'No Fishing' One Day Strike''",1966-07-21,1966,P.U.280,Printed Documents,,Labour Party Of Malaya And The Partai Rakyat,Unclear,,,Subversive Ideological And Political Content,Communism/Socialism,,,
Chendera Mata 5.1 Hari Buroh Sa Dunia 1966,1966-09-15,1966,P.U. 343,Printed Documents,,"Labour Party Of Malaya,Malacca Town Branch",Unclear,,"[""Chinese""]",Subversive Ideological And Political Content,Communism/Socialism,,,
Malayan Monitor,1966-09-15,1966,P.U.344,Printed Documents,,H.B.Lim,Foreign,,"[""Chinese""]",Subversive Ideological And Political Content,Communism/Socialism,,,"Publication Origin Is Foreign Becuase It Was Published In London, Source -> Https://Grokipedia.Com/Page/Malayan_Monitor. Author Not Available Because It Was A Newspaper"
An Emergency Call Of A Good Citizen,1966-09-15,1966,P.U.342,Printed Documents,,"Choong Neng Heng,Mambau,Negeri Sembilan",Local,,"[""Chinese""]",Subversive Ideological And Political Content,Communism/Socialism,,,
Concerning The Intra Party Ideological Dispute On The Two Divergent Anticolonial Lines Of Struggle,1966-09-15,1966,P.U. 343,Printed Documents,,The Kampar District Lisison Committe Of The Labour Party Of Malaya Perak Division,Unclear,,,Subversive Ideological And Political Content,Communism/Socialism,,,
A Collection Of Songs(No.1 Series),1966-10-06,1966,P.U.373,Printed Documents,,"Party Rakyat,Bukit Merah,Branch,Perak",Local,,,Subversive Ideological And Political Content,Communism/Socialism,,,Cannot Determine What Language Were The Songs And The Sub-Cluster.
A Compilation Of Materials On The Vietnam Issue,1966-10-06,1966,P.U.372,Printed Documents,,Labour Party Of Malaya,Local,,,Subversive Ideological And Political Content,Communism/Socialism,,,Green Because Of Cluster And Sub-Cluster Determination
Johnson Go Home,1966-10-28,1966,P.U.394,Printed Documents,,"Secretariat Of Labour Party Of Malaya,13 October 1966",Local,,"[""Chinese""]",Subversive Ideological And Political Content,Communism/Socialism,,,
Unite Together And Give Johnson A Frontal Assault,1966-10-28,1966,P.U.394,Printed Documents,,"Propaganda Section Partai Rakyat Selangor,20Th October 1966",Local,,"[""Chinese""]",Subversive Ideological And Political Content,Communism/Socialism,,,
Aid Vietnam Resist America,1966-12-29,1966,P.U.479,Printed Documents,,"Partai Buroh Malaya,Kawasan Kluang",Local,,"[""Chinese""]",Subversive Ideological And Political Content,Communism/Socialism,,,
National Hero Nguyen Van Troi,1966-12-29,1966,P.U.479,Printed Documents,,"Partai Buroh Malaya,Kawasan Ayer Itam,Pulau Pinang",Local,,"[""Chinese""]",Subversive Ideological And Political Content,Communism/Socialism,,,
The People Of South Vietnam Must Win The American Troops Must Lose,1966-12-29,1966,P.U.479,Printed Documents,,Malayan Party Rakyat And Labour Party Of Malaya,Local,,"[""Chinese""]",Subversive Ideological And Political Content,Communism/Socialism,,,
Letter To The Public A Strong Protest To The Alliance Government Against The Shooting Of Comrade Ong Chong Of Our Party To Death,1966-12-29,1966,P.U.479,Printed Documents,,"Labour Party Of Malaya,Ampang Branch",Local,,"[""Chinese""]",Subversive Ideological And Political Content,Communism/Socialism,,,
Interesting Affairs Of Human Upon Human,1967-03-30,1967,P.U.155,Printed Documents,Kuan Chieh,Tao Yuen Book Store,Foreign,,"[""Chinese""]",Subversive Ideological And Political Content,Communism/Socialism,,,
Flag,1967-05-25,1967,P.U.230,Printed Documents,,"Propaganda Section,Partai Rakyat,Selangor",Local,,"[""Chinese""]",Subversive Ideological And Political Content,Communism/Socialism,,,
Quatations From Chairman Mao,1967-05-25,1967,P.U.231,Printed Documents,"The General Political Department Of The People Liberation Army,China",,Foreign,,"[""Chinese""]",Subversive Ideological And Political Content,Communism/Socialism,,,
Quotations From Chairman Mao Tse-Tung,1967-05-25,1967,P.U.231,Printed Documents,,"Foreign Languages Press,Peking,1996",Foreign,,"[""English""]",Subversive Ideological And Political Content,Communism/Socialism,,,
Quotations From Chairman Mao Tse-Tung,1967-05-25,1967,P.U.231,Printed Documents,,"Foreign Language Press, Peking : 1966",Unclear,,"[""English""]",Subversive Ideological And Political Content,Communism/Socialism,,,Mao
The New Evening Post,1967-07-06,1967,P.U.296,Printed Documents,,The New Evening Post,Foreign,"Yu Li Press Ltd,Hong Kong","[""Chinese""]",Subversive Ideological And Political Content,Communism/Socialism,,,
Every Red Flower Is Facing The Sun,1967-07-06,1967,P.U.297,Printed Documents,,,Foreign,,"[""Chinese""]",Subversive Ideological And Political Content,Communism/Socialism,,,
Chenderamata Perayaan Bersama Hari Buroh Kesatuan-Kesatuan Sekerja 1967,1967-07-20,1967,P.U.317,Printed Documents,,National Union Of Employees In The Electrical Industry,Local,,"[""Chinese""]",Subversive Ideological And Political Content,Communism/Socialism,,,
March 8 International Women's Day Souvenir 1967,1967-07-20,1967,P.U 318,Printed Documents,,Central Committee Of The Women's Section Of The Labour Party Of Malaya,Local,,"[""Chinese""]",Subversive Ideological And Political Content,Communism/Socialism,,,
Chen Hsien Pao,1967-07-20,1967,P.U 319,Printed Documents,,Barisan Sosialis,Local,,"[""Chinese""]",Subversive Ideological And Political Content,Communism/Socialism,,,
Tong Po Kong Special Edition,1967-08-31,1967,P.U. 398,Printed Documents,,"Party Rakyat Malaya,Labour Party Malaya Perak Division",Local,,"[""Chinese""]",Subversive Ideological And Political Content,Communism/Socialism,,,
The Adventure Tsang Hai-Ke Of A Prince,1967-10-12,1967,P.U.487,Printed Documents,,Sheng Chiu Publishing Society,Foreign,,"[""Chinese""]",Subversive Ideological And Political Content,Communism/Socialism,,,
A Girl Rubber Tapper,1967-10-12,1967,P.U.487,Printed Documents,Dr Chang,Kong Lien Publishing Society,Foreign,,"[""Chinese""]",Subversive Ideological And Political Content,Communism/Socialism,,,
A Girl Mason,1967-10-12,1967,P.U.487,Printed Documents,,Hai Shan Publishing Society,Foreign,,"[""Chinese""]",Subversive Ideological And Political Content,Communism/Socialism,,,
Biography Of Su Nu Of Tang,1967-10-12,1967,P.U. 487,Printed Documents,Pei Hung,Good Friends Publishing Society,Foreign,,"[""Chinese""]",Subversive Ideological And Political Content,Communism/Socialism,,,
Gema Kemarahan Revolusi,1967-10-26,1967,P.U.501,Printed Documents,,"Jawatankuasa Sendiwara,19 Chawangan Anti Berhaluan Kanan Parti Buroh Malaya,Bahagian Selangor",Local,,"[""Chinese""]",Subversive Ideological And Political Content,Communism/Socialism,,,
Cherita Terpileh Mengenai Pahlawan-Pahlawan Revolusi,1967-10-26,1967,P.U.501,Printed Documents,,"Bahagian Da'ayah,Parti Rakyat Bahagian Selangor",Local,,"[""Chinese""]",Subversive Ideological And Political Content,Communism/Socialism,,,
Berita Buroh,1967-10-26,1967,P.U.502,Printed Documents,,Partai Buroh Malaya Bahagian Johor,Local,,,Subversive Ideological And Political Content,Communism/Socialism,,,Language Unclear
Belia Baru,1967-11-23,1967,P.U.535,Printed Documents,,"Jawatankuasa Pusat Diayah,Pelajaran Dan Terbitan Barisan Sosialis",Local,,"[""Chinese""]",Subversive Ideological And Political Content,Communism/Socialism,,,
Bahan-Bahan Hsueh Hsih,1968-01-25,1968,P.U.27,Printed Documents,,"Parti Rakyat Dan Parti Buroh Malaya,Bahagian Perak",Local,,"[""Chinese""]",Subversive Ideological And Political Content,Communism/Socialism,,,
Selected Military Writings Of Mao Tse-Tung(Tulisan-Tulisan Askar Terpilih Mao Tse-Tung,1968-01-25,1968,P.U.28,Printed Documents,,"Foreign Languages Press,Peking,1996",Foreign,,"[""English""]",Subversive Ideological And Political Content,Communism/Socialism,,,
Mengeritik Dan Menyangkal Jalan Yang Salah Bagi Revisionism Keluaran Khas Bertarikh Oktober 1967,1968-04-18,1968,P.U.156,Printed Documents,,,Unclear,,"[""Chinese""]",Subversive Ideological And Political Content,Communism/Socialism,,,Assume Its About Marxist-Leninist Revisionism
"Bendera,Keluaran No.2",1968-04-18,1968,P.U.157,Printed Documents,,"Jawatankuasa Da'ayah,Parti Rakyat,Bahagian Selangor",Local,,"[""Chinese""]",Subversive Ideological And Political Content,Communism/Socialism,,,
"Surat Kepada Ahli-Ahli Parti Oleh Jawatan-Kuasa Perhubungan Parti Buroh, Pahang",1968-05-23,1968,P.U.219,Printed Documents,,,Local,,"[""Chinese""]",Subversive Ideological And Political Content,Communism/Socialism,,,
"Bachaan Bahasa China , Darjah Tinggi, Buku Pertama",1968-05-23,1968,P.U.218,Printed Documents,,"Jawatan-Kuasa Da'ayah Dan Pelajaran, Parti Buroh Tanah Melayu, Bahagian Johor",Local,,"[""Chinese""]",Subversive Ideological And Political Content,Communism/Socialism,,,
"Bachaan Rakyat Untok Darjah Tinggi, Buku Pertama",1968-07-11,1968,P.U.295,Printed Documents,,"Jawatan-Kuasa Da'ayah Parti Rakyat , Tanah ,Melayu, Bahagian Selangor",Local,,"[""Chinese""]",Subversive Ideological And Political Content,Communism/Socialism,,,"It Comes From Parti Rakyat, A Democratic Socialist Party"
Perniagaan Harian Hong Kong,1968-07-25,1968,P.U.318,Printed Documents,,Li Shao-Hsiung,Unclear,,"[""Chinese""]",Subversive Ideological And Political Content,Communism/Socialism,,,
Kekallah Kemenangan Peperangan Rakyat,1968-07-25,1968,P.U.320,Printed Documents,Lin Piao,Akhbar Bahasa-Bahasa Asing Peking,Local,,"[""English""]",Subversive Ideological And Political Content,Communism/Socialism,,,Language Undetermined
Kita Mesti Menang!Penjajahan British Di Hong Kong Akan Ditewaskan,1968-08-22,1968,P.U.357,Printed Documents,,The Tang Ku Pao,Foreign,,"[""Chinese"",""English""]",Subversive Ideological And Political Content,Communism/Socialism,,,
Kumpulan Karangan-Karangan Mengenai Revolusi,1968-10-17,1968,P.U.414,Printed Documents,,"Jawatankuasa Daayah,Parti Rakyat,Bahagian Selangor",Local,,"[""Chinese""]",Subversive Ideological And Political Content,Communism/Socialism,,,
A History Of Europe Vol.1 From The Earliest Time To 1713,1968-10-24,1968,P.U.419,Printed Documents,,The Fontana Library,Unclear,Collins Cleartype Press,"[""English""]",Subversive Ideological And Political Content,Communism/Socialism,,,
Maidenhead Stories,1969-02-27,1969,P.U. (A) 60,Printed Documents,S.Murphy Ph.D,Brandon House,Foreign,,"[""English""]",Subversive Ideological And Political Content,Communism/Socialism,,,
Deva Dasi,1969-02-27,1969,P.U. (A) 60,Printed Documents,Ataulah Mardaan,Brandon House,Foreign,,"[""English""]",Subversive Ideological And Political Content,Communism/Socialism,,,
Edisi Khas Memperingati Hari Ulangtahun Kedua Pemogokan Di Ladang Nenas Chuan Seng,1969-05-01,1969,P.U. (A) 139,Printed Documents,,"Kesatuan Pekerja-Pekerja Ladang Nenas,Persekutuan Tanah Melayu",Unclear,,"[""Chinese""]",Subversive Ideological And Political Content,Communism/Socialism,,,
Memoirs Of A Russian Princess,1969-07-27,1969,P.U. (A) 60,Printed Documents,Katoumbah Pasha,Holloway House,Unclear,,"[""English""]",Subversive Ideological And Political Content,Communism/Socialism,,,
Di-Sana Sini,1969-07-28,1969,P.U. (A) 529,Printed Documents,Ho Ho Lim,,Unclear,Sharikat Borneo Perchetakan Sdn. Berhad,"[""Chinese""]",Subversive Ideological And Political Content,Communism/Socialism,,,
Kejadian Yang Sebenarnya Mengenai Kekachauan2 Di-Malaya 1,1969-10-02,1969,P.U. (A) 390,Printed Documents,,Malaysia People's Publishing Society,Local,Kelang Chetak Menchetak Tai Mah,"[""Chinese""]",Subversive Ideological And Political Content,Communism/Socialism,,,
Berita China,1969-10-30,1969,P.U. (A) 435,Printed Documents,,"Pejabat Konsol, Pejabat Kuasa-Usaha Di-England, The People's Republic Of China",Foreign,,"[""Chinese""]",Subversive Ideological And Political Content,Communism/Socialism,,,Published By Communist China Consulate So Assume Its Communism
China News,1969-10-30,1969,P.U. (A) 435,Printed Documents,,"Consulate, Office Of Charge De Affairs In England, The People's Republic Of China",Foreign,,"[""Chinese""]",Subversive Ideological And Political Content,Communism/Socialism,,,
Kim Ii Sung,1970-01-29,1970,P.U (A) 50,Printed Documents,,Mirasha,Unclear,,"[""English""]",Subversive Ideological And Political Content,Communism/Socialism,,,
"Suratan ""Partai Rakyat Malaya""",1970-01-29,1970,P.U (A) 51,Printed Documents,Dzulkifli Ismail Dan S. Sivasubramaniam,,Unclear,,"[""Malay"", ""English"", ""Chinese""]",Subversive Ideological And Political Content,Communism/Socialism,,,
Partai Buroh Malaya Tabong Pergerakan Politik,1970-02-12,1970,P.U. (A) 63,Printed Documents,Partai Buroh Malaya,,Unclear,,"[""Chinese"", ""English"", ""Tamil""]",Subversive Ideological And Political Content,Communism/Socialism,,,
Partai Buroh Malaya Tabong Pergerakan Politik,1970-02-12,1970,P.U (A) 63,Printed Documents,Partai Buroh Malaya,,Unclear,,"[""Malay"", ""Chinese""]",Subversive Ideological And Political Content,Communism/Socialism,,,
"""Bendera Benteng Suara Dan Bichara Partai Rakyat Malaya (Untuk Anggota Saja)'",1970-03-19,1970,P.U (A) 93,Printed Documents,,,Unclear,,"[""Malay""]",Subversive Ideological And Political Content,Communism/Socialism,,,
"Suratan2 Yang Mengandongi Shaer2 Dan Muzik Dalam Lagu Lagu Yang Tajok-Nya Ialah: 1. Nyanyian Latehan Askar2, 2. Satu Bungkusan Hadiah Untok Melahirkan Penghargaan, 3. Latehan Bayonet2",1970-04-16,1970,P.U (A) 125,Audio/Recordings,,,Unclear,,"[""Chinese""]",Subversive Ideological And Political Content,Communism/Socialism,,,
** Tiba Di-Shao-Shan,1970-05-14,1970,P.U (A) 166,Printed Documents,"Mao Tze-Tung (Jun, 1959)",,Unclear,,"[""Chinese""]",Subversive Ideological And Political Content,Communism/Socialism,,,
Chontoh Mulia Perjuangan Massa-Untok Memperingati Ulang-Tahun Pertama Kematian Shahid Lim Soon Seng,1970-08-13,1970,P.U (A) 283,Printed Documents,,Bahagian Kepong Parti Buroh,Local,,"[""Chinese""]",Subversive Ideological And Political Content,Communism/Socialism,,,
Kim Ii Sung,1970-09-03,1970,P.U. (A) 312,Printed Documents,,Foreign Languages Publishing House,Foreign,,"[""English""]",Subversive Ideological And Political Content,Communism/Socialism,,,
Kim Ii Sung,1970-09-03,1970,P.U (A) 312,Printed Documents,,Foreign Language Publishing House,Foreign,,"[""English""]",Subversive Ideological And Political Content,Communism/Socialism,,,
Misi Bagi Parti Kominis China Semasa Peperangan Anti Jepun Kedudukan Parti Kominis China Dalam Perjuangan Nasional,1970-09-17,1970,P.U (A) 327,Printed Documents,,,Unclear,,"[""Chinese""]",Subversive Ideological And Political Content,Communism/Socialism,,,
Mimbar Rakyat,1970-10-15,1970,P.U (A) 371,Printed Documents,,Partai Rakyat Negeri Singapura,Unclear,,"[""Chinese""]",Subversive Ideological And Political Content,Communism/Socialism,,,
Ayer Mata Ibu,1970-10-22,1970,P.U (A) 381,Printed Documents,,Thong Lam,Unclear,Hon Hong Printing Press,"[""Chinese""]",Subversive Ideological And Political Content,Communism/Socialism,,,
Kebaikan Rengkasan Tulisan China,1970-10-22,1970,P.U (A) 380,Printed Documents,,Sharikat Hing Kong Penerbit Peniaga,Local,,"[""Chinese""]",Subversive Ideological And Political Content,Communism/Socialism,,,Title Sounds Like Chinese Propaganda
Bendera Banteng,1970-10-22,1970,P.U (A) 382,Printed Documents,,Propaganda Department Of Partai Rakyat Malaya,Local,,"[""Malay"", ""English"", ""Tamil"", ""Chinese""]",Subversive Ideological And Political Content,Communism/Socialism,,,
Bendera Banteng,1970-10-22,1970,P.U. (A) 382,Printed Documents,,Bahagian Da'ayah Partai Rakyat Malaya,Unclear,,,Subversive Ideological And Political Content,Communism/Socialism,,,
"Pengerusi Mao Yang Di-Sayangi, Anda Ia-Lah Mata Hari Merah Yang Bersinar Dalam Sanubari2 Kami Nombor - Xm - 1022",1971-04-22,1971,P.U. (A) 134,Audio/Recordings,,Chinese Record (Piring-2 Hitam China),Foreign,,"[""Chinese""]",Subversive Ideological And Political Content,Communism/Socialism,,,
Muzik Pendahuluan Bagi Chetakan Ulangan,1971-04-22,1971,P.U. (A) 134,Audio/Recordings,,Chinese Record (Piring-2 Hitam China),Foreign,,"[""Chinese""]",Subversive Ideological And Political Content,Communism/Socialism,,,
Pahlawan Pengerusi Mao Ada-Lah Paling Tat Kepada Parti Nombor - M- 804,1971-04-22,1971,P.U. (A) 134,Audio/Recordings,,Chinese Record (Piring-2 Hitam China),Foreign,,"[""Chinese""]",Subversive Ideological And Political Content,Communism/Socialism,,,
Memuji Wong Kit Dengan Nyanyian Dan Belajar-Lah Daripada Wong Kit Nombor - M - 769,1971-04-22,1971,P.U. (A) 134,Audio/Recordings,,Chinese Record (Piring-2 Hitam China),Foreign,,"[""Chinese""]",Subversive Ideological And Political Content,Communism/Socialism,,,
Mao Tse-Tung Yang Agong Ada-Lah Gilang Gemilang,1971-09-30,1971,P.U. (A) 331,Printed Documents,,,Unclear,,"[""Chinese""]",Subversive Ideological And Political Content,Communism/Socialism,,,Mao
Sadikit-Sabanyak Tinjauan Di-Negeri-Negeri China,1972-01-27,1972,P.U. (A) 25,Printed Documents,,Ping Chen Publishing House,Unclear,,"[""Chinese""]",Subversive Ideological And Political Content,Communism/Socialism,,,
Selamat Tahun Baharu Suratan Ini Mulai Dengan Perkataan2,1972-02-10,1972,P.U. (A) 34,Printed Documents,,Persatuan Bahasa Tionghua,Local,,"[""Chinese""]",Subversive Ideological And Political Content,Communism/Socialism,,,
Kehuruharaan Sayap- Kiri Yang Mentah Dalam Pergerakan Komunis,1972-08-17,1972,P.U. (A) 248,Printed Documents,Lenin,Biro Penerbitan Penerangan Moscow,Local,,"[""Chinese""]",Subversive Ideological And Political Content,Communism/Socialism,,,
The Constitution Of The Communist Party Of Malaya-30 Apr 72,1972-09-14,1972,P.U. (A) 279,Printed Documents,,,Unclear,,,Subversive Ideological And Political Content,Communism/Socialism,,,
"China Pictorial No.8 Aug, 1972",1972-10-19,1972,P.U (A) 330,Printed Documents,,China Pictorial,Foreign,,"[""Chinese""]",Subversive Ideological And Political Content,Communism/Socialism,,,
Suara Msdr,1973-11-08,1973,P.U. (A) 307,Printed Documents,,Chairman Of The Msdr's Chamber Moscow-Ussr,Foreign,,"[""Malay""]",Subversive Ideological And Political Content,Communism/Socialism,,,
Cleverness Of Young Guide-Little Sentry Of Wufu Town (Part 1),1973-12-06,1973,P.U (A) 351,Printed Documents,,Youth Publishing Society,Foreign,"The Printing Press Of Chung Hwa Book Store, Hong Kong","[""Chinese""]",Subversive Ideological And Political Content,Communism/Socialism,,,Publisher Have Published Communist Publication
Harassing The Enemies In A Battle In Front Of The Village-Little Sentry Of Wu Fu Town (Part Ii),1973-12-06,1973,P.U (A) 351,Printed Documents,,Youth Publishing Society,Foreign,"The Printing Press Of Chung Hwa Book Store, Hong Kong","[""Chinese""]",Subversive Ideological And Political Content,Communism/Socialism,,,Publisher Have Published Communist Publication
The Road Taken Is A Correct One,1973-12-06,1973,P.U (A) 350,Printed Documents,Ha Wa,Wan Lee Cultural Enterprise,Local,,"[""Chinese""]",Subversive Ideological And Political Content,Communism/Socialism,,,
Close Friendship,1973-12-06,1973,P.U (A) 351,Printed Documents,,People's Publishing Society Shanghai,Foreign,"The Seventh Printing Factory, Shanghai","[""Chinese""]",Subversive Ideological And Political Content,Communism/Socialism,,,
Little Soldier Cheong Ha,1973-12-06,1973,P.U (A) 351,Printed Documents,,People's Publishing Society Shanghai,Foreign,"The Seventh Printing Factory, Shanghai","[""Chinese""]",Subversive Ideological And Political Content,Communism/Socialism,,,
"The Story Of A ""Croaching Tiger""",1973-12-06,1973,P.U (A) 351,Printed Documents,,People's Art Publishing Society,Foreign,The Printing Factory Of China's Youth Publishing Society,"[""Chinese""]",Subversive Ideological And Political Content,Communism/Socialism,,,
Offering A Pot Of Tea,1973-12-06,1973,P.U (A) 351,Printed Documents,,People's Art Publishing Society,Foreign,The Printing Factory Of China's Youth Publishing Society,"[""Chinese""]",Subversive Ideological And Political Content,Communism/Socialism,,,
A Heap Of Ground-Nuts,1973-12-06,1973,P.U (A) 351,Printed Documents,,People's Art Publishing Society,Foreign,The Printing Factory Of China's Youth Publishing Society,"[""Chinese""]",Subversive Ideological And Political Content,Communism/Socialism,,,
Fighting North And South,1973-12-06,1973,P.U (A) 351,Printed Documents,,People's Art Publishing Society,Foreign,The Printing Factory Of China's Youth Publishing Society,"[""Chinese""]",Subversive Ideological And Political Content,Communism/Socialism,,,
Kill The Enemy Bravely,1973-12-06,1973,P.U (A) 351,Printed Documents,,People's Art Publishing Society,Foreign,"The Fourth Printing Factory, Peking","[""Chinese""]",Subversive Ideological And Political Content,Communism/Socialism,,,
Childhood Gorky's Story Part 1,1973-12-06,1973,P.U (A) 351,Printed Documents,,People's Art Publishing Society,Foreign,The Printing Factory Of China's Youth Publishing Society,"[""Chinese""]",Subversive Ideological And Political Content,Communism/Socialism,,,
Rolls Of Drums At The Equator,1973-12-06,1973,P.U (A) 350,Printed Documents,Sung Hon,Khuan San Publishing Company,Unclear,,"[""Chinese""]",Subversive Ideological And Political Content,Communism/Socialism,,,
The Fishing Villages Of Raging Flames,1973-12-06,1973,P.U (A) 350,Printed Documents,Sung Hon,Khuan San Publishing Company,Unclear,,"[""Chinese""]",Subversive Ideological And Political Content,Communism/Socialism,,,
Chen Hsien Pao,1973-12-06,1973,P.U (A) 349,Printed Documents,,Barisan Sosialis Malaya,Local,,"[""Chinese""]",Subversive Ideological And Political Content,Communism/Socialism,,,
Lagu Gerilawati,1975-06-19,1975,P.U (A) 177,Audio/Recordings,,,Local,,"[""Chinese"", ""Malay""]",Subversive Ideological And Political Content,Communism/Socialism,,,
"Lagu Peringatan Hari Pahlawan ""1 September""",1975-06-19,1975,P.U (A) 177,Audio/Recordings,,,Local,,"[""Chinese"", ""Malay""]",Subversive Ideological And Political Content,Communism/Socialism,,,
Tentera Dan Rakyat Menyanyi Lagu Kemenangan Dengan Gembira,1975-06-19,1975,P.U (A) 177,Audio/Recordings,,,Local,,"[""Chinese"", ""Malay""]",Subversive Ideological And Political Content,Communism/Socialism,,,
"Ketua Mao, Rakyat Malaya Memuji Kau Panjang Usia",1975-06-19,1975,P.U (A) 177,Printed Documents,,,Local,,"[""Chinese"", ""Malay""]",Subversive Ideological And Political Content,Communism/Socialism,,,
Gunong,1975-06-19,1975,P.U (A) 177,Printed Documents,,,Local,,"[""Chinese"", ""Malay""]",Subversive Ideological And Political Content,Communism/Socialism,,,
Panji,1975-06-19,1975,P.U (A) 177,Printed Documents,,,Local,,"[""Chinese"", ""Malay""]",Subversive Ideological And Political Content,Communism/Socialism,,,
Rakyat Malaya Menjunjung Tinggi2 Panji Merah Besar Perjuangan Bersenjata Maju Tak Gentar,1975-06-19,1975,P.U (A) 177,Printed Documents,,,Local,,"[""Chinese"", ""Malay""]",Subversive Ideological And Political Content,Communism/Socialism,,,
Menyenandong Parti Komunis Malaya,1975-06-19,1975,P.U (A) 177,Printed Documents,,,Local,,"[""Chinese"", ""Malay""]",Subversive Ideological And Political Content,Communism/Socialism,,,
Menyenandong Tentera Pembebasan Nasional Malaya,1975-06-19,1975,P.U (A) 177,Printed Documents,,,Local,,"[""Chinese"", ""Malay""]",Subversive Ideological And Political Content,Communism/Socialism,,,
"Parti Nan Jaya, Pernyataan Nan Jaya",1975-06-19,1975,P.U (A) 177,Printed Documents,,,Local,,"[""Chinese"", ""Malay""]",Subversive Ideological And Political Content,Communism/Socialism,,,
Menyenandong Perlembagaan Parti Yang Baru,1975-06-19,1975,P.U (A) 177,Printed Documents,,,Local,,"[""Chinese"", ""Malay""]",Subversive Ideological And Political Content,Communism/Socialism,,,
Bersorak Lahirnya Ulang Tahun Ke- 40 Parti Nan Jaya,1975-06-19,1975,P.U (A) 177,Printed Documents,,,Local,,"[""Chinese"", ""Malay""]",Subversive Ideological And Political Content,Communism/Socialism,,,
"Menyenandongkan Ulang Tahun Ke -20 Hari Tentera ""1 February""",1975-06-19,1975,P.U (A) 177,Printed Documents,,,Local,,"[""Chinese"", ""Malay""]",Subversive Ideological And Political Content,Communism/Socialism,,,
Pasokan Penggempur Yang Heroik Sedang Mara,1975-06-19,1975,P.U (A) 177,Printed Documents,,,Local,,"[""Chinese"", ""Malay""]",Subversive Ideological And Political Content,Communism/Socialism,,,
Balek Ke- Basis Lama,1975-06-19,1975,P.U (A) 177,Printed Documents,,,Local,,"[""Chinese"", ""Malay""]",Subversive Ideological And Political Content,Communism/Socialism,,,
"Menyenandongkan ""5 Baik""",1975-06-19,1975,P.U (A) 177,Printed Documents,,,Local,,"[""Chinese"", ""Malay""]",Subversive Ideological And Political Content,Communism/Socialism,,,
Dua Puloh Tahun Bertempor Merintis Jalan Raya Merah,1975-06-19,1975,P.U (A) 177,Printed Documents,,,Local,,"[""Chinese"", ""Malay""]",Subversive Ideological And Political Content,Communism/Socialism,,,
Menegakkan Jasa,1975-06-19,1975,P.U (A) 177,Printed Documents,,,Local,,"[""Chinese"", ""Malay""]",Subversive Ideological And Political Content,Communism/Socialism,,,
Menyenandongkan Sajak Ketua Mao,1975-06-19,1975,P.U (A) 177,Printed Documents,,,Local,,"[""Chinese"", ""Malay""]",Subversive Ideological And Political Content,Communism/Socialism,,,
Gunong Tahan Tinggi Menawan,1975-06-19,1975,P.U (A) 177,Printed Documents,,,Local,,"[""Chinese"", ""Malay""]",Subversive Ideological And Political Content,Communism/Socialism,,,
Kiriman Kepada Rakan Seperjuangan Yang Karib,1975-06-19,1975,P.U (A) 177,Printed Documents,,,Local,,"[""Chinese"", ""Malay""]",Subversive Ideological And Political Content,Communism/Socialism,,,
Merindukan Kawan Seperjuangan Karib,1975-06-19,1975,P.U (A) 177,Printed Documents,,,Local,,"[""Chinese"", ""Malay""]",Subversive Ideological And Political Content,Communism/Socialism,,,
Bersorak Pembukaan Sekolah Parti,1975-06-19,1975,P.U (A) 177,Printed Documents,,,Local,,"[""Chinese"", ""Malay""]",Subversive Ideological And Political Content,Communism/Socialism,,,
Memuji Kemenangan Besar Tahun Baru Vietnam,1975-06-19,1975,P.U (A) 177,Printed Documents,,,Local,,"[""Chinese"", ""Malay""]",Subversive Ideological And Political Content,Communism/Socialism,,,
Memuja Ulang Tahun Ke 100 Keputeraan Guru Agung Lenin,1975-06-19,1975,P.U (A) 177,Printed Documents,,,Local,,"[""Chinese"", ""Malay""]",Subversive Ideological And Political Content,Communism/Socialism,,,
Malam Hari Raya,1975-06-19,1975,P.U (A) 177,Printed Documents,,,Local,,"[""Chinese"", ""Malay""]",Subversive Ideological And Political Content,Communism/Socialism,,,
Kanak-Kanak Barisan Pembebasan,1975-06-19,1975,P.U (A) 177,Printed Documents,,,Local,,"[""Chinese"", ""Malay""]",Subversive Ideological And Political Content,Communism/Socialism,,,
Build The Pki Along The Marxist-Leninist To Lead The People's Democratic Revolution In Indonesia,1975-06-19,1975,P.U (A) 176,Printed Documents,,The Delegation Of The Cc Pki,Foreign,,"[""English""]",Subversive Ideological And Political Content,Communism/Socialism,,,
The Murderous Riots,1975-06-19,1975,P.U. (A) 175,Printed Documents,Ng Meng Sun,,Unclear,,"[""English""]",Subversive Ideological And Political Content,Communism/Socialism,,,
Marakkan Perjuangan (Lencana),1975-06-19,1975,P.U (A) 178,Printed Documents,,,Local,,"[""Malay""]",Subversive Ideological And Political Content,Communism/Socialism,,,
Tasik Utara (Lencana),1975-06-19,1975,P.U (A) 178,Printed Documents,,,Local,,"[""Malay""]",Subversive Ideological And Political Content,Communism/Socialism,,,
New Thought,1975-06-26,1975,P.U (A) 185,Printed Documents,,New Thought Publication Sosiety,Foreign,,"[""Chinese"", ""English""]",Subversive Ideological And Political Content,Communism/Socialism,,,
Crystalloid - Tube - Regulator Circuit,1975-06-26,1975,P.U (A) 186,Printed Documents,Shanghai Amateur Industrial University,Scientific Publishing Society,Foreign,Academy Of Science Of China Printing Factory,"[""Chinese""]",Subversive Ideological And Political Content,Communism/Socialism,,,
Knowledge Of Modern Chinese History,1975-06-26,1975,P.U (A) 186,Printed Documents,Wong Jin-Hwa,Hong Kong Chow Yang Publishing Society,Foreign,Tan Chien Printing Company,"[""Chinese""]",Subversive Ideological And Political Content,Communism/Socialism,,,
Economic Reporter,1975-06-26,1975,P.U (A) 185,Printed Documents,,Economic Information And Agency,Foreign,"The Printing Press Of Shang-Wu Publishing Hous, Hong Kong","[""Chinese""]",Subversive Ideological And Political Content,Communism/Socialism,,,
Song Of Life,1975-07-10,1975,P.U (A) 206,Printed Documents,Yao Hka-Nan,People Literary Publishing Agency,Unclear,,"[""Chinese""]",Subversive Ideological And Political Content,Communism/Socialism,,,
Red Sun In The Hearts Of The Sah Yee People,1975-07-10,1975,P.U (A) 208,Printed Documents,,,Unclear,,"[""Chinese""]",Subversive Ideological And Political Content,Communism/Socialism,,,
The Great Peking,1975-07-10,1975,P.U (A) 208,Printed Documents,,,Unclear,,"[""Chinese""]",Subversive Ideological And Political Content,Communism/Socialism,,,
Ah Wah People Sing New Song,1975-07-10,1975,P.U (A) 208,Printed Documents,,,Unclear,,"[""Chinese""]",Subversive Ideological And Political Content,Communism/Socialism,,,
Singing Never Ends In Chang Mountain,1975-07-10,1975,P.U (A) 208,Printed Documents,,,Unclear,,"[""Chinese""]",Subversive Ideological And Political Content,Communism/Socialism,,,
Red Sun Shines Over Border,1975-07-10,1975,P.U (A) 208,Printed Documents,,,Unclear,,"[""Chinese""]",Subversive Ideological And Political Content,Communism/Socialism,,,
Hong Kong Workers,1975-07-10,1975,P.U (A) 205,Printed Documents,,Hong Kong Kowloon United Workers Union Propaganda And Education Comittee,Foreign,Chung Hwa Book Co.,"[""Chinese""]",Subversive Ideological And Political Content,Communism/Socialism,,,
Book At A Glance,1975-07-10,1975,P.U (A) 207,Printed Documents,,The Seventies Publishing Co.,Foreign,Tai Ching Printing Press Company,,Subversive Ideological And Political Content,Communism/Socialism,,,
Artist Magazine,1975-07-24,1975,P.U (A) 229,Printed Documents,,Artist Publishing Society,Unclear,Gold Crown Printing Press,"[""Chinese""]",Subversive Ideological And Political Content,Communism/Socialism,,,
The China Monthly,1975-07-31,1975,P.U (A) 229,Printed Documents,,The China Monthly,Foreign,Hong Kong Union Printing Press,"[""Chinese""]",Subversive Ideological And Political Content,Communism/Socialism,,,
In This World- Gorky's Story Part Ii,1975-10-16,1975,P.U (A) 331,Printed Documents,,People's Art Publishing Society,Foreign,"The Rubber Stamp Printing Factory, Peking","[""Chinese""]",Subversive Ideological And Political Content,Communism/Socialism,,,
The Invisible Secret Weapon Of Mao Tze-Tung: The People's Militia Of China,1975-10-16,1975,P.U (A) 338,Printed Documents,,,Unclear,,"[""Chinese""]",Subversive Ideological And Political Content,Communism/Socialism,,,MAO
*China Pictorial No. 1/1975,1975-10-16,1975,P.U (A) 336,Printed Documents,,China Pictorial,Foreign,,"[""Chinese""]",Subversive Ideological And Political Content,Communism/Socialism,,,
* China Pictorial No.2 / 1975,1975-10-16,1975,P.U (A) 336,Printed Documents,,China Pictorial,Foreign,,"[""Chinese""]",Subversive Ideological And Political Content,Communism/Socialism,,,
* China Pictorial No.6 / 1975,1975-10-16,1975,P.U (A) 336,Printed Documents,,China Pictorial,Foreign,,"[""Chinese""]",Subversive Ideological And Political Content,Communism/Socialism,,,
Lagu Merdu Untuk Parti Jaya (The Words And Music Of This Sung),1975-10-16,1975,P.U (A) 335,Audio/Recordings,,,Local,,"[""Malay""]",Subversive Ideological And Political Content,Communism/Socialism,,,Ties To PKM
** Pkm Bintang Merah Bercahaya (The Words And Music Of This Song),1975-10-16,1975,P.U (A) 335,Printed Documents,,,Local,,"[""Malay""]",Subversive Ideological And Political Content,Communism/Socialism,,,Ties To PKM
"""Suara Rakyat"" Bil. 12 Tahun Pertama, Bertarikh 6Hb Disember, 1975",1975-12-05,1975,P.U (A) 412,Printed Documents,,Penerbitan Surat Sdn. Bhd.,Local,Percetakan Surat Sdn. Bhd.,"[""Malay""]",Subversive Ideological And Political Content,Communism/Socialism,,,
Along The Path Of Golden Light,1975-12-18,1975,P.U. (A) 421,Printed Documents,,People's Art Publisher,Unclear,,"[""Chinese""]",Subversive Ideological And Political Content,Communism/Socialism,,,
Malaya News Service,1975-12-18,1975,P.U. (A) 422,Printed Documents,,Neil Mc Lein,Foreign,Waverly Offset Publishing Group,"[""English""]",Subversive Ideological And Political Content,Communism/Socialism,,,
"** An Artcle Entitled ""On The Occasion Of 30Th Anniversary Of Foundation Of Worker's Party Of Korea Report Delivered By General Secretary Lim Ii Sung As Commenoration Of 30Th Founding Anniversary Of W",1976-01-29,1976,P.U (A) 18,Printed Documents,,,Unclear,,,Subversive Ideological And Political Content,Communism/Socialism,,,Worker Party Of Korea
Ten Poems And Lyrics By Mao Tse-Tung,1976-03-11,1976,P.U. (A) 77,Printed Documents,,"University Of Massachusetts Press, Amherst 1975",Foreign,United States Of America,"[""English""]",Subversive Ideological And Political Content,Communism/Socialism,,,MAO
"** New Year Address Of The Great Leader Comrade Kim Ii Sung, General Secretary Of The Central Committee Of The Korkers Party Of Korea And President Of The State Of The Democratic People's Republic Of",1976-03-11,1976,P.U (A) 79,Printed Documents,,,Unclear,,"[""English""]",Subversive Ideological And Political Content,Communism/Socialism,,,
Mao Tse-Tung,1976-09-22,1976,P.U. (A) 296,Printed Documents,,Akhbar Suria Sdn. Bhd.,Local,Ng Brothers Printing Press,"[""Chinese""]",Subversive Ideological And Political Content,Communism/Socialism,,,
Mao Tse-Tung Passes Away,1976-11-04,1976,P.U. (A) 356,Printed Documents,,East Wind Publishing Agency,Unclear,Rydasprint Selangor,"[""Chinese""]",Subversive Ideological And Political Content,Communism/Socialism,,,
Pictorial Magazine On The Death Of Chairman Mao Tse-Tung,1976-11-04,1976,P.U. (A) 355,Printed Documents,,"East Wind Organisation Co., Hong Kong",Foreign,"South East Printing Press, Hong Kong","[""Chinese""]",Subversive Ideological And Political Content,Communism/Socialism,,,
Kematian Mao-Tse-Tung,1976-11-04,1976,P.U. (A) 357,Printed Documents,,Boon Fung Organising Co.,Local,Hai Sun Printing,"[""Chinese""]",Subversive Ideological And Political Content,Communism/Socialism,,,
A Brilliant Spectacle,1977-06-23,1977,P.U (A) 186,Audio/Recordings,,Bailey Record Co.,Unclear,,"[""Chinese""]",Subversive Ideological And Political Content,Communism/Socialism,,,Publisher Published Communist Publication.
Like Fish And Water,1977-06-23,1977,P.U (A) 186,Audio/Recordings,,Bailey Record Co.,Unclear,,"[""Chinese""]",Subversive Ideological And Political Content,Communism/Socialism,,,Publisher Published Communist Publication.
Shachiapang,1977-06-23,1977,P.U (A) 186,Audio/Recordings,,Bailey Record Co.,Unclear,,"[""Chinese""]",Subversive Ideological And Political Content,Communism/Socialism,,,Publisher Published Communist Publication.
The Red Flower Of Tachai Blossoms Everywhere,1977-06-23,1977,P.U (A) 186,Audio/Recordings,,Bailey Record Co.,Unclear,,"[""Chinese""]",Subversive Ideological And Political Content,Communism/Socialism,,,Publisher Published Communist Publication.
The Yellow River; The Red Lantern,1977-06-23,1977,P.U (A) 186,Audio/Recordings,,Bailey Record Co.,Unclear,,"[""Chinese""]",Subversive Ideological And Political Content,Communism/Socialism,,,Publisher Published Communist Publication.
I Love Peking's Tien An Men,1977-06-23,1977,P.U (A) 186,Audio/Recordings,,Bailey Record Co.,Foreign,,,Subversive Ideological And Political Content,Communism/Socialism,,,Publisher Published Communist Publication.
"""Wide Angle"" 48 Bertarikh 16-9-76 (Termasuk Keluaran Yang Lalu Dan Yang Akan Datang)",1977-06-30,1977,P.U. (A) 191,Printed Documents,,Wide Angle Publishing Agency,Unclear,"Universal Press Co., Hong Kong","[""Chinese""]",Subversive Ideological And Political Content,Communism/Socialism,,,
"""Wide Angel""48 Bertarikh 16-9-76 (Termasuk Keluaran Yang Lalu Dan Akan Datang)",1977-06-30,1977,P.U (A) 191,Printed Documents,,Wide Angel Publishing Agency,Unclear,Universal Press Co.,"[""Chinese""]",Subversive Ideological And Political Content,Communism/Socialism,,,
"""The Perspective""76 Bertarikh 16-9-76 (Termasuk Keluaran Yang Lalu Dan Akan Datang)",1977-06-30,1977,P.U (A) 191,Printed Documents,,Leong Man Culture Enterprise Co. Ltd.,Local,Lap Sing Printing Press.,"[""Chinese""]",Subversive Ideological And Political Content,Communism/Socialism,,,
"""The Perspective"" 76 Bertarikh 16-9-76 (Termasuk Keluaran Yang Lalu Dan Yang Akan Datang)",1977-06-30,1977,P.U. (A) 191,Printed Documents,,"Leong Man Cultural Enterprise Co. Ltd. Kowloon, Hong Kong",Local,"Lap Sin Printing Press,","[""Chinese""]",Subversive Ideological And Political Content,Communism/Socialism,,,
Some Articles On Striving For Marxism Leninism In Australia,1980-02-21,1980,P.U. (A) 47,Printed Documents,,,Unclear,,"[""English""]",Subversive Ideological And Political Content,Communism/Socialism,,,
Confucius 'Sage' Of The Reactionary Classes'',1980-02-21,1980,P.U. (A) 47,Printed Documents,,Foreign Languages Press China,Foreign,,"[""English""]",Subversive Ideological And Political Content,Communism/Socialism,,,
Mine Walfare'',1980-02-21,1980,P.U. (A) 47,Printed Documents,,Foreign Languages Press China,Foreign,,"[""English""]",Subversive Ideological And Political Content,Communism/Socialism,,,
How We Won The War,1980-03-27,1980,P.U. (A) 71,Printed Documents,General Vo Nguyen Giap,,Unclear,,"[""English""]",Subversive Ideological And Political Content,Communism/Socialism,,,Vietnam War
Karl Marx's Theory Of Revolution Part I,1980-03-27,1980,P.U. (A) 71,Printed Documents,Hal Draper,,Unclear,,"[""English""]",Subversive Ideological And Political Content,Communism/Socialism,,,Marx
China The People's Republic 1949-1976,1980-03-27,1980,P.U. (A) 71,Printed Documents,Jean Chesneaux,,Unclear,,"[""English""]",Subversive Ideological And Political Content,Communism/Socialism,,,
Why Marxism,1980-03-27,1980,P.U (A) 71,Printed Documents,Rpbert G. Wesson,,Unclear,,"[""English""]",Subversive Ideological And Political Content,Communism/Socialism,,,
Thinker Karl Mark,1989-08-03,1989,P.U. (A) 232,Printed Documents,R.Tanalan,Prema Prasuram,Foreign,Prema Artprinters,"[""Tamil""]",Subversive Ideological And Political Content,Communism/Socialism,"Akta Mesin Cetak Dan Penerbitan, 1984",Ketenteraman Awam,
Pilihan Lagu-Lagu Peperangan Menentang Jepun-Jilid 2,1989-09-21,1989,P.U. (A) 277,Audio/Recordings,,,Local,,"[""Chinese""]",Subversive Ideological And Political Content,Communism/Socialism,,,Assumed MPAJA Related (PKM Related)
Women And The Family,1989-12-28,1989,P.U. (A) 446,Printed Documents,Leon Trostsky,Pathfinder Press,Foreign,,"[""English""]",Subversive Ideological And Political Content,Communism/Socialism,,,
Arguments For Revolutionery Socialism,1989-12-28,1989,P.U. (A) 446,Printed Documents,John Molyneux,Bookmarks Publishing Co-Operative,Foreign,,"[""English""]",Subversive Ideological And Political Content,Communism/Socialism,"Akta Mesin Cetak Dan Penerbitan, 1984",Ketenteraman Awam,
Sejarah Revolusi Russia,1990-08-02,1990,P.U. (A) 218,Printed Documents,V.P. Chinthan,Tamil Puthakalayam,Foreign,Pooncholai-Pathippagam,"[""Tamil""]",Subversive Ideological And Political Content,Communism/Socialism,"Akta Mesin Cetak Dan Penerbitan, 1984",Ketenteraman Awam,
Karl Mark-A Christian Assessment Of His Life & Thought,1992-08-20,1992,P.U. (A) 315,Printed Documents,David Lyon,"Lion Publishing Berkhamsted, Herts, England",Foreign,"Intervarsitypress, Downer Grove, Illinois","[""English""]",Subversive Ideological And Political Content,Communism/Socialism,"Akta Mesin Cetak Dan Penerbitan, 1984",Ketenteraman Awam,
"Cakera Padat Bertajuk ""The East Is Red Selected Songs"" 1.The East Is Red 2.The October Wind From The North 3.Peasants1 Song 4.Workers, Peasants And Soldiers, Unite! 5.Autumn Harvest Uprising 6.Chingka",1994-05-12,1994,P.U. (A) 177,Audio/Recordings,,Baily Record Co. Ltd,Unclear,,"[""Chinese""]",Subversive Ideological And Political Content,Communism/Socialism,,,Publisher Published Communist Publication.
Marxisya Naathigam (Marxist Athesism),1994-11-17,1994,P.U. (A) 481,Printed Documents,M.V. Sundram,"New Century Book House Ptd. Ltd.,",Foreign,Thiagaraya Printers,"[""Tamil""]",Subversive Ideological And Political Content,Communism/Socialism,"Akta Mesin Cetak Dan Penerbitan, 1984",Ketenteraman Awam,
30 Years For The Motherland: Blowing Out The Southern Flame And The Communist Partyof Malaya (Crm),1996-03-28,1996,P.U. (A) 133,Printed Documents,Jen. Dato Kitti Rattanachaya,Duang Keaw,Unclear,Sahathammit Co. Ltd.,"[""Malay"", ""THAI""]",Subversive Ideological And Political Content,Communism/Socialism,"Akta Mesin Cetak Dan Penerbitan, 1984",Ketenteraman Awam,
Mencari Jalan Pulang Daripada Sosialisme Kepada Islam,2014-08-12,2014,P.U. (A) 233,Printed Documents,Kassim Ahmad,Zi Publications Sdn. Bhd.,Local,Bs Print Sdn. Bhd.,"[""Malay""]",Subversive Ideological And Political Content,Communism/Socialism,"Akta Mesin Cetak Dan Penerbitan, 1984",Ketenteraman Awam,
"Hidup Bagaikan Sungai Mengalir Kisah 16 Orang Wanita Dalam Gerakan Anti Jepun, Anti Penjajah Dan Kemerdekaan Di Malaysia - Singapura (1938 - 1989)",2016-12-30,2016,P.U. (A) 384,Printed Documents,Agnes Khoo / Inderajaya ( Anas ),Strategic Information And Research Development Center (Sird),Local,Vinlin Press Sdn. Bhd.,"[""Malay""]",Subversive Ideological And Political Content,Communism/Socialism,"Akta Mesin Cetak Dan Penerbitan, 1984",Ketenteraman Awam,This Book Documents Women's Roles In Anti-Colonial Movements; Banned Bcs Potentially Glorifying Communist Or Leftist Ideologies
Manifesto Komunis,2017-01-20,2017,P.U. (A) 24,Printed Documents,Karl Marx & Friedrich Engels/Manya,Thukul Cetak,Local,Percetakan Mutalib Uthman,"[""Malay""]",Subversive Ideological And Political Content,Communism/Socialism,"Akta Mesin Cetak Dan Penerbitan, 1984",Ketenteraman Awam,Flag This Since The Communist Manifesto Is From Marx But It Is Translated Into Malay So Foreign Or Not
Perjalanan Yang Cemerlang 1930 -1980,2017-12-19,2017,P.U. (A) 397,Printed Documents,Pkm,Pejabat Pembebasan Malaya,Local,,"[""Malay"", ""Chinese""]",Subversive Ideological And Political Content,Communism/Socialism,"Akta Mesin Cetak Dan Penerbitan, 1984",Keselamatan,
Album Gambar Sejarah Parti Komunis Malaya (I),2018-11-26,2018,P.U. (A) 302,Audio/Recordings,,Penerbitan Abad Dua Puluh Satu,Local,Benar Padu Sdn. Bhd.,"[""Malay"", ""English"", ""Chinese""]",Subversive Ideological And Political Content,Communism/Socialism,"Akta Mesin Cetak Dan Penerbitan, 1984",Ketenteraman Awam,
"森林, 我们的母亲! -- 马共中央机关队成员霄鹏同志遗作汇编",2026-02-11,2026,P.U. (A) 75,Printed Documents,,21世纪出版社 Twenty First Century Publication,Local,,"[""Chinese""]",Subversive Ideological And Political Content,Communism/Socialism,,,
国内革命战争时期（五）-- 马共20个月反围剿胜利结束,2026-02-11,2026,P.U. (A) 76,Printed Documents,,21世纪出版社 Twenty First Century Publication,Local,,"[""Chinese""]",Subversive Ideological And Political Content,Communism/Socialism,,,
抗日战争时期 (三) -- 抗日时期资料续编,2026-02-11,2026,P.U. (A) 70,Printed Documents,,21世纪出版社 Penerbitan Abad Dua Puluh Satu,Local,,"[""Chinese""]",Subversive Ideological And Political Content,Communism/Socialism,,,
勿洞城外月如钩 -- 第十二支队指挥员梁希元同志遗作选编 (续),2026-02-11,2026,P.U. (A) 74,Printed Documents,,21世纪出版社 Penerbitan Abad Dua Puluh Satu,Local,,"[""Chinese""]",Subversive Ideological And Political Content,Communism/Socialism,,,
Memoir Shamsiah Fakeh Dari Awas Ke Rejimen Ke-10,2026-02-11,2026,P.U. (A) 69,Printed Documents,,Strategic Information And Research Development Centre (Sird),Local,,"[""Malay""]",Subversive Ideological And Political Content,Communism/Socialism,"Akta Mesin Cetak Dan Penerbitan, 1984",Ketenteraman Awam,
参军出国边区下山 -- 军事干部宏胜同志回忆录,2026-02-12,2026,P.U. (A) 78,Printed Documents,宏胜（刘志生）,21世纪出版社 Penerbitan Abad Dua Puluh Satu,Local,,"[""Chinese""]",Subversive Ideological And Political Content,Communism/Socialism,,,
抗日战争时期 (二) -- 马来亚人民抗日军光荣史,2026-02-12,2026,P.U. (A) 80,Printed Documents,,21世纪出版社 Penerbitan Abad Dua Puluh Satu,Local,,"[""Chinese""]",Subversive Ideological And Political Content,Communism/Socialism,,,
Komrad Asi (Rejimen 10) Dalam Denyut Nihilisme Sejarah,2026-02-12,2026,P.U. (A) 79,Printed Documents,Aziz Suriani,Gerakbudaya Enterprise,Local,,"[""Malay""]",Subversive Ideological And Political Content,Communism/Socialism,"Akta Mesin Cetak Dan Penerbitan, 1984",Ketenteraman Awam,
谁救了手雷女郎？ -- 马来亚紧急状态风云录,2026-02-13,2026,P.U. (A) 88,Printed Documents,"Lei Zi Jian/ Looi Chee Kian, Chen Jian Dan Yang Shan Yong",I-Serdang Media Enterprise,Local,,"[""Chinese""]",Subversive Ideological And Political Content,Communism/Socialism,,,
国内革命战争时期（一） -- 偃旗息鼓埋头苦干,2026-02-13,2026,P.U. (A) 89,Printed Documents,,21世纪出版社 Penerbitan Abad Dua Puluh Satu,Local,,"[""Chinese""]",Subversive Ideological And Political Content,Communism/Socialism,,,
霹雳河畔的战歌 -- 人民军第五突击队的战斗历程,2026-02-13,2026,P.U. (A) 92,Printed Documents,,21世纪出版社 Penerbitan Abad Dua Puluh Satu,Local,,"[""Chinese""]",Subversive Ideological And Political Content,Communism/Socialism,,,
Mao Zedong: China Dalam Dunia Abad Ke-20,2026-02-13,2026,P.U. (A) 93,Printed Documents,Rebecca E. Karl/ Dian Saleh,Ibde Ilham Sdn. Bhd.,Local,,"[""Malay""]",Subversive Ideological And Political Content,Communism/Socialism,,,
国内革命战争时期（四）-- 肃反与平反反党与分裂,2026-02-26,2026,P.U. (A) 101,Printed Documents,,21世纪出版社 Twenty First Century Publication,Local,,"[""Chinese""]",Subversive Ideological And Political Content,Communism/Socialism,,,
国内革命战争时期 (二) -- 新方针重整旗鼓,2026-02-26,2026,P.U. (A) 100,Printed Documents,,21世纪出版社 Penerbitan Abad Dua Puluh Satu,Local,,"[""Chinese""]",Subversive Ideological And Political Content,Communism/Socialism,,,
Bewithching Widow,1950-07-29,1950,L.N. 331,Printed Documents,Tien Ya Ku Ke,Tung Hsing Book Store,Foreign,,"[""Chinese""]",Obscene / Immoral Publications,Erotic/Immoral Content,,,
Enchanting Lady,1950-07-29,1950,L.N. 331,Printed Documents,Tien Yu Ku Ke,Shih Hsing Book Store,Foreign,,"[""Chinese""]",Obscene / Immoral Publications,Erotic/Immoral Content,,,
Beancurd Beauty,1950-07-29,1950,L.N. 331,Printed Documents,Shen Shu Sheng Pi Chi,Shih Hsing Book Store,Foreign,,"[""Chinese""]",Obscene / Immoral Publications,Erotic/Immoral Content,,,
Infatuated Lovers,1950-07-29,1950,L.N. 331,Printed Documents,Shen Hsiu,Shih Hsing Book Store,Foreign,,"[""Chinese""]",Obscene / Immoral Publications,Erotic/Immoral Content,,,
Talking And Singing,1950-07-29,1950,L.N. 331,Printed Documents,,Sin Hua Bookshop,Foreign,,,Obscene / Immoral Publications,Erotic/Immoral Content,,,
"Indian Struggle, 1920-1935",1951-05-04,1951,L.N. 278,Printed Documents,C.Subhas C. Bose,,Unclear,,"[""English""]",Obscene / Immoral Publications,Erotic/Immoral Content,,,
In The Old House,1952-06-12,1952,L.N. 329,Printed Documents,Hon Meng,Chin Shih Publishing Co.Hongkong,Foreign,,"[""Chinese""]",Obscene / Immoral Publications,Erotic/Immoral Content,,,Need To Check If Its Actually Erotic
The True Record Of Espionage,1956-12-27,1956,L.N. 445,Printed Documents,Ch On Chang,Ta Tung Publishing Society,Unclear,,"[""English""]",Obscene / Immoral Publications,Erotic/Immoral Content,,,
The Woman Driver,1956-12-27,1956,L.N. 445,Printed Documents,"Central Film Bureau,Shanghai Film Producers",New Fine Arts Publishing Society,Unclear,,"[""English""]",Obscene / Immoral Publications,Erotic/Immoral Content,,,
Study Of Sex Of The Human Male And Female,1957-06-06,1957,L.N. 245,Printed Documents,,The Hsing Hwa Co.Ltd,Unclear,,"[""English""]",Obscene / Immoral Publications,Erotic/Immoral Content,,,
The Night Of The Newly Married Couple,1957-06-06,1957,L.N. 245,Printed Documents,Pe-I,,Unclear,,"[""English""]",Obscene / Immoral Publications,Erotic/Immoral Content,,,
Flavour In The Room,1957-06-06,1957,L.N. 245,Printed Documents,Yin-I,,Unclear,,"[""English""]",Obscene / Immoral Publications,Erotic/Immoral Content,,,
Sexual Experience,1957-06-06,1957,L.N. 245,Printed Documents,,,Unclear,,"[""English""]",Obscene / Immoral Publications,Erotic/Immoral Content,,,
Boudoir Technique,1957-06-06,1957,L.N. 245,Printed Documents,Yin -I,,Unclear,,"[""English""]",Obscene / Immoral Publications,Erotic/Immoral Content,,,
A Virgin's First Night,1957-06-06,1957,L.N. 245,Printed Documents,Yin-I,,Unclear,,"[""English""]",Obscene / Immoral Publications,Erotic/Immoral Content,,,
Sexual Position,1957-06-06,1957,L.N. 245,Printed Documents,,,Unclear,,"[""English""]",Obscene / Immoral Publications,Erotic/Immoral Content,,,
Tropic Of Cancer,1962-11-08,1962,L.N. 283,Printed Documents,Henry Miller,Grove Press Inc. New York,Foreign,,"[""English""]",Obscene / Immoral Publications,Erotic/Immoral Content,,,
Tropic Of Cancer,1965-06-24,1965,L.N. 253,Printed Documents,Henry Miller,"Grove Press Inc,New York",Foreign,,"[""English""]",Obscene / Immoral Publications,Erotic/Immoral Content,,,
Nights In Spring & Shadows Of Flowers Book I & Ii,1965-10-14,1965,L.N. 386,Printed Documents,Kuo Liang Hui,"Hsin Yeh Cultural Society,Taiwan",Foreign,,"[""Chinese""]",Obscene / Immoral Publications,Erotic/Immoral Content,,,Https://Www.Wenhsun.Com.Tw/Authorsite/Detail/57
Men's Affairs,1965-10-14,1965,L.N. 386,Printed Documents,,"Yang Sheng Publishing Society,Macao",Foreign,,"[""Chinese""]",Obscene / Immoral Publications,Erotic/Immoral Content,,,
Strange Loves And Infatuations,1965-10-14,1965,L.N. 386,Printed Documents,Han Chang,"Victory Publishing Society,Hong Kong",Foreign,,"[""Chinese""]",Obscene / Immoral Publications,Erotic/Immoral Content,,,Closeness To Other Erotic Publications.
The Yeh Ho Flowers Of Tang Palaces,1965-10-14,1965,L.N. 386,Printed Documents,Chien Pehsing,"Universal Pictorials & Magazines Publishing Society,Hong Kong",Foreign,,"[""Chinese""]",Obscene / Immoral Publications,Erotic/Immoral Content,,,The Publisher Have Published Erotic Books
Sexual Flame,1965-10-14,1965,L.N. 386,Printed Documents,,,Unclear,,"[""Chinese""]",Obscene / Immoral Publications,Erotic/Immoral Content,,,Sexual Undertone In The Title
Men And Women,1965-10-14,1965,L.N. 386,Printed Documents,Li Yang,"Li Ming Publishing Society,Hong Kong",Foreign,,"[""Chinese""]",Obscene / Immoral Publications,Erotic/Immoral Content,,,Sexual Undertone In The Title
Between Men And Women Book 1 & Ii,1965-10-14,1965,L.N. 386,Printed Documents,Yuang Hsiang,"Hua Pao Office,Taipei",Foreign,,"[""Chinese""]",Obscene / Immoral Publications,Erotic/Immoral Content,,,Sexual Undertone In The Title
Mother's Lover,1965-10-14,1965,L.N. 386,Printed Documents,Miss Gloria Hart,"Hai San Publishing Society,Taipei",Foreign,,"[""Chinese""]",Obscene / Immoral Publications,Erotic/Immoral Content,,,"Based On Title, Publisher And The Author Catalogue's Of Books. I Think It's Erotic."
Affairs Of Aunt Chien,1965-10-14,1965,L.N. 386,Printed Documents,Miss Gloria Hart,"Hai San Publishing Society,Taipei",Foreign,,"[""Chinese""]",Obscene / Immoral Publications,Erotic/Immoral Content,,,"Based On Title, Publisher And The Author Catalogue's Of Books. I Think It's Erotic."
"Lover,Lover",1965-10-14,1965,L.N. 386,Printed Documents,,"Hai San Publishing Society,Taipei",Foreign,,"[""Chinese""]",Obscene / Immoral Publications,Erotic/Immoral Content,,,"Based On Title, Publisher And The Author Catalogue's Of Books. I Think It's Erotic."
School For Sin,1965-10-14,1965,L.N. 386,Printed Documents,Miss Gloria Hart,"Euro Asia Publishing Society,Hong Kong",Foreign,,"[""Chinese""]",Obscene / Immoral Publications,Erotic/Immoral Content,,,"Based On Title, Publisher And The Author Catalogue's Of Books. I Think It's Erotic."
School For Sin,1965-10-14,1965,L.N. 386,Printed Documents,Miss Gloria Hart,"Ai Min Bookshop,Hong Kong",Foreign,,"[""Chinese""]",Obscene / Immoral Publications,Erotic/Immoral Content,,,"Based On Title, Publisher And The Author Catalogue's Of Books. I Think It's Erotic."
The Vices Of Chang Ching Sen,1965-11-04,1965,L.N. 409,Printed Documents,,"Wen Feng Publishing Society,Taipei",Foreign,,"[""Chinese""]",Obscene / Immoral Publications,Erotic/Immoral Content,,,
Dissolute Women Of Wealthy Families,1965-11-04,1965,L.N. 409,Printed Documents,,"Tao Yuen Cultural Publishing Society,Hong Kong",Foreign,,"[""Chinese""]",Obscene / Immoral Publications,Erotic/Immoral Content,,,
Home Of Bachelors,1965-12-09,1965,L.N. 462,Printed Documents,Yang Tiencheng,Universal Pictorials And Magazines Publishing Society,Unclear,,"[""Chinese""]",Obscene / Immoral Publications,Erotic/Immoral Content,,,
My Diary,1965-12-09,1965,L.N. 462,Printed Documents,Gloria Hart,United Book Store,Unclear,,"[""Chinese""]",Obscene / Immoral Publications,Erotic/Immoral Content,,,
Chun Chiang Hua Yueh Hen,1965-12-09,1965,L.N. 462,Printed Documents,Ching Puhuan,"Tien Wen Tai Press,Hong Kong",Foreign,,"[""Chinese""]",Obscene / Immoral Publications,Erotic/Immoral Content,,,
The Cave Of Hundred Flowers Vying With One Another In Loveliness,1965-12-09,1965,L.N. 462,Printed Documents,,Ta Kuang Publishing Society,Unclear,,"[""Chinese""]",Obscene / Immoral Publications,Erotic/Immoral Content,,,
The Seducer,1965-12-09,1965,L.N. 462,Printed Documents,Annie,San Chiang Publishing Society,Unclear,,"[""Chinese""]",Obscene / Immoral Publications,Erotic/Immoral Content,,,
The Bogy Of Lustful Desire Alias The Secrets Of A Young Mistress,1965-12-09,1965,L.N. 462,Printed Documents,Pi Hsiaosheng,,Unclear,,"[""Chinese""]",Obscene / Immoral Publications,Erotic/Immoral Content,,,
Ramantic Secrets In Tokyo,1965-12-09,1965,L.N. 462,Printed Documents,,,Unclear,,"[""Chinese""]",Obscene / Immoral Publications,Erotic/Immoral Content,,,
Secret In Beauty Parlours Alias Hundred Flowers Vying With One Another In Love Loveliness,1965-12-09,1965,L.N. 462,Printed Documents,,Kuang Ming Publishing Society,Unclear,,"[""Chinese""]",Obscene / Immoral Publications,Erotic/Immoral Content,,,
Yu Tang Chun,1965-12-09,1965,L.N. 462,Printed Documents,Sung Yu,Hua Hsia Publishing Society,Unclear,,"[""Chinese""]",Obscene / Immoral Publications,Erotic/Immoral Content,,,
Romance In Japan,1965-12-09,1965,L.N. 462,Printed Documents,Tsang Hai Ke,Good Friends Publishing Society,Unclear,,"[""Chinese""]",Obscene / Immoral Publications,Erotic/Immoral Content,,,
Dry Wood And Fierce Fire,1965-12-09,1965,L.N. 462,Printed Documents,Fang Hua,"Good Earth Publishing Society,Hong Kong",Foreign,,"[""Chinese""]",Obscene / Immoral Publications,Erotic/Immoral Content,,,
Spring In Tokyo,1965-12-09,1965,L.N. 462,Printed Documents,,Cultural Publishing Society,Unclear,,"[""Chinese""]",Obscene / Immoral Publications,Erotic/Immoral Content,,,
The Fire Of Lustful Desire Alias The Secrets Of A Young Mistress,1965-12-09,1965,L.N. 462,Printed Documents,Pi Hsiaosheng,"2400 Noder Road West,Hong Kong",Foreign,,"[""Chinese""]",Obscene / Immoral Publications,Erotic/Immoral Content,,,
The Romance Contenders (2Nd Edition),1966-02-24,1966,P.U. 73,Printed Documents,,Weng-Feng Publishing Society,Unclear,,"[""Chinese""]",Obscene / Immoral Publications,Erotic/Immoral Content,,,
Sowing Wild Oats,1966-02-24,1966,P.U. 73,Printed Documents,Yang Tiencheng,Universal Pictorials & Magazines Publishing Society,Unclear,,"[""Chinese""]",Obscene / Immoral Publications,Erotic/Immoral Content,,,
Affairs Of A Young Girl,1966-02-24,1966,P.U. 73,Printed Documents,,,Unclear,,"[""Chinese""]",Obscene / Immoral Publications,Erotic/Immoral Content,,,
Romance In Rubber Estate,1966-02-24,1966,P.U. 73,Printed Documents,,,Unclear,,"[""Chinese""]",Obscene / Immoral Publications,Erotic/Immoral Content,,,
Secret Loves Of Chiangping (Vol.I & Vol.Ii),1966-02-24,1966,P.U. 73,Printed Documents,,,Unclear,,"[""Chinese""]",Obscene / Immoral Publications,Erotic/Immoral Content,,,
Secrets Within The Glass Walls,1966-02-24,1966,P.U. 73,Printed Documents,Dr Chang Ching-Sen,,Unclear,,"[""Chinese""]",Obscene / Immoral Publications,Erotic/Immoral Content,,,
Sex Love Between Me And Uncle,1966-02-24,1966,P.U. 73,Printed Documents,,,Unclear,,"[""Chinese""]",Obscene / Immoral Publications,Erotic/Immoral Content,,,
Indian Art Of Love,1966-02-24,1966,P.U. 73,Printed Documents,,Goodearth Publishing Society,Unclear,,"[""Chinese""]",Obscene / Immoral Publications,Erotic/Immoral Content,,,
The Romance Contenders,1966-02-24,1966,P.U. 73,Printed Documents,,Cheng-Chung Publishing Society,Unclear,,"[""Chinese""]",Obscene / Immoral Publications,Erotic/Immoral Content,,,
Besieged,1966-02-24,1966,P.U. 73,Printed Documents,,Cheng Chung Publishing Society,Unclear,,"[""Chinese""]",Obscene / Immoral Publications,Erotic/Immoral Content,,,
Night Life Around The World,1966-02-24,1966,P.U. 73,Printed Documents,Huo Chiling,Euro-Asia Cultural Enterprises Co.,Local,,,Obscene / Immoral Publications,Erotic/Immoral Content,,,
Su Nu Ching,1966-02-28,1966,P.U. 73,Printed Documents,,Sexology Research Society,Unclear,,"[""Chinese""]",Obscene / Immoral Publications,Erotic/Immoral Content,,,
Angel In Dream,1966-05-05,1966,P.U. 194,Printed Documents,Ho Hsing,Universal Pictorials & Magazines Publishing Society,Unclear,,"[""Chinese""]",Obscene / Immoral Publications,Erotic/Immoral Content,,,
Lustful Desires In Hongkong,1966-05-05,1966,P.U. 194,Printed Documents,Ho Hsing,Universal Pictorials & Magazines Publishing Society,Unclear,,"[""Chinese""]",Obscene / Immoral Publications,Erotic/Immoral Content,,,
Spring Time In Treasure Island (Vol. I & Vol. Ii),1966-05-05,1966,P.U. 194,Printed Documents,Pi Hsiaosheng,Tao Yuen Cultural Publishing Society,Unclear,,"[""Chinese""]",Obscene / Immoral Publications,Erotic/Immoral Content,,,
Secrets Of Sexual Intercourse,1966-05-05,1966,P.U. 194,Printed Documents,Miss Pai Hung,Feng Hsing Publishing Society,Unclear,,"[""Chinese""]",Obscene / Immoral Publications,Erotic/Immoral Content,,,
Happiness & Love Between Men And Women,1966-05-05,1966,P.U. 194,Printed Documents,Ting Ping,Cultural Book Enterprise Co.,Local,,"[""Chinese""]",Obscene / Immoral Publications,Erotic/Immoral Content,,,
Sex Mirror,1967-03-30,1967,P.U. 155,Printed Documents,Dr Chang Hsing,Shanghai Bookstore,Foreign,,"[""Chinese""]",Obscene / Immoral Publications,Erotic/Immoral Content,,,
Lewd Scenes In A Hotel,1967-03-30,1967,P.U.155,Printed Documents,,,Foreign,,"[""Chinese""]",Obscene / Immoral Publications,Erotic/Immoral Content,,,
Lewd Scenes In Switzerland,1967-03-30,1967,P.U.155,Printed Documents,Tsang Hai Ke,Good Friends Publishing Society,Foreign,,"[""Chinese""]",Obscene / Immoral Publications,Erotic/Immoral Content,,,
Strange Loves Of Beautiful Ladies,1967-03-30,1967,P.U.155,Printed Documents,,,Unclear,,,Obscene / Immoral Publications,Erotic/Immoral Content,,,Love Of Beautiful Ladies Indicate Erotic I Spose
Lustful Dreams,1967-03-30,1967,P.U.155,Printed Documents,,,Unclear,,,Obscene / Immoral Publications,Erotic/Immoral Content,,,
Reverting To Its Origin,1967-03-30,1967,P.U.155,Printed Documents,,,Unclear,,,Obscene / Immoral Publications,Erotic/Immoral Content,,,
My Romance,1967-10-12,1967,P.U.487,Printed Documents,,"Wan Li Publishing Society,",Foreign,,"[""Chinese""]",Obscene / Immoral Publications,Erotic/Immoral Content,,,
The Globe Troting Of A Libertine,1967-10-12,1967,P.U.487,Printed Documents,,Ta Ti Publishing Society,Foreign,,"[""Chinese""]",Obscene / Immoral Publications,Erotic/Immoral Content,,,
A Girl In Bangkok,1967-10-12,1967,P.U.487,Printed Documents,Dr Chang Hsing,,Foreign,,"[""Chinese""]",Obscene / Immoral Publications,Erotic/Immoral Content,,,
The Bewitching Woman And The Infatuated Man,1967-10-12,1967,P.U.487,Printed Documents,,,Unclear,,,Obscene / Immoral Publications,Erotic/Immoral Content,,,Sounds Erotic
Passion Of Fire (Vol.Ii),1967-10-12,1967,P.U.487,Printed Documents,,,Unclear,,,Obscene / Immoral Publications,Erotic/Immoral Content,,,Sounds Erotic
Record Of Selecting Women,1968-03-07,1968,P.U.97,Printed Documents,Women Seeker,Yu Lien Publishing Society,Foreign,,"[""Chinese""]",Obscene / Immoral Publications,Erotic/Immoral Content,,,
Record Of Exchange Of Wives,1968-03-07,1968,P.U.97,Printed Documents,Yeh Shih,Chu Feng Bookstore,Foreign,,"[""Chinese""]",Obscene / Immoral Publications,Erotic/Immoral Content,,,
Spring And Love,1968-03-07,1968,P.U.97,Printed Documents,,,Unclear,,,Obscene / Immoral Publications,Erotic/Immoral Content,,,Not Sure It Loves Indicate Erotic But No Other Implications.
New Tide Men And Women,1968-10-03,1968,P.U.397,Printed Documents,Hsia Fei,Yu Yin Publishing Society,Unclear,,"[""Chinese""]",Obscene / Immoral Publications,Erotic/Immoral Content,,,The Author Have Many Erotic Works.
The Pearl,1969-02-27,1969,P.U. (A) 60,Printed Documents,John F.Trimble P.H.D,Grove Press Inc,Foreign,,"[""English""]",Obscene / Immoral Publications,Erotic/Immoral Content,"Akta Mesin Cetak Dan Penerbitan, 1984",Kemoralan,
The Animal Lovers,1969-02-27,1969,P.U. (A) 60,Printed Documents,Richard Christy,Classics Library,Unclear,,"[""English""]",Obscene / Immoral Publications,Erotic/Immoral Content,,,
The Way Of A Man With A Maid,1969-02-27,1969,P.U. (A) 60,Printed Documents,John F.Trimble P.H.D,"Cenury Books,",Unclear,,"[""English""]",Obscene / Immoral Publications,Erotic/Immoral Content,,,
Memoirs Of Madame Madeline Vol.1,1969-02-27,1969,P.U. (A) 60,Printed Documents,Jack Hirschman Ph.D,Brandon House,Foreign,,"[""English""]",Obscene / Immoral Publications,Erotic/Immoral Content,,,Books Have Bisexual Tendencies. However The Reason For Banning Is Probably More On The Erotic Content Rather Than The Lgbt Themes.
Confessions Of An English Maid,1969-02-27,1969,P.U. (A) 60,Printed Documents,Geoffrey Lowndes,Brandon House,Foreign,,"[""English""]",Obscene / Immoral Publications,Erotic/Immoral Content,"Akta Mesin Cetak Dan Penerbitan, 1984",Ketenteraman Awam,
Untill She Screams,1969-02-27,1969,P.U. (A) 60,Printed Documents,Faustino Perez,Brandon House,Foreign,,"[""English""]",Obscene / Immoral Publications,Erotic/Immoral Content,,,
Eveline Vol.1,1969-02-27,1969,P.U. (A) 60,Printed Documents,Geoffrey Lowndes P.H.D,Brandon House,Foreign,,"[""English""]",Obscene / Immoral Publications,Erotic/Immoral Content,,,
The Life And Amours Of Kate Percival,1969-02-27,1969,P.U. (A) 60,Printed Documents,Kate Percival,Brandon House,Foreign,,"[""English""]",Obscene / Immoral Publications,Erotic/Immoral Content,,,
The Naked And Monique,1969-02-27,1969,P.U. (A) 60,Printed Documents,Rudolph Conway P.H.D,Brandon House,Foreign,,"[""English""]",Obscene / Immoral Publications,Erotic/Immoral Content,,,
"Tell Me Why,No.22,25Th January 1969",1969-04-17,1969,P.U. (A) 125,Printed Documents,,Fleetway Publications Ltd,Unclear,,"[""English""]",Obscene / Immoral Publications,Erotic/Immoral Content,,,
The Mother Truckers,1969-07-31,1969,P.U. (A) 287,Printed Documents,Marcus Miller,Phenix Publishers Ltd.,Foreign,,"[""English""]",Obscene / Immoral Publications,Erotic/Immoral Content,,,
The Orgy Inspector,1969-07-31,1969,P.U. (A) 287,Printed Documents,Alan Marshall,Late Hour Library Book,Unclear,,"[""English""]",Obscene / Immoral Publications,Erotic/Immoral Content,,,
Pot And Passion,1969-07-31,1969,P.U. (A) 287,Printed Documents,Del Grayson Ph. D.,Late Hour Library Book,Unclear,,"[""English""]",Obscene / Immoral Publications,Erotic/Immoral Content,,,
The Third Zone,1969-07-31,1969,P.U. (A) 287,Printed Documents,Bea Campbell,Impact Library,Unclear,,"[""English""]",Obscene / Immoral Publications,Erotic/Immoral Content,,,
The International Erotica,1969-07-31,1969,P.U. (A) 287,Printed Documents,Kurt Von Keller,Impact Library,Unclear,,"[""English""]",Obscene / Immoral Publications,Erotic/Immoral Content,,,
Transgressors,1969-07-31,1969,P.U. (A) 287,Printed Documents,Maria Brooks,Impact Library,Unclear,,"[""English""]",Obscene / Immoral Publications,Erotic/Immoral Content,,,
Innocence,1969-07-31,1969,P.U. (A) 287,Printed Documents,Harriet Daimler,Greenleaf Classic Inc. California,Foreign,,"[""English""]",Obscene / Immoral Publications,Erotic/Immoral Content,,,
Sarabande For A Bitch,1969-07-31,1969,P.U. (A) 287,Printed Documents,Mickey Dikes,Greenleaf Classic Inc. California,Foreign,,"[""English""]",Obscene / Immoral Publications,Erotic/Immoral Content,,,
The Story Of Jeliete Or Vice Amply Rewarded,1969-07-31,1969,P.U. (A) 287,Printed Documents,Jacqueline D. Tunberg Ph. D.,Greenleaf Classic Inc. California,Foreign,,"[""English""]",Obscene / Immoral Publications,Erotic/Immoral Content,,,
Sadopaideia,1969-07-31,1969,P.U. (A) 287,Printed Documents,"Leonard, A. Loweg Ph. D.",Greenleaf Classic Inc. California,Foreign,,"[""English""]",Obscene / Immoral Publications,Erotic/Immoral Content,,,
Kidnap,1969-07-31,1969,P.U. (A) 287,Printed Documents,Marcus Van Heller,Greenleaf Classic Inc. California,Foreign,,"[""English""]",Obscene / Immoral Publications,Erotic/Immoral Content,,,
Desire And Helen,1969-07-31,1969,P.U. (A) 287,Printed Documents,Frances Lengel,Greenleaf Classic Inc. California,Foreign,,"[""English""]",Obscene / Immoral Publications,Erotic/Immoral Content,,,
Two Flappers In Paris,1969-07-31,1969,P.U. (A) 287,Printed Documents,A. Cantab,Greenleaf Classic Inc. California,Foreign,,"[""English""]",Obscene / Immoral Publications,Erotic/Immoral Content,,,
The Double Belled Companion,1969-07-31,1969,P.U. (A) 287,Printed Documents,Akbar Del Piombo,Greenleaf Classic Inc. California,Foreign,,"[""English""]",Obscene / Immoral Publications,Erotic/Immoral Content,,,
Duke Cosing,1969-07-31,1969,P.U. (A) 287,Printed Documents,Akbar Del Piombo,Greenleaf Classic Inc. California,Foreign,,"[""English""]",Obscene / Immoral Publications,Erotic/Immoral Content,,,
Desire And Molly's Mishap,1969-07-31,1969,P.U. (A) 287,Printed Documents,Yuri Nakoff,Greenleaf Classic Inc. California,Foreign,,"[""English""]",Obscene / Immoral Publications,Erotic/Immoral Content,,,
Rogue Woman,1969-07-31,1969,P.U. (A) 287,Printed Documents,Hicholas Cutter,Greenleaf Classic Inc. California,Foreign,,"[""English""]",Obscene / Immoral Publications,Erotic/Immoral Content,,,
The Carnal Days Of Helen Seferis,1969-07-31,1969,P.U. (A) 287,Printed Documents,Frances Lengel,Greenleaf Classic Inc. California,Foreign,,"[""English""]",Obscene / Immoral Publications,Erotic/Immoral Content,,,
Flesh And Bone,1969-07-31,1969,P.U. (A) 287,Printed Documents,Henry Crannach,Greenleaf Classic Inc. California,Foreign,,"[""English""]",Obscene / Immoral Publications,Erotic/Immoral Content,,,
Melting,1969-07-31,1969,P.U. (A) 287,Printed Documents,Tim Harrack,Greenleaf Classic Inc. California,Foreign,,"[""English""]",Obscene / Immoral Publications,Erotic/Immoral Content,,,
The Hip Angles,1969-07-31,1969,P.U. (A) 287,Printed Documents,Dale Gordon Ph. D.,Greenleaf Classic Inc. California,Foreign,,"[""English""]",Obscene / Immoral Publications,Erotic/Immoral Content,,,
Whips Incorporated,1969-07-31,1969,P.U. (A) 287,Printed Documents,Angela Pearson,Greenleaf Classic,Unclear,,"[""English""]",Obscene / Immoral Publications,Erotic/Immoral Content,,,
The Agency,1969-07-31,1969,P.U. (A) 287,Printed Documents,David Meltzer,Essex House,Foreign,,"[""English""]",Obscene / Immoral Publications,Erotic/Immoral Content,,,
Exhibitions,1969-07-31,1969,P.U. (A) 287,Printed Documents,Roger Blake Ph. D.,Century Books,Unclear,,"[""English""]",Obscene / Immoral Publications,Erotic/Immoral Content,,,
Baby And Pleasure,1969-07-31,1969,P.U. (A) 287,Printed Documents,Rudulph Conway Ph. D.,"Brandon House,California.",Foreign,,"[""English""]",Obscene / Immoral Publications,Erotic/Immoral Content,,,
The House Of Borgia Volumes L And Ll,1969-07-31,1969,P.U. (A) 287,Printed Documents,Marcus Van Heller,"Brandon House, N. Hollywood, California",Foreign,,"[""English""]",Obscene / Immoral Publications,Erotic/Immoral Content,,,
The Russian Ballet Girl Volumes L And Ll,1969-07-31,1969,P.U. (A) 287,Printed Documents,Allen D. Warner Ph.D.,"Brandon House, N. Hollywood, California",Foreign,,"[""English""]",Obscene / Immoral Publications,Erotic/Immoral Content,,,
Shame,1969-07-31,1969,P.U. (A) 287,Printed Documents,Rudolph Conway Ph. D.,"Brandon House, N. Hollywood, California",Foreign,,"[""English""]",Obscene / Immoral Publications,Erotic/Immoral Content,,,
The Small Rooms Of Paris,1969-07-31,1969,P.U. (A) 287,Printed Documents,Ezra De Richarnaud,"Brandon House, N. Hollywood, California",Foreign,,"[""English""]",Obscene / Immoral Publications,Erotic/Immoral Content,,,
The Love Pagoda,1969-07-31,1969,P.U. (A) 287,Printed Documents,Albert Ellis Ph. D.,"Brandon House, N. Hollywood, California",Foreign,,"[""English""]",Obscene / Immoral Publications,Erotic/Immoral Content,,,
The Militant Homosexual,1969-07-31,1969,P.U. (A) 287,Printed Documents,John Barry,"Brandon House, N. Hollywood, California",Foreign,,"[""English""]",Obscene / Immoral Publications,Erotic/Immoral Content,,,
Hellen And Desire,1969-07-31,1969,P.U. (A) 287,Printed Documents,Alexander Trocchi,"Brandon House, N. Hollywood, California",Foreign,,"[""English""]",Obscene / Immoral Publications,Erotic/Immoral Content,,,
White Thighs,1969-07-31,1969,P.U. (A) 287,Printed Documents,Alexander Trocchi,"Brandon House, N. Hollywood, California",Foreign,,"[""English""]",Obscene / Immoral Publications,Erotic/Immoral Content,,,
The Woman Thing,1969-07-31,1969,P.U. (A) 287,Printed Documents,Harriet Daimler,"Brandon House, N. Hollywood, California",Foreign,,"[""English""]",Obscene / Immoral Publications,Erotic/Immoral Content,,,
A Night In A Moorish Harem,1969-07-31,1969,P.U. (A) 287,Printed Documents,Lord Geroge Herbert,"Brandon House, N. Hollywood, California",Foreign,,"[""English""]",Obscene / Immoral Publications,Erotic/Immoral Content,,,
The Reluctant Tease,1969-07-31,1969,P.U. (A) 287,Printed Documents,Amy Irwin,"Brandon House, N. Hollywood, California",Foreign,,"[""English""]",Obscene / Immoral Publications,Erotic/Immoral Content,,,
Rita And Marian,1969-07-31,1969,P.U. (A) 287,Printed Documents,Peggy Swenson,"Brandon House, N. Hollywood, California",Foreign,,"[""English""]",Obscene / Immoral Publications,Erotic/Immoral Content,,,
The Snake And The Womb,1969-07-31,1969,P.U. (A) 287,Printed Documents,K. C. Carmichael,"Brandon House, N. Hollywood, California",Foreign,,"[""English""]",Obscene / Immoral Publications,Erotic/Immoral Content,,,
The Sins Of Leslie,1969-07-31,1969,P.U. (A) 287,Printed Documents,Liz Genell,"Brandon House, N. Hollywood, California",Foreign,,"[""English""]",Obscene / Immoral Publications,Erotic/Immoral Content,,,
Juvenile Lead,1970-02-27,1970,P.U.60,Printed Documents,Pearson Groves,Brandon House,Foreign,,"[""English""]",Obscene / Immoral Publications,Erotic/Immoral Content,,,
Some Have Too Much,1970-05-21,1970,P.U (A) 176,Printed Documents,Marcus Van Heller,The Ophelia Press,Foreign,,"[""English""]",Obscene / Immoral Publications,Erotic/Immoral Content,,,
Golden Night,1970-05-21,1970,P.U (A) 176,Printed Documents,,The Olympia Press,Foreign,,"[""English""]",Obscene / Immoral Publications,Erotic/Immoral Content,,,
Hot Summer,1970-05-21,1970,P.U (A) 176,Printed Documents,,,Unclear,,"[""English""]",Obscene / Immoral Publications,Erotic/Immoral Content,,,
Happy Meeting,1970-05-21,1970,P.U (A) 176,Printed Documents,,,Unclear,,"[""English""]",Obscene / Immoral Publications,Erotic/Immoral Content,,,
Romance Of Lust Or Early Experience,1970-05-21,1970,P.U (A) 176,Printed Documents,,Grove Press Inc.,Foreign,,"[""English""]",Obscene / Immoral Publications,Erotic/Immoral Content,,,
A Man With A Maid,1970-05-21,1970,P.U (A) 176,Printed Documents,,Grove Press Inc.,Foreign,,"[""English""]",Obscene / Immoral Publications,Erotic/Immoral Content,,,
Notes Of A Dirty Old Man,1970-05-21,1970,P.U. (A) 176,Printed Documents,Charles Bukowski,"Essex House,Cal",Foreign,,"[""English""]",Obscene / Immoral Publications,Erotic/Immoral Content,,,
Blue Movie,1970-05-21,1970,P.U. (A) 176,Printed Documents,Michael Perkins,Essex House Cal,Foreign,,"[""English""]",Obscene / Immoral Publications,Erotic/Immoral Content,,,
Blue Movie,1970-05-21,1970,P.U (A) 176,Printed Documents,Michael Perkins,Essex House,Foreign,,"[""English""]",Obscene / Immoral Publications,Erotic/Immoral Content,,,
Notes Of A Dirty Old Man,1970-05-21,1970,P.U (A) 176,Printed Documents,Charles Bukowski,Essex House,Foreign,,"[""English""]",Obscene / Immoral Publications,Erotic/Immoral Content,,,
The Strange Love Of Lady S,1970-05-21,1970,P.U. (A) 176,Printed Documents,Max Nortie,"Brandon House,Cal",Foreign,,"[""English""]",Obscene / Immoral Publications,Erotic/Immoral Content,,,
The Strange Love Of Ladys,1970-05-21,1970,P.U (A) 176,Printed Documents,Max Nortic,Brandon House,Foreign,,"[""English""]",Obscene / Immoral Publications,Erotic/Immoral Content,,,
The Family Jewels,1970-05-21,1970,P.U (A) 176,Printed Documents,Unknown (Translated By L.E.La Bon),Brandon House,Foreign,,"[""English""]",Obscene / Immoral Publications,Erotic/Immoral Content,,,
Some Have Too Much,1970-05-21,1970,P.U. (A) 176,Printed Documents,Marcus Van Heller,The Ophelia Press Inc,Foreign,,,Obscene / Immoral Publications,Erotic/Immoral Content,,,
Golden Night,1970-05-21,1970,P.U. (A) 176,Printed Documents,,The Olympia P[Ress,Unclear,,,Obscene / Immoral Publications,Erotic/Immoral Content,,,
Hot Summer,1970-05-21,1970,P.U. (A) 176,Printed Documents,,,Unclear,,,Obscene / Immoral Publications,Erotic/Immoral Content,,,Assume Its Erotic
The Family Jewels,1970-05-21,1970,P.U. (A) 176,Printed Documents,L.E.La Bon,,Unclear,,,Obscene / Immoral Publications,Erotic/Immoral Content,,,
Happy Meetings,1970-05-21,1970,P.U. (A) 176,Printed Documents,,,Unclear,,,Obscene / Immoral Publications,Erotic/Immoral Content,,,
Romance Of Lust Or Early Experience,1970-05-21,1970,P.U. (A) 176,Printed Documents,,Grove Press Inc,Foreign,,,Obscene / Immoral Publications,Erotic/Immoral Content,,,
A Man With A Maid,1970-05-21,1970,P.U. (A) 176,Printed Documents,,Grove Press Inc,Foreign,,,Obscene / Immoral Publications,Erotic/Immoral Content,,,
The Man From S.T.U.D In Jool Of The Trade,1970-05-28,1970,P.U. (A) 180,Printed Documents,F.W.Paul,"Lancer Books,Inc.",Foreign,,"[""English""]",Obscene / Immoral Publications,Erotic/Immoral Content,,,
The Man From S.T.U.D In Tool Of The Trade,1970-05-28,1970,P.U (A) 180,Printed Documents,F.W. Paul,Lancer Books Inc.,Foreign,,"[""English""]",Obscene / Immoral Publications,Erotic/Immoral Content,,,
Portnoy's Complant,1970-09-24,1970,P.U. (A) 342,Printed Documents,Philip Roth,Bantan Books Incorporation,Foreign,,"[""English""]",Obscene / Immoral Publications,Erotic/Immoral Content,,,
Portnoy's Complaint,1970-09-24,1970,P.U (A) 342,Printed Documents,Philip Roth,Bantan Books Incorporation,Foreign,,"[""English""]",Obscene / Immoral Publications,Erotic/Immoral Content,,,
The Big O,1970-12-03,1970,P.U. (A) 431,Printed Documents,Rosemary Santini,Oracle Books Inc.,Foreign,,"[""English""]",Obscene / Immoral Publications,Erotic/Immoral Content,,,
Sex Cultists,1970-12-03,1970,P.U. (A) 431,Printed Documents,Ruy Trauble,Oracle Books Inc.,Foreign,,"[""English""]",Obscene / Immoral Publications,Erotic/Immoral Content,,,
The Box,1970-12-03,1970,P.U. (A) 431,Printed Documents,Mel Johnson,Oracle Books Inc.,Foreign,,"[""English""]",Obscene / Immoral Publications,Erotic/Immoral Content,,,
The Young Lusters,1970-12-03,1970,P.U. (A) 431,Printed Documents,Sylvia Sharon,Oracle Books Inc.,Foreign,,"[""English""]",Obscene / Immoral Publications,Erotic/Immoral Content,,,
A Way With All Maidens,1970-12-03,1970,P.U. (A) 431,Printed Documents,Mel Johnson,Oracle Books Inc.,Foreign,,"[""English""]",Obscene / Immoral Publications,Erotic/Immoral Content,,,
Cross Country Trick,1970-12-03,1970,P.U. (A) 431,Printed Documents,Eugene Squire,Oracle Books Inc.,Foreign,,"[""English""]",Obscene / Immoral Publications,Erotic/Immoral Content,,,
I Have What You Want,1970-12-03,1970,P.U. (A) 431,Printed Documents,Chris Harrison,Oracle Books Inc.,Foreign,,"[""English""]",Obscene / Immoral Publications,Erotic/Immoral Content,,,
Cherry Pie,1970-12-03,1970,P.U. (A) 431,Printed Documents,Vin Fields,Oracle Books Inc.,Foreign,,"[""English""]",Obscene / Immoral Publications,Erotic/Immoral Content,,,
Young Man For Sale,1970-12-03,1970,P.U (A) 431,Printed Documents,Dwayne Simpson,Oracle Books Inc.,Foreign,,"[""English""]",Obscene / Immoral Publications,Erotic/Immoral Content,,,
Happy Meeting,1970-12-03,1970,P.U (A) 431,Printed Documents,,,Unclear,,"[""English""]",Obscene / Immoral Publications,Erotic/Immoral Content,,,
The Rutting Ground,1970-12-03,1970,P.U. (A) 431,Printed Documents,G.B. Vanek,Oracle Books Inc.,Foreign,,"[""Indonesian""]",Obscene / Immoral Publications,Erotic/Immoral Content,,,
Young Man For Sale,1970-12-03,1970,P.U. (A) 431,Printed Documents,Dwayne Simpson,,Unclear,,,Obscene / Immoral Publications,Erotic/Immoral Content,,,
Happy Meetings,1970-12-03,1970,P.U. (A) 431,Printed Documents,,,Unclear,,,Obscene / Immoral Publications,Erotic/Immoral Content,,,
Hot Summer,1970-12-03,1970,P.U. (A) 431,Printed Documents,,,Unclear,,,Obscene / Immoral Publications,Erotic/Immoral Content,,,
Sweet Melody Of Love,1970-12-31,1970,P.U (A) 458,Printed Documents,Arthur Mills,"Volu-Publo, Tangier",Unclear,,"[""English""]",Obscene / Immoral Publications,Erotic/Immoral Content,,,
Seeds Of The Rainbow - Part 1 And 2,1970-12-31,1970,P.U (A) 458,Printed Documents,Robert Desmond,The Olympia Press,Foreign,,"[""English""]",Obscene / Immoral Publications,Erotic/Immoral Content,,,
Lighting Road,1970-12-31,1970,P.U (A) 458,Printed Documents,Mullin Garr,The Olympia Press,Foreign,,"[""English""]",Obscene / Immoral Publications,Erotic/Immoral Content,,,
Who Pushed Paula-Part 1 And 2,1970-12-31,1970,P.U (A) 458,Printed Documents,Akhbar Del Piombo,The Olympia Press,Foreign,,"[""English""]",Obscene / Immoral Publications,Erotic/Immoral Content,,,
The She Devils - Part 1 And Part 2,1970-12-31,1970,P.U (A) 458,Printed Documents,Peter Lewis,Othelia Press,Unclear,,"[""English""]",Obscene / Immoral Publications,Erotic/Immoral Content,,,
Gin Ang Lime Steet,1970-12-31,1970,P.U (A) 458,Printed Documents,Adam Aymes,Ophelia Press,Foreign,,"[""English""]",Obscene / Immoral Publications,Erotic/Immoral Content,,,
House Of Borgia - Part 3 And 4,1970-12-31,1970,P.U (A) 458,Printed Documents,Marcus Van Heller,Ophelia Press,Foreign,,"[""English""]",Obscene / Immoral Publications,Erotic/Immoral Content,,,
Milady - Part 1 And 2,1970-12-31,1970,P.U (A) 458,Printed Documents,Jack Olley,Oceanic Press,Foreign,,"[""English""]",Obscene / Immoral Publications,Erotic/Immoral Content,,,
Love Together,1970-12-31,1970,P.U (A) 458,Printed Documents,,,Unclear,,"[""English""]",Obscene / Immoral Publications,Erotic/Immoral Content,,,
Cruise To The End Of Love - Part 2,1970-12-31,1970,P.U (A) 458,Printed Documents,Orville Newton,Mediterranian Press,Unclear,,"[""English""]",Obscene / Immoral Publications,Erotic/Immoral Content,,,
My Mother Taught Me,1971-07-15,1971,P.U. (A) 241,Printed Documents,Tor Kung,The Ophelia Press Inc,Foreign,,"[""English""]",Obscene / Immoral Publications,Erotic/Immoral Content,,,
Gone With The Whip,1971-07-15,1971,P.U. (A) 241,Printed Documents,Marcus Van Heller,The Ophelia Press Inc,Foreign,,"[""English""]",Obscene / Immoral Publications,Erotic/Immoral Content,,,
The Ball Carrier,1971-07-15,1971,P.U. (A) 241,Printed Documents,Keith Kerner,The Ophelia Press Inc,Foreign,,"[""English""]",Obscene / Immoral Publications,Erotic/Immoral Content,,,
Spreadengle,1971-07-15,1971,P.U. (A) 241,Printed Documents,Marcus Van Heller,"The Olympia Press, Inc",Foreign,,"[""English""]",Obscene / Immoral Publications,Erotic/Immoral Content,,,
Seduction Of Suzy,1971-07-15,1971,P.U. (A) 241,Printed Documents,Marcus Van Heller,The Olympia Press,Foreign,,"[""English""]",Obscene / Immoral Publications,Erotic/Immoral Content,,,
Seeds Of The Rainbow I And Ii,1971-07-15,1971,P.U. (A) 241,Printed Documents,Robert Desmond,The Olympia Press,Foreign,,"[""English""]",Obscene / Immoral Publications,Erotic/Immoral Content,,,
Bedroom Philosophers Part I And Ii,1971-07-15,1971,P.U. (A) 241,Printed Documents,D.A.F. De Sade,The Olympia Press,Foreign,,"[""English""]",Obscene / Immoral Publications,Erotic/Immoral Content,,,
The Adventures Of Fllea Silas Part I,1971-07-15,1971,P.U. (A) 241,Printed Documents,Beauregard Of Rarniente,The Olympia Press,Foreign,,"[""English""]",Obscene / Immoral Publications,Erotic/Immoral Content,,,
Sexus,1971-07-15,1971,P.U. (A) 241,Printed Documents,Henry Miller,Panther Books Ltd.,Foreign,,"[""English""]",Obscene / Immoral Publications,Erotic/Immoral Content,,,
Lash Part 2,1971-07-15,1971,P.U. (A) 241,Printed Documents,Ruth Lexe,Othello Books,Unclear,,"[""English""]",Obscene / Immoral Publications,Erotic/Immoral Content,,,
Gin And Lime Street,1971-07-15,1971,P.U. (A) 241,Printed Documents,Adam Aymes,Ophelia Press Inc.,Foreign,,"[""English""]",Obscene / Immoral Publications,Erotic/Immoral Content,,,
Honey Leaf,1971-07-15,1971,P.U. (A) 241,Printed Documents,Marcus Van Heller,Ophelia Press Inc.,Foreign,,"[""English""]",Obscene / Immoral Publications,Erotic/Immoral Content,,,
Adventure Of A Flea Part 1,1971-07-15,1971,P.U. (A) 241,Printed Documents,Marcus Van Heller,Olympia Press,Foreign,,"[""English""]",Obscene / Immoral Publications,Erotic/Immoral Content,,,
Under The Birch Part I And Ii,1971-07-15,1971,P.U. (A) 241,Printed Documents,Miles Underwood,Olympia Press,Foreign,,"[""English""]",Obscene / Immoral Publications,Erotic/Immoral Content,,,
Milady Part I And Ii,1971-07-15,1971,P.U. (A) 241,Printed Documents,Robert Olley,Oceanic Press,Foreign,,"[""English""]",Obscene / Immoral Publications,Erotic/Immoral Content,,,
The Trend Setters No.50 Part I And Ii,1971-07-15,1971,P.U. (A) 241,Printed Documents,Robert Cleveland,Nordisk Bladcentral,Foreign,,"[""English""]",Obscene / Immoral Publications,Erotic/Immoral Content,,,
Three Passionate Lovers Part Ii,1971-07-15,1971,P.U. (A) 241,Printed Documents,Rene Roques,,Unclear,,"[""English""]",Obscene / Immoral Publications,Erotic/Immoral Content,,,
Nights In Scotland Part I And Ii,1971-07-15,1971,P.U. (A) 241,Printed Documents,Carol Paterson,,Unclear,,"[""English""]",Obscene / Immoral Publications,Erotic/Immoral Content,,,
My Secret Life,1971-07-15,1971,P.U. (A) 241,Printed Documents,G. Lecman,Grove Press Inc.,Foreign,,"[""English""]",Obscene / Immoral Publications,Erotic/Immoral Content,"Akta Mesin Cetak Dan Penerbitan, 1984",Kemoralan,
Coupled,1971-07-15,1971,P.U. (A) 241,Printed Documents,Gill Porter,Essex House,Foreign,,"[""English""]",Obscene / Immoral Publications,Erotic/Immoral Content,,,
Mysteries Of Marriages,1971-07-15,1971,P.U. (A) 241,Printed Documents,Dr S. M. Shaw,Ellis And Martyn,Unclear,,"[""English""]",Obscene / Immoral Publications,Erotic/Immoral Content,,,
Only A Boy,1971-07-15,1971,P.U. (A) 241,Printed Documents,,Collectors Publication,Foreign,,"[""English""]",Obscene / Immoral Publications,Erotic/Immoral Content,,,
Rita!,1971-07-15,1971,P.U. (A) 242,Printed Documents,Rick Hardesty,"Bee-Line Books, Inc.",Foreign,,"[""English""]",Obscene / Immoral Publications,Erotic/Immoral Content,,,
Make Out Cult,1971-07-15,1971,P.U. (A) 242,Printed Documents,James Hillman,"Bee-Line Books, Inc.",Foreign,,"[""English""]",Obscene / Immoral Publications,Erotic/Immoral Content,,,
Blow My Mind,1971-07-15,1971,P.U. (A) 242,Printed Documents,Wally Martin,"Bee-Line Books, Inc.",Foreign,,"[""English""]",Obscene / Immoral Publications,Erotic/Immoral Content,,,
Stud Machine,1971-07-15,1971,P.U. (A) 242,Printed Documents,Michael Spear,"Bee-Line Books, Inc.",Foreign,,"[""English""]",Obscene / Immoral Publications,Erotic/Immoral Content,,,
Ball Me Again!,1971-07-15,1971,P.U. (A) 242,Printed Documents,Pauline Ford,"Bee-Line Books, Inc.",Foreign,,"[""English""]",Obscene / Immoral Publications,Erotic/Immoral Content,,,
Pussy Delight,1971-07-15,1971,P.U. (A) 242,Printed Documents,Renaud Fuchs,"Bee-Line Books, Inc.",Foreign,,"[""English""]",Obscene / Immoral Publications,Erotic/Immoral Content,,,
Honey Pot,1971-07-15,1971,P.U. (A) 242,Printed Documents,Jackson Harmon,"Bee-Line Books, Inc.",Foreign,,"[""English""]",Obscene / Immoral Publications,Erotic/Immoral Content,,,
Backyard Orgy,1971-07-15,1971,P.U. (A) 242,Printed Documents,Rhetta Charles,"Bee-Line Books, Inc.",Foreign,,"[""English""]",Obscene / Immoral Publications,Erotic/Immoral Content,,,
B Is For Balling,1971-07-15,1971,P.U. (A) 242,Printed Documents,Chuck Selwyn,"Bee-Line Books, Inc.",Foreign,,"[""English""]",Obscene / Immoral Publications,Erotic/Immoral Content,,,
Ginger Baby,1971-07-15,1971,P.U. (A) 242,Printed Documents,James Malcolm,"Bee-Line Books, Inc.",Foreign,,"[""English""]",Obscene / Immoral Publications,Erotic/Immoral Content,,,
The Sex Pets,1971-07-15,1971,P.U. (A) 241,Printed Documents,Joseph R. Reynolos,Bee-Line Books New York,Foreign,,"[""English""]",Obscene / Immoral Publications,Erotic/Immoral Content,,,
Make-Out Cult,1971-07-15,1971,P.U. (A) 242,Printed Documents,James Hillman,Bee-Line Books,Foreign,,"[""English""]",Obscene / Immoral Publications,Erotic/Immoral Content,,,
"Nude Wore Black,The",1971-08-26,1971,P.U. (A) 276,Printed Documents,Teo Mark,"Lancer Books,Inc.",Foreign,,"[""English""]",Obscene / Immoral Publications,Erotic/Immoral Content,,,
Girl With The Polka-Dot Box,1971-08-26,1971,P.U. (A) 276,Printed Documents,F.W. Paul,Lancer Books Inc.,Foreign,,"[""English""]",Obscene / Immoral Publications,Erotic/Immoral Content,,,
The Fires Of Lust,1971-08-26,1971,P.U. (A) 276,Printed Documents,Jean Francis,Lancer Books Inc.,Foreign,,"[""English""]",Obscene / Immoral Publications,Erotic/Immoral Content,,,
The Taboo Breakers,1971-08-26,1971,P.U. (A) 276,Printed Documents,Warren Wells,Lancer Books Inc.,Foreign,,"[""English""]",Obscene / Immoral Publications,Erotic/Immoral Content,,,
In The Solid Gold Screw,1971-08-26,1971,P.U. (A) 276,Printed Documents,F.W. Paul,Lancer Books Inc.,Foreign,,"[""English""]",Obscene / Immoral Publications,Erotic/Immoral Content,,,
The Lay Of The Land,1971-08-26,1971,P.U. (A) 276,Printed Documents,F.W. Paul,Lancer Books Inc.,Foreign,,"[""English""]",Obscene / Immoral Publications,Erotic/Immoral Content,,,
The Nude Ware Black,1971-08-26,1971,P.U. (A) 276,Printed Documents,Ted Mark,Lancer Books Inc.,Foreign,,"[""English""]",Obscene / Immoral Publications,Erotic/Immoral Content,,,
Another Piece Of Fanny,1971-08-26,1971,P.U. (A) 276,Printed Documents,Norman Jackson,Lancer Books Inc.,Foreign,,"[""English""]",Obscene / Immoral Publications,Erotic/Immoral Content,,,
Mistress Of The Lash,1971-08-26,1971,P.U. (A) 276,Printed Documents,Robery Vaughan,Lancer Books Inc.,Foreign,,"[""English""]",Obscene / Immoral Publications,Erotic/Immoral Content,,,
A Lovely Cherry,1971-08-26,1971,P.U. (A) 276,Printed Documents,William Mc Ardle,Continental Classics,Foreign,,"[""English""]",Obscene / Immoral Publications,Erotic/Immoral Content,,,
Come Again,1971-08-26,1971,P.U. (A) 276,Printed Documents,Carlos Rossi,Continental Classics,Foreign,,"[""English""]",Obscene / Immoral Publications,Erotic/Immoral Content,,,
Blow Me Down,1971-08-26,1971,P.U. (A) 276,Printed Documents,Webster Tate,Continental Classics,Foreign,,"[""English""]",Obscene / Immoral Publications,Erotic/Immoral Content,,,
Dr. Gigolo,1971-08-26,1971,P.U. (A) 276,Printed Documents,Anthony Holcomb,Continental Classics,Foreign,,"[""English""]",Obscene / Immoral Publications,Erotic/Immoral Content,,,
Secret Climax,1971-08-26,1971,P.U. (A) 276,Printed Documents,Victor De Laroche,Continental Classics,Foreign,,"[""English""]",Obscene / Immoral Publications,Erotic/Immoral Content,,,
Frug Me Again,1971-08-26,1971,P.U. (A) 276,Printed Documents,Jack Aurora,Continental Classics,Foreign,,"[""English""]",Obscene / Immoral Publications,Erotic/Immoral Content,,,
Alovely Cherry,1971-08-26,1971,P.U. (A) 276,Printed Documents,William Mc Ardle,Continental Classics,Foreign,,"[""English""]",Obscene / Immoral Publications,Erotic/Immoral Content,,,
Dr.Gigolo,1971-08-26,1971,P.U. (A) 276,Printed Documents,Anthony Holcomb,Continental Classics,Foreign,,"[""English""]",Obscene / Immoral Publications,Erotic/Immoral Content,,,
Secret Climax,1971-08-26,1971,P.U. (A) 276,Printed Documents,Victor De La Roche,Continental Classics,Foreign,,"[""English""]",Obscene / Immoral Publications,Erotic/Immoral Content,,,
Unfinished Molesting,1972-02-24,1972,P.U. (A) 45,Printed Documents,Wen Chuin,,Unclear,,"[""Chinese""]",Obscene / Immoral Publications,Erotic/Immoral Content,,,
Temptation Of The Hot Spring,1972-02-24,1972,P.U. (A) 45,Printed Documents,,,Unclear,,"[""Chinese""]",Obscene / Immoral Publications,Erotic/Immoral Content,,,Lack Of Information
Interview For Getting The Best Sexual Partner,1972-02-24,1972,P.U. (A) 45,Printed Documents,Yung Yung,,Unclear,,"[""Chinese""]",Obscene / Immoral Publications,Erotic/Immoral Content,,,
Armoured Car Of The Flesh War,1972-02-24,1972,P.U. (A) 45,Printed Documents,,,Unclear,,"[""Chinese""]",Obscene / Immoral Publications,Erotic/Immoral Content,,,
Blossom Flowers And The Full Moon,1972-02-24,1972,P.U. (A) 45,Printed Documents,,,Unclear,,"[""Chinese""]",Obscene / Immoral Publications,Erotic/Immoral Content,,,
Blossom Spring Of The Fruit Plantation,1972-02-24,1972,P.U (A) 45,Printed Documents,Hsia Fei,Amusement Publishing Society,Unclear,,"[""Chinese""]",Obscene / Immoral Publications,Erotic/Immoral Content,,,Change Subcluster From Porn To Erotic.
Sexual History Of The Various Countries,1972-02-24,1972,P.U (A) 45,Printed Documents,Hsia Fei,Amusement Publishing Society,Unclear,,"[""Chinese""]",Obscene / Immoral Publications,Erotic/Immoral Content,,,Change Subcluster From Porn To Erotic.
Key Hole Peeping Tom,1972-02-24,1972,P.U (A) 45,Printed Documents,Hsia Fei,Amusement Publishing Society,Unclear,,"[""Chinese""]",Obscene / Immoral Publications,Erotic/Immoral Content,,,Change Subcluster From Porn To Erotic.
High School Hotbed,1972-07-13,1972,P.U (A) 225,Printed Documents,Jan Cheux,,Unclear,,"[""English""]",Obscene / Immoral Publications,Erotic/Immoral Content,,,
Bang Man,1972-07-13,1972,P.U (A) 225,Printed Documents,Phil Powers,,Unclear,,"[""English""]",Obscene / Immoral Publications,Erotic/Immoral Content,,,
Girl Gone Down,1972-07-13,1972,P.U (A) 225,Printed Documents,William,,Unclear,,"[""English""]",Obscene / Immoral Publications,Erotic/Immoral Content,,,
Swap Street,1972-07-13,1972,P.U (A) 225,Printed Documents,Robert H. Sheldon,,Unclear,,"[""English""]",Obscene / Immoral Publications,Erotic/Immoral Content,,,
Honeymoon Hotel,1972-07-13,1972,P.U (A) 225,Printed Documents,Michael Jaeggers,Liverpool Library Press,Foreign,,"[""English""]",Obscene / Immoral Publications,Erotic/Immoral Content,,,
The Reluctant Couple,1972-07-13,1972,P.U (A) 225,Printed Documents,Grant Roberts,Liverpool Library Press,Foreign,,"[""English""]",Obscene / Immoral Publications,Erotic/Immoral Content,,,
Big Man In The Saddle,1972-10-05,1972,P.U (A) 315,Printed Documents,Mullin Garr,Ophelia Press Inc.,Foreign,,"[""English""]",Obscene / Immoral Publications,Erotic/Immoral Content,,,
Dandy Of London,1972-11-23,1972,P.U (A) 368,Printed Documents,Chin His Wen,Playboy's Club,Foreign,,"[""Chinese""]",Obscene / Immoral Publications,Erotic/Immoral Content,,,
Attractive Younger Sister-In-Law,1972-11-23,1972,P.U (A) 368,Printed Documents,Chin Sha,,Unclear,,"[""Chinese""]",Obscene / Immoral Publications,Erotic/Immoral Content,,,
Unfaithful Wife,1972-11-23,1972,P.U (A) 368,Printed Documents,Lang Tzu,,Unclear,,"[""Chinese""]",Obscene / Immoral Publications,Erotic/Immoral Content,,,
To Paradise By Night,1972-11-23,1972,P.U (A) 368,Printed Documents,Yeh Yu Keh,,Unclear,,"[""Chinese""]",Obscene / Immoral Publications,Erotic/Immoral Content,,,
The Lovely Affair Of A Dissolute Women,1972-11-23,1972,P.U (A) 368,Printed Documents,,,Unclear,,"[""Chinese""]",Obscene / Immoral Publications,Erotic/Immoral Content,,,
Seduction All Over,1972-11-23,1972,P.U (A) 368,Printed Documents,Hsai Fei,,Unclear,,"[""Chinese""]",Obscene / Immoral Publications,Erotic/Immoral Content,,,
Sex,1972-11-23,1972,P.U (A) 368,Printed Documents,Ai Lang,,Unclear,,"[""Chinese""]",Obscene / Immoral Publications,Erotic/Immoral Content,,,
The Queen Of Education,1972-11-23,1972,P.U (A) 368,Printed Documents,,,Unclear,,"[""Chinese""]",Obscene / Immoral Publications,Erotic/Immoral Content,,,
Quadricycle,1973-05-17,1973,P.U (A) 130,Printed Documents,,,Unclear,,"[""Chinese""]",Obscene / Immoral Publications,Erotic/Immoral Content,,,
With Lips And Tongue,1973-05-24,1973,P.U. (A) 133,Printed Documents,Marcus Van Heller,"Traveller's Companion,Inc",Foreign,,"[""English""]",Obscene / Immoral Publications,Erotic/Immoral Content,,,
The Love Makers,1973-05-24,1973,P.U (A) 133,Printed Documents,Marcus Van Heller,Traveller's Companion Inc.,Foreign,,"[""English""]",Obscene / Immoral Publications,Erotic/Immoral Content,,,
Willing Victim,1973-05-24,1973,P.U (A) 133,Printed Documents,Marcus Van Heller,Traveller's Companion Inc.,Foreign,,"[""English""]",Obscene / Immoral Publications,Erotic/Immoral Content,,,
Ape,1973-05-24,1973,P.U (A) 133,Printed Documents,Marcus Van Heller,Ophelia Press Inc.,Foreign,,"[""English""]",Obscene / Immoral Publications,Erotic/Immoral Content,,,
So Many Beds,1973-05-24,1973,P.U (A) 133,Printed Documents,Martin Henry,,Unclear,,"[""English""]",Obscene / Immoral Publications,Erotic/Immoral Content,,,
I Margo,1973-05-24,1973,P.U (A) 133,Printed Documents,,,Unclear,,"[""English""]",Obscene / Immoral Publications,Erotic/Immoral Content,,,
King On Queen,1973-05-24,1973,P.U (A) 133,Printed Documents,F.W.Paul,Lancer Books Inc.,Foreign,,"[""English""]",Obscene / Immoral Publications,Erotic/Immoral Content,,,
Love 2,1973-05-24,1973,P.U (A) 133,Printed Documents,Sven Holm,Grove Press Inc.,Foreign,,"[""English""]",Obscene / Immoral Publications,Erotic/Immoral Content,,,
It's Getting Harder All The Time,1974-12-26,1974,P.U (A) 445,Printed Documents,Troy Conway,Top Sellers Ltd.,Foreign,The Philips Park Press,"[""English""]",Obscene / Immoral Publications,Erotic/Immoral Content,,,
Fotostrip,1974-12-26,1974,P.U (A) 444,Printed Documents,,Top Sellers Ltd,Foreign,,"[""English""]",Obscene / Immoral Publications,Erotic/Immoral Content,,,
Three Loose Woman,1974-12-26,1974,P.U (A) 445,Printed Documents,William Hegner,Pocket Books,Foreign,,"[""English""]",Obscene / Immoral Publications,Erotic/Immoral Content,,,
Adam Film World,1974-12-26,1974,P.U (A) 444,Printed Documents,,Knight Publishing Corperation,Foreign,,"[""English""]",Obscene / Immoral Publications,Erotic/Immoral Content,,,
Curious,1974-12-26,1974,P.U. (A) 444,Printed Documents,,Kingsland Lott Publishing Co. Ltd,Foreign,Oxley Press Ltd,"[""English""]",Obscene / Immoral Publications,Erotic/Immoral Content,,,
Femme Fatale,1974-12-26,1974,P.U (A) 444,Printed Documents,,House Of Milan Corp.,Foreign,,"[""English""]",Obscene / Immoral Publications,Erotic/Immoral Content,,,
Bondage Classics,1974-12-26,1974,P.U (A) 444,Printed Documents,,House Of Milan Corp.,Foreign,,"[""English""]",Obscene / Immoral Publications,Erotic/Immoral Content,,,
Aggressive Gals,1974-12-26,1974,P.U (A) 444,Printed Documents,,House Of Milan Corp.,Foreign,,"[""English""]",Obscene / Immoral Publications,Erotic/Immoral Content,,,
Bound In Terror,1974-12-26,1974,P.U (A) 444,Printed Documents,,Hilbarth Inc.,Foreign,,"[""English""]",Obscene / Immoral Publications,Erotic/Immoral Content,,,
Revenge Of The Wantons,1974-12-26,1974,P.U (A) 444,Printed Documents,,Hilbarth Inc.,Foreign,,"[""English""]",Obscene / Immoral Publications,Erotic/Immoral Content,,,
Finite Boundage,1974-12-26,1974,P.U (A) 444,Printed Documents,,Hilbarth Inc.,Foreign,,"[""English""]",Obscene / Immoral Publications,Erotic/Immoral Content,,,
Backstage Doll In Bondage,1974-12-26,1974,P.U (A) 444,Printed Documents,,Hilbarth Inc.,Foreign,,"[""English""]",Obscene / Immoral Publications,Erotic/Immoral Content,,,
A Modelspet,1974-12-26,1974,P.U. (A) 445,Printed Documents,Allan Rogers,Gloucestor Publishing Co,Foreign,,"[""English""]",Obscene / Immoral Publications,Erotic/Immoral Content,,,
The Stray Wife,1974-12-26,1974,P.U (A) 445,Printed Documents,Alfred Gold,Gloucester Publishing Co.S,Foreign,,"[""English""]",Obscene / Immoral Publications,Erotic/Immoral Content,,,
Mother Daughter & Son,1974-12-26,1974,P.U (A) 445,Printed Documents,Craig Summers,Gloucester Publishing Co.,Foreign,,"[""English""]",Obscene / Immoral Publications,Erotic/Immoral Content,,,
A Modalspet,1974-12-26,1974,P.U (A) 445,Printed Documents,Allan Rogers,Gloucester Publishing Co.,Foreign,,"[""English""]",Obscene / Immoral Publications,Erotic/Immoral Content,,,
The Black-Mailed Teacher,1974-12-26,1974,P.U (A) 445,Printed Documents,James Kent,Gloucester Publishing Co.,Foreign,,"[""English""]",Obscene / Immoral Publications,Erotic/Immoral Content,,,
An Innocent In Paris,1974-12-26,1974,P.U (A) 445,Printed Documents,Sidney Warren,Gloucester Publishing Co.,Foreign,,"[""English""]",Obscene / Immoral Publications,Erotic/Immoral Content,,,
The Swinger,1974-12-26,1974,P.U (A) 444,Printed Documents,,"G&S Publications, Inc.",Foreign,,"[""English""]",Obscene / Immoral Publications,Erotic/Immoral Content,,,
Knave,1974-12-26,1974,P.U (A) 444,Printed Documents,,Fontessa Publication Ltd.,Foreign,Love & Malcomson Ltd,"[""English""]",Obscene / Immoral Publications,Erotic/Immoral Content,,,
Mayfair,1974-12-26,1974,P.U (A) 444,Printed Documents,,Fisk Publishing Co.Ltd,Foreign,Beric Press Ltd,"[""English""]",Obscene / Immoral Publications,Erotic/Immoral Content,,,
Family Vengeance,1974-12-26,1974,P.U (A) 444,Printed Documents,,Eros Publishing Co. Ltd,Foreign,,"[""English""]",Obscene / Immoral Publications,Erotic/Immoral Content,,,
Fetish And Fantasy,1974-12-26,1974,P.U (A) 444,Printed Documents,,Eros Publishing Co. Ltd,Foreign,,"[""English""]",Obscene / Immoral Publications,Erotic/Immoral Content,,,
We All Need Someone,1974-12-26,1974,P.U (A) 444,Printed Documents,,Eros Publication Co.Inc.,Foreign,,"[""English""]",Obscene / Immoral Publications,Erotic/Immoral Content,,,
Scoring Dan Greenburg,1974-12-26,1974,P.U (A) 445,Printed Documents,,Dell Publishing Co. Inc.,Foreign,,"[""English""]",Obscene / Immoral Publications,Erotic/Immoral Content,,,
Blue Alice,1974-12-26,1974,P.U (A) 445,Printed Documents,Jackson Short,Dell Publishing Co. Inc.,Foreign,,"[""English""]",Obscene / Immoral Publications,Erotic/Immoral Content,,,
A Stud Pack For The House Wife,1974-12-26,1974,P.U (A) 445,Printed Documents,Mark S. Wolin,Dansk Blue Books,Foreign,,"[""English""]",Obscene / Immoral Publications,Erotic/Immoral Content,,,
New Chance,1974-12-26,1974,P.U (A) 444,Printed Documents,,Chance International Pub Ltd,Foreign,A.M Weston Ltd,"[""English""]",Obscene / Immoral Publications,Erotic/Immoral Content,,,
Love In The Family,1974-12-26,1974,P.U (A) 445,Printed Documents,Lydia Wilkingson,"Brandon Books,",Foreign,,"[""English""]",Obscene / Immoral Publications,Erotic/Immoral Content,,,
Adultery By Consent,1974-12-26,1974,P.U (A) 445,Printed Documents,Gerald Summers,"Brandon Books,",Foreign,,"[""English""]",Obscene / Immoral Publications,Erotic/Immoral Content,,,
My Big Sister's Sin : Me,1974-12-26,1974,P.U (A) 445,Printed Documents,Peter Kevin,Braclay House,Foreign,,"[""English""]",Obscene / Immoral Publications,Erotic/Immoral Content,,,
Ghetto Incest,1974-12-26,1974,P.U (A) 445,Printed Documents,Ward Fulton,Barclay House,Foreign,,"[""English""]",Obscene / Immoral Publications,Erotic/Immoral Content,,,It Have Incest In The Title.
Bachelor Girls,1974-12-26,1974,P.U (A) 444,Printed Documents,,American Art Enterprises Inc.,Foreign,,"[""English""]",Obscene / Immoral Publications,Erotic/Immoral Content,,,
Soft Shoulders,1975-04-24,1975,P.U. (A) 119,Printed Documents,John Denis,"Midwood Publications, Inc.",Foreign,,"[""English""]",Obscene / Immoral Publications,Erotic/Immoral Content,,,
Cloud Nine,1975-04-24,1975,P.U. (A) 119,Printed Documents,Roy L. Couch,"Midwood Publications, Inc.",Foreign,,"[""English""]",Obscene / Immoral Publications,Erotic/Immoral Content,,,
Rosa's Way,1975-04-24,1975,P.U (A) 119,Printed Documents,Joseph Arrowsmith,"Midwood Publications, Inc.",Foreign,,"[""English""]",Obscene / Immoral Publications,Erotic/Immoral Content,,,
Route 69,1975-04-24,1975,P.U. (A) 119,Printed Documents,Chris Harrison,"Midwood Publications, Inc.",Foreign,,"[""English""]",Obscene / Immoral Publications,Erotic/Immoral Content,,,
Body Heat,1975-04-24,1975,P.U (A) 119,Printed Documents,Gerald Kramer,"Midwood Publications, Inc.",Foreign,,"[""English""]",Obscene / Immoral Publications,Erotic/Immoral Content,,,
So Bad,1975-04-24,1975,P.U (A) 119,Printed Documents,T.J Flowers,"Midwood Publications, Inc.",Foreign,,"[""English""]",Obscene / Immoral Publications,Erotic/Immoral Content,,,
Pink Lips,1975-04-24,1975,P.U (A) 119,Printed Documents,Robert Conrad,"Midwood Publications, Inc.",Foreign,,"[""English""]",Obscene / Immoral Publications,Erotic/Immoral Content,,,
Indoor Sports,1975-04-24,1975,P.U (A) 119,Printed Documents,Jack Walker,"Midwood Publications, Inc.",Foreign,,"[""English""]",Obscene / Immoral Publications,Erotic/Immoral Content,,,
Busted,1975-04-24,1975,P.U (A) 119,Printed Documents,Dirk Rampat,"Midwood Publications, Inc.",Foreign,,"[""English""]",Obscene / Immoral Publications,Erotic/Immoral Content,,,
Tycoon,1975-04-24,1975,P.U (A) 119,Printed Documents,Delmas Abbott,"Midwood Publications, Inc.",Foreign,,"[""English""]",Obscene / Immoral Publications,Erotic/Immoral Content,,,
Obsession,1975-04-24,1975,P.U (A) 119,Printed Documents,H.M,"Midwood Publications, Inc.",Foreign,,"[""English""]",Obscene / Immoral Publications,Erotic/Immoral Content,,,
Funny Half Hour,1975-10-16,1975,P.U (A) 330,Printed Documents,,Top Sellers Ltd,Foreign,,"[""English""]",Obscene / Immoral Publications,Erotic/Immoral Content,,,
* Private,1975-10-16,1975,P.U (A) 330,Printed Documents,,Roafield Ltd.,Foreign,,"[""English""]",Obscene / Immoral Publications,Erotic/Immoral Content,,,
* Private Girl,1975-10-16,1975,P.U (A) 330,Printed Documents,,Roafield Ltd.,Foreign,,"[""English""]",Obscene / Immoral Publications,Erotic/Immoral Content,,,
* International Man,1975-10-16,1975,P.U (A) 330,Printed Documents,,"Revolt, Michael Holm, F=Geurt Stall,",Unclear,,"[""English""]",Obscene / Immoral Publications,Erotic/Immoral Content,,,
Male Erotic Zones,1975-10-16,1975,P.U (A) 332,Printed Documents,,Regency Publishing Co.,Foreign,,"[""English""]",Obscene / Immoral Publications,Erotic/Immoral Content,,,
* Playgirl,1975-10-16,1975,P.U (A) 330,Printed Documents,,Playgirl Inc.,Foreign,Fawcett Printing Corp.,"[""English""]",Obscene / Immoral Publications,Erotic/Immoral Content,,,
*Oui,1975-10-16,1975,P.U (A) 330,Printed Documents,,Playboy Publications Inc.,Foreign,,"[""English""]",Obscene / Immoral Publications,Erotic/Immoral Content,,,
"* Playboy Past, Present, Future",1975-10-16,1975,P.U (A) 330,Printed Documents,,Playboy Publications Inc.,Foreign,,"[""English""]",Obscene / Immoral Publications,Erotic/Immoral Content,,,
Bondage,1975-10-16,1975,P.U (A) 332,Printed Documents,,Ben's Books Ltd,Unclear,,"[""English""]",Obscene / Immoral Publications,Erotic/Immoral Content,"Akta Mesin Cetak Dan Penerbitan, 1984",Kemoralan,
* Adult Cinema,1975-10-16,1975,P.U (A) 330,Printed Documents,,Alan Town Publications Ltd,Foreign,Carlisle Web Offset Ltd.,"[""English""]",Obscene / Immoral Publications,Erotic/Immoral Content,,,
Strange Encounter At Dance Party,1977-06-30,1977,P.U (A) 195,Printed Documents,Tang Sin,Sin Jin Kang Publishing Company,Unclear,Sin Jin Kang Publishing And Printing Company,"[""Chinese""]",Obscene / Immoral Publications,Erotic/Immoral Content,,,
Prodigal Son,1977-06-30,1977,P.U (A) 195,Printed Documents,Fei Fei,Sin Jin Kang Publishing Company,Unclear,Sin Jin Kang Publishing And Printing Company,"[""Chinese""]",Obscene / Immoral Publications,Erotic/Immoral Content,,,
Lembahnya Nan Gersang,1981-07-16,1981,P.U. (A) 201,Printed Documents,,Media Massa Komunikasi,Local,,"[""Malay""]",Obscene / Immoral Publications,Erotic/Immoral Content,,,
Miang,1981-07-16,1981,P.U. (A) 202,Printed Documents,L.Mankadir Shamsi,Malek News Agency,Local,,"[""Malay""]",Obscene / Immoral Publications,Erotic/Immoral Content,,,
Gian,1981-07-16,1981,P.U. (A) 202,Printed Documents,L.Mankadir Shamsi,Malek News Agency,Local,,"[""Malay""]",Obscene / Immoral Publications,Erotic/Immoral Content,,,
Whirl Wind,1982-11-04,1982,P.U. (A) 336,Printed Documents,,"Princess Books Co.,",Unclear,Unknown,"[""Chinese""]",Obscene / Immoral Publications,Erotic/Immoral Content,,,
Little Eagle,1982-11-04,1982,P.U. (A) 336,Printed Documents,,"Princess Books Co.,",Unclear,Unknown,"[""Chinese""]",Obscene / Immoral Publications,Erotic/Immoral Content,,,
Young Bar Girl,1982-11-04,1982,P.U. (A) 336,Printed Documents,,"Princess Books Co.,",Unclear,Unknown,"[""Chinese""]",Obscene / Immoral Publications,Erotic/Immoral Content,,,
Strong Mantis,1982-11-04,1982,P.U. (A) 336,Printed Documents,,"Princess Books Co.,",Unclear,Unknown,"[""Chinese""]",Obscene / Immoral Publications,Erotic/Immoral Content,,,
An Abnormal Beauty,1983-11-03,1983,P.U. (A) 454,Printed Documents,Sia Fei,Amusement Publishing House,Unclear,Amusement Publishing House,"[""Chinese""]",Obscene / Immoral Publications,Erotic/Immoral Content,,,
Soft And Gentle Land,1983-11-03,1983,P.U. (A) 454,Printed Documents,Sia Fei,Amusement Publishing House,Unclear,Amusement Publishing House,"[""Chinese""]",Obscene / Immoral Publications,Erotic/Immoral Content,,,
Arousing The Lustful Heart,1983-11-03,1983,P.U. (A) 454,Printed Documents,Sia Fei,Amusement Publishing House,Unclear,Amusement Publishing House,"[""Chinese""]",Obscene / Immoral Publications,Erotic/Immoral Content,,,
Vying For Love,1983-11-03,1983,P.U. (A) 454,Printed Documents,Sia Fei,Amusement Publishing House,Unclear,Amusement Publishing House,"[""Chinese""]",Obscene / Immoral Publications,Erotic/Immoral Content,,,
Have Concubine But No Wife,1983-11-03,1983,P.U. (A) 454,Printed Documents,Sia Fei,Amusement Publishing House,Unclear,Amusement Publishing House,"[""Chinese""]",Obscene / Immoral Publications,Erotic/Immoral Content,,,
Fond Memories,1983-11-03,1983,P.U. (A) 454,Printed Documents,Sia Fei,Amusement Publishing House,Unclear,Amusement Publishing House,"[""Chinese""]",Obscene / Immoral Publications,Erotic/Immoral Content,,,
The Fantasies Magazine,1984-12-06,1984,P.U. (A) 444,Printed Documents,,Jockey Daily Co. Ltd,Unclear,Tian Shi Printing Factory,"[""Chinese""]",Obscene / Immoral Publications,Erotic/Immoral Content,"Akta Mesin Cetak Dan Penerbitan, 1984",Kemoralan,
Yellow Book,1984-12-06,1984,P.U. (A) 444,Printed Documents,,Hong Tian Publications Distribution Co.Ltd.,Unclear,"Sino-Anglo Investment Co. Ltd.,","[""Chinese""]",Obscene / Immoral Publications,Erotic/Immoral Content,"Akta Mesin Cetak Dan Penerbitan, 1984",Kemoralan,
The Adventure,1984-12-06,1984,P.U. (A) 444,Printed Documents,,Growlong Co. Ltd,Unclear,"Imperial Printing Co. Ltd.,","[""Chinese""]",Obscene / Immoral Publications,Erotic/Immoral Content,"Akta Mesin Cetak Dan Penerbitan, 1984",Kemoralan,
Green Cover Mystery Magazine,1984-12-06,1984,P.U. (A) 444,Printed Documents,,Gao Shuang Co. Ltd.,Unclear,"Imperial Printing Co. Ltd.,","[""Chinese""]",Obscene / Immoral Publications,Erotic/Immoral Content,"Akta Mesin Cetak Dan Penerbitan, 1984",Kemoralan,
My Curiosity,1984-12-06,1984,P.U. (A) 444,Printed Documents,,Gao Shuang Co. Ltd,Unclear,Imperial Printing Co. Ltd,"[""Chinese""]",Obscene / Immoral Publications,Erotic/Immoral Content,"Akta Mesin Cetak Dan Penerbitan, 1984",Kemoralan,
Kekasihku Suaminya,1984-12-06,1984,P.U. (A) 443,Printed Documents,Siti Zubaidah,"Utama Karya Sdn. Bhd.,",Local,,"[""Malay""]",Obscene / Immoral Publications,Erotic/Immoral Content,"Akta Mesin Cetak Dan Penerbitan, 1984",Kemoralan,
Ghairah,1984-12-06,1984,P.U. (A) 443,Printed Documents,Sabar Bohari,"Tra-Tra Publishing Malaysia & Trading Co.,",Local,,"[""Malay""]",Obscene / Immoral Publications,Erotic/Immoral Content,"Akta Mesin Cetak Dan Penerbitan, 1984",Kemoralan,
Si Manis Tiga Puluh,1984-12-06,1984,P.U. (A) 443,Printed Documents,S.Iskandar,"Tra-Tra Publishing & Trading Sdn. Bhd.,",Local,,"[""Malay""]",Obscene / Immoral Publications,Erotic/Immoral Content,"Akta Mesin Cetak Dan Penerbitan, 1984",Kemoralan,
Tuty Sentiasa Menanti,1984-12-06,1984,P.U. (A) 443,Printed Documents,Mohd. Farady,Sbc Distribution Malaysia,Local,,"[""Malay""]",Obscene / Immoral Publications,Erotic/Immoral Content,"Akta Mesin Cetak Dan Penerbitan, 1984",Kemoralan,
Kisah Malam Pertama,1984-12-06,1984,P.U. (A) 443,Printed Documents,Salim Ali,Pustaka Suryabana Malaysia,Local,,"[""Malay""]",Obscene / Immoral Publications,Erotic/Immoral Content,"Akta Mesin Cetak Dan Penerbitan, 1984",Kemoralan,
Di Pangkuan Dara,1984-12-06,1984,P.U. (A) 443,Printed Documents,Salim Ali,Pustaka Suryabana Malaysia,Local,,"[""Malay""]",Obscene / Immoral Publications,Erotic/Immoral Content,"Akta Mesin Cetak Dan Penerbitan, 1984",Kemoralan,
Miss X,1984-12-06,1984,P.U. (A) 443,Printed Documents,Nik Abdullah,Pustaka Maju,Local,,"[""Malay""]",Obscene / Immoral Publications,Erotic/Immoral Content,"Akta Mesin Cetak Dan Penerbitan, 1984",Kemoralan,
Nafsu Syaitan,1984-12-06,1984,P.U. (A) 443,Printed Documents,Nik Abdullah,Pustaka Maju,Local,,"[""Malay""]",Obscene / Immoral Publications,Erotic/Immoral Content,"Akta Mesin Cetak Dan Penerbitan, 1984",Kemoralan,
Kisah Orang Kuala Lumpur 2,1984-12-06,1984,P.U. (A) 443,Printed Documents,Zahari Affandi,Penerbitan Pujangga,Local,,"[""Malay""]",Obscene / Immoral Publications,Erotic/Immoral Content,"Akta Mesin Cetak Dan Penerbitan, 1984",Kemoralan,
Sofia,1984-12-06,1984,P.U. (A) 443,Printed Documents,Yahya Samah,"Penerbitan Pena Sdn. Bhd.,",Local,,"[""Malay""]",Obscene / Immoral Publications,Erotic/Immoral Content,"Akta Mesin Cetak Dan Penerbitan, 1984",Kemoralan,
Runtuh,1984-12-06,1984,P.U. (A) 443,Printed Documents,Malek A.R.,Penerbitan Knight Malaysia,Local,,"[""Malay""]",Obscene / Immoral Publications,Erotic/Immoral Content,"Akta Mesin Cetak Dan Penerbitan, 1984",Kemoralan,
Dara Yang Janda Di Malam Pengantin,1984-12-06,1984,P.U. (A) 443,Printed Documents,Mahani,Penerbitan Knight Malaysia,Local,,"[""Malay""]",Obscene / Immoral Publications,Erotic/Immoral Content,"Akta Mesin Cetak Dan Penerbitan, 1984",Kemoralan,Why Is This Ketenteraman Awam
Membasahi Bibir Yang Kering,1984-12-06,1984,P.U. (A) 443,Printed Documents,Juwita,Mulya Utama Enterprise,Local,,"[""Malay""]",Obscene / Immoral Publications,Erotic/Immoral Content,"Akta Mesin Cetak Dan Penerbitan, 1984",Kemoralan,
Dara Yang Tiada Dara,1984-12-06,1984,P.U. (A) 443,Printed Documents,Malik A.R,Mulya Utama Enterprise,Local,,"[""Malay""]",Obscene / Immoral Publications,Erotic/Immoral Content,"Akta Mesin Cetak Dan Penerbitan, 1984",Kemoralan,
Kembalinya Mona Gersang,1984-12-06,1984,P.U. (A) 443,Printed Documents,Mahmud Mahyudin,Media Massa Komunikasi,Local,,"[""Malay""]",Obscene / Immoral Publications,Erotic/Immoral Content,"Akta Mesin Cetak Dan Penerbitan, 1984",Kemoralan,
Puan Rukiah Bersuami Dua,1984-12-06,1984,P.U. (A) 443,Printed Documents,Penajaya,Malik Agency,Unclear,,"[""Malay""]",Obscene / Immoral Publications,Erotic/Immoral Content,"Akta Mesin Cetak Dan Penerbitan, 1984",Kemoralan,
Legenda Si Mona Gersang,1984-12-06,1984,P.U. (A) 443,Printed Documents,Mahmud Mahyudin,Knight Publisher,Foreign,,"[""Malay""]",Obscene / Immoral Publications,Erotic/Immoral Content,Akta Mesin Cetak Dan Penerbitan 1984,Kemoralan,
Kuala Lumpur Makin Panas-Dilema Seorang Janda,1984-12-06,1984,P.U. (A) 443,Printed Documents,Mahmud Mahyudin,Knight Publisher,Foreign,,"[""Malay""]",Obscene / Immoral Publications,Erotic/Immoral Content,,,
Korban Cinta Palsu,1984-12-06,1984,P.U. (A) 443,Printed Documents,Iza Sharizad,Knight Publisher,Foreign,,"[""Malay""]",Obscene / Immoral Publications,Erotic/Immoral Content,,,
Musnah,1984-12-06,1984,P.U. (A) 443,Printed Documents,Hasnol Rahman,Knight Publisher,Foreign,,"[""Malay""]",Obscene / Immoral Publications,Erotic/Immoral Content,,,
Gara-Gara Pita Video,1984-12-06,1984,P.U. (A) 443,Visual Media,M.S,Knight Publisher,Foreign,,"[""Malay""]",Obscene / Immoral Publications,Erotic/Immoral Content,,,
Problem Seks Anda,1984-12-06,1984,P.U. (A) 443,Printed Documents,Azizan Ahmad,"Kayell Book Co.,",Foreign,,"[""Malay""]",Obscene / Immoral Publications,Erotic/Immoral Content,"Akta Mesin Cetak Dan Penerbitan, 1984",Kemoralan,
Mona Gersang,1984-12-06,1984,P.U. (A) 443,Audio/Recordings,Mahmud Mahyudin,Elnada Production,Unclear,,"[""Malay""]",Obscene / Immoral Publications,Erotic/Immoral Content,"Akta Mesin Cetak Dan Penerbitan, 1984",Kemoralan,
Terbang Bebas Hinggap Tak Berkaki,1984-12-06,1984,P.U. (A) 443,Audio/Recordings,Mahmud Mahyudin,El Nada Productions,Unclear,,"[""Malay""]",Obscene / Immoral Publications,Erotic/Immoral Content,"Akta Mesin Cetak Dan Penerbitan, 1984",Kemoralan,
The Reluctant Model,1985-02-07,1985,P.U. (A) 70,Printed Documents,Charles Evans,"De Luxx Editions,",Foreign,,"[""English""]",Obscene / Immoral Publications,Erotic/Immoral Content,"Akta Mesin Cetak Dan Penerbitan, 1984",Kemoralan,
The Reluctant Model,1985-02-07,1985,P.U. (A) 70,Printed Documents,Charles Evans,De Luxx Editions,Foreign,,"[""English""]",Obscene / Immoral Publications,Erotic/Immoral Content,"Akta Mesin Cetak Dan Penerbitan, 1984",Kemoralan,
"Be Mine, Sexy Valentine",1985-02-07,1985,P.U. (A) 70,Printed Documents,Patricia Knowlee,"Caryle Communications, Inc.",Foreign,,"[""English""]",Obscene / Immoral Publications,Erotic/Immoral Content,"Akta Mesin Cetak Dan Penerbitan, 1984",Kemoralan,
"Be Mine,Sexy Valentine",1985-02-07,1985,P.U. (A) 70,Printed Documents,Patricia Knowlee,"Caryle Communications, Inc.",Foreign,,"[""English""]",Obscene / Immoral Publications,Erotic/Immoral Content,"Akta Mesin Cetak Dan Penerbitan, 1984",Kemoralan,
Seks Dan Kesihatan,1985-02-07,1985,P.U. (A) 69,Printed Documents,Sulaiman Masri,"Tra-Tra Publishing & Trading Co.,",Local,,"[""Malay""]",Obscene / Immoral Publications,Erotic/Immoral Content,"Akta Mesin Cetak Dan Penerbitan, 1984",Kemoralan,
Teori & Praktikal Sek,1985-02-07,1985,P.U. (A) 69,Printed Documents,Robert Hamly,"Pustaka Muda, Ipoh",Local,,"[""Malay""]",Obscene / Immoral Publications,Erotic/Immoral Content,"Akta Mesin Cetak Dan Penerbitan, 1984",Kemoralan,
Ragam Sekkeliling Dunia,1985-02-07,1985,P.U. (A) 69,Printed Documents,S.A.Musanif,Penerbit Hmba Marang,Local,,"[""Malay""]",Obscene / Immoral Publications,Erotic/Immoral Content,"Akta Mesin Cetak Dan Penerbitan, 1984",Kemoralan,
Rahsia Hati,1985-02-07,1985,P.U. (A) 69,Printed Documents,,,Unclear,,"[""Malay""]",Obscene / Immoral Publications,Erotic/Immoral Content,"Akta Mesin Cetak Dan Penerbitan, 1984",Kemoralan,
Penyerahan,1985-02-07,1985,P.U. (A) 69,Printed Documents,Farah Effendy,Mastika Enterprise,Local,,"[""Malay""]",Obscene / Immoral Publications,Erotic/Immoral Content,"Akta Mesin Cetak Dan Penerbitan, 1984",Kemoralan,
Malam Pertama Yatie Estella,1985-02-07,1985,P.U. (A) 69,Printed Documents,Mastris,Majaya Enterprise,Local,,"[""Malay""]",Obscene / Immoral Publications,Erotic/Immoral Content,"Akta Mesin Cetak Dan Penerbitan, 1984",Kemoralan,
Dilemma Si Mona Gersang,1985-02-07,1985,P.U. (A) 69,Printed Documents,Iza Shahrizad,"Knight Publisher, (P.Knight)",Foreign,,"[""Malay""]",Obscene / Immoral Publications,Erotic/Immoral Content,"Akta Mesin Cetak Dan Penerbitan, 1984",Kemoralan,
Senja Di Lombong Sepi,1985-02-07,1985,P.U. (A) 69,Printed Documents,Iza Shahrizad,"Knight Publisher, (P.Knight)",Foreign,,"[""Malay""]",Obscene / Immoral Publications,Erotic/Immoral Content,"Akta Mesin Cetak Dan Penerbitan, 1984",Kemoralan,
Burung-Burung Dikabus Senja,1985-02-07,1985,P.U. (A) 69,Printed Documents,Iza Shahrizad,"Knight Publisher, (P.Knight)",Foreign,,"[""Malay""]",Obscene / Immoral Publications,Erotic/Immoral Content,"Akta Mesin Cetak Dan Penerbitan, 1984",Kemoralan,
Rosita Gadis Hartawan,1985-02-07,1985,P.U. (A) 69,Printed Documents,Sidang Pengarang Knight Publisher,"Knight Publisher, (P.Knight)",Foreign,,"[""Malay""]",Obscene / Immoral Publications,Erotic/Immoral Content,"Akta Mesin Cetak Dan Penerbitan, 1984",Kemoralan,
Buah Hati Kekasih Orang,1985-02-07,1985,P.U. (A) 69,Printed Documents,Sdri Aneez-H.M.,"Knight Publisher, (P.Knight)",Foreign,,"[""Malay""]",Obscene / Immoral Publications,Erotic/Immoral Content,"Akta Mesin Cetak Dan Penerbitan, 1984",Kemoralan,
Kuala Lumpur Makin Panas,1985-02-07,1985,P.U. (A) 69,Printed Documents,Mahmud Mahyudin,"Knight Publisher, (P.Knight)",Foreign,,"[""Malay""]",Obscene / Immoral Publications,Erotic/Immoral Content,"Akta Mesin Cetak Dan Penerbitan, 1984",Kemoralan,
Malam Masih Panjang,1985-02-07,1985,P.U. (A) 69,Printed Documents,Ms,Knight Publisher (P.Knight),Foreign,,"[""Malay""]",Obscene / Immoral Publications,Erotic/Immoral Content,"Akta Mesin Cetak Dan Penerbitan, 1984",Kemoralan,
Ku Petik Kuntum-Kuntum Bunga Suci,1985-02-07,1985,P.U (A) 69,Printed Documents,Jabiya Jaya,Knight Publisher (P.Knight),Foreign,,"[""Malay""]",Obscene / Immoral Publications,Erotic/Immoral Content,,,
Dilema Si Mona Gersang,1985-02-07,1985,P.U. (A) 69,Printed Documents,Iza Sharizat,Knight Publisher (P.Knight),Foreign,,"[""Malay""]",Obscene / Immoral Publications,Erotic/Immoral Content,"Akta Mesin Cetak Dan Penerbitan, 1984",Kemoralan,
Senja Di Lombong Sepi,1985-02-07,1985,P.U. (A) 69,Printed Documents,Iza Sharizat,Knight Publisher (P.Knight),Foreign,,"[""Malay""]",Obscene / Immoral Publications,Erotic/Immoral Content,"Akta Mesin Cetak Dan Penerbitan, 1984",Kemoralan,
Burung- Burung Dikabus Senja,1985-02-07,1985,P.U. (A) 69,Printed Documents,Iza Sharizat,Knight Publisher (P.Knight),Foreign,,"[""Malay""]",Obscene / Immoral Publications,Erotic/Immoral Content,"Akta Mesin Cetak Dan Penerbitan, 1984",Kemoralan,
Disebalik Tabir Perkahwinan,1985-02-07,1985,P.U. (A) 69,Printed Documents,Helmi Halim,Knight Publisher,Foreign,,"[""Malay""]",Obscene / Immoral Publications,Erotic/Immoral Content,"Akta Mesin Cetak Dan Penerbitan, 1984",Kemoralan,
Kemusykilan Seks (150 Soalan & Jawapan),1985-02-07,1985,P.U. (A) 69,Printed Documents,Helmy Halim,Knight Publisher,Foreign,,"[""Malay""]",Obscene / Immoral Publications,Erotic/Immoral Content,"Akta Mesin Cetak Dan Penerbitan, 1984",Kemoralan,
Seksologi,1985-02-07,1985,P.U. (A) 69,Printed Documents,Helmy Halim,Knight Publisher,Foreign,,"[""Malay""]",Obscene / Immoral Publications,Erotic/Immoral Content,"Akta Mesin Cetak Dan Penerbitan, 1984",Kemoralan,
Ku Petik Kuntum-Kuntum Bunga Suci,1985-02-07,1985,P.U. (A) 69,Printed Documents,Jabiya Jaya,Kinight Publisher,Foreign,,"[""Malay""]",Obscene / Immoral Publications,Erotic/Immoral Content,,,
Kepuasan Rumah Tangga,1985-02-07,1985,P.U. (A) 69,Printed Documents,Azizan Ahmad,"Almeejan Trading Co.,",Unclear,,"[""Malay""]",Obscene / Immoral Publications,Erotic/Immoral Content,"Akta Mesin Cetak Dan Penerbitan, 1984",Kemoralan,
Lagu-Lagu Li Qiu Xia) 1984,1985-07-11,1985,P.U. (A) 299,Audio/Recordings,Li Qiu Xia,,Local,,"[""Chinese""]",Obscene / Immoral Publications,Erotic/Immoral Content,"Akta Mesin Cetak Dan Penerbitan, 1984",Kemoralan,Https://Zh-Yue.Wikipedia.Org/Wiki/%E6%9D%8E%E7%A7%8B%E9%9C%9E
Lagu-Lagu Li Qiu Xia Jilid 2,1985-07-11,1985,P.U. (A) 299,Audio/Recordings,Li Qiu Xia,,Local,,"[""Chinese""]",Obscene / Immoral Publications,Erotic/Immoral Content,"Akta Mesin Cetak Dan Penerbitan, 1984",Kemoralan,Queen Of Pubic Hair
Asrama Putri,1985-07-11,1985,P.U. (A) 300,Printed Documents,Bangau Putih,Ts Enterprise,Local,,"[""Malay""]",Obscene / Immoral Publications,Erotic/Immoral Content,"Akta Mesin Cetak Dan Penerbitan, 1984",Kemoralan,
Sudah Suratan,1985-07-11,1985,P.U. (A) 300,Printed Documents,Bangau Putih,Ts Enterprise,Local,,"[""Malay""]",Obscene / Immoral Publications,Erotic/Immoral Content,"Akta Mesin Cetak Dan Penerbitan, 1984",Kemoralan,
Tercapainya Sebuah Impian,1985-07-11,1985,P.U. (A) 300,Printed Documents,Mahmud Mahyudin,Knight Publisher,Foreign,,"[""Malay""]",Obscene / Immoral Publications,Erotic/Immoral Content,"Akta Mesin Cetak Dan Penerbitan, 1984",Kemoralan,
Kecil-Kecil Lembu Jaga,1986-03-06,1986,P.U. (A) 61,Printed Documents,,,Unclear,,"[""Malay""]",Obscene / Immoral Publications,Erotic/Immoral Content,"Akta Mesin Cetak Dan Penerbitan, 1984",Kemoralan,
Pergi Pasar Malam (She's A Lady),1986-03-06,1986,P.U. (A) 61,Printed Documents,,,Unclear,,"[""Malay""]",Obscene / Immoral Publications,Erotic/Immoral Content,"Akta Mesin Cetak Dan Penerbitan, 1984",Kemoralan,
Naik Kuda,1986-03-06,1986,P.U. (A) 61,Printed Documents,,,Unclear,,"[""Malay""]",Obscene / Immoral Publications,Erotic/Immoral Content,"Akta Mesin Cetak Dan Penerbitan, 1984",Kemoralan,
Nicole On Campus,1986-05-01,1986,P.U. (A) 140,Printed Documents,Morgan St. Michel,The Berkley Publishing Group,Unclear,,"[""English""]",Obscene / Immoral Publications,Erotic/Immoral Content,"Akta Mesin Cetak Dan Penerbitan, 1984",Kemoralan,
Nicole On Campus,1986-05-01,1986,P.U. (A) 140,Printed Documents,Morgan St. Michel,The Berkley Publishing,Unclear,,"[""English""]",Obscene / Immoral Publications,Erotic/Immoral Content,"Akta Mesin Cetak Dan Penerbitan, 1984",Kemoralan,
Hungry For Boys,1986-05-01,1986,P.U. (A) 140,Printed Documents,Grace Miller,"Publisher's Consultants,",Unclear,,"[""English""]",Obscene / Immoral Publications,Erotic/Immoral Content,"Akta Mesin Cetak Dan Penerbitan, 1984",Kemoralan,
Hungry For Boys,1986-05-01,1986,P.U. (A) 140,Printed Documents,Grace Miller,Publisher's Consultants,Unclear,,"[""English""]",Obscene / Immoral Publications,Erotic/Immoral Content,"Akta Mesin Cetak Dan Penerbitan, 1984",Kemoralan,
Christina's World,1986-05-01,1986,P.U. (A) 140,Printed Documents,Blakely St. James,Play Boy Paperbacks,Unclear,,"[""English""]",Obscene / Immoral Publications,Erotic/Immoral Content,"Akta Mesin Cetak Dan Penerbitan, 1984",Kemoralan,
Dog Fun For Daughter,1986-05-01,1986,P.U. (A) 140,Printed Documents,Paul Galbe,"Oakmore Enterprises, Inc.,",Foreign,,"[""English""]",Obscene / Immoral Publications,Erotic/Immoral Content,"Akta Mesin Cetak Dan Penerbitan, 1984",Kemoralan,
Hound-Loving Aunt,1986-05-01,1986,P.U. (A) 140,Printed Documents,Paul Galbe,"Oakmore Enterprises, Inc.,",Foreign,,"[""English""]",Obscene / Immoral Publications,Erotic/Immoral Content,"Akta Mesin Cetak Dan Penerbitan, 1984",Kemoralan,
Dog Fun For Daughter,1986-05-01,1986,P.U. (A) 140,Printed Documents,Paul Gable,Oakmore Enterprise Inc.,Foreign,,"[""English""]",Obscene / Immoral Publications,Erotic/Immoral Content,"Akta Mesin Cetak Dan Penerbitan, 1984",Kemoralan,Zoophilia: Paul Gable Is A Zoophile That Wrote Beastiality Stories.
Hound Loving Aunt,1986-05-01,1986,P.U. (A) 140,Printed Documents,Paul Gable,Oakmore Enterprise Inc.,Foreign,,"[""English""]",Obscene / Immoral Publications,Erotic/Immoral Content,"Akta Mesin Cetak Dan Penerbitan, 1984",Kemoralan,
Arabella,1986-05-01,1986,P.U. (A) 140,Printed Documents,Anonymous,"Grove Press Inc.,",Foreign,,"[""English""]",Obscene / Immoral Publications,Erotic/Immoral Content,"Akta Mesin Cetak Dan Penerbitan, 1984",Kemoralan,
The Sign Of The Scorpion,1986-05-01,1986,P.U. (A) 140,Printed Documents,,"Grove Press Inc.,",Foreign,,"[""English""]",Obscene / Immoral Publications,Erotic/Immoral Content,"Akta Mesin Cetak Dan Penerbitan, 1984",Kemoralan,
Arabella,1986-05-01,1986,P.U. (A) 140,Printed Documents,Anonymous,"Grove Press Inc,",Foreign,,"[""English""]",Obscene / Immoral Publications,Erotic/Immoral Content,"Akta Mesin Cetak Dan Penerbitan, 1984",Kemoralan,
The Sign Of The Scorpion,1986-05-01,1986,P.U. (A) 140,Printed Documents,,Grove Press Inc,Foreign,,"[""English""]",Obscene / Immoral Publications,Erotic/Immoral Content,"Akta Mesin Cetak Dan Penerbitan, 1984",Kemoralan,
Leave 'Em Lusting,1986-05-01,1986,P.U. (A) 140,Printed Documents,Elsie Dorn,"Beeline Classics Carlyle Communication Inc., New York",Foreign,,"[""English""]",Obscene / Immoral Publications,Erotic/Immoral Content,"Akta Mesin Cetak Dan Penerbitan, 1984",Kemoralan,
Leave Em Lusting,1986-05-01,1986,P.U. (A) 140,Printed Documents,Elsie Dorn,Beeline Classics Carlyle Communication Inc,Foreign,,"[""English""]",Obscene / Immoral Publications,Erotic/Immoral Content,"Akta Mesin Cetak Dan Penerbitan, 1984",Kemoralan,
Animal Ordeals,1986-05-01,1986,P.U. (A) 140,Printed Documents,Joseph Didion,"American Art Enterprises Inc.,",Foreign,,"[""English""]",Obscene / Immoral Publications,Erotic/Immoral Content,"Akta Mesin Cetak Dan Penerbitan, 1984",Kemoralan,
Animal Ordeals,1986-05-01,1986,P.U. (A) 140,Printed Documents,Joseph Didion,American Art Enterprises Inc.,Foreign,,"[""English""]",Obscene / Immoral Publications,Erotic/Immoral Content,"Akta Mesin Cetak Dan Penerbitan, 1984",Kemoralan,
Penthouse,1986-12-04,1986,P.U. (A) 432,Printed Documents,,Yongder Hall Ltd.,Unclear,"Dai Nippon Printing Co., (H.K) Ltd.,","[""Chinese""]",Obscene / Immoral Publications,Erotic/Immoral Content,"Akta Mesin Cetak Dan Penerbitan, 1984",Ketenteraman Awam,
Confessions Of A Male Dancer,1986-12-04,1986,P.U. (A) 432,Printed Documents,,Wei Wei Publishing House,Unclear,"Ping An Printing Co.,","[""Chinese""]",Obscene / Immoral Publications,Erotic/Immoral Content,"Akta Mesin Cetak Dan Penerbitan, 1984",Ketenteraman Awam,
Report Of The Cherry,1986-12-04,1986,P.U. (A) 432,Printed Documents,,Wei Wei Publishing House,Unclear,"Ping An Printing Co. Ltd.,","[""Chinese""]",Obscene / Immoral Publications,Erotic/Immoral Content,"Akta Mesin Cetak Dan Penerbitan, 1984",Ketenteraman Awam,
Men And Women,1986-12-04,1986,P.U. (A) 432,Printed Documents,,Penguin Publishing House,Unclear,"Nan Fang Printing Co.,","[""Chinese""]",Obscene / Immoral Publications,Erotic/Immoral Content,"Akta Mesin Cetak Dan Penerbitan, 1984",Ketenteraman Awam,
Men's Own,1986-12-04,1986,P.U. (A) 432,Printed Documents,,,Unclear,"Hong Seng Offset Printing Co. Ltd.,","[""Chinese""]",Obscene / Immoral Publications,Erotic/Immoral Content,"Akta Mesin Cetak Dan Penerbitan, 1984",Ketenteraman Awam,
Gold-Haired Pussy Cat,1986-12-04,1986,P.U. (A) 432,Printed Documents,,,Unclear,,"[""Chinese""]",Obscene / Immoral Publications,Erotic/Immoral Content,"Akta Mesin Cetak Dan Penerbitan, 1984",Ketenteraman Awam,
Butterflies And Beautiful Flowers,1986-12-04,1986,P.U. (A) 432,Printed Documents,,,Unclear,,"[""Chinese""]",Obscene / Immoral Publications,Erotic/Immoral Content,"Akta Mesin Cetak Dan Penerbitan, 1984",Ketenteraman Awam,
Pretty Girl And Romantic Boy,1986-12-04,1986,P.U. (A) 432,Printed Documents,,,Unclear,,"[""Chinese""]",Obscene / Immoral Publications,Erotic/Immoral Content,"Akta Mesin Cetak Dan Penerbitan, 1984",Ketenteraman Awam,
Feeling Of A Young Girl,1986-12-04,1986,P.U. (A) 432,Printed Documents,,,Unclear,,"[""Chinese""]",Obscene / Immoral Publications,Erotic/Immoral Content,"Akta Mesin Cetak Dan Penerbitan, 1984",Ketenteraman Awam,
Men,1986-12-04,1986,P.U. (A) 432,Printed Documents,,Manpoway Investment Ltd.,Unclear,Ya Jia Printing Co. Ltd,"[""Chinese""]",Obscene / Immoral Publications,Erotic/Immoral Content,"Akta Mesin Cetak Dan Penerbitan, 1984",Ketenteraman Awam,
Men,1986-12-04,1986,P.U. (A) 432,Printed Documents,,Manpoway Investment Ltd.,Unclear,Ya Jia Printing Co. Ltd,"[""Chinese""]",Obscene / Immoral Publications,Erotic/Immoral Content,"Akta Mesin Cetak Dan Penerbitan, 1984",Kemoralan,
In The Morning,1987-12-10,1987,P.U. (A) 402,Printed Documents,,Syarikat Bagindo Baro 2,Local,,"[""English""]",Obscene / Immoral Publications,Erotic/Immoral Content,"Akta Mesin Cetak Dan Penerbitan, 1984",Kemoralan,
Minah,1987-12-10,1987,P.U. (A) 402,Printed Documents,,Syarikat Bagindo Baro 2,Local,,"[""Malay""]",Obscene / Immoral Publications,Erotic/Immoral Content,"Akta Mesin Cetak Dan Penerbitan, 1984",Kemoralan,
Jangan Pegang Dik,1987-12-10,1987,P.U. (A) 402,Printed Documents,,Syarikat Bagindo Baro 2,Local,,"[""Malay""]",Obscene / Immoral Publications,Erotic/Immoral Content,"Akta Mesin Cetak Dan Penerbitan, 1984",Kemoralan,
Es Lilin,1987-12-10,1987,P.U. (A) 402,Printed Documents,,Syarikat Bagindo Baro 2,Local,,"[""Malay""]",Obscene / Immoral Publications,Erotic/Immoral Content,"Akta Mesin Cetak Dan Penerbitan, 1984",Kemoralan,
Buah Babuai,1987-12-10,1987,P.U. (A) 402,Printed Documents,,Syarikat Bagindo Baro 2,Local,,"[""Malay""]",Obscene / Immoral Publications,Erotic/Immoral Content,"Akta Mesin Cetak Dan Penerbitan, 1984",Kemoralan,
Tody Minum,1987-12-10,1987,P.U. (A) 402,Printed Documents,,Syarikat Bagindo Baro 2,Local,,"[""Malay""]",Obscene / Immoral Publications,Erotic/Immoral Content,"Akta Mesin Cetak Dan Penerbitan, 1984",Kemoralan,
Mak We Ku,1987-12-10,1987,P.U. (A) 402,Printed Documents,,Syarikat Bagindo Baro 2,Local,,"[""Malay""]",Obscene / Immoral Publications,Erotic/Immoral Content,"Akta Mesin Cetak Dan Penerbitan, 1984",Kemoralan,
Bengawan So Long,1987-12-10,1987,P.U. (A) 402,Printed Documents,,Syarikat Bagindo Baro 2,Local,,"[""Malay""]",Obscene / Immoral Publications,Erotic/Immoral Content,"Akta Mesin Cetak Dan Penerbitan, 1984",Kemoralan,
Tikar-Tikar Jade,1988-08-04,1988,P.U. (A) 242,Printed Documents,,"Xiao Xiao Publishing Ltd. Co.,",Unclear,,"[""Chinese""]",Obscene / Immoral Publications,Erotic/Immoral Content,"Akta Mesin Cetak Dan Penerbitan, 1984",Kemoralan,
Rama-Rama Berterbangan,1988-08-04,1988,P.U. (A) 240,Printed Documents,Faridah Hanom,Chaniago Productions,Local,Majujaya Indah Sdn Bhd,"[""Malay""]",Obscene / Immoral Publications,Erotic/Immoral Content,"Akta Mesin Cetak Dan Penerbitan, 1984",Kemoralan,
Kelab Lucu,1988-08-04,1988,P.U. (A) 242,Printed Documents,,Wei Wei Publishing House,Unclear,"Ping Ann Printing Ltd. Co.,","[""Chinese""]",Obscene / Immoral Publications,Erotic/Immoral Content,"Akta Mesin Cetak Dan Penerbitan, 1984",Kemoralan,
Kenikmatan Kelas Pertama,1988-08-04,1988,P.U. (A) 242,Printed Documents,,Wei Wei Publishing House,Unclear,"Ping Ann Printing Ltd. Co.,","[""Chinese""]",Obscene / Immoral Publications,Erotic/Immoral Content,"Akta Mesin Cetak Dan Penerbitan, 1984",Kemoralan,
Ghairah Tengah Malam,1988-08-04,1988,P.U. (A) 242,Printed Documents,,Tung Yung Publishing House,Unclear,"Nam Ah Printing Ltd. Co.,","[""Chinese""]",Obscene / Immoral Publications,Erotic/Immoral Content,"Akta Mesin Cetak Dan Penerbitan, 1984",Kemoralan,
Lelaki Dan Wanita,1988-08-04,1988,P.U. (A) 242,Printed Documents,,Tai Wen Publishing House,Unclear,,"[""Chinese""]",Obscene / Immoral Publications,Erotic/Immoral Content,"Akta Mesin Cetak Dan Penerbitan, 1984",Kemoralan,
Surat-Surat Lelaki Dan Wanita,1988-08-04,1988,P.U. (A) 242,Printed Documents,,Tai Wen Publishing House,Unclear,,"[""Chinese""]",Obscene / Immoral Publications,Erotic/Immoral Content,"Akta Mesin Cetak Dan Penerbitan, 1984",Kemoralan,
Hi!,1988-08-04,1988,P.U. (A) 242,Printed Documents,,Penguin Publishing House,Unclear,"Nam Fong Printing Co.,","[""Chinese""]",Obscene / Immoral Publications,Erotic/Immoral Content,"Akta Mesin Cetak Dan Penerbitan, 1984",Kemoralan,
"Seks, Cinta Dan Perkahwinan",1988-08-04,1988,P.U. (A) 242,Printed Documents,,Jing Ying Publishing House,Unclear,,"[""Chinese""]",Obscene / Immoral Publications,Erotic/Immoral Content,"Akta Mesin Cetak Dan Penerbitan, 1984",Kemoralan,
69 Jenaka Dewasa,1988-08-04,1988,P.U. (A) 242,Printed Documents,,Hong Kong Ta Kuan Publishing House,Foreign,,"[""Chinese""]",Obscene / Immoral Publications,Erotic/Immoral Content,"Akta Mesin Cetak Dan Penerbitan, 1984",Kemoralan,
Soalan-Soalan Mengenai Kedua-Dua Jantina,1988-08-04,1988,P.U. (A) 242,Printed Documents,,Hong Kong Medical Association,Foreign,You Sheng Printing Ltd. Co,"[""Chinese""]",Obscene / Immoral Publications,Erotic/Immoral Content,,,
Maharaja China Yang Lucah,1988-08-04,1988,P.U. (A) 242,Printed Documents,,Guo Yi Publishing House,Unclear,,"[""Chinese""]",Obscene / Immoral Publications,Erotic/Immoral Content,"Akta Mesin Cetak Dan Penerbitan, 1984",Kemoralan,
Sebuah Impian,1988-08-04,1988,P.U. (A) 243,Printed Documents,Sam,Cv Cypress,Unclear,Cv Cypress,"[""Chinese""]",Obscene / Immoral Publications,Erotic/Immoral Content,"Akta Mesin Cetak Dan Penerbitan, 1984",Kemoralan,
Bunga Mekar Yang Ternoda,1988-08-04,1988,P.U. (A) 240,Printed Documents,Mokhtar Petah,"Tra-Tra Publishing & Trading Co.,",Local,Percetakan C.S.L. (Hup Heng) Sdn Bhd,"[""Malay""]",Obscene / Immoral Publications,Erotic/Immoral Content,"Akta Mesin Cetak Dan Penerbitan, 1984",Kemoralan,
Bunga Pecah Kelopak,1988-08-04,1988,P.U. (A) 240,Printed Documents,Sabar Bohari,"Tra-Tra Publishing & Trading Co.,",Local,Percetakan P.K.S. Sdn Bhd,"[""Malay""]",Obscene / Immoral Publications,Erotic/Immoral Content,"Akta Mesin Cetak Dan Penerbitan, 1984",Kemoralan,
Cinta Bermekar Di Api,1988-08-04,1988,P.U. (A) 240,Printed Documents,Farida Ismail,Times News Distributor,Unclear,Good News Press Pte Ltd,"[""Malay""]",Obscene / Immoral Publications,Erotic/Immoral Content,"Akta Mesin Cetak Dan Penerbitan, 1984",Kemoralan,
Maria,1988-08-04,1988,P.U. (A) 240,Printed Documents,Nik Abdullah,Pustaka Maju,Local,,"[""Malay""]",Obscene / Immoral Publications,Erotic/Immoral Content,"Akta Mesin Cetak Dan Penerbitan, 1984",Kemoralan,
Keinginan,1988-08-04,1988,P.U. (A) 240,Printed Documents,Rashi Amat,Pustaka Kamat,Local,Percetakan Mansor & Ali,"[""Malay""]",Obscene / Immoral Publications,Erotic/Immoral Content,"Akta Mesin Cetak Dan Penerbitan, 1984",Kemoralan,
Penyerahan,1988-08-04,1988,P.U. (A) 240,Printed Documents,Azizan Ahmad,Pustaka Aneka,Local,Percetakan Mansor & Ali,"[""Malay""]",Obscene / Immoral Publications,Erotic/Immoral Content,"Akta Mesin Cetak Dan Penerbitan, 1984",Kemoralan,
Permainan Di Persada Kota,1988-08-04,1988,P.U. (A) 240,Printed Documents,Nasir Awang,Pustaka Aneka,Local,Percetakan Mansor & Ali,"[""Malay""]",Obscene / Immoral Publications,Erotic/Immoral Content,"Akta Mesin Cetak Dan Penerbitan, 1984",Kemoralan,
Gelombang Percintaan,1988-08-04,1988,P.U. (A) 240,Printed Documents,Azam,Mutiara Enterprise,Local,,"[""Malay""]",Obscene / Immoral Publications,Erotic/Immoral Content,"Akta Mesin Cetak Dan Penerbitan, 1984",Kemoralan,
Dunia Cinta,1988-08-04,1988,P.U. (A) 240,Printed Documents,Shirifah,Mutiara Enterprise,Local,Hup Seng Press Sdn Bhd,"[""Malay""]",Obscene / Immoral Publications,Erotic/Immoral Content,"Akta Mesin Cetak Dan Penerbitan, 1984",Kemoralan,
Galak,1988-08-04,1988,P.U. (A) 240,Printed Documents,Rokiah,Mutiara Enterprise,Local,Hup Seng Press Sdn Bhd,"[""Malay""]",Obscene / Immoral Publications,Erotic/Immoral Content,"Akta Mesin Cetak Dan Penerbitan, 1984",Kemoralan,
Takdip,1988-08-04,1988,P.U. (A) 240,Printed Documents,Hashim,Mutiara Enterprise,Local,"Hup Heng Press, Sdn Bhd","[""Malay""]",Obscene / Immoral Publications,Erotic/Immoral Content,"Akta Mesin Cetak Dan Penerbitan, 1984",Kemoralan,
Dakapan,1988-08-04,1988,P.U. (A) 240,Printed Documents,Putera Rimba,Mastika Enterprais,Local,,"[""Malay""]",Obscene / Immoral Publications,Erotic/Immoral Content,"Akta Mesin Cetak Dan Penerbitan, 1984",Kemoralan,
Janda K.Lumpur,1988-08-04,1988,P.U. (A) 240,Printed Documents,Zakaria Salleh,Marwilis Publisher & Distributors Sdn Bhd,Local,Percetakan Mantin,"[""Malay""]",Obscene / Immoral Publications,Erotic/Immoral Content,,,
Episod Terakhir,1988-08-04,1988,P.U. (A) 240,Printed Documents,Nik Abdullah,Majaya Enterprise,Local,Winko Press,"[""Malay""]",Obscene / Immoral Publications,Erotic/Immoral Content,"Akta Mesin Cetak Dan Penerbitan, 1984",Kemoralan,
Tidak Setulus Cinta,1988-08-04,1988,P.U. (A) 240,Printed Documents,Nik Abdullah,Majaya Enterprise,Local,,"[""Malay""]",Obscene / Immoral Publications,Erotic/Immoral Content,"Akta Mesin Cetak Dan Penerbitan, 1984",Kemoralan,
Terkena Nikmat,1988-08-04,1988,P.U. (A) 240,Printed Documents,Nik Abdullah,Majaya Enterprise,Local,,"[""Malay""]",Obscene / Immoral Publications,Erotic/Immoral Content,"Akta Mesin Cetak Dan Penerbitan, 1984",Kemoralan,
Sesuatu Tentang Seks Yang Anda Ingin Tahu,1988-08-04,1988,P.U. (A) 240,Printed Documents,Helmy Halim Dan Al Firdausi,"Knight Publisher, (P.Knight)",Foreign,,"[""Malay""]",Obscene / Immoral Publications,Erotic/Immoral Content,"Akta Mesin Cetak Dan Penerbitan, 1984",Kemoralan,
Titik-Titik Putih,1988-08-04,1988,P.U. (A) 243,Printed Documents,Hanafi,Cv Cypress,Foreign,Cv Cypress,"[""Malay""]",Obscene / Immoral Publications,Erotic/Immoral Content,"Akta Mesin Cetak Dan Penerbitan, 1984",Kemoralan,
Kerana Cinta,1988-08-04,1988,P.U. (A) 243,Printed Documents,Sam,Cv Cypress,Foreign,Cv Cypress,"[""Malay""]",Obscene / Immoral Publications,Erotic/Immoral Content,"Akta Mesin Cetak Dan Penerbitan, 1984",Kemoralan,
Buaya,1988-08-04,1988,P.U. (A) 243,Printed Documents,Yudhi Noor,Cv Cypress,Foreign,Cv Cypress,"[""Malay""]",Obscene / Immoral Publications,Erotic/Immoral Content,"Akta Mesin Cetak Dan Penerbitan, 1984",Kemoralan,
Bernoda,1988-08-04,1988,P.U. (A) 240,Printed Documents,Nasir Awang,Aneka Enterprise,Local,Percetakan Mansor & Ali,"[""Malay""]",Obscene / Immoral Publications,Erotic/Immoral Content,"Akta Mesin Cetak Dan Penerbitan, 1984",Kemoralan,
Malam Pertama,1988-08-04,1988,P.U. (A) 240,Printed Documents,Mastris,Aneka Enterprise,Local,Percetakan Mansor & Ali,"[""Malay""]",Obscene / Immoral Publications,Erotic/Immoral Content,"Akta Mesin Cetak Dan Penerbitan, 1984",Kemoralan,
Godaan Iblis,1988-08-04,1988,P.U. (A) 240,Printed Documents,Iza Shahrizad,Aneka Enterprise,Local,,"[""Malay""]",Obscene / Immoral Publications,Erotic/Immoral Content,"Akta Mesin Cetak Dan Penerbitan, 1984",Kemoralan,
Dilemma Sinona Gersang,1988-08-04,1988,P.U. (A) 240,Printed Documents,Farah Effendy,Aneka Enterprise,Local,Percetakan Mansor & Ali,"[""Malay""]",Obscene / Immoral Publications,Erotic/Immoral Content,"Akta Mesin Cetak Dan Penerbitan, 1984",Kemoralan,
Ganas,1988-08-04,1988,P.U. (A) 240,Printed Documents,Iza Shahrizad,Aneka Enterprise,Local,Percetakan Mansor & Ali,"[""Malay""]",Obscene / Immoral Publications,Erotic/Immoral Content,"Akta Mesin Cetak Dan Penerbitan, 1984",Kemoralan,
Wanita Masyhur,1988-12-08,1988,P.U. (A) 439,Printed Documents,,Yi Wan Cultural Publishing House,Unclear,"Yi Li Colour Printing Ltd. Co.,","[""Chinese""]",Obscene / Immoral Publications,Erotic/Immoral Content,"Akta Mesin Cetak Dan Penerbitan, 1984",Kemoralan,
Gadis Thai,1988-12-08,1988,P.U. (A) 439,Printed Documents,,Wei Da Publishing Ltd. Co.,Unclear,You Liang Colour Seperation And Printing Factory,"[""Chinese""]",Obscene / Immoral Publications,Erotic/Immoral Content,"AKTA MESIN CETAK DAN PENERBITAN, 1984",Kemoralan,
Majalah Fantastik,1988-12-08,1988,P.U. (A) 439,Printed Documents,,New Universe Manufacture Co.,Unclear,Da Hua Printing Ltd. Co.,"[""Chinese""]",Obscene / Immoral Publications,Erotic/Immoral Content,,,
Gadis Lacur,1988-12-08,1988,P.U (A) 439,Printed Documents,,New Century Publishing Ltd.Co.,Unclear,Rainbow Colour Separation And Printing Factory,"[""Chinese""]",Obscene / Immoral Publications,Erotic/Immoral Content,"Akta Mesin Cetak Dan Penerbitan, 1984",Ketenteraman Awam,
Gadis Lacur,1988-12-08,1988,P.U (A) 439,Printed Documents,,New Century Publishing Ltd.Co.,Unclear,Rainbow Colour Separation And Printing Factory,"[""Chinese""]",Obscene / Immoral Publications,Erotic/Immoral Content,"Akta Mesin Cetak Dan Penerbitan, 1984",Kemoralan,
Teman Seks,1988-12-08,1988,P.U. (A) 439,Printed Documents,,,Unclear,,"[""Chinese""]",Obscene / Immoral Publications,Erotic/Immoral Content,"Akta Mesin Cetak Dan Penerbitan, 1984",Kemoralan,
Perempuan Yang Gilakan Seks,1988-12-08,1988,P.U. (A) 439,Printed Documents,,,Unclear,,"[""Chinese""]",Obscene / Immoral Publications,Erotic/Immoral Content,"Akta Mesin Cetak Dan Penerbitan, 1984",Kemoralan,
Bunga-Bunga Berkembang Di Musim Bunga,1988-12-08,1988,P.U. (A) 439,Printed Documents,,,Unclear,,"[""Chinese""]",Obscene / Immoral Publications,Erotic/Immoral Content,"Akta Mesin Cetak Dan Penerbitan, 1984",Kemoralan,
Orang Yang Bermain Dengan Api,1988-12-08,1988,P.U. (A) 439,Printed Documents,,,Unclear,,"[""Chinese""]",Obscene / Immoral Publications,Erotic/Immoral Content,"Akta Mesin Cetak Dan Penerbitan, 1984",Kemoralan,
Gadis Lacur,1988-12-08,1988,P.U. (A) 439,Printed Documents,,,Unclear,,"[""Chinese""]",Obscene / Immoral Publications,Erotic/Immoral Content,"Akta Mesin Cetak Dan Penerbitan, 1984",Ketenteraman Awam,
Gadis Lacur,1988-12-08,1988,P.U. (A) 439,Printed Documents,,,Unclear,,"[""Chinese""]",Obscene / Immoral Publications,Erotic/Immoral Content,"Akta Mesin Cetak Dan Penerbitan, 1984",Kemoralan,
Perempuan Yang Gilakan Seks,1988-12-08,1988,P.U (A) 439,Printed Documents,,,Unclear,,"[""Chinese""]",Obscene / Immoral Publications,Erotic/Immoral Content,"Akta Mesin Cetak Dan Penerbitan, 1984",Kemoralan,
Bunga-Bunga Berkembang Di Musim Bunga,1988-12-08,1988,P.U (A) 439,Printed Documents,,,Unclear,,"[""Chinese""]",Obscene / Immoral Publications,Erotic/Immoral Content,"Akta Mesin Cetak Dan Penerbitan, 1984",Kemoralan,
Orang Yang Bermain Dengan Api,1988-12-08,1988,P.U (A) 439,Printed Documents,,,Unclear,,"[""Chinese""]",Obscene / Immoral Publications,Erotic/Immoral Content,"Akta Mesin Cetak Dan Penerbitan, 1984",Kemoralan,
Kisah Cinta Saya Dengan Encik X,1988-12-08,1988,P.U. (A) 439,Printed Documents,,Hong Kong News Publishing House,Foreign,,"[""Chinese""]",Obscene / Immoral Publications,Erotic/Immoral Content,"Akta Mesin Cetak Dan Penerbitan, 1984",Kemoralan,
Gadis Yang Cantik,1988-12-08,1988,P.U. (A) 439,Printed Documents,,Fei Huang Publishing Co. Ltd.,Unclear,Jing Fu Colour Seperation And Printing Factory,"[""Chinese""]",Obscene / Immoral Publications,Erotic/Immoral Content,"AKTA MESIN CETAK DAN PENERBITAN, 1984",Kemoralan,
Gourmet Sex,1989-05-04,1989,P.U. (A) 149,Printed Documents,Tony Pinchuck,Unwin Paperbacks,Unclear,Cox And Wyman Ltd,"[""English""]",Obscene / Immoral Publications,Erotic/Immoral Content,"Akta Mesin Cetak Dan Penerbitan, 1984",Kemoralan,
The Swedish Servants,1989-05-04,1989,P.U. (A) 149,Printed Documents,Blake Simmons,Tiburon House Publishing Company,Foreign,,"[""English""]",Obscene / Immoral Publications,Erotic/Immoral Content,"Akta Mesin Cetak Dan Penerbitan, 1984",Kemoralan,
Spell Of The Beast,1989-05-04,1989,P.U. (A) 149,Printed Documents,Richard Mountbatten,Tiburan Housepublishing Company Inc.,Foreign,Hazell Watson & Viney Limited,"[""English""]",Obscene / Immoral Publications,Erotic/Immoral Content,"Akta Mesin Cetak Dan Penerbitan, 1984",Kemoralan,
What Makes A Women G.I.B Good In Bed,1989-05-04,1989,P.U. (A) 149,Printed Documents,Wendy Leight,"The Newamerican Library, Inc",Unclear,,"[""English""]",Obscene / Immoral Publications,Erotic/Immoral Content,"Akta Mesin Cetak Dan Penerbitan, 1984",Kemoralan,
Sexual Specialities From Around The World,1989-05-04,1989,P.U. (A) 149,Printed Documents,Robert Kessler,"Southwick Enterprises, Inc.",Foreign,,"[""English""]",Obscene / Immoral Publications,Erotic/Immoral Content,"Akta Mesin Cetak Dan Penerbitan, 1984",Kemoralan,
The Adventure Of A Schoolboy,1989-05-04,1989,P.U. (A) 149,Printed Documents,Anonymous,Paperback Division Of W.H.Allen & Co.Plc,Foreign,Anchor Brendon Ltd,"[""English""]",Obscene / Immoral Publications,Erotic/Immoral Content,"Akta Mesin Cetak Dan Penerbitan, 1984",Kemoralan,
Memoirs Of A Women Of Pleasure,1989-05-04,1989,P.U. (A) 149,Printed Documents,John Cleland,Oxford University Press,Foreign,Hazell Watson & Viney Limited,"[""English""]",Obscene / Immoral Publications,Erotic/Immoral Content,"Akta Mesin Cetak Dan Penerbitan, 1984",Kemoralan,
Secret Estacy,1989-05-04,1989,P.U. (A) 149,Printed Documents,Rochelle Wayne,Kensington Publishing Corp.,Foreign,,"[""English""]",Obscene / Immoral Publications,Erotic/Immoral Content,"Akta Mesin Cetak Dan Penerbitan, 1984",Kemoralan,
101 Sexual Positions,1989-05-04,1989,P.U. (A) 149,Printed Documents,,Elizabeth Percy Fairchild,Foreign,,"[""English""]",Obscene / Immoral Publications,Erotic/Immoral Content,"Akta Mesin Cetak Dan Penerbitan, 1984",Kemoralan,
The Joy Of Headaches,1989-05-04,1989,P.U. (A) 149,Printed Documents,Martin Honeysett,Century Publishing Co. Ltd,Foreign,"Richard Clay Ltd,","[""English""]",Obscene / Immoral Publications,Erotic/Immoral Content,"Akta Mesin Cetak Dan Penerbitan, 1984",Kemoralan,
The Lions Of Amon,1989-05-04,1989,P.U. (A) 149,Printed Documents,Marcus Van Heller,"Carroll & Graf Publishers, Inc",Foreign,Dicetak Di United State Of America,"[""English""]",Obscene / Immoral Publications,Erotic/Immoral Content,"Akta Mesin Cetak Dan Penerbitan, 1984",Kemoralan,
Bondage,1989-05-04,1989,P.U. (A) 149,Printed Documents,,Ben's Book Ltd.,Foreign,,"[""English""]",Obscene / Immoral Publications,Erotic/Immoral Content,"Akta Mesin Cetak Dan Penerbitan, 1984",Kemoralan,
How To Satisfy A Women Every Time...And Have Her Beg For More!,1989-05-04,1989,P.U. (A) 149,Printed Documents,Naura Hayden,Bell Publishing Company New York,Foreign,U.S.A,"[""English""]",Obscene / Immoral Publications,Erotic/Immoral Content,"Akta Mesin Cetak Dan Penerbitan, 1984",Kemoralan,
Jalbait & The Studs,1989-05-04,1989,P.U. (A) 149,Printed Documents,Robin Kyle,"American Art Enterprises Inc.,",Foreign,,"[""English""]",Obscene / Immoral Publications,Erotic/Immoral Content,"Akta Mesin Cetak Dan Penerbitan, 1984",Kemoralan,Jailbait Usually Refers To Teenager// Pedo Books Eugh
The Shaming Of Celia,1989-05-04,1989,P.U. (A) 149,Printed Documents,Jeffrey Booker,"American Art Enterprise, Inc",Foreign,,"[""English""]",Obscene / Immoral Publications,Erotic/Immoral Content,"Akta Mesin Cetak Dan Penerbitan, 1984",Kemoralan,Based On Publisher
Majalah Intan Biru,1989-05-25,1989,P.U. (A) 161,Printed Documents,,,Unclear,"Wah Seng Offset Printing Co.,","[""Chinese""]",Obscene / Immoral Publications,Erotic/Immoral Content,"Akta Mesin Cetak Dan Penerbitan, 1984",Kemoralan,
Majalah Merah Kuning Dan Hitam,1989-05-25,1989,P.U. (A) 161,Printed Documents,,,Unclear,"Wah Seng Offset Printing Co.,","[""Chinese""]",Obscene / Immoral Publications,Erotic/Immoral Content,"Akta Mesin Cetak Dan Penerbitan, 1984",Kemoralan,
Cerita-Cerita Hantu,1989-05-25,1989,P.U. (A) 161,Printed Documents,,Hoong Wen Culture Publishing House,Unclear,"Wu Feng Colour Printing Co.,","[""Chinese""]",Obscene / Immoral Publications,Erotic/Immoral Content,"Akta Mesin Cetak Dan Penerbitan, 1984",Kemoralan,
Suami Yang Berahi,1989-05-25,1989,P.U. (A) 161,Printed Documents,,Ming Tat Ltd. Co.,Unclear,Kwang Hui Printing Ltd. Co.,"[""Chinese""]",Obscene / Immoral Publications,Erotic/Immoral Content,"Akta Mesin Cetak Dan Penerbitan, 1984",Kemoralan,
Kuala Lumpur Kota,1989-07-27,1989,P.U. (A) 226,Printed Documents,Mazmi Ar,Nna Enterprise,Local,Kong Lee Printers,"[""Malay""]",Obscene / Immoral Publications,Erotic/Immoral Content,"Akta Mesin Cetak Dan Penerbitan, 1984",Kemoralan,
Gugurnya Kupu-Kupu Malam,1989-07-27,1989,P.U. (A) 226,Printed Documents,Puspita,Ciptaan Jiwaseni Sdn Bhd,Local,Percetakan Dan Perniagaan Berlian Sdn Bhd,"[""Malay""]",Obscene / Immoral Publications,Erotic/Immoral Content,,,
Ragam Asmara Lelaki Masyhur,1989-07-27,1989,P.U. (A) 226,Printed Documents,Razak Sulaiman,Tratra Publishing & Trading Sdn Bhd,Local,Perusahaan Printek Sdn Bhd,"[""Malay""]",Obscene / Immoral Publications,Erotic/Immoral Content,"Akta Mesin Cetak Dan Penerbitan, 1984",Kemoralan,
Alam Cinta Ke Gerbang Perkahwinan,1989-07-27,1989,P.U. (A) 226,Printed Documents,M. Ramzan,Penerbitan Intan,Local,"Percetakan Timur,","[""Malay""]",Obscene / Immoral Publications,Erotic/Immoral Content,"Akta Mesin Cetak Dan Penerbitan, 1984",Kemoralan,
Gadis-Gadis Tenoda,1989-07-27,1989,P.U. (A) 226,Printed Documents,Yati,Penerbit Sri Cempaka,Local,Kiti Trading,"[""Malay""]",Obscene / Immoral Publications,Erotic/Immoral Content,"Akta Mesin Cetak Dan Penerbitan, 1984",Kemoralan,
I.Z.I.N Dalam Paksa,1989-07-27,1989,P.U. (A) 226,Printed Documents,Rosdinas A.S.,Penerbit Sri Cempaka,Local,Kiti Trading,"[""Malay""]",Obscene / Immoral Publications,Erotic/Immoral Content,"Akta Mesin Cetak Dan Penerbitan, 1984",Kemoralan,
Rama-Rama Malam,1989-07-27,1989,P.U. (A) 226,Printed Documents,Swary,Penerbit Sri Cempaka,Local,Kiti Trading,"[""Malay""]",Obscene / Immoral Publications,Erotic/Immoral Content,"Akta Mesin Cetak Dan Penerbitan, 1984",Kemoralan,
Janda Panggilan,1989-07-27,1989,P.U. (A) 226,Printed Documents,Lely,Penerbit Sri Cempaka,Local,Kiti Trading,"[""Malay""]",Obscene / Immoral Publications,Erotic/Immoral Content,"Akta Mesin Cetak Dan Penerbitan, 1984",Kemoralan,
Kehausan,1989-07-27,1989,P.U. (A) 226,Printed Documents,Farah Effendy,Mastika Enterprais,Local,Pcetakan C.S.L. (Hup Heng) Sdn Bhd,"[""Malay""]",Obscene / Immoral Publications,Erotic/Immoral Content,"Akta Mesin Cetak Dan Penerbitan, 1984",Kemoralan,
Rindu Membelah Sepi,1989-07-27,1989,P.U. (A) 226,Printed Documents,Rajawali,Magazines Distributors Sdn.Bhd.,Local,Yeohprinco Sdn Bhd,"[""Malay""]",Obscene / Immoral Publications,Erotic/Immoral Content,"Akta Mesin Cetak Dan Penerbitan, 1984",Kemoralan,
Pengetahuan Jantina No.2,1989-07-27,1989,P.U. (A) 226,Printed Documents,Helmi Halim,"Knight Publisher, (P.Knight)",Foreign,,"[""Malay""]",Obscene / Immoral Publications,Erotic/Immoral Content,"Akta Mesin Cetak Dan Penerbitan, 1984",Kemoralan,
Gugur Di Bumi Merkah,1989-07-27,1989,P.U. (A) 226,Printed Documents,Mas Salehahayati,Knight Publisher,Foreign,,"[""Malay""]",Obscene / Immoral Publications,Erotic/Immoral Content,"Akta Mesin Cetak Dan Penerbitan, 1984",Kemoralan,
Oru Iravu Muluvatum,1989-07-27,1989,P.U. (A) 225,Printed Documents,Manmathan,Sri Ram Publisher,Unclear,,"[""Tamil""]",Obscene / Immoral Publications,Erotic/Immoral Content,"Akta Mesin Cetak Dan Penerbitan, 1984",Kemoralan,
Love Life (Cross Road),1989-07-27,1989,P.U. (A) 225,Printed Documents,,"M. Babu, Ellis Publications",Foreign,M. Rabu Ellis Offset Printers,"[""Tamil""]",Obscene / Immoral Publications,Erotic/Immoral Content,"Akta Mesin Cetak Dan Penerbitan, 1984",Kemoralan,
1001 Erotic Dreams,1989-08-03,1989,P.U. (A) 233,Printed Documents,Richard Sterling,Sphere Books Limited,Foreign,Collins Glasgow,"[""English""]",Obscene / Immoral Publications,Erotic/Immoral Content,"Akta Mesin Cetak Dan Penerbitan, 1984",Kemoralan,
Descent From Xanadu,1989-08-03,1989,P.U. (A) 233,Printed Documents,Harold Robbins,"Simon & Schuster, Inc",Foreign,,"[""English""]",Obscene / Immoral Publications,Erotic/Immoral Content,"Akta Mesin Cetak Dan Penerbitan, 1984",Kemoralan,
The Velvet Kiss,1989-08-03,1989,P.U. (A) 233,Printed Documents,D.M. Gordon,"Orion Press, Australian Book Co. Pty. Ltd.",Foreign,,"[""English""]",Obscene / Immoral Publications,Erotic/Immoral Content,"Akta Mesin Cetak Dan Penerbitan, 1984",Kemoralan,
Folies D'amour,1989-08-03,1989,P.U. (A) 233,Printed Documents,Anne-Marie Villefranche,"Caroll & Graf Publishers, Inc",Unclear,,"[""English""]",Obscene / Immoral Publications,Erotic/Immoral Content,"Akta Mesin Cetak Dan Penerbitan, 1984",Kemoralan,
Me,1989-08-03,1989,P.U. (A) 233,Printed Documents,Anonymous,"Bantam Books, Inc.,",Foreign,,"[""English""]",Obscene / Immoral Publications,Erotic/Immoral Content,"Akta Mesin Cetak Dan Penerbitan, 1984",Kemoralan,
The Complete Book Of Erotic Art,1989-09-14,1989,P.U. (A) 273,Printed Documents,Disusun Oleh Drs Phyllis Dan Eberhard Kronhausen,Bell Publishing Company,Foreign,,"[""English""]",Obscene / Immoral Publications,Erotic/Immoral Content,"Akta Mesin Cetak Dan Penerbitan, 1984",Kemoralan,
Superstars Of Sex,1989-09-28,1989,P.U. (A) 282,Printed Documents,,Swank Magazine Corp,Foreign,,"[""English""]",Obscene / Immoral Publications,Erotic/Immoral Content,"Akta Mesin Cetak Dan Penerbitan, 1984",Kemoralan,
The Hot New Game,1989-09-28,1989,P.U. (A) 282,Printed Documents,,"Piccadilly Publications Inc.,",Foreign,,"[""English""]",Obscene / Immoral Publications,Erotic/Immoral Content,"Akta Mesin Cetak Dan Penerbitan, 1984",Kemoralan,
The Girls Of Penthouse,1989-09-28,1989,P.U. (A) 282,Printed Documents,,"Penthouse International Ltd.,",Foreign,,"[""English""]",Obscene / Immoral Publications,Erotic/Immoral Content,"Akta Mesin Cetak Dan Penerbitan, 1984",Kemoralan,
Hongkong (Europe & American Copy),1989-09-28,1989,P.U. (A) 282,Printed Documents,,"Pau Si Loy Publisher Co.,",Unclear,,"[""English""]",Obscene / Immoral Publications,Erotic/Immoral Content,"Akta Mesin Cetak Dan Penerbitan, 1984",Kemoralan,
Newlook,1989-09-28,1989,P.U. (A) 282,Printed Documents,,"Newlook International Ltd.,",Foreign,,"[""English""]",Obscene / Immoral Publications,Erotic/Immoral Content,"Akta Mesin Cetak Dan Penerbitan, 1984",Kemoralan,
Gallery,1989-09-28,1989,P.U. (A) 282,Printed Documents,,Montcalm Publishing Corporation,Foreign,,"[""English""]",Obscene / Immoral Publications,Erotic/Immoral Content,"Akta Mesin Cetak Dan Penerbitan, 1984",Kemoralan,
Men,1989-09-28,1989,P.U. (A) 282,Printed Documents,,"Liberation Publications Inc.,",Foreign,,"[""English""]",Obscene / Immoral Publications,Erotic/Immoral Content,"Akta Mesin Cetak Dan Penerbitan, 1984",Ketenteraman Awam,
Men,1989-09-28,1989,P.U. (A) 282,Printed Documents,,"Liberation Publications Inc.,",Foreign,,"[""English""]",Obscene / Immoral Publications,Erotic/Immoral Content,"Akta Mesin Cetak Dan Penerbitan, 1984",Kemoralan,
High Society,1989-09-28,1989,P.U. (A) 282,Printed Documents,,High Society Magazine,Foreign,,"[""English""]",Obscene / Immoral Publications,Erotic/Immoral Content,"Akta Mesin Cetak Dan Penerbitan, 1984",Kemoralan,
People,1989-09-28,1989,P.U. (A) 282,Printed Documents,,Fairfax Magazine,Foreign,Macquarie Publications,"[""English""]",Obscene / Immoral Publications,Erotic/Immoral Content,"Akta Mesin Cetak Dan Penerbitan, 1984",Kemoralan,
Nugget,1989-09-28,1989,P.U. (A) 282,Printed Documents,,"Dugent Publishing Corp.,",Foreign,,"[""English""]",Obscene / Immoral Publications,Erotic/Immoral Content,"Akta Mesin Cetak Dan Penerbitan, 1984",Kemoralan,
Partner Number One,1989-09-28,1989,P.U. (A) 282,Printed Documents,,Delta Sierra Publications,Unclear,,"[""English""]",Obscene / Immoral Publications,Erotic/Immoral Content,"Akta Mesin Cetak Dan Penerbitan, 1984",Kemoralan,
Unite No. 25,1989-09-28,1989,P.U. (A) 282,Printed Documents,,Connection Magazines,Foreign,,"[""English""]",Obscene / Immoral Publications,Erotic/Immoral Content,"Akta Mesin Cetak Dan Penerbitan, 1984",Kemoralan,
Cheri,1989-09-28,1989,P.U. (A) 282,Printed Documents,,"Cheri Enterprises Inc.,",Foreign,,"[""English""]",Obscene / Immoral Publications,Erotic/Immoral Content,"Akta Mesin Cetak Dan Penerbitan, 1984",Kemoralan,
Live,1989-09-28,1989,P.U. (A) 282,Printed Documents,,Car-Bon Publishers,Foreign,,"[""English""]",Obscene / Immoral Publications,Erotic/Immoral Content,"Akta Mesin Cetak Dan Penerbitan, 1984",Kemoralan,
Honey,1989-09-28,1989,P.U. (A) 282,Printed Documents,,"500125 Ontario Ltd.,",Foreign,,"[""English""]",Obscene / Immoral Publications,Erotic/Immoral Content,"Akta Mesin Cetak Dan Penerbitan, 1984",Kemoralan,
Paladine,1989-12-28,1989,P.U. (A) 447,Printed Documents,,Jin Ao Development Ltd. Co.,Unclear,"Di Guo Printing Ltd. Co.,","[""Chinese""]",Obscene / Immoral Publications,Erotic/Immoral Content,"Akta Mesin Cetak Dan Penerbitan, 1984",Kemoralan,
Hans Untuk Lelaki,1989-12-28,1989,P.U. (A) 447,Printed Documents,,Hans For Men Publishing House,Unclear,"Chiu-Yu Printing Co., Ltd.,","[""Chinese""]",Obscene / Immoral Publications,Erotic/Immoral Content,"Akta Mesin Cetak Dan Penerbitan, 1984",Kemoralan,
"""Super Star"" Antarabangsa",1989-12-28,1989,P.U. (A) 447,Printed Documents,,Gentlement Publication Sdn Bhd,Local,Gentlement Publication Sdn Bhd,"[""Chinese""]",Obscene / Immoral Publications,Erotic/Immoral Content,"Akta Mesin Cetak Dan Penerbitan, 1984",Kemoralan,
Kemuncak,1989-12-28,1989,P.U. (A) 447,Printed Documents,,First Publishing House,Unclear,"Shanghai Printing Co.,","[""Chinese""]",Obscene / Immoral Publications,Erotic/Immoral Content,"Akta Mesin Cetak Dan Penerbitan, 1984",Kemoralan,
Naga,1989-12-28,1989,P.U. (A) 447,Printed Documents,,Dragon Publishing House,Unclear,,"[""Chinese""]",Obscene / Immoral Publications,Erotic/Immoral Content,"Akta Mesin Cetak Dan Penerbitan, 1984",Kemoralan,
Dunia Yang Baik,1989-12-28,1989,P.U. (A) 447,Printed Documents,,"Champagne Publishing House Ltd. Co.,",Unclear,"Ying Di Printing Ltd. Co.,","[""Chinese""]",Obscene / Immoral Publications,Erotic/Immoral Content,"Akta Mesin Cetak Dan Penerbitan, 1984",Kemoralan,
"Conan Saga Vol.1, No. 27 July 1989",1989-12-28,1989,P.U. (A) 448,Printed Documents,Tom Defalco,Marvel Comics,Foreign,,"[""English""]",Obscene / Immoral Publications,Erotic/Immoral Content,"Akta Mesin Cetak Dan Penerbitan, 1984",Kemoralan,
The Trouble With Girls Vol 2#3,1989-12-28,1989,P.U. (A) 448,Printed Documents,,Comico The Comic Company,Foreign,,"[""English""]",Obscene / Immoral Publications,Erotic/Immoral Content,"Akta Mesin Cetak Dan Penerbitan, 1984",Kemoralan,
Rekod Sulit Wei Wei Lee,1989-12-28,1989,P.U. (A) 447,Printed Documents,,King Kong Publishing House,Unclear,"Chao Qun Printing Co.,","[""Chinese""]",Obscene / Immoral Publications,Erotic/Immoral Content,"Akta Mesin Cetak Dan Penerbitan, 1984",Kemoralan,
Black Kiss,1989-12-28,1989,P.U. (A) 448,Printed Documents,Howard Chaykin,Vortex Comics Incorporated,Foreign,,"[""English""]",Obscene / Immoral Publications,Erotic/Immoral Content,"Akta Mesin Cetak Dan Penerbitan, 1984",Kemoralan,
Lone Wolf And Cub,1989-12-28,1989,P.U. (A) 448,Printed Documents,Kazuo Koike And Gosekikojima,"First Publishing, Inc",Foreign,,"[""English""]",Obscene / Immoral Publications,Erotic/Immoral Content,"Akta Mesin Cetak Dan Penerbitan, 1984",Kemoralan,
Helang Biru (Blue Eagle),1990-05-03,1990,P.U. (A) 119,Printed Documents,,The Universal Publisher,Unclear,"Chao Qun Printingco.,","[""Chinese""]",Obscene / Immoral Publications,Erotic/Immoral Content,"Akta Mesin Cetak Dan Penerbitan, 1984",Kemoralan,
Gadis Remaja (Young Lady),1990-05-03,1990,P.U. (A) 119,Printed Documents,,"New Century Publishing House, Hong Kong",Foreign,Tian Long Colour Separation And Printing Factory,"[""Chinese""]",Obscene / Immoral Publications,Erotic/Immoral Content,"Akta Mesin Cetak Dan Penerbitan, 1984",Kemoralan,
Impian Seorang Peminat,1990-06-21,1990,P.U. (A) 156,Printed Documents,,"Jun Ma Cultural Enterprise Ltd. Co.,",Local,"San Wen Printing Ltd. Co.,","[""Chinese""]",Obscene / Immoral Publications,Erotic/Immoral Content,"Akta Mesin Cetak Dan Penerbitan, 1984",Kemoralan,
Mana-Mana Logo Dalam Rekabentuk Daun Ganja Yang Dikelilingi Dengan Perkataan-Perkataan,1990-08-09,1990,P.U. (A) 237,Physical Goods,,,Unclear,,,Obscene / Immoral Publications,Erotic/Immoral Content,,,Should We Count Weed As Immoral?
Di Pinggir Sungai Rejang,1990-09-20,1990,P.U. (A) 309,Printed Documents,Masby M.S.,Penerbitan Pena Sdn.Bhd.,Local,Sun U Book Co. Sdn Bhd. Kuala Lumpur,"[""Malay""]",Obscene / Immoral Publications,Erotic/Immoral Content,"Akta Mesin Cetak Dan Penerbitan, 1984",Kemoralan,
Pahitnya Derita Cinta,1990-09-20,1990,P.U. (A) 309,Printed Documents,Lisha,Penerbit Sri Cempaka,Local,Kiti Trading,"[""Malay""]",Obscene / Immoral Publications,Erotic/Immoral Content,"Akta Mesin Cetak Dan Penerbitan, 1984",Kemoralan,
Sebuah Daerah Sunyi,1990-09-20,1990,P.U. (A) 309,Printed Documents,Rezman,Knight Publisher (P.Knight),Foreign,,"[""Malay""]",Obscene / Immoral Publications,Erotic/Immoral Content,"Akta Mesin Cetak Dan Penerbitan, 1984",Kemoralan,Knight Publisher Sure Do Published A Lot Of Erotica
Rewang,1990-09-20,1990,P.U. (A) 309,Printed Documents,Bayo Angin,Grafika Komunikasi,Local,,"[""Malay""]",Obscene / Immoral Publications,Erotic/Immoral Content,"Akta Mesin Cetak Dan Penerbitan, 1984",Kemoralan,
Mangsa Rogol,1990-09-20,1990,P.U. (A) 309,Printed Documents,Awang Burhan,Enterprises Purnama,Local,Percetakan I.M. Sdn. Bhd.,"[""Malay""]",Obscene / Immoral Publications,Erotic/Immoral Content,"Akta Mesin Cetak Dan Penerbitan, 1984",Kemoralan,
Having It Both Ways,1990-11-01,1990,P.U. (A) 354,Printed Documents,Elaine Denholtz,"Stein & Day Publishers, Inc",Unclear,,"[""English""]",Obscene / Immoral Publications,Erotic/Immoral Content,"Akta Mesin Cetak Dan Penerbitan, 1984",Kemoralan,An Erotica
What Rugby Jokes Did Next,1990-11-01,1990,P.U. (A) 354,Printed Documents,Elaine Ranelagh,"Sphere Books Ltd.,",Foreign,Hazell Watson & Viney Limited,"[""English""]",Obscene / Immoral Publications,Erotic/Immoral Content,"Akta Mesin Cetak Dan Penerbitan, 1984",Kemoralan,"Also Erotica, More Of An Antology Of Smuts. Most Of The Story Are Short (1-2 P). Granted This Is Not The Only Version. (The Original Seems To Have No Author But I Found A Copy Who Did, Should We Keep Or Remove The Author)"
The Storyteller,1990-11-01,1990,P.U. (A) 354,Printed Documents,Harold Robbins,New English Library,Unclear,"Cox & Wyman Ltd, Reading, Great Britain","[""English""]",Obscene / Immoral Publications,Erotic/Immoral Content,"Akta Mesin Cetak Dan Penerbitan, 1984",Kemoralan,
Adam & Eve Customers Tell All,1990-11-01,1990,P.U. (A) 354,Printed Documents,,,Unclear,,"[""English""]",Obscene / Immoral Publications,Erotic/Immoral Content,"Akta Mesin Cetak Dan Penerbitan, 1984",Kemoralan,
The Photographic Guide To Sexual Secrets,1990-11-01,1990,P.U. (A) 354,Printed Documents,Sean O`Connor,Media Press,Unclear,,"[""English""]",Obscene / Immoral Publications,Erotic/Immoral Content,"Akta Mesin Cetak Dan Penerbitan, 1984",Kemoralan,
The Pearl,1990-11-01,1990,P.U. (A) 354,Printed Documents,,Grove Press Inc.,Foreign,,"[""English""]",Obscene / Immoral Publications,Erotic/Immoral Content,"Akta Mesin Cetak Dan Penerbitan, 1984",Kemoralan,
The Playboy Advisor On Love & Sex,1990-11-01,1990,P.U. (A) 354,Printed Documents,James R. Petersen,"General Publishing Co. Limited, Toronto",Foreign,,"[""English""]",Obscene / Immoral Publications,Erotic/Immoral Content,"Akta Mesin Cetak Dan Penerbitan, 1984",Kemoralan,
Diana's Desire,1990-11-01,1990,P.U. (A) 354,Printed Documents,Lytton Sinclair,"Future Publications, A Division Of Macdonald & Co (Publisher) Ltd.",Foreign,Bpcc Hazell Books Ltd.,"[""English""]",Obscene / Immoral Publications,Erotic/Immoral Content,"Akta Mesin Cetak Dan Penerbitan, 1984",Kemoralan,
Erotic Interludes,1990-11-01,1990,P.U. (A) 354,Printed Documents,Lonnie Barbach Ph.D,"Doubleday & Company, Inc",Foreign,,"[""English""]",Obscene / Immoral Publications,Erotic/Immoral Content,"Akta Mesin Cetak Dan Penerbitan, 1984",Kemoralan,
Sexual Adventure In Marriage,1990-11-01,1990,P.U. (A) 354,Printed Documents,Rudiger Boschmann & Gunther Hunold,Carl Stephenson Verlag,Foreign,,"[""English""]",Obscene / Immoral Publications,Erotic/Immoral Content,"Akta Mesin Cetak Dan Penerbitan, 1984",Kemoralan,
Still More Of The World`S Best Dirty Jokes,1990-11-01,1990,P.U. (A) 354,Printed Documents,Mr.,Angus & Robertson Publishers,Unclear,Hazell Watson & Viney Limited,"[""English""]",Obscene / Immoral Publications,Erotic/Immoral Content,"Akta Mesin Cetak Dan Penerbitan, 1984",Kemoralan,
Pengetahuan Perubatan Untuk Wanita (Medical Knowledge For Women),1991-02-21,1991,P.U. (A) 70,Printed Documents,,General Relics Publishing House,Unclear,Xian Li Color Printing Ltd. Co,"[""Chinese""]",Obscene / Immoral Publications,Erotic/Immoral Content,"Akta Mesin Cetak Dan Penerbitan, 1984",Kemoralan,
Rawatan Pelbagai Penyakit Melalui Acupuncture (Treatment Of Various Illneses By Acupuncture),1991-02-21,1991,P.U. (A) 70,Printed Documents,Cai Pei Lun,"Fu Li Publishing Ltd. Co.,",Unclear,Ming Ding Color Printing Ltd. Co,"[""Chinese""]",Obscene / Immoral Publications,Erotic/Immoral Content,"Akta Mesin Cetak Dan Penerbitan, 1984",Kemoralan,"Another Issue With The Database Is We Only Get The Romanized Title In English, Even For Chinese And Tamil's Publication."
Mengurut Mengikut Kaedah Acupuncture Dengan Ilustrasi Untuk Pelajar Baru (Massage On Acupuncture Points For Beginners),1991-02-21,1991,P.U. (A) 70,Printed Documents,,Fu Li Publishing Ltd.,Unclear,,"[""Chinese""]",Obscene / Immoral Publications,Erotic/Immoral Content,"Akta Mesin Cetak Dan Penerbitan, 1984",Kemoralan,"It Looks Normal, Title Wise. I Am Assuming It Is Band For Having Nude Diagrams But I Cant Confirm."
Wira Mengembara Gan Guo Bao (Wandering Pugilist Gan Guo Bao),1991-02-21,1991,P.U. (A) 70,Printed Documents,Niu Can Yang,Si Wei Publishing House,Unclear,"He Yi Printing Ltd. Co.,","[""Chinese""]",Obscene / Immoral Publications,Erotic/Immoral Content,"Akta Mesin Cetak Dan Penerbitan, 1984",Kemoralan,
Permulaan Manusia (The Beginning Of Mankind),1991-02-21,1991,P.U. (A) 70,Printed Documents,Physician Wen,Physician Wen,Unclear,,"[""Chinese""]",Obscene / Immoral Publications,Erotic/Immoral Content,"Akta Mesin Cetak Dan Penerbitan, 1984",Kemoralan,
Seni Erotik Su Nu (Erotic Art Of Su Nu),1991-02-21,1991,P.U. (A) 70,Printed Documents,,,Unclear,"Xue Shi Bookshop, Hong Kong","[""Chinese""]",Obscene / Immoral Publications,Erotic/Immoral Content,"Akta Mesin Cetak Dan Penerbitan, 1984",Kemoralan,
Wanita Profesional (Professional Lady),1991-02-21,1991,P.U. (A) 70,Printed Documents,Lang Ren,,Unclear,,"[""Chinese""]",Obscene / Immoral Publications,Erotic/Immoral Content,"Akta Mesin Cetak Dan Penerbitan, 1984",Kemoralan,
Kemuncak (Peak),1991-02-21,1991,P.U. (A) 70,Printed Documents,,,Unclear,,"[""Chinese""]",Obscene / Immoral Publications,Erotic/Immoral Content,"Akta Mesin Cetak Dan Penerbitan, 1984",Kemoralan,
Tuan Muda (Young Master),1991-02-21,1991,P.U. (A) 70,Printed Documents,,Modern Publishing House,Unclear,Gao Ya Printing Ltd.Co.,"[""Chinese""]",Obscene / Immoral Publications,Erotic/Immoral Content,"Akta Mesin Cetak Dan Penerbitan, 1984",Kemoralan,
Pertemuan Yang Ganjil (Strange Encounter),1991-02-21,1991,P.U. (A) 70,Printed Documents,Wei Wei,Mini Publishing House,Unclear,"Hua Li Printing Co.,","[""Chinese""]",Obscene / Immoral Publications,Erotic/Immoral Content,"Akta Mesin Cetak Dan Penerbitan, 1984",Kemoralan,
Teknik-Teknik Dalam Seks Dan Kehidupan (Techniques In Sexual Life),1991-02-21,1991,P.U. (A) 70,Printed Documents,Gan Xiao Yan,Mei Lin Publishing House,Unclear,Arts Printing Factory,"[""Chinese""]",Obscene / Immoral Publications,Erotic/Immoral Content,"Akta Mesin Cetak Dan Penerbitan, 1984",Kemoralan,
Malam Yang Memberahikan (Sexy Night),1991-02-21,1991,P.U. (A) 70,Printed Documents,Shi Yang,"Image Sdn. Bhd.,",Local,Percetakan Menang Sdn. Bhd.,"[""Chinese""]",Obscene / Immoral Publications,Erotic/Immoral Content,"Akta Mesin Cetak Dan Penerbitan, 1984",Kemoralan,"Cant Find Info, Can Only Assume It Is Erotica"
Dunia Wanita (Women's World),1991-02-21,1991,P.U. (A) 70,Printed Documents,Chen Hui,Entertainment Publishing House,Local,,"[""Chinese""]",Obscene / Immoral Publications,Erotic/Immoral Content,"Akta Mesin Cetak Dan Penerbitan, 1984",Kemoralan,
Malam Yang Membakar,1991-02-21,1991,P.U. (A) 70,Printed Documents,,"Double Happiness Books & Publishing House,",Unclear,"Si Wei Printing Factory Ltd. Co.,","[""Chinese""]",Obscene / Immoral Publications,Erotic/Immoral Content,"Akta Mesin Cetak Dan Penerbitan, 1984",Kemoralan,
Big Black Kiss,1991-02-21,1991,P.U. (A) 68,Printed Documents,Howard Chaykin,Vortex Comics Incorporated,Foreign,,"[""English""]",Obscene / Immoral Publications,Erotic/Immoral Content,"Akta Mesin Cetak Dan Penerbitan, 1984",Kemoralan,
Doll,1991-02-21,1991,P.U. (A) 68,Printed Documents,Guy Colwell,"Rip Off Press Inc.,",Foreign,,"[""English""]",Obscene / Immoral Publications,Erotic/Immoral Content,"Akta Mesin Cetak Dan Penerbitan, 1984",Kemoralan,
Rip Off No. 18,1991-02-21,1991,P.U. (A) 68,Printed Documents,,"Rip Off Press Inc.,",Foreign,,"[""English""]",Obscene / Immoral Publications,Erotic/Immoral Content,"Akta Mesin Cetak Dan Penerbitan, 1984",Kemoralan,
National Lampoon October 1989,1991-02-21,1991,P.U. (A) 68,Printed Documents,Larry,"Nl Communications, Inc.,",Foreign,,"[""English""]",Obscene / Immoral Publications,Erotic/Immoral Content,"Akta Mesin Cetak Dan Penerbitan, 1984",Kemoralan,
National Lampoon May 1985,1991-02-21,1991,P.U. (A) 68,Printed Documents,Matty Simmons,"Nl Communications, Inc.,",Foreign,,"[""English""]",Obscene / Immoral Publications,Erotic/Immoral Content,"Akta Mesin Cetak Dan Penerbitan, 1984",Kemoralan,
Cherry No. 9,1991-02-21,1991,P.U. (A) 68,Printed Documents,"Larry Welz, Larry Todd & Mark Bode",Last Gasp,Foreign,,"[""English""]",Obscene / Immoral Publications,Erotic/Immoral Content,"Akta Mesin Cetak Dan Penerbitan, 1984",Kemoralan,
"""Omaha"" No. 8",1991-02-21,1991,P.U. (A) 68,Printed Documents,Reed Waller & Kate Worley,"Kitchen Sink Press, Inc.,",Foreign,,"[""English""]",Obscene / Immoral Publications,Erotic/Immoral Content,"Akta Mesin Cetak Dan Penerbitan, 1984",Kemoralan,Comic Erotica
Artistic,1991-02-21,1991,P.U. (A) 68,Printed Documents,R.Grumb,Golden Gate Publishing Company,Foreign,,"[""English""]",Obscene / Immoral Publications,Erotic/Immoral Content,"Akta Mesin Cetak Dan Penerbitan, 1984",Kemoralan,Artistic COMIC By R. CRUMB. Contain Some Sexual Arts.
Scimidar (4),1991-02-21,1991,P.U. (A) 68,Printed Documents,R.A. Jones,"Eternity Comics A Division Of Malibu Graphics, Inc.,",Foreign,,"[""English""]",Obscene / Immoral Publications,Erotic/Immoral Content,"Akta Mesin Cetak Dan Penerbitan, 1984",Kemoralan,
Shorts,1991-02-21,1991,P.U. (A) 68,Printed Documents,Milo Minara,Catalan Communications,Foreign,Catalonia (Spain),"[""English""]",Obscene / Immoral Publications,Erotic/Immoral Content,"Akta Mesin Cetak Dan Penerbitan, 1984",Kemoralan,"Seems To Be Erotic Comics. Milo ""MANARA"" Is A Comic Artist."
An Author In Search Of Six Characters,1991-02-21,1991,P.U. (A) 68,Printed Documents,Milo Minara,Catalan Communications,Foreign,Catalonia (Spain),"[""English""]",Obscene / Immoral Publications,Erotic/Immoral Content,"Akta Mesin Cetak Dan Penerbitan, 1984",Kemoralan,
Leather & Lace (First Issue) -July 1989,1991-02-21,1991,P.U. (A) 68,Printed Documents,Barry Blair,"Aircel Comics, A Division Of Malibu Graphics, Inc.",Foreign,,"[""English""]",Obscene / Immoral Publications,Erotic/Immoral Content,"Akta Mesin Cetak Dan Penerbitan, 1984",Kemoralan,
Sapphire No. 4,1991-02-21,1991,P.U. (A) 68,Printed Documents,Elizabeth Durning,"Aircel Comics, A Division Of Malibu Graphics, Inc.",Foreign,,"[""English""]",Obscene / Immoral Publications,Erotic/Immoral Content,"Akta Mesin Cetak Dan Penerbitan, 1984",Kemoralan,
Layu Di Tangkai,1991-02-21,1991,P.U. (A) 69,Printed Documents,Hasanaha,Widad,Local,"Perniagaan Nikson,","[""Malay""]",Obscene / Immoral Publications,Erotic/Immoral Content,"Akta Mesin Cetak Dan Penerbitan, 1984",Kemoralan,
Seks Ghairah Kehidupan,1991-02-21,1991,P.U. (A) 69,Printed Documents,Black Maria,Penerbitan Sri Cempaka,Local,Kiti Trading,"[""Malay""]",Obscene / Immoral Publications,Erotic/Immoral Content,"Akta Mesin Cetak Dan Penerbitan, 1984",Kemoralan,
Terperangkap Di Sarang,1991-02-21,1991,P.U. (A) 69,Printed Documents,,Penerbitan Daya,Local,"Percetakan Polygraphic Sdn. Bhd., Selangor","[""Malay""]",Obscene / Immoral Publications,Erotic/Immoral Content,"Akta Mesin Cetak Dan Penerbitan, 1984",Kemoralan,
Skandal Isteri Orang,1991-02-21,1991,P.U. (A) 69,Printed Documents,Azizan Ahmad,Azrena Enterprise,Local,Percetakan A-Z Sdn. Bhd.,"[""Malay""]",Obscene / Immoral Publications,Erotic/Immoral Content,"Akta Mesin Cetak Dan Penerbitan, 1984",Kemoralan,
A Complete Guide To (Malaysian) Immigration Procedures On Application For: Expatriate Post Employment Pass Visit Pass (Temporary Employment) Visit Pass (Professional) Student's Pass Dependent's Pass V,1991-03-14,1991,P.U. (A) 97,Printed Documents,Abdul Salam Bin Raja Mohd.,"Wira Sakti Sdn Bhd.,",Local,Percetakan Soonly,"[""English""]",Obscene / Immoral Publications,Erotic/Immoral Content,,,
Thiraichithra,1991-05-30,1991,P.U. (A) 206,Printed Documents,,K.T. Singh,Foreign,Ester Quality Art Printer,"[""Tamil""]",Obscene / Immoral Publications,Erotic/Immoral Content,"Akta Mesin Cetak Dan Penerbitan, 1984",Kemoralan,
Hawa-Hawa,1991-07-04,1991,P.U. (A) 253,Printed Documents,,Veenai Trading,Foreign,T.S.P. Pg.,"[""Tamil""]",Obscene / Immoral Publications,Erotic/Immoral Content,"Akta Mesin Cetak Dan Penerbitan, 1984",Kemoralan,
Vinotha Siripu Koojathi Kooja,1991-07-04,1991,P.U. (A) 253,Printed Documents,,Veenai Trading,Foreign,T.S.P. Pg.,"[""Tamil""]",Obscene / Immoral Publications,Erotic/Immoral Content,"Akta Mesin Cetak Dan Penerbitan, 1984",Kemoralan,
Sex Power-How To Improve It,1991-08-15,1991,P.U. (A) 293,Printed Documents,Dr R. P Sethi,Pankaj Publications,Unclear,Chaman Offset Printers,"[""English""]",Obscene / Immoral Publications,Erotic/Immoral Content,"Akta Mesin Cetak Dan Penerbitan, 1984",Kemoralan,
Eros Revived,1991-08-15,1991,P.U. (A) 293,Printed Documents,Peter Wagner,Martin Secker & Warburg Ltd,Unclear,Butler & Tanner Ltd.,"[""English""]",Obscene / Immoral Publications,Erotic/Immoral Content,"Akta Mesin Cetak Dan Penerbitan, 1984",Kemoralan,
More People's Party Jokes,1991-08-15,1991,P.U. (A) 293,Printed Documents,Rufus Van Adlin,Kiran Publications,Foreign,New Allied Printers,"[""English""]",Obscene / Immoral Publications,Erotic/Immoral Content,"Akta Mesin Cetak Dan Penerbitan, 1984",Kemoralan,
Still More People's Party Jokes,1991-08-15,1991,P.U. (A) 293,Printed Documents,Rufus Van Adlin,Kiran Publications,Foreign,New Allied Printers,"[""English""]",Obscene / Immoral Publications,Erotic/Immoral Content,"Akta Mesin Cetak Dan Penerbitan, 1984",Kemoralan,
"The Best Of Beelin, Book I - Sex Ahead!, Book Ii - Let's Get Down, Book Iii - Passion Holiday",1991-08-15,1991,P.U. (A) 293,Printed Documents,"Tyler Hartley, Marie Fontell, Bill Buxom","Carlyle Communications, Inc New York",Foreign,Printed In The United State Of America,"[""English""]",Obscene / Immoral Publications,Erotic/Immoral Content,"Akta Mesin Cetak Dan Penerbitan, 1984",Kemoralan,
Secrets Of Sex,1991-08-15,1991,P.U. (A) 293,Printed Documents,Kenneth Anderson,Ashwin J. Shah Jaico Piblishing House,Foreign,Lal Printing Press,"[""English""]",Obscene / Immoral Publications,Erotic/Immoral Content,"Akta Mesin Cetak Dan Penerbitan, 1984",Kemoralan,
Expert Lovemaking,1991-08-15,1991,P.U. (A) 293,Printed Documents,Usha Sarup,Ashwin J. Shah Jaico Piblishing House,Foreign,Prabhat Printers,"[""English""]",Obscene / Immoral Publications,Erotic/Immoral Content,"Akta Mesin Cetak Dan Penerbitan, 1984",Kemoralan,
Sexual Joy,1991-09-12,1991,P.U. (A) 331,Printed Documents,Michael & Dorothy Clarke,Williams & Wilkins And Associates Pty Limited,Unclear,"Star Printerypty Limited,Erskinville, N.S.W.","[""English""]",Obscene / Immoral Publications,Erotic/Immoral Content,"Akta Mesin Cetak Dan Penerbitan, 1984",Kemoralan,
Eso (Extended Sexual Orgasm),1991-09-12,1991,P.U. (A) 331,Printed Documents,"Alan P.Brauer, M.D. & Donna Brauer","Warner Books, Inc.,",Foreign,,"[""English""]",Obscene / Immoral Publications,Erotic/Immoral Content,"Akta Mesin Cetak Dan Penerbitan, 1984",Kemoralan,
The Happy Hooker Goes To Washington,1991-09-12,1991,P.U. (A) 331,Printed Documents,Xaviera Hollander,W.H.Allen & Co. Ltd,Foreign,C.Nicholis & Company Ltd.,"[""English""]",Obscene / Immoral Publications,Erotic/Immoral Content,"Akta Mesin Cetak Dan Penerbitan, 1984",Kemoralan,
Pleasures,1991-09-12,1991,P.U. (A) 331,Printed Documents,Robbi Sommers,"The Naiad Press Inc,",Foreign,,"[""English""]",Obscene / Immoral Publications,Erotic/Immoral Content,"Akta Mesin Cetak Dan Penerbitan, 1984",Kemoralan,
Ladies` Own Erotica,1991-09-12,1991,P.U. (A) 331,Printed Documents,The Kensington Ladies` Erotica Society,Ten Speed Press,Foreign,,"[""English""]",Obscene / Immoral Publications,Erotic/Immoral Content,"Akta Mesin Cetak Dan Penerbitan, 1984",Kemoralan,
Letters To The Happy Hooker,1991-09-12,1991,P.U. (A) 331,Printed Documents,Xaviera Hollander,Tandem Publishing Ltd,Foreign,"Hunt Barnard Printing Ltd.,","[""English""]",Obscene / Immoral Publications,Erotic/Immoral Content,"Akta Mesin Cetak Dan Penerbitan, 1984",Kemoralan,
The Reluctant Stud,1991-09-12,1991,P.U. (A) 331,Printed Documents,Simon Gandolfi,"Sphere Books Ltd.,",Foreign,"Collins, Glasgow Great Britain","[""English""]",Obscene / Immoral Publications,Erotic/Immoral Content,"Akta Mesin Cetak Dan Penerbitan, 1984",Kemoralan,
Sexual Secrets Of The Zodiac,1991-09-12,1991,P.U. (A) 331,Printed Documents,,Southwick Enterprises,Foreign,,"[""English""]",Obscene / Immoral Publications,Erotic/Immoral Content,"Akta Mesin Cetak Dan Penerbitan, 1984",Kemoralan,
Shameless,1991-09-12,1991,P.U. (A) 331,Printed Documents,Stella Linden,Simon & Schuster Great Britain,Foreign,"Cox & Wyman Ltd, Reading, Great Britain","[""English""]",Obscene / Immoral Publications,Erotic/Immoral Content,"Akta Mesin Cetak Dan Penerbitan, 1984",Kemoralan,
More Joy Of Sex,1991-09-12,1991,P.U. (A) 331,Printed Documents,"Alex Comfort, M.D., D. Sc.","Pocket Books, Usa",Foreign,,"[""English""]",Obscene / Immoral Publications,Erotic/Immoral Content,"Akta Mesin Cetak Dan Penerbitan, 1984",Kemoralan,
The Joy Of Sex,1991-09-12,1991,P.U. (A) 331,Printed Documents,"Alex Comfort, M.D., D. Sc.",Pocket Book,Unclear,,"[""English""]",Obscene / Immoral Publications,Erotic/Immoral Content,"Akta Mesin Cetak Dan Penerbitan, 1984",Kemoralan,
Violated Virgin,1991-09-12,1991,P.U. (A) 331,Printed Documents,Susan Morrow,"Pleasure Books Inc.,",Foreign,,"[""English""]",Obscene / Immoral Publications,Erotic/Immoral Content,"Akta Mesin Cetak Dan Penerbitan, 1984",Kemoralan,
How To Make Love To Each Other,1991-09-12,1991,P.U. (A) 331,Printed Documents,Alexandra Penney,,Unclear,,"[""English""]",Obscene / Immoral Publications,Erotic/Immoral Content,"Akta Mesin Cetak Dan Penerbitan, 1984",Kemoralan,
Little Birds Erotica,1991-09-12,1991,P.U. (A) 331,Printed Documents,Anais Nin,"Harcourt Brace Jovanovich, Inc.,",Foreign,,"[""English""]",Obscene / Immoral Publications,Erotic/Immoral Content,"Akta Mesin Cetak Dan Penerbitan, 1984",Kemoralan,
My Secret Life,1991-09-12,1991,P.U. (A) 331,Printed Documents,,Grove Press Inc. New York,Foreign,,"[""English""]",Obscene / Immoral Publications,Erotic/Immoral Content,"Akta Mesin Cetak Dan Penerbitan, 1984",Kemoralan,
Laure,1991-09-12,1991,P.U. (A) 331,Printed Documents,Emmanuelle Arsan,"Granada Publishing Limited Frogmore,",Foreign,"Richard Clay (The Chaucer Press, Ltd)","[""English""]",Obscene / Immoral Publications,Erotic/Immoral Content,"Akta Mesin Cetak Dan Penerbitan, 1984",Kemoralan,
Time Of Desecration,1991-09-12,1991,P.U. (A) 331,Printed Documents,Alberto Moravia,Granada Publishing Limited,Foreign,"Cox & Wyman Ltd, Reading, Great Britain","[""English""]",Obscene / Immoral Publications,Erotic/Immoral Content,"Akta Mesin Cetak Dan Penerbitan, 1984",Kemoralan,
Pleasures Women Write Erotica,1991-09-12,1991,P.U. (A) 331,Printed Documents,"Lonnie Barbach, Ph.D","Doubleday & Company, Inc",Foreign,,"[""English""]",Obscene / Immoral Publications,Erotic/Immoral Content,"Akta Mesin Cetak Dan Penerbitan, 1984",Kemoralan,
The Celestial Bed,1991-09-12,1991,P.U. (A) 331,Printed Documents,Irving Wallace,Delacorte Press,Unclear,,"[""English""]",Obscene / Immoral Publications,Erotic/Immoral Content,"Akta Mesin Cetak Dan Penerbitan, 1984",Kemoralan,
How To Make Love To A Women,1991-09-12,1991,P.U. (A) 331,Printed Documents,Michael Morgenstern,"Clarkson N.Potter, Inc.,",Foreign,,"[""English""]",Obscene / Immoral Publications,Erotic/Immoral Content,"Akta Mesin Cetak Dan Penerbitan, 1984",Kemoralan,
Plaisir D'amour,1991-09-12,1991,P.U. (A) 331,Printed Documents,Anne-Marie Villefranche,"Carroll & Graf Publishers, Inc",Foreign,,"[""English""]",Obscene / Immoral Publications,Erotic/Immoral Content,"Akta Mesin Cetak Dan Penerbitan, 1984",Kemoralan,
D-Cup Spectacular!,1991-10-24,1991,P.U. (A) 378,Printed Documents,P.Katt,"Sawmill Publishing Corp.,",Foreign,,"[""English""]",Obscene / Immoral Publications,Erotic/Immoral Content,"Akta Mesin Cetak Dan Penerbitan, 1984",Kemoralan,
Celebrity Skin- High Society Collector's Edition No. 10,1991-10-24,1991,P.U. (A) 378,Printed Documents,,"Sapphire Of Nevada. Inc.,",Foreign,,"[""English""]",Obscene / Immoral Publications,Erotic/Immoral Content,"Akta Mesin Cetak Dan Penerbitan, 1984",Kemoralan,
D-Cup Honeys,1991-10-24,1991,P.U. (A) 378,Printed Documents,,"Presurn Pty Ltd.,",Foreign,"Dia Nippon, Hong Kong","[""English""]",Obscene / Immoral Publications,Erotic/Immoral Content,"Akta Mesin Cetak Dan Penerbitan, 1984",Kemoralan,
Playboy's Girls Of Summer's 86-Sunsational Sirens Salute Summer,1991-10-24,1991,P.U. (A) 378,Printed Documents,,Playboy Press,Foreign,West Germany,"[""English""]",Obscene / Immoral Publications,Erotic/Immoral Content,,,
Playboy's Playmates Of The Year,1991-10-24,1991,P.U. (A) 378,Printed Documents,,Playboy Press,Foreign,,"[""English""]",Obscene / Immoral Publications,Erotic/Immoral Content,"Akta Mesin Cetak Dan Penerbitan, 1984",Kemoralan,
Turtle Beach,1991-10-24,1991,P.U. (A) 379,Printed Documents,Blanche D`Alpuget,Penguin Books Australia Ltd,Foreign,The Book Printers,"[""English""]",Obscene / Immoral Publications,Erotic/Immoral Content,"Akta Mesin Cetak Dan Penerbitan, 1984",Ketenteraman Awam,
Big Bottoms No.8,1991-10-24,1991,P.U. (A) 378,Printed Documents,,Marquis Publishing Company,Foreign,,"[""English""]",Obscene / Immoral Publications,Erotic/Immoral Content,"Akta Mesin Cetak Dan Penerbitan, 1984",Kemoralan,
Celebrity Skin,1991-10-24,1991,P.U. (A) 378,Printed Documents,,Mar-Jam Publications,Unclear,"Dia Nippon Printingco., Hong Kong","[""English""]",Obscene / Immoral Publications,Erotic/Immoral Content,"Akta Mesin Cetak Dan Penerbitan, 1984",Kemoralan,
Adam-Special Holiday Issue Vol. 25 No. 12,1991-10-24,1991,P.U. (A) 378,Printed Documents,Jared Rutter,"Knight Publishing Corp.,",Foreign,,"[""English""]",Obscene / Immoral Publications,Erotic/Immoral Content,"Akta Mesin Cetak Dan Penerbitan, 1984",Kemoralan,
Knave Volume 20 Number 5,1991-10-24,1991,P.U. (A) 378,Printed Documents,Rupert Metcalf,"Galaxy Publications Ltd.,",Foreign,,"[""English""]",Obscene / Immoral Publications,Erotic/Immoral Content,"Akta Mesin Cetak Dan Penerbitan, 1984",Kemoralan,
Lui,1991-10-24,1991,P.U. (A) 378,Printed Documents,,Lui Est Une Publication,Foreign,,,Obscene / Immoral Publications,Erotic/Immoral Content,"Akta Mesin Cetak Dan Penerbitan, 1984",Kemoralan,
"Asia`S New Little Dragons:Dynamic Emergence Of Indonesia, Thailand And Malaysia",1992-03-26,1992,P.U. (A) 108,Printed Documents,Steven Schlossstein,"Contemporary Books, Inc",Unclear,,"[""English""]",Obscene / Immoral Publications,Erotic/Immoral Content,,,
Apa Yang Menarik,1992-04-30,1992,P.U. (A) 178,Printed Documents,,Transtar Publications,Local,Percetakan & Perniagaan Maju Jaya,"[""Chinese""]",Obscene / Immoral Publications,Erotic/Immoral Content,"Akta Mesin Cetak Dan Penerbitan, 1984",Kemoralan,
Rekod Cerita Ganjil (Records Of Fabulous Stories),1992-04-30,1992,P.U. (A) 178,Printed Documents,,Superior Culture Publishing (M) Sdn. Bhd.,Local,Percetakan Direct Art Sdn. Bhd.,"[""Chinese""]",Obscene / Immoral Publications,Erotic/Immoral Content,"Akta Mesin Cetak Dan Penerbitan, 1984",Kemoralan,
Masyarakat Majmuk,1992-04-30,1992,P.U. (A) 178,Printed Documents,,Perniagaan Samas,Local,,"[""Chinese""]",Obscene / Immoral Publications,Erotic/Immoral Content,"Akta Mesin Cetak Dan Penerbitan, 1984",Kemoralan,
Catatan Peristiwa Ganjil,1992-04-30,1992,P.U. (A) 179,Printed Documents,,New Poway Investment Limited,Unclear,"Fu Yi Printing Co. Ltd.,","[""Chinese""]",Obscene / Immoral Publications,Erotic/Immoral Content,"Akta Mesin Cetak Dan Penerbitan, 1984",Kemoralan,
Dunia Kaleidoskop,1992-04-30,1992,P.U. (A) 178,Printed Documents,,,Unclear,,"[""Chinese""]",Obscene / Immoral Publications,Erotic/Immoral Content,"Akta Mesin Cetak Dan Penerbitan, 1984",Kemoralan,
No. 28 (Sesuatu Yang Ganjil) No.28,1992-04-30,1992,P.U. (A) 178,Printed Documents,,,Unclear,,"[""Chinese""]",Obscene / Immoral Publications,Erotic/Immoral Content,"Akta Mesin Cetak Dan Penerbitan, 1984",Kemoralan,
Rekod Cerita Ganjil (Fabulous Records),1992-04-30,1992,P.U. (A) 178,Printed Documents,,,Unclear,,"[""Chinese""]",Obscene / Immoral Publications,Erotic/Immoral Content,"Akta Mesin Cetak Dan Penerbitan, 1984",Kemoralan,
Majalah Cerita Ganjil,1992-04-30,1992,P.U. (A) 178,Printed Documents,,,Unclear,,"[""Chinese""]",Obscene / Immoral Publications,Erotic/Immoral Content,"Akta Mesin Cetak Dan Penerbitan, 1984",Kemoralan,
No. 29 (Ganjil) No. 29,1992-04-30,1992,P.U. (A) 178,Printed Documents,,,Unclear,,"[""Chinese""]",Obscene / Immoral Publications,Erotic/Immoral Content,"Akta Mesin Cetak Dan Penerbitan, 1984",Kemoralan,
Baru Dan Ganjil,1992-04-30,1992,P.U. (A) 179,Printed Documents,,King's Publishing House,Unclear,"Kin Tak Production Co. Ltd.,","[""Chinese""]",Obscene / Immoral Publications,Erotic/Immoral Content,"Akta Mesin Cetak Dan Penerbitan, 1984",Kemoralan,
Legenda Ganjil,1992-04-30,1992,P.U. (A) 179,Printed Documents,,Hong Ting Publishing House,Unclear,"Mei Fong Printing Co.,","[""Chinese""]",Obscene / Immoral Publications,Erotic/Immoral Content,"Akta Mesin Cetak Dan Penerbitan, 1984",Kemoralan,
No. 201 (Dunia Yang Ganjil) No 201,1992-04-30,1992,P.U. (A) 179,Printed Documents,,"Fabulous World Co. Ltd.,",Unclear,"Dili Printing Co.Ltd.,","[""Chinese""]",Obscene / Immoral Publications,Erotic/Immoral Content,"Akta Mesin Cetak Dan Penerbitan, 1984",Kemoralan,
Koleksi Cerita Ganjil,1992-04-30,1992,P.U. (A) 179,Printed Documents,,Fabulous Publishing House,Unclear,"Lai Meng Printing Co.,","[""Chinese""]",Obscene / Immoral Publications,Erotic/Immoral Content,"Akta Mesin Cetak Dan Penerbitan, 1984",Kemoralan,
Lagenda Dunia,1992-04-30,1992,P.U. (A) 179,Printed Documents,,"Dei Ha Yan Publishing Group Co. Ltd.,",Unclear,"Kim Seng Printing Co. Ltd.,","[""Chinese""]",Obscene / Immoral Publications,Erotic/Immoral Content,"Akta Mesin Cetak Dan Penerbitan, 1984",Kemoralan,
Manusia Yang Ganjil,1992-04-30,1992,P.U. (A) 178,Printed Documents,,Da Tong Publishing Organisation Sdn. Bhd.,Local,Herald Printers Sdn. Bhd.,"[""Chinese""]",Obscene / Immoral Publications,Erotic/Immoral Content,"Akta Mesin Cetak Dan Penerbitan, 1984",Kemoralan,
Yang Ganjil Sekali Dalam Siri Majalah Manusia Ganjil,1992-04-30,1992,P.U. (A) 178,Printed Documents,,Da Tong Publishing Organisation Sdn. Bhd.,Local,Percetakan & Perniagaan Maju Jaya,"[""Chinese""]",Obscene / Immoral Publications,Erotic/Immoral Content,"Akta Mesin Cetak Dan Penerbitan, 1984",Kemoralan,
Cerita Ganjil Yang Menarik Dalam Siri Majalah Manusia Ganjil,1992-04-30,1992,P.U. (A) 178,Printed Documents,,Da Tong Publishing Organisation Sdn. Bhd.,Local,Herald Printers Sdn. Bhd.,"[""Chinese""]",Obscene / Immoral Publications,Erotic/Immoral Content,"Akta Mesin Cetak Dan Penerbitan, 1984",Kemoralan,
Koleksi Cerita Berahi,1992-04-30,1992,P.U. (A) 178,Printed Documents,,Da Tong Publishing Organisation Sdn. Bhd.,Local,Percetakan & Perniagaan Maju Jaya,"[""Chinese""]",Obscene / Immoral Publications,Erotic/Immoral Content,"Akta Mesin Cetak Dan Penerbitan, 1984",Kemoralan,
Dunia Menarik,1992-04-30,1992,P.U. (A) 178,Printed Documents,,Da Tong Publishing Organisation Sdn. Bhd.,Local,Percetakan & Perniagaan Maju Jaya,"[""Chinese""]",Obscene / Immoral Publications,Erotic/Immoral Content,"Akta Mesin Cetak Dan Penerbitan, 1984",Kemoralan,
No. 201 (Laporan Khas) No. 201,1992-04-30,1992,P.U. (A) 179,Printed Documents,,"Chao Ren Investment Co. Ltd.,",Unclear,Tai He Printing Co.,"[""Chinese""]",Obscene / Immoral Publications,Erotic/Immoral Content,"Akta Mesin Cetak Dan Penerbitan, 1984",Kemoralan,What
Cerita Berahi,1992-04-30,1992,P.U. (A) 179,Printed Documents,,World Publishing House,Unclear,,"[""Chinese""]",Obscene / Immoral Publications,Erotic/Immoral Content,"Akta Mesin Cetak Dan Penerbitan, 1984",Kemoralan,
Laporan Ganjil Mengenai Cerita Berahi,1992-04-30,1992,P.U. (A) 179,Printed Documents,,"Ling Lang Group Co. Ltd.,",Unclear,,"[""Chinese""]",Obscene / Immoral Publications,Erotic/Immoral Content,"Akta Mesin Cetak Dan Penerbitan, 1984",Kemoralan,
Koleksi Cerita Seks,1992-04-30,1992,P.U. (A) 179,Printed Documents,,Hong Kong Fu Kheong Publishing House,Foreign,Tin Lung Printing & Colour Separation Factory,"[""Chinese""]",Obscene / Immoral Publications,Erotic/Immoral Content,"Akta Mesin Cetak Dan Penerbitan, 1984",Kemoralan,
Koleksi Cerita Erotika,1992-04-30,1992,P.U. (A) 179,Printed Documents,,Hong Kong Fu Kheong Publishing House,Foreign,Tin Lung Printing & Colour Separation Factory,"[""Chinese""]",Obscene / Immoral Publications,Erotic/Immoral Content,"Akta Mesin Cetak Dan Penerbitan, 1984",Kemoralan,
Hangat Membara,1992-04-30,1992,P.U. (A) 178,Printed Documents,Bin Han,Bin Han Sdn. Bhd,Local,,"[""Chinese""]",Obscene / Immoral Publications,Erotic/Immoral Content,,,
Mencari Rahsia,1992-04-30,1992,P.U. (A) 178,Printed Documents,,Agroworld Enterprise Room,Local,Polygraphic Marketing Sdn. Bhd.,"[""Chinese""]",Obscene / Immoral Publications,Erotic/Immoral Content,"Akta Mesin Cetak Dan Penerbitan, 1984",Kemoralan,
Make Better Love,1992-07-23,1992,P.U. (A) 276,Printed Documents,Enid Broderick,"The Hamlyn Publishing Group Limited,",Unclear,,"[""English""]",Obscene / Immoral Publications,Erotic/Immoral Content,"Akta Mesin Cetak Dan Penerbitan, 1984",Ketenteraman Awam,
More Rugby Jokes,1992-07-23,1992,P.U. (A) 276,Printed Documents,,Sphere Books Limited,Foreign,"Cox & Wyman Ltd, Reading, Great Britain","[""English""]",Obscene / Immoral Publications,Erotic/Immoral Content,"Akta Mesin Cetak Dan Penerbitan, 1984",Ketenteraman Awam,
Dreams Die First,1992-07-23,1992,P.U. (A) 276,Printed Documents,Harold Robbins,"Simon And Schuster Inc., 1977",Foreign,Hodder And Stoughton Paperbacks,"[""English""]",Obscene / Immoral Publications,Erotic/Immoral Content,"Akta Mesin Cetak Dan Penerbitan, 1984",Ketenteraman Awam,
More Ways To Drive Your Man Wild In Bed,1992-07-23,1992,P.U. (A) 276,Printed Documents,Graham Masterton,"Nal Penguin Inc.,",Foreign,"U.S.A Cox And Wyman Ltd. & Mapro Publishing Services Ltd.,","[""English""]",Obscene / Immoral Publications,Erotic/Immoral Content,"Akta Mesin Cetak Dan Penerbitan, 1984",Ketenteraman Awam,
Sex In History,1992-07-23,1992,P.U. (A) 276,Printed Documents,Reay Tannahil,"Macdonald & Co. (Publisher) Ltd.,",Foreign,"Richard Clay Ltd., Bungay","[""English""]",Obscene / Immoral Publications,Erotic/Immoral Content,"Akta Mesin Cetak Dan Penerbitan, 1984",Ketenteraman Awam,
Naked As The Day,1992-07-23,1992,P.U. (A) 276,Printed Documents,Phil Vallack,Free-Sun Publications,Unclear,"Mapro Publishing Services Ltd.,","[""English""]",Obscene / Immoral Publications,Erotic/Immoral Content,"Akta Mesin Cetak Dan Penerbitan, 1984",Ketenteraman Awam,
Confessions Of An English Maid,1992-07-23,1992,P.U. (A) 276,Printed Documents,Anonymous,"Carroll & Graf Publishers, Inc",Foreign,,"[""English""]",Obscene / Immoral Publications,Erotic/Immoral Content,"Akta Mesin Cetak Dan Penerbitan, 1984",Ketenteraman Awam,
The Wantons,1992-07-23,1992,P.U. (A) 276,Printed Documents,Anonymous,"Carroll & Graf Publishers, Inc",Foreign,U.S.A.,"[""English""]",Obscene / Immoral Publications,Erotic/Immoral Content,"Akta Mesin Cetak Dan Penerbitan, 1984",Ketenteraman Awam,
On Sex And Human Loving,1992-07-23,1992,P.U. (A) 276,Printed Documents,1. William H.Masters 2.Virginia E. 3.Robert C.Kolodny,Ashwin J.Shah Jaico & Publishing House,Foreign,Ankush Ukarde Popular Offset Printers,"[""English""]",Obscene / Immoral Publications,Erotic/Immoral Content,"Akta Mesin Cetak Dan Penerbitan, 1984",Ketenteraman Awam,
Dingin,1992-07-30,1992,P.U. (A) 278,Printed Documents,Ermas,"Warta Grafik Sdn. Bhd.,",Local,Polygraphic Marketing Sdn. Bhd.,"[""Malay""]",Obscene / Immoral Publications,Erotic/Immoral Content,"Akta Mesin Cetak Dan Penerbitan, 1984",Kemoralan,
Mencari Kepuasan,1992-07-30,1992,P.U. (A) 278,Printed Documents,Farah Effendy,Mutiara Enterprise,Local,"Hup Heng Press Sdn. Bhd.,","[""Malay""]",Obscene / Immoral Publications,Erotic/Immoral Content,"Akta Mesin Cetak Dan Penerbitan, 1984",Kemoralan,
Nafsu Syaitan,1992-07-30,1992,P.U. (A) 278,Printed Documents,S.Fatimah,Mutiara Enterprise,Local,"Hup Seng Press Sdn.Bhd.,","[""Malay""]",Obscene / Immoral Publications,Erotic/Immoral Content,"Akta Mesin Cetak Dan Penerbitan, 1984",Kemoralan,
Siri Novlet Remaja-Ranjang Nafsu Berahi,1992-07-30,1992,P.U. (A) 278,Printed Documents,Lina Azia,Meranti Enterprise,Local,Syarikat Percitakan Wah Lian,"[""Malay""]",Obscene / Immoral Publications,Erotic/Immoral Content,,,
Siri Novlet Remaja-Bercanda Di Lembah Pelacur,1992-07-30,1992,P.U. (A) 278,Printed Documents,Lina Azia,Meranti Enterprise,Local,Kong Lee Printers,"[""Malay""]",Obscene / Immoral Publications,Erotic/Immoral Content,,,
Kisah Rumahtangga Rapuh,1992-07-30,1992,P.U. (A) 278,Printed Documents,Raden Amir,Merak Kayangan,Unclear,"Kong Lee Printers,","[""Malay""]",Obscene / Immoral Publications,Erotic/Immoral Content,"Akta Mesin Cetak Dan Penerbitan, 1984",Kemoralan,
Siri Pengakuan Mangsa,1992-07-30,1992,P.U. (A) 278,Printed Documents,Azim Chan,Jas Enterprise,Local,Mj Sdn. Bhd.,"[""Malay""]",Obscene / Immoral Publications,Erotic/Immoral Content,"Akta Mesin Cetak Dan Penerbitan, 1984",Kemoralan,
Siri Mangsa Korban Lelaki,1992-07-30,1992,P.U. (A) 278,Printed Documents,Azim Chan,Jas Enterprise,Local,"Majujaya Indah Sdn. Bhd.,","[""Malay""]",Obscene / Immoral Publications,Erotic/Immoral Content,"Akta Mesin Cetak Dan Penerbitan, 1984",Kemoralan,
Siri Pengakuan-Kembara Seorang Lelaki,1992-07-30,1992,P.U. (A) 278,Printed Documents,Black Maria,Intercity Enterprise,Local,,"[""Malay""]",Obscene / Immoral Publications,Erotic/Immoral Content,,,
Antologi Siri Jenayah-Celaka Di Sarang Pelacur,1992-07-30,1992,P.U. (A) 278,Printed Documents,Black Maria,Intercity Enterprise,Local,Seng Wah Enterprise,"[""Malay""]",Obscene / Immoral Publications,Erotic/Immoral Content,"Akta Mesin Cetak Dan Penerbitan, 1984",Kemoralan,
The Secret Diary Of Laura Palmer,1992-08-27,1992,P.U. (A) 319,Printed Documents,Jennifer Lynch,"Penguin Book Ltd.,",Foreign,"Clays Ltd,","[""English""]",Obscene / Immoral Publications,Erotic/Immoral Content,"Akta Mesin Cetak Dan Penerbitan, 1984",Ketenteraman Awam,Sex And Drugs
Vox,1992-09-10,1992,P.U. (A) 339,Printed Documents,Alan Lewis,"Ipc Magazines, Holborn Publishing Group",Foreign,Bpcc Magazines (Milton Keynes) Plc,"[""English""]",Obscene / Immoral Publications,Erotic/Immoral Content,"Akta Mesin Cetak Dan Penerbitan, 1984",Kemoralan,Magazine
Elle,1992-09-10,1992,P.U. (A) 339,Printed Documents,Maggie Alderson,"Hachette Magazine Ltd.,",Foreign,"R R Donnelley Ltd., York, England","[""English""]",Obscene / Immoral Publications,Erotic/Immoral Content,"Akta Mesin Cetak Dan Penerbitan, 1984",Kemoralan,Magazine
Photo Answers,1992-09-10,1992,P.U. (A) 339,Printed Documents,Steve Bavister,"Emap Apex Publications Ltd.,",Foreign,Watmoughs Print,"[""English""]",Obscene / Immoral Publications,Erotic/Immoral Content,"Akta Mesin Cetak Dan Penerbitan, 1984",Kemoralan,No Info Found But The Author Seems To Be Uploading Normal Photography Book.
The House Of Love,1992-12-17,1992,P.U. (A) 541,Printed Documents,Karen Hunter,"Warner Paperback Library, 1967",Unclear,"Hunt Barnard Printing Ltd.,","[""English""]",Obscene / Immoral Publications,Erotic/Immoral Content,"Akta Mesin Cetak Dan Penerbitan, 1984",Kemoralan,
Double Delight,1992-12-17,1992,P.U. (A) 541,Printed Documents,Aston Cantwell,"Warner Books, Inc.,",Foreign,,"[""English""]",Obscene / Immoral Publications,Erotic/Immoral Content,"Akta Mesin Cetak Dan Penerbitan, 1984",Kemoralan,
Silk Stockings,1992-12-17,1992,P.U. (A) 541,Printed Documents,R.S. Adams,"The Berkley Publishing Group,",Unclear,,"[""English""]",Obscene / Immoral Publications,Erotic/Immoral Content,"Akta Mesin Cetak Dan Penerbitan, 1984",Kemoralan,
The Best Part Of A Man,1992-12-17,1992,P.U. (A) 541,Printed Documents,Xaviera Hollander,Tandem Publishing Ltd,Foreign,"Hunt Barnard Printing Ltd.,","[""English""]",Obscene / Immoral Publications,Erotic/Immoral Content,"Akta Mesin Cetak Dan Penerbitan, 1984",Kemoralan,
The Lusting Three,1992-12-17,1992,P.U. (A) 541,Printed Documents,Arthur Adlon,Softcover Library Ltd.,Foreign,"The Garden City Press Ltd.,","[""English""]",Obscene / Immoral Publications,Erotic/Immoral Content,"Akta Mesin Cetak Dan Penerbitan, 1984",Kemoralan,
The Romance Lust,1992-12-17,1992,P.U. (A) 541,Printed Documents,Anonymous,"Paperback Division Of W.H. Allen & Co. Ltd.,",Foreign,"Hunt Barnard Printing Ltd.,","[""English""]",Obscene / Immoral Publications,Erotic/Immoral Content,"Akta Mesin Cetak Dan Penerbitan, 1984",Kemoralan,
Secrets,1992-12-17,1992,P.U. (A) 541,Printed Documents,Unity Hall,"Pan Books Ltd.,",Foreign,"Richard Clay (The Chaucer Press) Ltd., Bungay, Suffolk","[""English""]",Obscene / Immoral Publications,Erotic/Immoral Content,"Akta Mesin Cetak Dan Penerbitan, 1984",Kemoralan,
Caldo Largo,1992-12-17,1992,P.U. (A) 541,Printed Documents,Earl Thompson,"Pan Books Ltd.,",Foreign,Hazell Watson & Viney Limited,"[""English""]",Obscene / Immoral Publications,Erotic/Immoral Content,"Akta Mesin Cetak Dan Penerbitan, 1984",Kemoralan,
Pencuri Dan Pelacur,1992-12-31,1992,P.U. (A) 556,Printed Documents,,World Publishing House,Unclear,,"[""Chinese""]",Obscene / Immoral Publications,Erotic/Immoral Content,"Akta Mesin Cetak Dan Penerbitan, 1984",Kemoralan,
Gadis-Gadis Cantik,1992-12-31,1992,P.U. (A) 556,Printed Documents,,World Publishing House,Unclear,,"[""Chinese""]",Obscene / Immoral Publications,Erotic/Immoral Content,"Akta Mesin Cetak Dan Penerbitan, 1984",Kemoralan,
Jed,1992-12-31,1992,P.U. (A) 557,Printed Documents,,Transtar Publications,Local,Jiwamas Printers Sdn. Bhd.,"[""Chinese""]",Obscene / Immoral Publications,Erotic/Immoral Content,"Akta Mesin Cetak Dan Penerbitan, 1984",Kemoralan,
Topeng,1992-12-31,1992,P.U. (A) 557,Printed Documents,,Transtar Publications,Local,Jiwamas Printers Sdn. Bhd.,"[""Chinese""]",Obscene / Immoral Publications,Erotic/Immoral Content,"Akta Mesin Cetak Dan Penerbitan, 1984",Kemoralan,
Dunia Baru,1992-12-31,1992,P.U. (A) 557,Printed Documents,,Transtar Publications,Local,"Kosnet Press Sdn Bhd.,","[""Chinese""]",Obscene / Immoral Publications,Erotic/Immoral Content,"Akta Mesin Cetak Dan Penerbitan, 1984",Kemoralan,
Kes-Kes Luar Biasa,1992-12-31,1992,P.U. (A) 557,Printed Documents,,Sunlight Books House (M) Sdn. Bhd.,Local,,"[""Chinese""]",Obscene / Immoral Publications,Erotic/Immoral Content,"Akta Mesin Cetak Dan Penerbitan, 1984",Kemoralan,
Berita Rahsia,1992-12-31,1992,P.U. (A) 556,Printed Documents,,Now Era Publishing House,Unclear,Wen Fung Printing Co.,"[""Chinese""]",Obscene / Immoral Publications,Erotic/Immoral Content,"Akta Mesin Cetak Dan Penerbitan, 1984",Kemoralan,
Wanita Yang Jelita,1992-12-31,1992,P.U. (A) 556,Printed Documents,,,Unclear,Queen Offset Printing Factory,"[""Chinese""]",Obscene / Immoral Publications,Erotic/Immoral Content,"Akta Mesin Cetak Dan Penerbitan, 1984",Kemoralan,
Dunia Ganjil,1992-12-31,1992,P.U. (A) 556,Printed Documents,,,Unclear,,"[""Chinese""]",Obscene / Immoral Publications,Erotic/Immoral Content,"Akta Mesin Cetak Dan Penerbitan, 1984",Kemoralan,
Sedutan Khas Mengenai Keberahian,1992-12-31,1992,P.U. (A) 556,Printed Documents,,,Unclear,,"[""Chinese""]",Obscene / Immoral Publications,Erotic/Immoral Content,"Akta Mesin Cetak Dan Penerbitan, 1984",Kemoralan,
Lembah Ria,1992-12-31,1992,P.U. (A) 556,Printed Documents,,,Unclear,,"[""Chinese""]",Obscene / Immoral Publications,Erotic/Immoral Content,"Akta Mesin Cetak Dan Penerbitan, 1984",Kemoralan,
Koleksi Cerita-Cerita Ajaib,1992-12-31,1992,P.U. (A) 556,Printed Documents,,Ming Soon Publishing House,Unclear,"Lee Tat Printing Co.,","[""Chinese""]",Obscene / Immoral Publications,Erotic/Immoral Content,,,
Perempuan Liar,1992-12-31,1992,P.U. (A) 556,Printed Documents,,"King Kong Publishing House,",Unclear,Ting Lung Comic Drawing Room,"[""Chinese""]",Obscene / Immoral Publications,Erotic/Immoral Content,"Akta Mesin Cetak Dan Penerbitan, 1984",Kemoralan,
Dunia Ganjil (Fantastic World),1992-12-31,1992,P.U. (A) 557,Printed Documents,,"Kaiyue Sdn.Bhd.,",Local,Syarikat Percetakan Ihsan,"[""Chinese""]",Obscene / Immoral Publications,Erotic/Immoral Content,"Akta Mesin Cetak Dan Penerbitan, 1984",Kemoralan,
Dunia Aneh,1992-12-31,1992,P.U. (A) 557,Printed Documents,,"Kaiyue Sdn Bhd.,",Local,Syarikat Percetakan Ihsan,"[""Chinese""]",Obscene / Immoral Publications,Erotic/Immoral Content,"Akta Mesin Cetak Dan Penerbitan, 1984",Kemoralan,"I Keep Seeing Dunia Ganjil And Dunia Aneh, What Does It Mean? Is It A Dogwhistle For Erotic Content"
Koleksi Cerita Tak Sopan Jilid 1-4,1992-12-31,1992,P.U. (A) 557,Printed Documents,Wong Jin,Gg Enterprise,Local,Syarikat Percetakan Ihsan,"[""Chinese""]",Obscene / Immoral Publications,Erotic/Immoral Content,"Akta Mesin Cetak Dan Penerbitan, 1984",Kemoralan,
Dunia Lelaki,1992-12-31,1992,P.U. (A) 556,Printed Documents,,First Publishing House (Hong Kong) Co. Ltd,Foreign,Modern Electronic Colour Separation & Printing Factory,"[""Chinese""]",Obscene / Immoral Publications,Erotic/Immoral Content,"Akta Mesin Cetak Dan Penerbitan, 1984",Kemoralan,
Pembongkaran Rahsia,1992-12-31,1992,P.U. (A) 557,Printed Documents,,Da Tong Publishing Organisation Sdn. Bhd.,Local,Herald Printers Sdn Bhd,"[""Chinese""]",Obscene / Immoral Publications,Erotic/Immoral Content,"Akta Mesin Cetak Dan Penerbitan, 1984",Kemoralan,
Madonna Erotica,1993-03-25,1993,P.U. (A) 76,Audio/Recordings,Madonna,Maverick Recording Company,Unclear,Digitpress,"[""English""]",Obscene / Immoral Publications,Erotic/Immoral Content,"Akta Mesin Cetak Dan Penerbitan, 1984",Ketenteraman Awam,
Crying Freeman (Part Four),1993-06-03,1993,P.U. (A) 145,Printed Documents,Kazuo Koike,Viz Comics,Foreign,,"[""English""]",Obscene / Immoral Publications,Erotic/Immoral Content,"Akta Mesin Cetak Dan Penerbitan, 1984",Kemoralan,
Truly Tasteless Jokes Vii,1993-06-03,1993,P.U. (A) 145,Printed Documents,Blanche Knott,St. Martin's Press,Foreign,,"[""English""]",Obscene / Immoral Publications,Erotic/Immoral Content,"Akta Mesin Cetak Dan Penerbitan, 1984",Kemoralan,
Truly Tasteless Jokes Iv,1993-06-03,1993,P.U. (A) 145,Printed Documents,Blanche Knott,St. Martin's Press,Foreign,,"[""English""]",Obscene / Immoral Publications,Erotic/Immoral Content,"Akta Mesin Cetak Dan Penerbitan, 1984",Kemoralan,
Shades Of Death,1993-06-03,1993,P.U. (A) 145,Printed Documents,Kazuo Koike,"Shogakukun, Inc., Japanviz Communications, Inc.,",Foreign,,"[""English""]",Obscene / Immoral Publications,Erotic/Immoral Content,"Akta Mesin Cetak Dan Penerbitan, 1984",Kemoralan,
The Pirelli Calendar Album,1993-06-03,1993,P.U. (A) 145,Printed Documents,,"Pavilion Books Limited,",Unclear,,"[""English""]",Obscene / Immoral Publications,Erotic/Immoral Content,"Akta Mesin Cetak Dan Penerbitan, 1984",Kemoralan,
Epic Illustrated,1993-06-03,1993,P.U. (A) 145,Printed Documents,Stan Lee,Marvel Comics Group Office Of Publication,Foreign,,"[""English""]",Obscene / Immoral Publications,Erotic/Immoral Content,"Akta Mesin Cetak Dan Penerbitan, 1984",Kemoralan,Allow Explicit Content
Rude Health,1993-06-03,1993,P.U. (A) 145,Printed Documents,David Thorpe,"Macmillan London Limited, London And Basingstoke",Foreign,"New Interlitho, Milan","[""English""]",Obscene / Immoral Publications,Erotic/Immoral Content,"Akta Mesin Cetak Dan Penerbitan, 1984",Kemoralan,
Perhubungan Sulit,1993-09-02,1993,P.U. (A) 253,Printed Documents,Zhang Ah Man,"Xin Xin Cultural Enterprise Co. Ltd.,",Local,Tung Ya Printing Factory Co. Ltd.,"[""Chinese""]",Obscene / Immoral Publications,Erotic/Immoral Content,"Akta Mesin Cetak Dan Penerbitan, 1984",Kemoralan,
Cerita Pop Pop,1993-09-02,1993,P.U. (A) 253,Printed Documents,Xua Yin Xiong,Xin Qi Ren Publishing House,Unclear,,"[""Chinese""]",Obscene / Immoral Publications,Erotic/Immoral Content,"Akta Mesin Cetak Dan Penerbitan, 1984",Kemoralan,
Buku Panduan Seks Dan Kesihatan,1993-09-02,1993,P.U. (A) 253,Printed Documents,Zhong He,New Era Publishing House,Unclear,World Colour Printing Factory,"[""Chinese""]",Obscene / Immoral Publications,Erotic/Immoral Content,"Akta Mesin Cetak Dan Penerbitan, 1984",Kemoralan,
Seksologi,1993-09-02,1993,P.U. (A) 253,Printed Documents,,,Unclear,,"[""Chinese""]",Obscene / Immoral Publications,Erotic/Immoral Content,"Akta Mesin Cetak Dan Penerbitan, 1984",Kemoralan,
Perempuan Simpanan,1993-09-02,1993,P.U. (A) 253,Printed Documents,Wei Wei,Mini Publishing House,Unclear,"Hua Li Printing Co.,","[""Chinese""]",Obscene / Immoral Publications,Erotic/Immoral Content,"Akta Mesin Cetak Dan Penerbitan, 1984",Kemoralan,
Huraian Baru Buku Seni Erotik Su Nu,1993-09-02,1993,P.U. (A) 253,Printed Documents,Wu Ming Xiu,Le Huo Publishing House,Unclear,"Le Huo Printing Co.,","[""Chinese""]",Obscene / Immoral Publications,Erotic/Immoral Content,"Akta Mesin Cetak Dan Penerbitan, 1984",Kemoralan,
Kisah Anjing Betina Membalas Budi,1993-09-02,1993,P.U. (A) 253,Printed Documents,Xu Ling,"Kuai Ze Book Co.,",Unclear,"Poh Wei Book Co.,","[""Chinese""]",Obscene / Immoral Publications,Erotic/Immoral Content,"Akta Mesin Cetak Dan Penerbitan, 1984",Kemoralan,
Rangkaian Kerinduan,1993-09-02,1993,P.U. (A) 253,Printed Documents,Li Hao,"Chang Qiong Publishing House, Taiwan",Foreign,,"[""Chinese""]",Obscene / Immoral Publications,Erotic/Immoral Content,"Akta Mesin Cetak Dan Penerbitan, 1984",Kemoralan,
Pertemuan Romantik,1993-09-02,1993,P.U. (A) 253,Printed Documents,Li Hao,"Chang Qiong Publishing House, Taiwan",Foreign,,"[""Chinese""]",Obscene / Immoral Publications,Erotic/Immoral Content,"Akta Mesin Cetak Dan Penerbitan, 1984",Kemoralan,
Mutiara Timur Iii,1994-01-13,1994,P.U. (A) 6,Audio/Recordings,,Music Factory,Unclear,,"[""Chinese""]",Obscene / Immoral Publications,Erotic/Immoral Content,"Akta Mesin Cetak Dan Penerbitan, 1984",Ketenteraman Awam,
White Zombie La Sexorcisto Devil Music Vol.1,1994-01-20,1994,P.U. (A) 19,Audio/Recordings,White Zombie,Geffen Records,Unclear,"Digitpress Sdn Bhd.,","[""English""]",Obscene / Immoral Publications,Erotic/Immoral Content,"Akta Mesin Cetak Dan Penerbitan, 1984",Kemoralan,
The Journal Of Erotica,1994-03-24,1994,P.U. (A) 95,Printed Documents,,"Midsummer Books Ltd.,",Foreign,,"[""English""]",Obscene / Immoral Publications,Erotic/Immoral Content,"Akta Mesin Cetak Dan Penerbitan, 1984",Kemoralan,
Making Love,1994-03-24,1994,P.U. (A) 95,Printed Documents,Melanie Tem Nancy Holder,"Dell Publishing A Division Of Bantam Doubleday Dell Publishing Group, Inc.",Foreign,,"[""English""]",Obscene / Immoral Publications,Erotic/Immoral Content,"Akta Mesin Cetak Dan Penerbitan, 1984",Kemoralan,
Hajime Sorayama,1994-03-24,1994,P.U. (A) 95,Printed Documents,,"Benedikt Taschen Verlag Gmbh, Hohenzollernring",Foreign,"Druckhaus Cramer Greven, Germany","[""English""]",Obscene / Immoral Publications,Erotic/Immoral Content,"Akta Mesin Cetak Dan Penerbitan, 1984",Kemoralan,
Hr Giger Arht,1994-03-24,1994,P.U. (A) 95,Printed Documents,,"Benedikt Taschen Verlag Gmbh, Hohenzollernring",Foreign,,"[""English""]",Obscene / Immoral Publications,Erotic/Immoral Content,"Akta Mesin Cetak Dan Penerbitan, 1984",Kemoralan,
The Journeyer,1994-03-31,1994,P.U. (A) 103,Printed Documents,Gary Jennings,"Mc Clelland And Stewart Ltd., Canada",Foreign,"Halliday Lithograph Corporation,","[""English""]",Obscene / Immoral Publications,Erotic/Immoral Content,"Akta Mesin Cetak Dan Penerbitan, 1984",Ketenteraman Awam,
Hadis Jawapan Kepada Pengkritik,1994-04-21,1994,P.U. (A) 135,Printed Documents,Kassim Ahmad,"Media Indah Sdn.Bhd.,",Local,Jiwamasprinters Sdn. Bhd.,"[""Malay""]",Obscene / Immoral Publications,Erotic/Immoral Content,"Akta Mesin Cetak Dan Penerbitan, 1984",Ketenteraman Awam,
"Mata Tengah Malam Jilid I,Ii,Iii",1994-05-12,1994,P.U. (A) 178,Printed Documents,Ji Zawa Bu Ichi,Yoso Comics,Unclear,,"[""Chinese""]",Obscene / Immoral Publications,Erotic/Immoral Content,,,
Kisah Baru Seorang Kaki Perempuan,1994-05-12,1994,P.U. (A) 178,Printed Documents,Wei Wei,"Xin Sheng Publishing, House",Foreign,Li Ming Printing Factory,"[""Chinese""]",Obscene / Immoral Publications,Erotic/Immoral Content,"Akta Mesin Cetak Dan Penerbitan, 1984",Kemoralan,
Perbualan Yang Penuh Mistri,1994-05-12,1994,P.U. (A) 179,Printed Documents,,Worldwide Publication,Local,Polygraphic Marketingsdn. Bhd.,"[""Chinese""]",Obscene / Immoral Publications,Erotic/Immoral Content,"Akta Mesin Cetak Dan Penerbitan, 1984",Kemoralan,
Baru Dan Ganjil,1994-05-12,1994,P.U. (A) 179,Printed Documents,,Transtar Publication,Local,Kosnet Press Sdn. Bhd,"[""Chinese""]",Obscene / Immoral Publications,Erotic/Immoral Content,"Akta Mesin Cetak Dan Penerbitan, 1984",Kemoralan,
Majalah Gaya,1994-05-12,1994,P.U. (A) 179,Printed Documents,,Transtar Publication,Local,Jiwamas Printers Sdn. Bhd.,"[""Chinese""]",Obscene / Immoral Publications,Erotic/Immoral Content,"Akta Mesin Cetak Dan Penerbitan, 1984",Kemoralan,
Keluarga Yang Gilakan Seks,1994-05-12,1994,P.U. (A) 178,Printed Documents,Xia Fei,Tong Le Publishing House,Unclear,,"[""Chinese""]",Obscene / Immoral Publications,Erotic/Immoral Content,"Akta Mesin Cetak Dan Penerbitan, 1984",Kemoralan,
Riwayat Baru Pan Jin Lian,1994-05-12,1994,P.U. (A) 178,Printed Documents,Xie Shi Cong,"Taiwan Tian Xia Magazine House,",Foreign,Jin Guang Printing Factory,"[""Chinese""]",Obscene / Immoral Publications,Erotic/Immoral Content,"Akta Mesin Cetak Dan Penerbitan, 1984",Kemoralan,
Percintaan Sulit,1994-05-12,1994,P.U. (A) 179,Printed Documents,,Syarikat H.M.Khoo,Local,,"[""Chinese""]",Obscene / Immoral Publications,Erotic/Immoral Content,"Akta Mesin Cetak Dan Penerbitan, 1984",Kemoralan,
Pelacur Muda Aku Mencintaimu,1994-05-12,1994,P.U. (A) 178,Printed Documents,,,Unclear,,"[""Chinese""]",Obscene / Immoral Publications,Erotic/Immoral Content,"Akta Mesin Cetak Dan Penerbitan, 1984",Kemoralan,
Perempuan Jalang,1994-05-12,1994,P.U. (A) 178,Printed Documents,,,Unclear,,"[""Chinese""]",Obscene / Immoral Publications,Erotic/Immoral Content,"Akta Mesin Cetak Dan Penerbitan, 1984",Kemoralan,
Zaman Kegila-Gilaan,1994-05-12,1994,P.U. (A) 178,Printed Documents,,,Unclear,,"[""Chinese""]",Obscene / Immoral Publications,Erotic/Immoral Content,"Akta Mesin Cetak Dan Penerbitan, 1984",Kemoralan,
Cergas Dan Berwarna-Warni,1994-05-12,1994,P.U. (A) 178,Printed Documents,,,Unclear,,"[""Chinese""]",Obscene / Immoral Publications,Erotic/Immoral Content,"Akta Mesin Cetak Dan Penerbitan, 1984",Kemoralan,
Perempuan Yang Gilakan Seks,1994-05-12,1994,P.U. (A) 178,Printed Documents,,,Unclear,,"[""Chinese""]",Obscene / Immoral Publications,Erotic/Immoral Content,"Akta Mesin Cetak Dan Penerbitan, 1984",Kemoralan,
Badan Montok,1994-05-12,1994,P.U. (A) 178,Printed Documents,,,Unclear,,"[""Chinese""]",Obscene / Immoral Publications,Erotic/Immoral Content,"Akta Mesin Cetak Dan Penerbitan, 1984",Kemoralan,
Suasana,1994-05-12,1994,P.U. (A) 178,Printed Documents,,,Unclear,,"[""Chinese""]",Obscene / Immoral Publications,Erotic/Immoral Content,"Akta Mesin Cetak Dan Penerbitan, 1984",Kemoralan,
Majalah Ajaib,1994-05-12,1994,P.U. (A) 179,Printed Documents,,Baka Edaran Buku & Majallah,Unclear,Percetakan Maju,"[""Chinese""]",Obscene / Immoral Publications,Erotic/Immoral Content,"Akta Mesin Cetak Dan Penerbitan, 1984",Kemoralan,
Juara Lagu-Lagu Iwan Fals Swami Vol. 1,1994-05-19,1994,P.U. (A) 208,Audio/Recordings,Iwan Fals,"Hp Records Pt Hoki Persada, Suara Sejati",Foreign,"Audio Art Press Sdn. Bhd.,","[""Indonesian""]",Obscene / Immoral Publications,Erotic/Immoral Content,"Akta Mesin Cetak Dan Penerbitan, 1984",Kemoralan,Album SWAMI 1 | Audio HQ - Youtube
Ratna Sari Dewi (Rima Surya) Janda Presiden Yang Ber....,1994-05-19,1994,P.U. (A) 188,Printed Documents,Tidak Diketahui,Citra Juara Sdn. Bhd.,Local,Ling Wah Press Sdn. Bhd,"[""Malay""]",Obscene / Immoral Publications,Erotic/Immoral Content,"Akta Mesin Cetak Dan Penerbitan, 1984",Kemoralan,
Album Celebriti-Super Mengancam,1994-07-14,1994,P.U. (A) 266,Audio/Recordings,,"Citra Juara Sdn. Bhd.,",Local,Ling Wah Press Sdn. Bhd,"[""Malay""]",Obscene / Immoral Publications,Erotic/Immoral Content,,,
A Matterof Life And Sex,1994-08-11,1994,P.U. (A) 314,Printed Documents,Oscar Moore,"Penguin Books Ltd.,",Foreign,"Clays Ltd., St Ives Plc","[""English""]",Obscene / Immoral Publications,Erotic/Immoral Content,"Akta Mesin Cetak Dan Penerbitan, 1984",Kemoralan,
Slow Hand,1994-08-11,1994,P.U. (A) 314,Printed Documents,Michele Slung,"Harper Collins Publishers, Ina",Foreign,,"[""English""]",Obscene / Immoral Publications,Erotic/Immoral Content,"Akta Mesin Cetak Dan Penerbitan, 1984",Kemoralan,
"The Golden Lotus Volume 1,2,3 And 4",1994-08-11,1994,P.U. (A) 314,Printed Documents,Clementegerton,"Graham Brash (Pte) Ltd., Singapore",Foreign,"General Printing Services (Pte) Ltd., Singapore","[""English""]",Obscene / Immoral Publications,Erotic/Immoral Content,"Akta Mesin Cetak Dan Penerbitan, 1984",Kemoralan,
Cahaya Di Ufuk Timur (Nada Murni),1994-08-11,1994,P.U. (A) 315,Audio/Recordings,,Ora Productions,Local,,"[""Malay""]",Obscene / Immoral Publications,Erotic/Immoral Content,"Akta Mesin Cetak Dan Penerbitan, 1984",Kemoralan,
Vengence Of Vampirella Volume One Number Two,1994-09-15,1994,P.U. (A) 350,Printed Documents,Meloney Crawford Chadwick,"Harris Publications, Inc.,",Foreign,,"[""English""]",Obscene / Immoral Publications,Erotic/Immoral Content,"Akta Mesin Cetak Dan Penerbitan, 1984",Kemoralan,
Breathtaker,1994-09-15,1994,P.U. (A) 350,Printed Documents,,Dc Comics,Foreign,,"[""English""]",Obscene / Immoral Publications,Erotic/Immoral Content,"Akta Mesin Cetak Dan Penerbitan, 1984",Kemoralan,
Next Men Power Part 3 Of 4,1994-09-15,1994,P.U. (A) 350,Printed Documents,,"Dark House Comics, Inc.,",Foreign,,"[""English""]",Obscene / Immoral Publications,Erotic/Immoral Content,"Akta Mesin Cetak Dan Penerbitan, 1984",Kemoralan,
Olivia Collector Cards,1994-09-15,1994,P.U. (A) 350,Printed Documents,Comic Images,Comic Images,Foreign,"Comic Images, Saddle Brook, Nj 07662","[""English""]",Obscene / Immoral Publications,Erotic/Immoral Content,"Akta Mesin Cetak Dan Penerbitan, 1984",Kemoralan,
The Magic Of Sex,1994-09-15,1994,P.U. (A) 350,Printed Documents,Miriam Stoppard Md,Caroll & Brown Limited,Unclear,"Dorling Kindersley Limited, London","[""English""]",Obscene / Immoral Publications,Erotic/Immoral Content,"Akta Mesin Cetak Dan Penerbitan, 1984",Kemoralan,
Story Of O,1994-09-15,1994,P.U. (A) 350,Printed Documents,Pauline Reagt,"Book-Of-The-Month Club By Arrangement With Blue Moon Book, Inc",Foreign,,"[""English""]",Obscene / Immoral Publications,Erotic/Immoral Content,"Akta Mesin Cetak Dan Penerbitan, 1984",Kemoralan,
Tangkap Basah (Dakapan Dosa),1994-11-17,1994,P.U. (A) 460,Printed Documents,Jufrei Jantan,Toko Buku Farook Jabbar,Local,Majujaya Indah,"[""Malay""]",Obscene / Immoral Publications,Erotic/Immoral Content,"Akta Mesin Cetak Dan Penerbitan, 1984",Kemoralan,
Gelora Hidup,1994-11-17,1994,P.U. (A) 460,Printed Documents,,Penerbitan Keramat Sdn. Bhd.,Local,Percetakan Datuk Keramat Sdn. Bhd.,"[""Malay""]",Obscene / Immoral Publications,Erotic/Immoral Content,"Akta Mesin Cetak Dan Penerbitan, 1984",Kemoralan,
Nikmat Hidup Kota Raya,1994-11-17,1994,P.U. (A) 460,Printed Documents,Zek Azzan,Penerbit Samudra,Local,Waja Jaya Enterprise,"[""Malay""]",Obscene / Immoral Publications,Erotic/Immoral Content,"Akta Mesin Cetak Dan Penerbitan, 1984",Kemoralan,
Majalah Cinta (Love Biweekly),1995-09-07,1995,P.U. (A) 312,Printed Documents,Voon Ho Yin,Yoke Wong Chew Publishing Group,Unclear,Tai Yip (Hong Kong) Sdn. Bhd.,"[""Chinese""]",Obscene / Immoral Publications,Erotic/Immoral Content,"Akta Mesin Cetak Dan Penerbitan, 1984",Kemoralan,
Panduan Ringkas Mengenai Seks (Pocket Sex Guide),1995-09-07,1995,P.U. (A) 314,Printed Documents,Anne Hooper / Lee Ai Min,Wan Li Book Company Limited,Unclear,Ngai Kong Printing Co. Ltd.,"[""Chinese""]",Obscene / Immoral Publications,Erotic/Immoral Content,"Akta Mesin Cetak Dan Penerbitan, 1984",Kemoralan,
Mata Tengah Malam (Midnight Eye),1995-09-07,1995,P.U. (A) 312,Printed Documents,Buichi Terasawa,Tong Li Publication Co. Ltd.,Unclear,Kai Leong Publishing Reality Ltd. Co.,"[""Chinese""]",Obscene / Immoral Publications,Erotic/Immoral Content,"Akta Mesin Cetak Dan Penerbitan, 1984",Kemoralan,
Godaan (Temptation),1995-09-07,1995,P.U. (A) 314,Printed Documents,,Published In Hong Kong,Foreign,,"[""Chinese""]",Obscene / Immoral Publications,Erotic/Immoral Content,"Akta Mesin Cetak Dan Penerbitan, 1984",Kemoralan,
Cik Pencuri (Miss Thief),1995-09-07,1995,P.U. (A) 312,Printed Documents,,,Unclear,,"[""Chinese""]",Obscene / Immoral Publications,Erotic/Immoral Content,"Akta Mesin Cetak Dan Penerbitan, 1984",Kemoralan,
Mingguan Pop (Features),1995-09-07,1995,P.U. (A) 312,Printed Documents,,,Unclear,,"[""Chinese""]",Obscene / Immoral Publications,Erotic/Immoral Content,"Akta Mesin Cetak Dan Penerbitan, 1984",Kemoralan,
Percintaan Pasangan (The Lustful Couple),1995-09-07,1995,P.U. (A) 312,Printed Documents,,,Unclear,,"[""Chinese""]",Obscene / Immoral Publications,Erotic/Immoral Content,"Akta Mesin Cetak Dan Penerbitan, 1984",Kemoralan,
Percintaan Malam Pertama (First Night Love),1995-09-07,1995,P.U. (A) 312,Printed Documents,,,Unclear,,"[""Chinese""]",Obscene / Immoral Publications,Erotic/Immoral Content,"Akta Mesin Cetak Dan Penerbitan, 1984",Kemoralan,
Ciuman Larut Malam (Midnight Kiss),1995-09-07,1995,P.U. (A) 312,Printed Documents,,,Unclear,,"[""Chinese""]",Obscene / Immoral Publications,Erotic/Immoral Content,"Akta Mesin Cetak Dan Penerbitan, 1984",Kemoralan,
Cerita Seks (Dissolute Story),1995-09-07,1995,P.U. (A) 312,Printed Documents,,,Unclear,,"[""Chinese""]",Obscene / Immoral Publications,Erotic/Immoral Content,"Akta Mesin Cetak Dan Penerbitan, 1984",Kemoralan,
Koleksi Gambar-Gambar Ellen Chen (Collection Of Ellen Chen's Photos),1995-09-07,1995,P.U. (A) 312,Printed Documents,,,Unclear,,"[""Chinese""]",Obscene / Immoral Publications,Erotic/Immoral Content,,,
Koleksi Cerita-Cerita Ajaib (Fabulous Stories),1995-09-07,1995,P.U. (A) 312,Printed Documents,,,Unclear,,"[""Chinese""]",Obscene / Immoral Publications,Erotic/Immoral Content,,,
Dunia Berdua-Duaan (A World Of Two Persons),1995-09-07,1995,P.U. (A) 312,Printed Documents,,,Unclear,,"[""Chinese""]",Obscene / Immoral Publications,Erotic/Immoral Content,"Akta Mesin Cetak Dan Penerbitan, 1984",Kemoralan,
Api Membara (Flame),1995-09-07,1995,P.U. (A) 312,Printed Documents,,,Unclear,,"[""Chinese""]",Obscene / Immoral Publications,Erotic/Immoral Content,"Akta Mesin Cetak Dan Penerbitan, 1984",Kemoralan,
Perempuan Yang Gilakan Seks (Lascivious Women),1995-09-07,1995,P.U. (A) 312,Printed Documents,Hsia Fei,,Unclear,,"[""Chinese""]",Obscene / Immoral Publications,Erotic/Immoral Content,"Akta Mesin Cetak Dan Penerbitan, 1984",Kemoralan,
Gadis Berbau Harum (Fragrant Lady),1995-09-07,1995,P.U. (A) 312,Printed Documents,Wei Wei,,Unclear,,"[""Chinese""]",Obscene / Immoral Publications,Erotic/Immoral Content,"Akta Mesin Cetak Dan Penerbitan, 1984",Kemoralan,
Perempuan Gatal (Lustful Maid),1995-09-07,1995,P.U. (A) 312,Printed Documents,Wei Wei,,Unclear,,"[""Chinese""]",Obscene / Immoral Publications,Erotic/Immoral Content,"Akta Mesin Cetak Dan Penerbitan, 1984",Kemoralan,
Wanita Hong Kong Yang Beremah (Spicery Hong Kong Lady),1995-09-07,1995,P.U. (A) 312,Printed Documents,Amiyamia,Jin Fong Publishing Co,Foreign,,"[""Chinese""]",Obscene / Immoral Publications,Erotic/Immoral Content,"Akta Mesin Cetak Dan Penerbitan, 1984",Kemoralan,
Dunia Yang Indah (Wonderful World),1995-09-07,1995,P.U. (A) 312,Printed Documents,,Hong Kong Fei Tat Publishing Group,Foreign,,"[""Chinese""]",Obscene / Immoral Publications,Erotic/Immoral Content,"Akta Mesin Cetak Dan Penerbitan, 1984",Kemoralan,
Suami Impian (Ideal Husband),1995-09-07,1995,P.U. (A) 312,Printed Documents,Lang Ren,Fong Qiao Publishing Co.,Foreign,,"[""Chinese""]",Obscene / Immoral Publications,Erotic/Immoral Content,"Akta Mesin Cetak Dan Penerbitan, 1984",Kemoralan,
Mimpi Musim Bunga (Dream Of Spring),1995-09-07,1995,P.U. (A) 312,Printed Documents,Ai Si,Entertainment Publishing House,Unclear,,"[""Chinese""]",Obscene / Immoral Publications,Erotic/Immoral Content,"Akta Mesin Cetak Dan Penerbitan, 1984",Kemoralan,
Simpang Nafsu (Desire Junction),1995-09-07,1995,P.U. (A) 314,Printed Documents,Ai Si,Entertainment Publishing House,Unclear,Entertainment Publishing House,"[""Chinese""]",Obscene / Immoral Publications,Erotic/Immoral Content,"Akta Mesin Cetak Dan Penerbitan, 1984",Kemoralan,
Gadis Lawa Di Kelab Malam (Beautiful Lady In Night Club),1995-09-07,1995,P.U. (A) 314,Printed Documents,Ai Si,Entertainment Publishing House,Unclear,Entertainment Publishing House,"[""Chinese""]",Obscene / Immoral Publications,Erotic/Immoral Content,"Akta Mesin Cetak Dan Penerbitan, 1984",Kemoralan,
Berpeluk-Pelukan (Embracing),1995-09-07,1995,P.U. (A) 314,Printed Documents,Ai Si,Entertainment Publishing House,Unclear,Entertainment Publishing House,"[""Chinese""]",Obscene / Immoral Publications,Erotic/Immoral Content,"Akta Mesin Cetak Dan Penerbitan, 1984",Kemoralan,
Cerita Ghairah (Amorous Story),1995-09-07,1995,P.U. (A) 312,Printed Documents,,Chi Lee Stationary Supplier,Unclear,,"[""Chinese""]",Obscene / Immoral Publications,Erotic/Immoral Content,"Akta Mesin Cetak Dan Penerbitan, 1984",Kemoralan,
Kisah Gadis Ibu Kota (City Girl),1995-09-28,1995,P.U. (A) 334,Printed Documents,,,Unclear,,"[""Chinese""]",Obscene / Immoral Publications,Erotic/Immoral Content,"Akta Mesin Cetak Dan Penerbitan, 1984",Kemoralan,
Maksiat (Sins),1995-09-28,1995,P.U. (A) 334,Printed Documents,,,Unclear,,"[""Chinese""]",Obscene / Immoral Publications,Erotic/Immoral Content,"Akta Mesin Cetak Dan Penerbitan, 1984",Kemoralan,
Kisah Musim Bunga (Beautiful Spring),1995-09-28,1995,P.U. (A) 334,Printed Documents,,,Unclear,,"[""Chinese""]",Obscene / Immoral Publications,Erotic/Immoral Content,"Akta Mesin Cetak Dan Penerbitan, 1984",Kemoralan,
Kisah Dunia Keluaran Khas (World Story Special Edition),1995-09-28,1995,P.U. (A) 334,Printed Documents,,,Unclear,,"[""Chinese""]",Obscene / Immoral Publications,Erotic/Immoral Content,"Akta Mesin Cetak Dan Penerbitan, 1984",Kemoralan,
Perempuan Gasang (Wanton Girl),1995-09-28,1995,P.U. (A) 334,Printed Documents,,,Unclear,,"[""Chinese""]",Obscene / Immoral Publications,Erotic/Immoral Content,"Akta Mesin Cetak Dan Penerbitan, 1984",Kemoralan,
Cerita Hantu (Ghost Story),1995-09-28,1995,P.U. (A) 334,Printed Documents,,"Kong See Producing Co. Ltd.,",Foreign,"Thye Yip (Hong Kong) Co. Ltd.,","[""Chinese""]",Obscene / Immoral Publications,Erotic/Immoral Content,"Akta Mesin Cetak Dan Penerbitan, 1984",Kemoralan,
Pesolek Hangat (Hot Girl Beautician),1995-09-28,1995,P.U. (A) 334,Printed Documents,,Chung Tuck Publishing Co.,Unclear,Chung Tuck Printing Co. Ltd.,"[""Chinese""]",Obscene / Immoral Publications,Erotic/Immoral Content,"Akta Mesin Cetak Dan Penerbitan, 1984",Kemoralan,
Hustle Volume 15 Number 8 February,1995-09-28,1995,P.U. (A) 333,Printed Documents,Larry Flynt,"Hustler Magazine Inc.,",Foreign,,"[""English""]",Obscene / Immoral Publications,Erotic/Immoral Content,"Akta Mesin Cetak Dan Penerbitan, 1984",Kemoralan,
Genesis January 1990,1995-09-28,1995,P.U. (A) 333,Printed Documents,Joseph Kelleher,Atrium Multi-Media Corp.,Foreign,,"[""English""]",Obscene / Immoral Publications,Erotic/Immoral Content,"Akta Mesin Cetak Dan Penerbitan, 1984",Kemoralan,Genesis Adult Magazine
Mingguan Kekasih (Lovers' Weekly),1995-09-29,1995,P.U. (A) 312,Printed Documents,,Freeman Holdings Ltd.,Foreign,You Sheng International Printing Ltd. Co.,"[""Chinese""]",Obscene / Immoral Publications,Erotic/Immoral Content,"Akta Mesin Cetak Dan Penerbitan, 1984",Kemoralan,
"Muzik Untuk Orang Dewasa Jld. 1,2,3 (Music For Adults Vol. 1,2,3)",1996-01-11,1996,P.U. (A) 9,Audio/Recordings,,Taipei Eternal Records & Cassettes Co. Ltd,Foreign,Percetakan Perusahaan Berjasa,"[""Chinese""]",Obscene / Immoral Publications,Erotic/Immoral Content,"Akta Mesin Cetak Dan Penerbitan, 1984",Kemoralan,
Gadis Berdada Besar (The Girl With Big Bosom),1996-02-15,1996,P.U. (A) 66,Printed Documents,,Vega Publishing House,Foreign,,"[""Chinese""]",Obscene / Immoral Publications,Erotic/Immoral Content,"Akta Mesin Cetak Dan Penerbitan, 1984",Kemoralan,
Gadis Lacur (Erotic Girl),1996-02-15,1996,P.U. (A) 66,Printed Documents,,New Eastern Publishing,Foreign,,"[""Chinese""]",Obscene / Immoral Publications,Erotic/Immoral Content,"Akta Mesin Cetak Dan Penerbitan, 1984",Kemoralan,
Anak Dara Yang Miang (Lewd Virgin),1996-02-15,1996,P.U. (A) 66,Printed Documents,,,Unclear,,"[""Chinese""]",Obscene / Immoral Publications,Erotic/Immoral Content,"Akta Mesin Cetak Dan Penerbitan, 1984",Kemoralan,
Gadis Miang,1996-02-15,1996,P.U. (A) 66,Printed Documents,,,Unclear,,"[""Chinese""]",Obscene / Immoral Publications,Erotic/Immoral Content,"Akta Mesin Cetak Dan Penerbitan, 1984",Kemoralan,
Gadis Jelita (Beautiful Girl),1996-02-15,1996,P.U. (A) 66,Printed Documents,,,Unclear,,"[""Chinese""]",Obscene / Immoral Publications,Erotic/Immoral Content,"Akta Mesin Cetak Dan Penerbitan, 1984",Kemoralan,
Gadis Hangat 95 (95 Hot Girl),1996-02-15,1996,P.U. (A) 66,Printed Documents,,,Unclear,,"[""Chinese""]",Obscene / Immoral Publications,Erotic/Immoral Content,"Akta Mesin Cetak Dan Penerbitan, 1984",Kemoralan,
Cerita-Cerita Lucah (Lewd Stories),1996-02-15,1996,P.U. (A) 67,Printed Documents,,,Unclear,,"[""Chinese""]",Obscene / Immoral Publications,Erotic/Immoral Content,"Akta Mesin Cetak Dan Penerbitan, 1984",Kemoralan,
No. 1 Abalone,1996-02-15,1996,P.U. (A) 67,Printed Documents,,,Unclear,,"[""Chinese""]",Obscene / Immoral Publications,Erotic/Immoral Content,"Akta Mesin Cetak Dan Penerbitan, 1984",Kemoralan,
Kupu-Kupu (Butterfly),1996-02-15,1996,P.U. (A) 67,Printed Documents,,,Unclear,,"[""Chinese""]",Obscene / Immoral Publications,Erotic/Immoral Content,"Akta Mesin Cetak Dan Penerbitan, 1984",Kemoralan,
Kisah Seorang Gadis Yang Miang(Stories Of A Lewd Girl),1996-02-15,1996,P.U. (A) 67,Printed Documents,,,Unclear,,"[""Chinese""]",Obscene / Immoral Publications,Erotic/Immoral Content,,,
Maksiat (Vices),1996-02-15,1996,P.U. (A) 67,Printed Documents,Xiang Li Hang,,Unclear,,"[""Chinese""]",Obscene / Immoral Publications,Erotic/Immoral Content,"Akta Mesin Cetak Dan Penerbitan, 1984",Kemoralan,
Miang (Lascivious),1996-02-15,1996,P.U. (A) 67,Printed Documents,,,Unclear,,"[""Chinese""]",Obscene / Immoral Publications,Erotic/Immoral Content,"Akta Mesin Cetak Dan Penerbitan, 1984",Kemoralan,
Pasang Perbani (Spring Tide),1996-02-15,1996,P.U. (A) 66,Printed Documents,,"Mad Man Publishing House,",Foreign,Wah Hin Commercial,"[""Chinese""]",Obscene / Immoral Publications,Erotic/Immoral Content,"Akta Mesin Cetak Dan Penerbitan, 1984",Kemoralan,
Genit (Coquette),1996-02-15,1996,P.U. (A) 66,Printed Documents,,Jing Fa Publishing House,Foreign,,"[""Chinese""]",Obscene / Immoral Publications,Erotic/Immoral Content,"Akta Mesin Cetak Dan Penerbitan, 1984",Kemoralan,
Percintaan Di Tahun Baru (Love Stories),1996-02-15,1996,P.U. (A) 66,Printed Documents,,Jade Dynasty Publishing Group,Foreign,"Tye Yap (Hong Kong) Co.Ltd.,","[""Chinese""]",Obscene / Immoral Publications,Erotic/Immoral Content,"Akta Mesin Cetak Dan Penerbitan, 1984",Kemoralan,
Mengintai Melalui Lubang Kunci (Peeping Through The Key-Hole),1996-02-15,1996,P.U. (A) 67,Printed Documents,Jin Hua Sheng,Interesting Publishing House,Foreign,,"[""Chinese""]",Obscene / Immoral Publications,Erotic/Immoral Content,"Akta Mesin Cetak Dan Penerbitan, 1984",Kemoralan,
Catatan Rahsia Perempuan Terkenal (Private Record Of A Famous Lady),1996-02-15,1996,P.U. (A) 67,Printed Documents,Jin Hua Sheng,Interesting Publishing House,Foreign,,"[""Chinese""]",Obscene / Immoral Publications,Erotic/Immoral Content,"Akta Mesin Cetak Dan Penerbitan, 1984",Kemoralan,
Bujang Dan Janda (Bachelor And Widow),1996-02-15,1996,P.U. (A) 67,Printed Documents,Jin Hua Sheng,Interesting Publishing House,Foreign,,"[""Chinese""]",Obscene / Immoral Publications,Erotic/Immoral Content,"Akta Mesin Cetak Dan Penerbitan, 1984",Kemoralan,
Kisah Cemburu (Jealous Love Affair),1996-02-15,1996,P.U. (A) 67,Printed Documents,Jin Hua Sheng,Interesting Publishing House,Foreign,,"[""Chinese""]",Obscene / Immoral Publications,Erotic/Immoral Content,"Akta Mesin Cetak Dan Penerbitan, 1984",Kemoralan,
Keseronikan Di Tepi Katil (Bedside Strange Stories),1996-02-15,1996,P.U. (A) 67,Printed Documents,Jin Hua Sheng,Interesting Publishing House,Foreign,,"[""Chinese""]",Obscene / Immoral Publications,Erotic/Immoral Content,"Akta Mesin Cetak Dan Penerbitan, 1984",Kemoralan,
Playboy,1996-02-15,1996,P.U. (A) 67,Printed Documents,Jin Hua Sheng,Interesting Publishing House,Foreign,,"[""Chinese""]",Obscene / Immoral Publications,Erotic/Immoral Content,"Akta Mesin Cetak Dan Penerbitan, 1984",Kemoralan,
Wanita Molek Yang Tak Normal (An Abnormal Beautiful Lady),1996-02-15,1996,P.U. (A) 67,Printed Documents,Jin Hua Sheng,Interesting Publishing House,Foreign,,"[""Chinese""]",Obscene / Immoral Publications,Erotic/Immoral Content,"Akta Mesin Cetak Dan Penerbitan, 1984",Kemoralan,
Kutipan Cerita Jenaka Lelaki Dan Perempuan (Collection Of Humorous Jokes),1996-02-15,1996,P.U. (A) 67,Printed Documents,Shi Ma Chang Feng,Humorous Literature Publishing House,Foreign,,"[""Chinese""]",Obscene / Immoral Publications,Erotic/Immoral Content,"Akta Mesin Cetak Dan Penerbitan, 1984",Kemoralan,
Laporan Eksklusif (Exclusive Report),1996-02-15,1996,P.U. (A) 66,Printed Documents,,House Magazine,Foreign,,"[""Chinese""]",Obscene / Immoral Publications,Erotic/Immoral Content,"Akta Mesin Cetak Dan Penerbitan, 1984",Kemoralan,
Ombak Panas (Hot Wave),1996-02-15,1996,P.U. (A) 66,Printed Documents,,Hong Kong World Publishing,Foreign,,"[""Chinese""]",Obscene / Immoral Publications,Erotic/Immoral Content,"Akta Mesin Cetak Dan Penerbitan, 1984",Kemoralan,
Seni Fotografi Badan Manusia (Photography Of Human Body),1996-02-15,1996,P.U. (A) 67,Printed Documents,Quan Hui Hua,Guan Lun Publishing House,Foreign,,"[""Chinese""]",Obscene / Immoral Publications,Erotic/Immoral Content,"Akta Mesin Cetak Dan Penerbitan, 1984",Kemoralan,
Majalah Gembira (Joy Magazine),1996-02-15,1996,P.U. (A) 66,Printed Documents,,Gong Bao Publishing House,Foreign,"Gong Bao Printing Co.,","[""Chinese""]",Obscene / Immoral Publications,Erotic/Immoral Content,"Akta Mesin Cetak Dan Penerbitan, 1984",Kemoralan,
Cerpen Tentang Seorang Wanita Yang Hebat (Short Stories Of A Lewd Girl),1996-02-15,1996,P.U. (A) 67,Printed Documents,,Everyday Publishing Co. Ltd.,Foreign,,"[""Chinese""]",Obscene / Immoral Publications,Erotic/Immoral Content,"Akta Mesin Cetak Dan Penerbitan, 1984",Kemoralan,
Dataran Kegembiraan (Joyous Square),1996-02-15,1996,P.U. (A) 66,Printed Documents,,Eastern Sun Publishing Co.Ltd.,Foreign,,"[""Chinese""]",Obscene / Immoral Publications,Erotic/Immoral Content,"Akta Mesin Cetak Dan Penerbitan, 1984",Kemoralan,
Catatan Ajaib (Record Of Strange Events),1996-02-15,1996,P.U. (A) 66,Printed Documents,,Eastern Publishing Co.Ltd,Foreign,,"[""Chinese""]",Obscene / Immoral Publications,Erotic/Immoral Content,"Akta Mesin Cetak Dan Penerbitan, 1984",Kemoralan,
Majalah Dunia (World Magazine),1996-02-15,1996,P.U. (A) 66,Printed Documents,,China Investment Co. Ltd,Foreign,China Printing Co.,"[""Chinese""]",Obscene / Immoral Publications,Erotic/Immoral Content,"Akta Mesin Cetak Dan Penerbitan, 1984",Kemoralan,
Wanita Pejabat,1997-02-06,1997,P.U. (A) 55,Printed Documents,Jotsukasa Yamaguchi,Kwong Hung International Co. Ltd.,Foreign,,"[""Chinese""]",Obscene / Immoral Publications,Erotic/Immoral Content,"Akta Mesin Cetak Dan Penerbitan, 1984",Kemoralan,
Ooeru Gumi,1997-02-06,1997,P.U. (A) 55,Printed Documents,Yoshito Usui,Yellow Wing Ltd.,Foreign,,"[""Chinese""]",Obscene / Immoral Publications,Erotic/Immoral Content,"Akta Mesin Cetak Dan Penerbitan, 1984",Kemoralan,"Office Lady Gumi, Yoshito Usui's (Shin Chan's Author) Earlier Works. About Office Lady Life And Contain Some Adult Sexual Humour."
Anbaran Suzon,1997-02-06,1997,P.U. (A) 55,Printed Documents,Yoshito Usui,Yellow Wing Ltd.,Foreign,,"[""Chinese""]",Obscene / Immoral Publications,Erotic/Immoral Content,"Akta Mesin Cetak Dan Penerbitan, 1984",Kemoralan,A Bit Of Search On Japanese Wikipedia Shows The Existence Of Sex Humour
Bom Kasut Tumit Tinggi,1997-02-06,1997,P.U. (A) 55,Printed Documents,Mitsuhiro Kasuga,Tong Li Publishing Co. Ltd.,Foreign,Jia Liang Printing Enterprise Co. Ltd.,"[""Chinese""]",Obscene / Immoral Publications,Erotic/Immoral Content,"Akta Mesin Cetak Dan Penerbitan, 1984",Kemoralan,
Teman 18,1997-02-06,1997,P.U. (A) 55,Printed Documents,Jotsukasa Yamaguchi,Ngan Hong Investment Co. Ltd,Foreign,Fei Fan Printing Factory,"[""Chinese""]",Obscene / Immoral Publications,Erotic/Immoral Content,"Akta Mesin Cetak Dan Penerbitan, 1984",Kemoralan,
Gigolo,1997-02-06,1997,P.U. (A) 55,Printed Documents,,,Foreign,,"[""Chinese""]",Obscene / Immoral Publications,Erotic/Immoral Content,"Akta Mesin Cetak Dan Penerbitan, 1984",Kemoralan,
Lelaki Misteri,1997-02-06,1997,P.U. (A) 55,Printed Documents,,,Foreign,,"[""Chinese""]",Obscene / Immoral Publications,Erotic/Immoral Content,"Akta Mesin Cetak Dan Penerbitan, 1984",Kemoralan,
Kutu Embun,1997-02-06,1997,P.U. (A) 55,Printed Documents,,,Foreign,,"[""Chinese""]",Obscene / Immoral Publications,Erotic/Immoral Content,"Akta Mesin Cetak Dan Penerbitan, 1984",Kemoralan,
Pejuang Wanita,1997-02-06,1997,P.U. (A) 55,Printed Documents,,Hong Kong Giant Publisher,Foreign,,"[""Chinese""]",Obscene / Immoral Publications,Erotic/Immoral Content,"Akta Mesin Cetak Dan Penerbitan, 1984",Kemoralan,
Crazy Girl,1998-12-24,1998,P.U. (A) 474,Printed Documents,Yamamoto Aki,Hong Kei Book Co.,Unclear,,"[""Chinese""]",Obscene / Immoral Publications,Erotic/Immoral Content,,,
Kelab Tidak Bermoral,1998-12-24,1998,P.U. (A) 474,Printed Documents,Yu Shiki,Zhong Yuen Hong Kei Book Co.,Foreign,,"[""Chinese""]",Obscene / Immoral Publications,Erotic/Immoral Content,"Akta Mesin Cetak Dan Penerbitan, 1984",Kemoralan,
Cintaiku Dengan Penuh Mesra,1998-12-24,1998,P.U. (A) 474,Printed Documents,Mikeo Kawasaki/Lin Mu Chi,U-Home Publishing House,Foreign,,"[""Chinese""]",Obscene / Immoral Publications,Erotic/Immoral Content,"Akta Mesin Cetak Dan Penerbitan, 1984",Kemoralan,
Pencuri Yang Bernama Tao Si Lang,1998-12-24,1998,P.U. (A) 474,Printed Documents,Reo Takaoka/Chen Yi Jun,Tong Li Publishing Co. Ltd.,Foreign,Jia Liang Printing Enterprise Co. Ltd.,"[""Chinese""]",Obscene / Immoral Publications,Erotic/Immoral Content,"Akta Mesin Cetak Dan Penerbitan, 1984",Kemoralan,
Offered,1998-12-24,1998,P.U. (A) 474,Printed Documents,Kazuo Koike,Tong Li Publishing Co. Ltd.,Foreign,,"[""Chinese""]",Obscene / Immoral Publications,Erotic/Immoral Content,"Akta Mesin Cetak Dan Penerbitan, 1984",Kemoralan,
Jeritan Wao Itsusei,1998-12-24,1998,P.U. (A) 474,Printed Documents,Kazuo Koike/Chen Zhen Guo,Tian Feng Publishing House,Foreign,Ming Yi Printing Co. Ltd.,"[""Chinese""]",Obscene / Immoral Publications,Erotic/Immoral Content,"Akta Mesin Cetak Dan Penerbitan, 1984",Kemoralan,
Lelaki Yang Dahagakan Seks,1998-12-24,1998,P.U. (A) 474,Printed Documents,Kazuo Koike,Nan Qi Publishing House,Foreign,,"[""Chinese""]",Obscene / Immoral Publications,Erotic/Immoral Content,"Akta Mesin Cetak Dan Penerbitan, 1984",Kemoralan,
Perempuan Yang Dahagakan Seks,1998-12-24,1998,P.U. (A) 474,Printed Documents,Keigo Izuki,Nan Qi Publishing House,Foreign,,"[""Chinese""]",Obscene / Immoral Publications,Erotic/Immoral Content,"Akta Mesin Cetak Dan Penerbitan, 1984",Kemoralan,
Awake,1998-12-24,1998,P.U. (A) 474,Printed Documents,Ohsawa Arimasa,Nan Qi Publishing House,Foreign,,"[""Chinese""]",Obscene / Immoral Publications,Erotic/Immoral Content,"Akta Mesin Cetak Dan Penerbitan, 1984",Kemoralan,
Tukang Jahit Coli Yang Handal,1998-12-24,1998,P.U. (A) 474,Printed Documents,Yumitsuki Hitari,,Foreign,,"[""Chinese""]",Obscene / Immoral Publications,Erotic/Immoral Content,"Akta Mesin Cetak Dan Penerbitan, 1984",Kemoralan,
Moonlight Magic,1998-12-24,1998,P.U. (A) 474,Printed Documents,Shinobu Arimura,,Foreign,,"[""Chinese""]",Obscene / Immoral Publications,Erotic/Immoral Content,"Akta Mesin Cetak Dan Penerbitan, 1984",Kemoralan,
Blue Butterfly Fish,1998-12-24,1998,P.U. (A) 474,Printed Documents,Shou Kitagawa,Li Qun Publishing House,Foreign,,"[""Chinese""]",Obscene / Immoral Publications,Erotic/Immoral Content,"Akta Mesin Cetak Dan Penerbitan, 1984",Kemoralan,
Percintaan Yang Hidup Semula,1998-12-24,1998,P.U. (A) 474,Printed Documents,Mikeo Kawasaki,Li Hua Publishing House,Foreign,,"[""Chinese""]",Obscene / Immoral Publications,Erotic/Immoral Content,"Akta Mesin Cetak Dan Penerbitan, 1984",Kemoralan,
Mimpi Seorang Perempuan Simpanan,1998-12-24,1998,P.U. (A) 474,Printed Documents,,Li Hua Publishing House,Foreign,,"[""Chinese""]",Obscene / Immoral Publications,Erotic/Immoral Content,"Akta Mesin Cetak Dan Penerbitan, 1984",Kemoralan,
Big Playman,1998-12-24,1998,P.U. (A) 474,Printed Documents,Wu Zao Min,King's Fountain Ltd.,Foreign,King's Fountain Ltd.,"[""Chinese""]",Obscene / Immoral Publications,Erotic/Immoral Content,"Akta Mesin Cetak Dan Penerbitan, 1984",Kemoralan,
Cerita Hantu Hao Yi,1998-12-24,1998,P.U. (A) 474,Printed Documents,Liang Yun Bang,King's Fountain Ltd.,Foreign,King's Fountain Ltd.,"[""Chinese""]",Obscene / Immoral Publications,Erotic/Immoral Content,"Akta Mesin Cetak Dan Penerbitan, 1984",Kemoralan,
Sweet Temptation,1998-12-24,1998,P.U. (A) 474,Printed Documents,Seki Masaru,Kabushiki Kaisha Soryusha,Foreign,,"[""Chinese""]",Obscene / Immoral Publications,Erotic/Immoral Content,"Akta Mesin Cetak Dan Penerbitan, 1984",Kemoralan,
Yoshiwara Night,1998-12-24,1998,P.U. (A) 474,Printed Documents,Senno-Knife/Zhang Chao Xin,Hunter Comics,Foreign,Tian Mao Printing Co. Ltd,"[""Chinese""]",Obscene / Immoral Publications,Erotic/Immoral Content,"Akta Mesin Cetak Dan Penerbitan, 1984",Kemoralan,
Arnab,1998-12-24,1998,P.U. (A) 474,Printed Documents,Kazuo Koike,Gao Deng Publishing House,Foreign,Huang Fu Printing Co. Ltd.,"[""Chinese""]",Obscene / Immoral Publications,Erotic/Immoral Content,,,
Yokohama Homeros,1998-12-24,1998,P.U. (A) 474,Printed Documents,Kazuo Koike/Li Zhen Ni,Freeman Holdings Ltd,Foreign,Yao Sheng International Printing Co. Ltd,"[""Chinese""]",Obscene / Immoral Publications,Erotic/Immoral Content,"Akta Mesin Cetak Dan Penerbitan, 1984",Kemoralan,"Erotic, Gore And Sexual Violence"
Mahou De Sudden Death,1998-12-24,1998,P.U. (A) 474,Printed Documents,Masakazu Yamaguchi/Zhong Weiguang,Freeman Holdings Ltd,Foreign,Yao Sheng International Printing Co. Ltd,"[""Chinese""]",Obscene / Immoral Publications,Erotic/Immoral Content,"Akta Mesin Cetak Dan Penerbitan, 1984",Kemoralan,Ecchi ( Sexual Content But Not Really Pornography )
Pendekar Lelaki,1998-12-24,1998,P.U. (A) 474,Printed Documents,Kazuo Koike,Da Han Publishing House,Foreign,Ming Yi Printing Co. Ltd.,"[""Chinese""]",Obscene / Immoral Publications,Erotic/Immoral Content,"Akta Mesin Cetak Dan Penerbitan, 1984",Kemoralan,Most Probably Gore
Peperangan Patriotik,1998-12-24,1998,P.U. (A) 474,Printed Documents,Kazuo Koike,Da Han Publishing House,Foreign,Ming Yi Printing Co. Ltd.,"[""Chinese""]",Obscene / Immoral Publications,Erotic/Immoral Content,"Akta Mesin Cetak Dan Penerbitan, 1984",Kemoralan,Listed As Erotica AND Gore In Mangadex
Gokutsubushi,1999-09-02,1999,P.U. (A) 376,Printed Documents,Tsuchiyama Shigeru / Wang Li Xing,Wei Xiang Publishing House,Unclear,,"[""Chinese""]",Obscene / Immoral Publications,Erotic/Immoral Content,"Akta Mesin Cetak Dan Penerbitan, 1984",Kemoralan,
The Cop,1999-09-02,1999,P.U. (A) 376,Printed Documents,Kowariyo,Tian Feng Publishing House,Unclear,Ming Yi Printing Co. Ltd.,"[""Chinese""]",Obscene / Immoral Publications,Erotic/Immoral Content,"Akta Mesin Cetak Dan Penerbitan, 1984",Kemoralan,
Shuffle,1999-09-02,1999,P.U. (A) 376,Printed Documents,,,Unclear,,"[""Chinese""]",Obscene / Immoral Publications,Erotic/Immoral Content,"Akta Mesin Cetak Dan Penerbitan, 1984",Kemoralan,
Show!,1999-09-02,1999,P.U. (A) 376,Printed Documents,Kenichi Kotani,Lin Li Publishing House,Foreign,Ming Yi Printing Co. Ltd.,"[""Chinese""]",Obscene / Immoral Publications,Erotic/Immoral Content,"Akta Mesin Cetak Dan Penerbitan, 1984",Kemoralan,
Kachiri,1999-09-02,1999,P.U. (A) 376,Printed Documents,Tadashi Kato,Tong Li Publishing Co. Ltd.,Foreign,Jia Liang Printing Enterprise Co. Ltd.,"[""Chinese""]",Obscene / Immoral Publications,Erotic/Immoral Content,"Akta Mesin Cetak Dan Penerbitan, 1984",Kemoralan,
Kerani Jepun,1999-09-02,1999,P.U. (A) 376,Printed Documents,Kazuo Koike,Nan Qi Publishing House,Foreign,,"[""Chinese""]",Obscene / Immoral Publications,Erotic/Immoral Content,"Akta Mesin Cetak Dan Penerbitan, 1984",Kemoralan,
Pencari Emas,1999-09-02,1999,P.U. (A) 376,Printed Documents,Kazuo Koike,Nan Qi Publishing House,Foreign,,"[""Chinese""]",Obscene / Immoral Publications,Erotic/Immoral Content,"Akta Mesin Cetak Dan Penerbitan, 1984",Kemoralan,
Zaman Chionan,1999-09-02,1999,P.U. (A) 376,Printed Documents,Kazuo Keiko,Da Han Publishing House,Foreign,Ming Yi Printing Co. Ltd.,"[""Chinese""]",Obscene / Immoral Publications,Erotic/Immoral Content,"Akta Mesin Cetak Dan Penerbitan, 1984",Kemoralan,
Lelaki Bernilai = 10 Bilion,1999-09-02,1999,P.U. (A) 376,Printed Documents,Kunitomo Yasuyuki,Da Han Publishing House,Foreign,Ming Yi Printing Co. Ltd.,"[""Chinese""]",Obscene / Immoral Publications,Erotic/Immoral Content,"Akta Mesin Cetak Dan Penerbitan, 1984",Kemoralan,
The Body,1999-12-30,1999,P.U. (A) 517,Printed Documents,William A.Ewing,Chronide Books,Foreign,,"[""English""]",Obscene / Immoral Publications,Erotic/Immoral Content,"Akta Mesin Cetak Dan Penerbitan, 1984",Kemoralan,
The Sex Box,1999-12-30,1999,P.U. (A) 517,Printed Documents,Anonymous,Chronide Books,Foreign,,"[""English""]",Obscene / Immoral Publications,Erotic/Immoral Content,"Akta Mesin Cetak Dan Penerbitan, 1984",Kemoralan,
Graphic Photo 95,1999-12-30,1999,P.U. (A) 517,Printed Documents,Heinke Jenssen & Annetta Crandall,"B. Martin Pepersen Zurich,",Unclear,,"[""English""]",Obscene / Immoral Publications,Erotic/Immoral Content,"Akta Mesin Cetak Dan Penerbitan, 1984",Kemoralan,
Hasselbland Austrian Super Circuit '96,1999-12-30,1999,P.U. (A) 517,Printed Documents,,,Foreign,,"[""English""]",Obscene / Immoral Publications,Erotic/Immoral Content,"Akta Mesin Cetak Dan Penerbitan, 1984",Kemoralan,
Love-The Celebrations In Art Literature,1999-12-30,1999,P.U. (A) 517,Printed Documents,Jane Lahr Dan Lena Taburi,"Stewart, Tabori & Chang",Foreign,"Toppan Printing Co. Ltd.,","[""English""]",Obscene / Immoral Publications,Erotic/Immoral Content,"Akta Mesin Cetak Dan Penerbitan, 1984",Kemoralan,
Sex A Man Guide,1999-12-30,1999,P.U. (A) 517,Printed Documents,,"Stefan Bechtec, Laurence Roy Stains",Foreign,,"[""English""]",Obscene / Immoral Publications,Erotic/Immoral Content,"Akta Mesin Cetak Dan Penerbitan, 1984",Kemoralan,
The Male Sexual Machine: An Owner's Manual,1999-12-30,1999,P.U. (A) 517,Printed Documents,Kenneth Puruis,St. Martin's Press,Foreign,,"[""English""]",Obscene / Immoral Publications,Erotic/Immoral Content,"Akta Mesin Cetak Dan Penerbitan, 1984",Kemoralan,
His Secret Life,1999-12-30,1999,P.U. (A) 517,Printed Documents,Bob Berkowitz,"Simon & Schuster New Yorks, Ny 10020",Foreign,,"[""English""]",Obscene / Immoral Publications,Erotic/Immoral Content,"Akta Mesin Cetak Dan Penerbitan, 1984",Kemoralan,
Herotica 4,1999-12-30,1999,P.U. (A) 517,Printed Documents,Marcy Sheiner,"Penguin Group Inc.,",Foreign,,"[""English""]",Obscene / Immoral Publications,Erotic/Immoral Content,"Akta Mesin Cetak Dan Penerbitan, 1984",Kemoralan,
The Complete Kamasutra,1999-12-30,1999,P.U. (A) 517,Printed Documents,Alain Danielou,"Park Street Press Rochester, Vermont",Foreign,,"[""English""]",Obscene / Immoral Publications,Erotic/Immoral Content,"Akta Mesin Cetak Dan Penerbitan, 1984",Kemoralan,
Pinktoes,1999-12-30,1999,P.U. (A) 517,Printed Documents,Chester B. Himes,"Olympia Press,",Foreign,,"[""English""]",Obscene / Immoral Publications,Erotic/Immoral Content,"Akta Mesin Cetak Dan Penerbitan, 1984",Kemoralan,
The Illustrated Kamasutra Ananga-Ananga *Perfume Garden (The Classic Eastern Love Texts),1999-12-30,1999,P.U. (A) 517,Printed Documents,Richard Burton/ F.F Arduthnot,Octopus Illustrated Publishing,Foreign,,"[""English""]",Obscene / Immoral Publications,Erotic/Immoral Content,,,
The Multiorgasmic Man,1999-12-30,1999,P.U. (A) 517,Printed Documents,Mantak Chia Douglas Abrams Arava,"Harper Coluns Publisher,",Foreign,,"[""English""]",Obscene / Immoral Publications,Erotic/Immoral Content,"Akta Mesin Cetak Dan Penerbitan, 1984",Kemoralan,
The New Olympia Reader,1999-12-30,1999,P.U. (A) 517,Printed Documents,Maurice Girodias,Grove Press Inc.,Foreign,,"[""English""]",Obscene / Immoral Publications,Erotic/Immoral Content,,,
The Art Of Sexual Magic,1999-12-30,1999,P.U. (A) 517,Printed Documents,Margo Anand,G.P. Putnam's Sons Madison Avenue N.York,Foreign,,"[""English""]",Obscene / Immoral Publications,Erotic/Immoral Content,"Akta Mesin Cetak Dan Penerbitan, 1984",Kemoralan,
Under The Roofs Of Paris,1999-12-30,1999,P.U. (A) 517,Printed Documents,Henry Miller,"Book Of The Month Club, New York",Foreign,,"[""English""]",Obscene / Immoral Publications,Erotic/Immoral Content,"Akta Mesin Cetak Dan Penerbitan, 1984",Kemoralan,
Candy,1999-12-30,1999,P.U. (A) 517,Printed Documents,Terry Southern/ Mason Hoffen Beg,"Book Of The Month Club, New York",Foreign,,"[""English""]",Obscene / Immoral Publications,Erotic/Immoral Content,"Akta Mesin Cetak Dan Penerbitan, 1984",Kemoralan,
Justine,1999-12-30,1999,P.U. (A) 517,Printed Documents,Marquis De Sade,"Book Of The Month Club, New York",Foreign,,"[""English""]",Obscene / Immoral Publications,Erotic/Immoral Content,"Akta Mesin Cetak Dan Penerbitan, 1984",Kemoralan,
The Carnal Prayer Mat,1999-12-30,1999,P.U. (A) 517,Printed Documents,Li Yu / Richard Martin,Blue Moon Books Inc.,Foreign,Usa,"[""English""]",Obscene / Immoral Publications,Erotic/Immoral Content,"Akta Mesin Cetak Dan Penerbitan, 1984",Kemoralan,
Wartawan Samseng,2000-02-02,2000,P.U. (A) 82,Printed Documents,Tetsuya Endo,"Lin Li Publishing House,Taipei",Foreign,Ming Yi Printing Co.Ltd.,"[""Chinese""]",Obscene / Immoral Publications,Erotic/Immoral Content,"Akta Mesin Cetak Dan Penerbitan, 1984",Kemoralan,Cant Find Info
Lady Chatterley's Lover,2000-05-18,2000,P.U. (A) 173,Printed Documents,D.H. Lawrence,,Foreign,,"[""Chinese""]",Obscene / Immoral Publications,Erotic/Immoral Content,,,
Rapsodi Cahaya Bulan,2000-06-08,2000,P.U. (A) 202,Printed Documents,Yasuyuki Kunitomo,,Foreign,Ӡ,"[""Chinese""]",Obscene / Immoral Publications,Erotic/Immoral Content,,,"Moonlight Rhapsody - Opening Theme For Sailor Moon, Kunimoto's Typical Manga Style Often Includes Explicit Sexual Content"
Bini Muda Berumur Enam Belas Tahun,2000-06-08,2000,P.U. (A) 202,Printed Documents,,,Foreign,,"[""Chinese""]",Obscene / Immoral Publications,Erotic/Immoral Content,,,
Watak Seorang Bapa Ayam,2000-06-08,2000,P.U. (A) 202,Printed Documents,,,Foreign,,"[""Chinese""]",Obscene / Immoral Publications,Erotic/Immoral Content,,,
Terjemah Mujarobat Lengkap,2000-08-03,2000,P.U. (A) 286,Printed Documents,Ustadz Abdul Ghoni Asykur Thohir,Pt.Dundia Pustaka Jaya,Foreign,Tintamas Indonesia Djakarta,"[""Malay""]",Obscene / Immoral Publications,Erotic/Immoral Content,"Akta Mesin Cetak Dan Penerbitan, 1984",Ketenteraman Awam,
Glory,2001-01-25,2001,P.U. (A) 20,Printed Documents,Joseph Wang,G&L Publishing Corporation,Foreign,Cheng Xiang Printing Corporation,"[""Chinese""]",Obscene / Immoral Publications,Erotic/Immoral Content,"Akta Mesin Cetak Dan Penerbitan, 1984",Kemoralan,
Gq (Taiwan),2001-01-25,2001,P.U. (A) 20,Printed Documents,James An,Conde Nast China International Cultural Enterprise Co.Ltd,Foreign,Qiu Yu Printing Corporation Enterprise,"[""Chinese""]",Obscene / Immoral Publications,Erotic/Immoral Content,"Akta Mesin Cetak Dan Penerbitan, 1984",Kemoralan,
Australia's Internet Directory,2001-03-22,2001,P.U. (A) 76,Digital/Electronic,Gareth Powell,Powell Magazines Pty Ltd.,Foreign,Offset Alpine Australia,"[""English""]",Obscene / Immoral Publications,Erotic/Immoral Content,"Akta Mesin Cetak Dan Penerbitan, 1984",Kemoralan,
Cinta 100 Ela,2002-04-04,2002,P.U. (A) 127,Printed Documents,Raja Azmi,Talent Prestige Sdn.Bhd.,Local,Istiramai Enterprise Sdn.Bhd,"[""Malay""]",Obscene / Immoral Publications,Erotic/Immoral Content,"Akta Mesin Cetak Dan Penerbitan, 1984",Kemoralan,
Gelora,2002-04-04,2002,P.U. (A) 127,Printed Documents,,Seri Kencana Sdn Bhd,Local,,"[""Malay""]",Obscene / Immoral Publications,Erotic/Immoral Content,"Akta Mesin Cetak Dan Penerbitan, 1984",Kemoralan,
Artis-Artis Bernoda,2002-04-04,2002,P.U. (A) 127,Printed Documents,,,Local,,"[""Malay""]",Obscene / Immoral Publications,Erotic/Immoral Content,"Akta Mesin Cetak Dan Penerbitan, 1984",Kemoralan,
Balasan Dosa,2002-04-04,2002,P.U. (A) 127,Printed Documents,Johan M.Z,Kota Marketing,Local,Suka-Suka Print,"[""Malay""]",Obscene / Immoral Publications,Erotic/Immoral Content,"Akta Mesin Cetak Dan Penerbitan, 1984",Kemoralan,
Hubungan Seks Adik & Kakak,2002-04-04,2002,P.U. (A) 127,Printed Documents,Ahmad Albab,Citra Massa Sdn Bhd,Local,Suka Suka Print,"[""Malay""]",Obscene / Immoral Publications,Erotic/Immoral Content,"Akta Mesin Cetak Dan Penerbitan, 1984",Kemoralan,
Padah Bercina Buta,2002-04-04,2002,P.U. (A) 127,Printed Documents,Ning Baizuka,Citra Massa Sdn Bhd,Local,Suka Suka Print,"[""Malay""]",Obscene / Immoral Publications,Erotic/Immoral Content,"Akta Mesin Cetak Dan Penerbitan, 1984",Kemoralan,
By Hook Or By Crook,2002-09-12,2002,P.U. (A) 383,Printed Documents,Xu Yong Qiang,Syarikat Penerbitan Kuang Ye,Local,Percetakan Upcas Sdn. Bhd,"[""Chinese""]",Obscene / Immoral Publications,Erotic/Immoral Content,"Akta Mesin Cetak Dan Penerbitan, 1984",Ketenteraman Awam,
Burung Berapi,2004-08-26,2004,P.U. (A) 296,Printed Documents,,,Unclear,,"[""Chinese""]",Obscene / Immoral Publications,Erotic/Immoral Content,"Akta Mesin Cetak Dan Penerbitan, 1984",Kemoralan,
Ichiban,2004-08-26,2004,P.U. (A) 296,Printed Documents,Lung Siu Tin,Million Solid Ltd,Unclear,Grand Harvest Paper Products Co,"[""Chinese""]",Obscene / Immoral Publications,Erotic/Immoral Content,"Akta Mesin Cetak Dan Penerbitan, 1984",Kemoralan,
Kama Sastera Ahti Sangkarar (Bhs Tamil),2004-08-26,2004,P.U. (A) 298,Printed Documents,Mathan,Golden Publication,Unclear,,"[""Malay"", ""English""]",Obscene / Immoral Publications,Erotic/Immoral Content,"Akta Mesin Cetak Dan Penerbitan, 1984",Kemoralan,Im Not Sure If This Is Kama Sutra But No Evidence To Point That.
Kama Sastera,2004-08-26,2004,P.U. (A) 298,Printed Documents,Sangkaracharier,Kudumba Nulagam,Foreign,United Bind Graphic Chennai 4,"[""Tamil""]",Obscene / Immoral Publications,Erotic/Immoral Content,"Akta Mesin Cetak Dan Penerbitan, 1984",Kemoralan,
Gadis Jelita,2004-08-26,2004,P.U. (A) 295,Printed Documents,,Xin Cheng Publishing Co.Ltd.,Unclear,,"[""Chinese""]",Obscene / Immoral Publications,Erotic/Immoral Content,"Akta Mesin Cetak Dan Penerbitan, 1984",Kemoralan,
Genit Bandar,2004-08-26,2004,P.U. (A) 295,Printed Documents,,Weng Li Publishing Co. Ltd.,Unclear,,"[""Chinese""]",Obscene / Immoral Publications,Erotic/Immoral Content,"Akta Mesin Cetak Dan Penerbitan, 1984",Kemoralan,
Suki Chan Sau Yu,2004-08-26,2004,P.U. (A) 296,Printed Documents,Ryuji Nishimoto,Wei Yip Publishing House,Unclear,Kam Hong Printing Co.,"[""Chinese""]",Obscene / Immoral Publications,Erotic/Immoral Content,"Akta Mesin Cetak Dan Penerbitan, 1984",Kemoralan,
Peperangan Zaman Moden Antara Lelaki & Perempuan-Wanita Genit,2004-08-26,2004,P.U. (A) 295,Printed Documents,,Wah Kou Commercial Building,Unclear,,"[""Chinese""]",Obscene / Immoral Publications,Erotic/Immoral Content,"Akta Mesin Cetak Dan Penerbitan, 1984",Kemoralan,
Ratu Judi,2004-08-26,2004,P.U. (A) 297,Printed Documents,Madeko Kato/Lin Zhi Cun,Tong Yuan Publishing House,Unclear,Fan Cai Printing Co. Ltd,"[""Chinese""]",Obscene / Immoral Publications,Erotic/Immoral Content,"Akta Mesin Cetak Dan Penerbitan, 1984",Kemoralan,
Tikar-Tikar Jed,2004-08-26,2004,P.U. (A) 297,Printed Documents,Wu Zhao Ming,Sun Empire Creation Ltd.,Unclear,,"[""Chinese""]",Obscene / Immoral Publications,Erotic/Immoral Content,"Akta Mesin Cetak Dan Penerbitan, 1984",Kemoralan,
Gadis Liar Berumur 16 Tahun,2004-08-26,2004,P.U. (A) 295,Printed Documents,,Success Publishing Co. Ltd.,Unclear,Success Publishing Co. Ltd.,"[""Chinese""]",Obscene / Immoral Publications,Erotic/Immoral Content,"Akta Mesin Cetak Dan Penerbitan, 1984",Kemoralan,
Gadis Naif,2004-08-26,2004,P.U. (A) 295,Printed Documents,,Success Publishing Co. Ltd.,Unclear,,"[""Chinese""]",Obscene / Immoral Publications,Erotic/Immoral Content,"Akta Mesin Cetak Dan Penerbitan, 1984",Kemoralan,
Jururawat Gasang,2004-08-26,2004,P.U. (A) 295,Printed Documents,,Quan Long Press Co. Ltd,Unclear,Emperor Printing Co. Ltd.,"[""Chinese""]",Obscene / Immoral Publications,Erotic/Immoral Content,"Akta Mesin Cetak Dan Penerbitan, 1984",Kemoralan,
Gadis Rupawan,2004-08-26,2004,P.U. (A) 295,Printed Documents,,Quan Long Press Co. Ltd,Unclear,Emperor Printing Co. Ltd.,"[""Chinese""]",Obscene / Immoral Publications,Erotic/Immoral Content,"Akta Mesin Cetak Dan Penerbitan, 1984",Kemoralan,
Kisah Miang Gadis Jelita,2004-08-26,2004,P.U. (A) 295,Printed Documents,,Quan Long Press Co. Ltd,Unclear,Emperor Printing Co. Ltd.,"[""Chinese""]",Obscene / Immoral Publications,Erotic/Immoral Content,"Akta Mesin Cetak Dan Penerbitan, 1984",Kemoralan,
Atas Nama Cinta / In The Name Of Love( Lagu),2004-08-26,2004,P.U. (A) 294,Audio/Recordings,Penyanyi -Faye Wong,Pengeluar - Sony Music Entertainment(Taiwan) Ltd.,Foreign,,"[""Chinese""]",Obscene / Immoral Publications,Erotic/Immoral Content,,,"Government Officials Banned The Track Due To The Lyrical References To ""Opium""."
Akasi,2004-08-26,2004,P.U. (A) 296,Printed Documents,,Ngan Hon Development Co. Ltd.,Unclear,Fei Fan Printing Factory,"[""Chinese""]",Obscene / Immoral Publications,Erotic/Immoral Content,"Akta Mesin Cetak Dan Penerbitan, 1984",Kemoralan,
One Night Stand,2004-08-26,2004,P.U. (A) 296,Printed Documents,,Ngan Hon Development Co. Ltd.,Unclear,Fei Fan Printing Factory,"[""Chinese""]",Obscene / Immoral Publications,Erotic/Immoral Content,"AKTA MESIN CETAK DAN PENERBITAN, 1984",Kemoralan,
Gadis Miang,2004-08-26,2004,P.U. (A) 295,Printed Documents,,,Unclear,,"[""Chinese""]",Obscene / Immoral Publications,Erotic/Immoral Content,"Akta Mesin Cetak Dan Penerbitan, 1984",Kemoralan,
Kekasih Yang Seksi,2004-08-26,2004,P.U. (A) 296,Printed Documents,,,Unclear,,"[""Chinese""]",Obscene / Immoral Publications,Erotic/Immoral Content,"Akta Mesin Cetak Dan Penerbitan, 1984",Kemoralan,
Gadis Genit,2004-08-26,2004,P.U. (A) 295,Printed Documents,,Man Lee Publishing Co. Ltd.,Unclear,,"[""Chinese""]",Obscene / Immoral Publications,Erotic/Immoral Content,"Akta Mesin Cetak Dan Penerbitan, 1984",Kemoralan,
Peperangan Zaman Moden Antara Lelaki & Perempuan-Gadis Miang,2004-08-26,2004,P.U. (A) 295,Printed Documents,,Hang Soon Commercial Building,Unclear,,"[""Chinese""]",Obscene / Immoral Publications,Erotic/Immoral Content,"Akta Mesin Cetak Dan Penerbitan, 1984",Kemoralan,
Peperangan Zaman Moden Antara Lelaki & Perempuan-Perlakuan Seks Yang Keterlaluan,2004-08-26,2004,P.U. (A) 295,Printed Documents,,Golden Goose Commercial Building,Unclear,,"[""Chinese""]",Obscene / Immoral Publications,Erotic/Immoral Content,,,
Lelaki Perempuan Berpakaian Berwarna Warni,2004-08-26,2004,P.U. (A) 295,Printed Documents,,Golden Goose Commercial Building,Unclear,,"[""Chinese""]",Obscene / Immoral Publications,Erotic/Immoral Content,"Akta Mesin Cetak Dan Penerbitan, 1984",Kemoralan,
Oscar,2004-08-26,2004,P.U. (A) 297,Printed Documents,Kazuo Koike/Guo Si Xin,Freeman Holdings Ltd.,Unclear,Freeman Holding,"[""Chinese""]",Obscene / Immoral Publications,Erotic/Immoral Content,"Akta Mesin Cetak Dan Penerbitan, 1984",Kemoralan,
Beppin,2004-08-26,2004,P.U. (A) 296,Printed Documents,,Eic Publication (H.K) Ltd,Unclear,,"[""Chinese""]",Obscene / Immoral Publications,Erotic/Immoral Content,"Akta Mesin Cetak Dan Penerbitan, 1984",Kemoralan,
Pemandu Pelancong Wanita,2004-08-26,2004,P.U. (A) 295,Printed Documents,,East Port Publishing House,Unclear,East Port Printing Co. Ltd.,"[""Chinese""]",Obscene / Immoral Publications,Erotic/Immoral Content,"Akta Mesin Cetak Dan Penerbitan, 1984",Kemoralan,
Hotline,2004-08-26,2004,P.U. (A) 295,Printed Documents,,Cosmos Publishing Co. Ltd.,Unclear,,"[""Chinese""]",Obscene / Immoral Publications,Erotic/Immoral Content,"AKTA MESIN CETAK DAN PENERBITAN, 1984",Kemoralan,
Bisikan Tengah Malam,2004-08-26,2004,P.U. (A) 296,Printed Documents,,Cocmos Publishing Co. Ltd.,Unclear,,"[""Chinese""]",Obscene / Immoral Publications,Erotic/Immoral Content,"Akta Mesin Cetak Dan Penerbitan, 1984",Kemoralan,
Oru Kanniyin Karpanai (Mimpi Seorang Gadis) (Bhs Tamil),2004-08-26,2004,P.U. (A) 298,Printed Documents,Priya,Varma Pathippagam,Foreign,"Jivothayam Printers,Madras-5","[""Malay"", ""English""]",Obscene / Immoral Publications,Erotic/Immoral Content,"Akta Mesin Cetak Dan Penerbitan, 1984",Kemoralan,
Kudumba Seks Kathaigal (Kisah-Kisah Seks Keluarga),2004-08-26,2004,P.U. (A) 298,Printed Documents,Priya,Varma Pathippagam,Foreign,Jivothayam,"[""Tamil""]",Obscene / Immoral Publications,Erotic/Immoral Content,,,
The Joy Of Sensual Massage,2004-10-14,2004,P.U. (A) 349,Printed Documents,Roger W.Hicks & Victoria Day,Wark Lock,Foreign,"Cronion S.A., Barcelona","[""English""]",Obscene / Immoral Publications,Erotic/Immoral Content,"Akta Mesin Cetak Dan Penerbitan, 1984",Kemoralan,
The Intimate Couple,2004-10-14,2004,P.U. (A) 349,Printed Documents,Jack Lee Rosenberg & Beverly K,Turner Publishing Inc.,Foreign,United States Of America,"[""English""]",Obscene / Immoral Publications,Erotic/Immoral Content,"Akta Mesin Cetak Dan Penerbitan, 1984",Kemoralan,
Eat Me,2004-10-14,2004,P.U. (A) 349,Printed Documents,Linda Jaivin,The Text Publishing Company Pty Ltd,Foreign,Mcpherson's Printing Group,"[""English""]",Obscene / Immoral Publications,Erotic/Immoral Content,"Akta Mesin Cetak Dan Penerbitan, 1984",Kemoralan,
My Secret Garden,2004-10-14,2004,P.U. (A) 349,Printed Documents,Nancy Friday,Pocket Books A Division Of Simon Schuster,Foreign,United States Of Americas,"[""English""]",Obscene / Immoral Publications,Erotic/Immoral Content,"Akta Mesin Cetak Dan Penerbitan, 1984",Kemoralan,
Forbidden Flowers,2004-10-14,2004,P.U. (A) 349,Printed Documents,Nancy Friday,Pocket Books,Foreign,United States Of America,"[""English""]",Obscene / Immoral Publications,Erotic/Immoral Content,"Akta Mesin Cetak Dan Penerbitan, 1984",Kemoralan,
Women On Top,2004-10-14,2004,P.U. (A) 349,Printed Documents,Nancy Friday,Pocket Books,Foreign,United States Of America,"[""English""]",Obscene / Immoral Publications,Erotic/Immoral Content,"Akta Mesin Cetak Dan Penerbitan, 1984",Kemoralan,
101 Nights Of Grrreat Sex,2004-10-14,2004,P.U. (A) 349,Printed Documents,Laura Corn,"Park Avenue Publisher,Inc.",Foreign,United States Of America,"[""English""]",Obscene / Immoral Publications,Erotic/Immoral Content,"AKTA MESIN CETAK DAN PENERBITAN, 1984",Kemoralan,
The Art Of Sensual Aromatherapy,2004-10-14,2004,P.U. (A) 349,Printed Documents,Nitya Lacroix & Sakina Bowhay,Henry Holt And Company,Foreign,United States Of America,"[""English""]",Obscene / Immoral Publications,Erotic/Immoral Content,"Akta Mesin Cetak Dan Penerbitan, 1984",Kemoralan,
The Ecstatic Moment,2004-10-14,2004,P.U. (A) 349,Printed Documents,Marianna Beck&Jack Hafferkamp,Dell Publishing,Foreign,United States Of America,"[""English""]",Obscene / Immoral Publications,Erotic/Immoral Content,"Akta Mesin Cetak Dan Penerbitan, 1984",Kemoralan,
Tropic Of Capricorn,2004-10-14,2004,P.U. (A) 349,Printed Documents,Henry Miller,"Book-Of-The-Month-Club,New York",Foreign,Unite States Of America,"[""English""]",Obscene / Immoral Publications,Erotic/Immoral Content,"Akta Mesin Cetak Dan Penerbitan, 1984",Kemoralan,
Helen And Desire,2004-10-14,2004,P.U. (A) 349,Printed Documents,Alexander Trocchi,"Book-Of-The-Month Club, New York",Foreign,United States Of America,"[""English""]",Obscene / Immoral Publications,Erotic/Immoral Content,"Akta Mesin Cetak Dan Penerbitan, 1984",Kemoralan,
Gq (Julai 2003,2004-11-11,2004,P.U. (A) 383,Printed Documents,,"The Conde Nast Publications Ltd,",Foreign,St Ives (Plymouth) Ltd.,"[""English""]",Obscene / Immoral Publications,Erotic/Immoral Content,"Akta Mesin Cetak Dan Penerbitan, 1984",Kemoralan,
Fast Car (Edisi Uk),2004-11-11,2004,P.U. (A) 383,Printed Documents,,Steven Kung Fu Ray,Unclear,,"[""English""]",Obscene / Immoral Publications,Erotic/Immoral Content,"Akta Mesin Cetak Dan Penerbitan, 1984",Kemoralan,
American Curves,2004-11-11,2004,P.U. (A) 383,Printed Documents,,Robert Keneddy Canusa Products Inc.,Foreign,,"[""English""]",Obscene / Immoral Publications,Erotic/Immoral Content,"Akta Mesin Cetak Dan Penerbitan, 1984",Kemoralan,
Bikes (Edisi Uk),2004-11-11,2004,P.U. (A) 383,Printed Documents,,,Foreign,,"[""English""]",Obscene / Immoral Publications,Erotic/Immoral Content,"Akta Mesin Cetak Dan Penerbitan, 1984",Kemoralan,
Vegas (Edisi Uk),2004-11-11,2004,P.U. (A) 383,Printed Documents,,,Foreign,,"[""English""]",Obscene / Immoral Publications,Erotic/Immoral Content,"Akta Mesin Cetak Dan Penerbitan, 1984",Kemoralan,
Zink (Edisi Usa),2004-11-11,2004,P.U. (A) 383,Printed Documents,,Jormic Media Group,Foreign,Jormic Media Groups,"[""English""]",Obscene / Immoral Publications,Erotic/Immoral Content,"Akta Mesin Cetak Dan Penerbitan, 1984",Kemoralan,
Ironman (Edisi Kanada),2004-11-11,2004,P.U. (A) 383,Printed Documents,,John Balik,Foreign,Ironman,"[""English""]",Obscene / Immoral Publications,Erotic/Immoral Content,"Akta Mesin Cetak Dan Penerbitan, 1984",Kemoralan,
Cosmopolitan (Uk) (November 2003),2004-11-11,2004,P.U. (A) 383,Printed Documents,,Jan Adcock,Foreign,,"[""English""]",Obscene / Immoral Publications,Erotic/Immoral Content,"Akta Mesin Cetak Dan Penerbitan, 1984",Kemoralan,
Loaded (Edisi Uk),2004-11-11,2004,P.U. (A) 383,Printed Documents,,Ipc Media,Foreign,Jarrold Printing,"[""English""]",Obscene / Immoral Publications,Erotic/Immoral Content,"Akta Mesin Cetak Dan Penerbitan, 1984",Kemoralan,
Bizarre (Edisi Uk),2004-11-11,2004,P.U. (A) 383,Printed Documents,,I Feel Good Ltd,Foreign,Et Heron,"[""English""]",Obscene / Immoral Publications,Erotic/Immoral Content,"Akta Mesin Cetak Dan Penerbitan, 1984",Kemoralan,
Front (Edisi Uk),2004-11-11,2004,P.U. (A) 383,Printed Documents,,Highbury-Cabal A Division Of Highbury House Communications Pic.,Foreign,"Southernprint, Poole, Dorset.Repro By Icon.Crowne House","[""English""]",Obscene / Immoral Publications,Erotic/Immoral Content,"Akta Mesin Cetak Dan Penerbitan, 1984",Kemoralan,
Redline (Edisi Uk),2004-11-11,2004,P.U. (A) 383,Printed Documents,,"Future Publishing Limited, 2000",Foreign,Sothernprint,"[""English""]",Obscene / Immoral Publications,Erotic/Immoral Content,"Akta Mesin Cetak Dan Penerbitan, 1984",Kemoralan,
Hammer (Edisi Uk),2004-11-11,2004,P.U. (A) 383,Printed Documents,,Future Publishing,Foreign,Southern Print,"[""English""]",Obscene / Immoral Publications,Erotic/Immoral Content,"Akta Mesin Cetak Dan Penerbitan, 1984",Kemoralan,
Boys Toys,2004-11-11,2004,P.U. (A) 383,Printed Documents,,Freestyle Publications Limited,Foreign,Southern Print,"[""English""]",Obscene / Immoral Publications,Erotic/Immoral Content,"Akta Mesin Cetak Dan Penerbitan, 1984",Kemoralan,
Fhm (For Him Magazine) Edisi Uk,2004-11-11,2004,P.U. (A) 383,Printed Documents,,Fhm Mappin House,Foreign,Cooper Clegg Ltd; Uk,"[""English""]",Obscene / Immoral Publications,Erotic/Immoral Content,"Akta Mesin Cetak Dan Penerbitan, 1984",Kemoralan,
Fhm (For Him Magazine) Edisi Usa,2004-11-11,2004,P.U. (A) 383,Printed Documents,,Fhm,Foreign,,"[""English""]",Obscene / Immoral Publications,Erotic/Immoral Content,"Akta Mesin Cetak Dan Penerbitan, 1984",Kemoralan,
Arena,2004-11-11,2004,P.U. (A) 383,Printed Documents,,"Emap Elan Network Ltd.,",Foreign,St Ives (Andover) Ltd.,"[""English""]",Obscene / Immoral Publications,Erotic/Immoral Content,"Akta Mesin Cetak Dan Penerbitan, 1984",Kemoralan,
The Face (Edisi Uk),2004-11-11,2004,P.U. (A) 383,Printed Documents,,Emap East,Foreign,Emap East,"[""English""]",Obscene / Immoral Publications,Erotic/Immoral Content,"Akta Mesin Cetak Dan Penerbitan, 1984",Kemoralan,
Max Power (Edisi Uk),2004-11-11,2004,P.U. (A) 383,Printed Documents,,Emap Automotive Publications,Foreign,St. Ives (Caerphilly),"[""English""]",Obscene / Immoral Publications,Erotic/Immoral Content,"Akta Mesin Cetak Dan Penerbitan, 1984",Kemoralan,
Revs (Edisi Uk),2004-11-11,2004,P.U. (A) 383,Printed Documents,,Emap Automative Ltd.,Foreign,St Ives (Andover) Ltd.,"[""English""]",Obscene / Immoral Publications,Erotic/Immoral Content,"Akta Mesin Cetak Dan Penerbitan, 1984",Kemoralan,
Maxim (Edisi Us),2004-11-11,2004,P.U. (A) 383,Printed Documents,,"Dennis Publishing Inc.,",Foreign,"Dennis Publishing, Inc","[""English""]",Obscene / Immoral Publications,Erotic/Immoral Content,"Akta Mesin Cetak Dan Penerbitan, 1984",Kemoralan,
Stuff,2004-11-11,2004,P.U. (A) 383,Printed Documents,,"Dennis Publishing Inc.,",Foreign,"Dennis Stuff, Inc","[""English""]",Obscene / Immoral Publications,Erotic/Immoral Content,"Akta Mesin Cetak Dan Penerbitan, 1984",Kemoralan,
Maxim (Edisi Uk),2004-11-11,2004,P.U. (A) 383,Printed Documents,,Dennis Lifestyle Ltd. Company Englang,Foreign,St Ives Plymouth Ltd.,"[""English""]",Obscene / Immoral Publications,Erotic/Immoral Content,"Akta Mesin Cetak Dan Penerbitan, 1984",Kemoralan,
Ice (Edisi Uk),2004-11-11,2004,P.U. (A) 383,Printed Documents,,Deeper Media Ltd.,Foreign,"Tpl, Birmingham","[""English""]",Obscene / Immoral Publications,Erotic/Immoral Content,"Akta Mesin Cetak Dan Penerbitan, 1984",Kemoralan,
Ralph (Edisi Australia),2004-11-11,2004,P.U. (A) 383,Printed Documents,,Acp Men's Lifestyle,Unclear,Argyle Times Graphics,"[""English""]",Obscene / Immoral Publications,Erotic/Immoral Content,"Akta Mesin Cetak Dan Penerbitan, 1984",Kemoralan,
The Bing Bang,2005-09-22,2005,P.U. (A) 349,Printed Documents,Emma Taylor Dan Lorelei Sharke,Penguin Group (Usa) Inc.,Foreign,Dicetak Di United State Of America,"[""English""]",Obscene / Immoral Publications,Erotic/Immoral Content,"Akta Mesin Cetak Dan Penerbitan, 1984",Kemoralan,
"Eminem ""Talking""",2005-09-22,2005,P.U. (A) 349,Audio/Recordings,Chuck Weiner,Omnibus Press,Unclear,"Caligrafing Ltd, Thetford, Norfolk","[""English""]",Obscene / Immoral Publications,Erotic/Immoral Content,"Akta Mesin Cetak Dan Penerbitan, 1984",Kemoralan,
The Price Of Pleasure,2005-09-22,2005,P.U. (A) 349,Printed Documents,Joan Elizabeth Lloyd,Kensington Publishing Corp.,Foreign,Dicetak Di United States Of America,"[""English""]",Obscene / Immoral Publications,Erotic/Immoral Content,"Akta Mesin Cetak Dan Penerbitan, 1984",Kemoralan,
The Vice Guide To Sex And Drugs And Rock And Roll,2005-09-22,2005,P.U. (A) 349,Printed Documents,"Suroosh Alvi, Gavin Mclnnes","Harper Collins Warner Books, Inc.",Foreign,Dicetak Di United States Or America,"[""English""]",Obscene / Immoral Publications,Erotic/Immoral Content,"Akta Mesin Cetak Dan Penerbitan, 1984",Kemoralan,
Wanita Jelita,2005-11-24,2005,P.U. (A) 480,Printed Documents,,Yin Ye Press Co.Ltd.,Foreign,"Jin Xin Co,Ltd.","[""Chinese""]",Obscene / Immoral Publications,Erotic/Immoral Content,"Akta Mesin Cetak Dan Penerbitan, 1984",Kemoralan,
Isteri Muda Yang Berlaku Curang,2005-11-24,2005,P.U. (A) 480,Printed Documents,,"Yin Ye Press Co,Ltd.",Foreign,"Jin Xin Co,Ltd.","[""Chinese""]",Obscene / Immoral Publications,Erotic/Immoral Content,"Akta Mesin Cetak Dan Penerbitan, 1984",Kemoralan,
Pasangan Berahi,2005-11-24,2005,P.U. (A) 480,Printed Documents,,"Yin Ye Press Co, Ltd.",Foreign,"Jin Xin Co, Ltd.","[""Chinese""]",Obscene / Immoral Publications,Erotic/Immoral Content,"Akta Mesin Cetak Dan Penerbitan, 1984",Kemoralan,
Gadis Hamba Nafsu,2005-11-24,2005,P.U. (A) 480,Printed Documents,,"Yin Ye Press Co, Ltd.",Foreign,"Jin Xin Co, Ltd.","[""Chinese""]",Obscene / Immoral Publications,Erotic/Immoral Content,"Akta Mesin Cetak Dan Penerbitan, 1984",Kemoralan,
Wanita Yang Kesepian,2005-11-24,2005,P.U. (A) 480,Printed Documents,,"Yin Ye Press Co, Ltd.",Foreign,"Jin Xin Co, Ltd.","[""Chinese""]",Obscene / Immoral Publications,Erotic/Immoral Content,"Akta Mesin Cetak Dan Penerbitan, 1984",Kemoralan,
Si Comel,2005-11-24,2005,P.U. (A) 480,Printed Documents,,Quan Long Press Co.Ltd.,Foreign,Emperor Printing Co.Ltd.,"[""Chinese""]",Obscene / Immoral Publications,Erotic/Immoral Content,"Akta Mesin Cetak Dan Penerbitan, 1984",Kemoralan,
Cinta Liar,2005-11-24,2005,P.U. (A) 480,Printed Documents,,Quan Long Press Co.Ltd.,Foreign,Emperor Printing Co. Ltd.,"[""Chinese""]",Obscene / Immoral Publications,Erotic/Immoral Content,"Akta Mesin Cetak Dan Penerbitan, 1984",Kemoralan,
Gadis Yang Mengejar Nafsu,2005-11-24,2005,P.U. (A) 480,Printed Documents,,Quan Long Press Co.Ltd.,Foreign,Emperor Printing Co. Ltd.,"[""Chinese""]",Obscene / Immoral Publications,Erotic/Immoral Content,"Akta Mesin Cetak Dan Penerbitan, 1984",Kemoralan,
Mimpi Pisang,2005-11-24,2005,P.U. (A) 480,Printed Documents,,Quan Long Press Co. Ltd.,Foreign,Emperor Printing Co. Ltd.,"[""Chinese""]",Obscene / Immoral Publications,Erotic/Immoral Content,"Akta Mesin Cetak Dan Penerbitan, 1984",Kemoralan,
Cinta Kota,2005-11-24,2005,P.U. (A) 480,Printed Documents,,"Ngan Hon Investmant Co,Ltd.",Foreign,Fei Fan Printing Factory,"[""Chinese""]",Obscene / Immoral Publications,Erotic/Immoral Content,"AKTA MESIN CETAK DAN PENERBITAN, 1984",Kemoralan,
Guru Dara,2005-11-24,2005,P.U. (A) 480,Printed Documents,,New Port Printing & Binding Co.,Foreign,New Port Printing & Binding Co.,"[""Chinese""]",Obscene / Immoral Publications,Erotic/Immoral Content,"Akta Mesin Cetak Dan Penerbitan, 1984",Kemoralan,
Kisah Doktor Yang Tak Siuman,2005-11-24,2005,P.U. (A) 480,Printed Documents,,New Port Printing & Binding Co.,Foreign,New Port Printing & Binding Co.,"[""Chinese""]",Obscene / Immoral Publications,Erotic/Immoral Content,"Akta Mesin Cetak Dan Penerbitan, 1984",Kemoralan,
Pink Lady,2005-11-24,2005,P.U. (A) 480,Printed Documents,,Jin Tian Press Co.Ltd.,Foreign,Emperor Printing Co.Ltd.,"[""Chinese""]",Obscene / Immoral Publications,Erotic/Immoral Content,"Akta Mesin Cetak Dan Penerbitan, 1984",Kemoralan,
Wanita Seksi,2005-11-24,2005,P.U. (A) 480,Printed Documents,,Jin Tian Press Co.Ltd.,Foreign,Emperor Printing Co.Ltd.,"[""Chinese""]",Obscene / Immoral Publications,Erotic/Immoral Content,"Akta Mesin Cetak Dan Penerbitan, 1984",Kemoralan,
Godaan Seks,2005-11-24,2005,P.U. (A) 480,Printed Documents,,Jin Tian Press Co.Ltd.,Foreign,Emperor Printing Co.Ltd.,"[""Chinese""]",Obscene / Immoral Publications,Erotic/Immoral Content,"Akta Mesin Cetak Dan Penerbitan, 1984",Kemoralan,
Cinta Haram,2005-11-24,2005,P.U. (A) 480,Printed Documents,,Jin Tian Press Co.Ltd.,Foreign,Emperor Printing Co.Ltd.,"[""Chinese""]",Obscene / Immoral Publications,Erotic/Immoral Content,"Akta Mesin Cetak Dan Penerbitan, 1984",Kemoralan,
Angel,2005-11-24,2005,P.U. (A) 480,Printed Documents,,Jin Tian Press Co.Ltd.,Foreign,Emperor Printing Co.Ltd.,"[""Chinese""]",Obscene / Immoral Publications,Erotic/Immoral Content,"Akta Mesin Cetak Dan Penerbitan, 1984",Kemoralan,
Sexy Girl,2005-11-24,2005,P.U. (A) 480,Printed Documents,,Jin Tian Press Co.Ltd.,Foreign,Emperor Co.Ltd.,"[""Chinese""]",Obscene / Immoral Publications,Erotic/Immoral Content,"Akta Mesin Cetak Dan Penerbitan, 1984",Kemoralan,
Kak Long,2005-11-24,2005,P.U. (A) 480,Printed Documents,,Jin Tian Press Co.Ltd.,Foreign,Emperor Printing Co.Ltd.,"[""Chinese""]",Obscene / Immoral Publications,Erotic/Immoral Content,"Akta Mesin Cetak Dan Penerbitan, 1984",Kemoralan,
Body Girl,2005-11-24,2005,P.U. (A) 480,Printed Documents,,Jin Tian Press Co.Ltd.,Foreign,Emperor Printing Co. Ltd.,"[""Chinese""]",Obscene / Immoral Publications,Erotic/Immoral Content,"Akta Mesin Cetak Dan Penerbitan, 1984",Kemoralan,
Wanita Yang Merayau Sepanjang Malam,2005-11-24,2005,P.U. (A) 480,Printed Documents,,Jin Tian Press Co.Ltd.,Foreign,Emperor Printing Co.Ltd.,"[""Chinese""]",Obscene / Immoral Publications,Erotic/Immoral Content,"Akta Mesin Cetak Dan Penerbitan, 1984",Kemoralan,
Lelaki Yang Bertanggung Jawab,2005-11-24,2005,P.U. (A) 480,Printed Documents,,Jin Tian Press Co.Ltd.,Foreign,Emperor Printing Co.Ltd,"[""Chinese""]",Obscene / Immoral Publications,Erotic/Immoral Content,"Akta Mesin Cetak Dan Penerbitan, 1984",Kemoralan,
Hot! Girl,2005-11-24,2005,P.U. (A) 480,Printed Documents,,Jin Tian Press Co. Ltd.,Foreign,Emperor Printing Co.Ltd.,"[""Chinese""]",Obscene / Immoral Publications,Erotic/Immoral Content,"Akta Mesin Cetak Dan Penerbitan, 1984",Kemoralan,
Kisah Tengah Malam,2005-11-24,2005,P.U. (A) 480,Printed Documents,,Hua Ming Publishing House,Foreign,"Jin Xin Co, Ltd.","[""Chinese""]",Obscene / Immoral Publications,Erotic/Immoral Content,"Akta Mesin Cetak Dan Penerbitan, 1984",Kemoralan,
Perempuan Tidak Bermoral,2005-11-24,2005,P.U. (A) 480,Printed Documents,,Hua Ming Publishing House,Foreign,"Jin Xin Co, Ltd. No.","[""Chinese""]",Obscene / Immoral Publications,Erotic/Immoral Content,"Akta Mesin Cetak Dan Penerbitan, 1984",Kemoralan,
Dunia Romantik,2005-11-24,2005,P.U. (A) 480,Printed Documents,,Hong Kong Giant Publishing Group,Foreign,"505, 5Th Floor, Block A, Po Ning Building 525 Nathan Road Hong Kong.","[""Chinese""]",Obscene / Immoral Publications,Erotic/Immoral Content,"Akta Mesin Cetak Dan Penerbitan, 1984",Kemoralan,
Dunia Ceria,2005-11-24,2005,P.U. (A) 480,Printed Documents,,Hong Kong Fei Da Publishing Group,Foreign,"505, 5Th Floor, Block A, Po Ning Building 525 Nathan Road, Hong Kong.","[""Chinese""]",Obscene / Immoral Publications,Erotic/Immoral Content,"Akta Mesin Cetak Dan Penerbitan, 1984",Kemoralan,
Beach Story By Ernesto Mestre-Reed,2006-06-15,2006,P.U. (A) 231,Printed Documents,David Morgan,,Unclear,Dicetak Di Hong Kong,"[""English""]",Obscene / Immoral Publications,Erotic/Immoral Content,"Akta Mesin Cetak Dan Penerbitan, 1984",Kemoralan,
Scar Tissue,2006-06-15,2006,P.U. (A) 231,Printed Documents,Anthony Kiedis Bersama-Sama La,Hyperion,Foreign,Dicetak Di United State Of America,"[""English""]",Obscene / Immoral Publications,Erotic/Immoral Content,"Akta Mesin Cetak Dan Penerbitan, 1984",Kemoralan,
The Sexual Life Of Catherine M.,2006-06-15,2006,P.U. (A) 231,Printed Documents,Chatherine Millet,Grove Press,Foreign,Dicetak Di United State Of America,"[""English""]",Obscene / Immoral Publications,Erotic/Immoral Content,"Akta Mesin Cetak Dan Penerbitan, 1984",Kemoralan,
Nine Part Of Desire The Hidden Workd Of Islamic Women,2007-04-26,2007,P.U. (A) 168,Printed Documents,Geraldine Brooks,Anchor Books,Foreign,,"[""English""]",Obscene / Immoral Publications,Erotic/Immoral Content,"Akta Mesin Cetak Dan Penerbitan, 1984",Ketenteraman Awam,
Rahsia Di Kamar & Kunci Wanita,2007-05-31,2007,P.U. (A) 198,Printed Documents,Tok Nujum,Usnie Sdn. Bhd,Local,,"[""Malay""]",Obscene / Immoral Publications,Erotic/Immoral Content,"Akta Mesin Cetak Dan Penerbitan, 1984",Kemoralan,
Rahsia Nombor 1 Untuk Wanita Ii,2007-05-31,2007,P.U. (A) 198,Printed Documents,Tok Nujum,Usnie Sdn. Bhd,Local,,"[""Malay""]",Obscene / Immoral Publications,Erotic/Immoral Content,"Akta Mesin Cetak Dan Penerbitan, 1984",Kemoralan,
Rahsia Kenikmatan Rumahtangga,2007-05-31,2007,P.U. (A) 198,Printed Documents,Tabib Haji Anwar Khan,Tabib Haji Anwar Khan Enterprise,Local,Kasanur (M) Sdn. Bhd.,"[""Malay""]",Obscene / Immoral Publications,Erotic/Immoral Content,"Akta Mesin Cetak Dan Penerbitan, 1984",Kemoralan,
Vampire Master,2007-09-07,2007,P.U. (A) 302,Printed Documents,Urushihara Chishi,Shonen Gahosha Co.,Foreign,Yang Guang Printing Co. Ltd.,"[""Chinese""]",Obscene / Immoral Publications,Erotic/Immoral Content,"Akta Mesin Cetak Dan Penerbitan, 1984",Kemoralan,
Xenos,2007-09-07,2007,P.U. (A) 302,Printed Documents,Mio Murao,Shonen Gahosha Co.,Foreign,Yang Guang Printing Co. Ltd.,"[""Chinese""]",Obscene / Immoral Publications,Erotic/Immoral Content,"Akta Mesin Cetak Dan Penerbitan, 1984",Kemoralan,
16 Years Old Virgin Met Sex Maniac,2007-09-07,2007,P.U. (A) 302,Printed Documents,,,Unclear,,"[""Chinese""]",Obscene / Immoral Publications,Erotic/Immoral Content,"Akta Mesin Cetak Dan Penerbitan, 1984",Kemoralan,
Ibu Tiri Berumur 30 Tahun Yang Seksi,2007-09-07,2007,P.U. (A) 302,Printed Documents,,,Unclear,,"[""Chinese""]",Obscene / Immoral Publications,Erotic/Immoral Content,"Akta Mesin Cetak Dan Penerbitan, 1984",Kemoralan,
Gadis Miang Makan Pisang,2007-09-07,2007,P.U. (A) 302,Printed Documents,,,Unclear,,"[""Chinese""]",Obscene / Immoral Publications,Erotic/Immoral Content,"Akta Mesin Cetak Dan Penerbitan, 1984",Kemoralan,
Kakak Lawa Miang Tujuh Kali Dalam Semalam,2007-09-07,2007,P.U. (A) 302,Printed Documents,Da Jie Da,,Unclear,,"[""Chinese""]",Obscene / Immoral Publications,Erotic/Immoral Content,"Akta Mesin Cetak Dan Penerbitan, 1984",Kemoralan,
Hiyoko Brand,2007-09-07,2007,P.U. (A) 302,Printed Documents,Hiyoko Kobayashi,Huang Ye Comics Co.,Unclear,Yang Guang Printing Co. Ltd.,"[""Chinese""]",Obscene / Immoral Publications,Erotic/Immoral Content,"Akta Mesin Cetak Dan Penerbitan, 1984",Kemoralan,
Victim Of Proud Eagle,2007-09-07,2007,P.U. (A) 302,Printed Documents,Lin Xue Er,Homer Culture Ind. Co. Ltd,Unclear,,"[""Chinese""]",Obscene / Immoral Publications,Erotic/Immoral Content,"Akta Mesin Cetak Dan Penerbitan, 1984",Kemoralan,
Aya 4X1 Amazing Love Story,2007-09-07,2007,P.U. (A) 302,Printed Documents,Aki Katsu,He Feng Publishing House,Unclear,Guo San Printing Co. Ltd,"[""Chinese""]",Obscene / Immoral Publications,Erotic/Immoral Content,"Akta Mesin Cetak Dan Penerbitan, 1984",Kemoralan,
Step Up Love Story,2007-09-07,2007,P.U. (A) 302,Printed Documents,Aki Katsu,He Feng Publishing House,Unclear,Guo San Printing Co. Ltd,"[""Chinese""]",Obscene / Immoral Publications,Erotic/Immoral Content,"Akta Mesin Cetak Dan Penerbitan, 1984",Kemoralan,
To Turn On The Potential Energy Of Sex,2007-09-07,2007,P.U. (A) 302,Printed Documents,Li Jia Xiong/Jian Zhen,Dong You Culture Ind. Co. Ltd.,Unclear,,"[""Chinese""]",Obscene / Immoral Publications,Erotic/Immoral Content,"Akta Mesin Cetak Dan Penerbitan, 1984",Kemoralan,
Hero Berani,2007-11-15,2007,P.U. (A) 378,Printed Documents,,Sun Empire Comics Ltd.,Unclear,,"[""Chinese""]",Obscene / Immoral Publications,Erotic/Immoral Content,"Akta Mesin Cetak Dan Penerbitan, 1984",Kemoralan,
Ralph,2007-11-15,2007,P.U. (A) 378,Printed Documents,,Men's Focus Company Ltd,Unclear,,"[""Chinese""]",Obscene / Immoral Publications,Erotic/Immoral Content,"Akta Mesin Cetak Dan Penerbitan, 1984",Kemoralan,
Merangsang Keseronokan,2007-11-15,2007,P.U. (A) 378,Printed Documents,,Lai Publisher,Unclear,,"[""Chinese""]",Obscene / Immoral Publications,Erotic/Immoral Content,"Akta Mesin Cetak Dan Penerbitan, 1984",Kemoralan,
Water Novels,2007-11-15,2007,P.U. (A) 378,Printed Documents,,Homer Publishing Co. Ltd,Unclear,Taiwan,"[""Chinese""]",Obscene / Immoral Publications,Erotic/Immoral Content,"Akta Mesin Cetak Dan Penerbitan, 1984",Kemoralan,
Sweet Pocket,2007-11-15,2007,P.U. (A) 378,Printed Documents,,Homer Publishing Co. Ltd,Unclear,,"[""Chinese""]",Obscene / Immoral Publications,Erotic/Immoral Content,"Akta Mesin Cetak Dan Penerbitan, 1984",Kemoralan,
Gaya Seksi Musim Panas,2007-11-15,2007,P.U. (A) 377,Printed Documents,,Boon Hua Publishing,Unclear,,"[""Chinese""]",Obscene / Immoral Publications,Erotic/Immoral Content,"Akta Mesin Cetak Dan Penerbitan, 1984",Kemoralan,
All For Passion Love,2008-03-10,2008,P.U. (A) 69,Printed Documents,Wu Ro Quan,Penerbitan Fang Zhi,Local,Taiwan,"[""Chinese""]",Obscene / Immoral Publications,Erotic/Immoral Content,"Akta Mesin Cetak Dan Penerbitan, 1984",Kemoralan,
Av Angel,2008-03-10,2008,P.U. (A) 70,Printed Documents,,Av Co.,Unclear,Av Co.,"[""Chinese""]",Obscene / Immoral Publications,Erotic/Immoral Content,"Akta Mesin Cetak Dan Penerbitan, 1984",Kemoralan,
Oh Fazrah,2009-07-09,2009,P.U. (A) 244,Printed Documents,,Teras Perkasa Ent.,Unclear,Maju Selalu Sdn. Bhd.,"[""Malay""]",Obscene / Immoral Publications,Erotic/Immoral Content,"Akta Mesin Cetak Dan Penerbitan, 1984",Kemoralan,
Isteri Romantik Di Kamar Yang Indah,2009-07-09,2009,P.U. (A) 244,Printed Documents,Fahmi Marwan,Jasmine Enterprise Berinovatif Dan Berkreatif,Local,,"[""Malay""]",Obscene / Immoral Publications,Erotic/Immoral Content,"Akta Mesin Cetak Dan Penerbitan, 1984",Kemoralan,
Suami Romantik Di Kamar Yang Indah,2009-07-09,2009,P.U. (A) 244,Printed Documents,Fahmi Marwan,Jasmine Enterprise Berinovatif Dan Berkreatif,Local,,"[""Malay""]",Obscene / Immoral Publications,Erotic/Immoral Content,"Akta Mesin Cetak Dan Penerbitan, 1984",Kemoralan,
Petua Cemerlang Suami Isteri,2009-12-17,2009,P.U. ( A) 446,Printed Documents,,Ilhamology Sdn. Bhd.,Local,Percetakan Zoom Sdn. Bhd.,"[""Malay""]",Obscene / Immoral Publications,Erotic/Immoral Content,"Akta Mesin Cetak Dan Penerbitan, 1984",Kemoralan,
Sensasi #3,2010-01-21,2010,P.U. (A) 13,Printed Documents,,,Unclear,,"[""Malay""]",Obscene / Immoral Publications,Erotic/Immoral Content,"Akta Mesin Cetak Dan Penerbitan, 1984",Kemoralan,
Sensasi - Majalah Lelaki Millennium,2010-01-21,2010,P.U. (A) 13,Printed Documents,,,Unclear,,"[""Malay""]",Obscene / Immoral Publications,Erotic/Immoral Content,"Akta Mesin Cetak Dan Penerbitan, 1984",Kemoralan,
Dendam Nafsu Jalinan Nafsu Edisi #2,2010-01-21,2010,P.U. (A) 13,Printed Documents,Nor Rafeena,,Unclear,,"[""Malay""]",Obscene / Immoral Publications,Erotic/Immoral Content,"Akta Mesin Cetak Dan Penerbitan, 1984",Kemoralan,
Kama Asmara Edisi 1,2010-01-21,2010,P.U. (A) 13,Printed Documents,Casandra,,Unclear,,"[""Malay""]",Obscene / Immoral Publications,Erotic/Immoral Content,"Akta Mesin Cetak Dan Penerbitan, 1984",Kemoralan,
Gelora Nafsu #7,2010-01-21,2010,P.U. (A) 13,Printed Documents,,,Unclear,,"[""Malay""]",Obscene / Immoral Publications,Erotic/Immoral Content,"Akta Mesin Cetak Dan Penerbitan, 1984",Kemoralan,
Sensasi Edisi Ke-2,2010-01-21,2010,P.U. (A) 13,Printed Documents,,,Unclear,,"[""Malay""]",Obscene / Immoral Publications,Erotic/Immoral Content,"Akta Mesin Cetak Dan Penerbitan, 1984",Kemoralan,
Tips-Tips Bahagia Bersama Pasangan,2010-01-21,2010,P.U. (A) 13,Printed Documents,,Ilhamology Sdn. Bhd.,Local,Percetakan Zoom Sdn. Bhd.,"[""Malay""]",Obscene / Immoral Publications,Erotic/Immoral Content,"Akta Mesin Cetak Dan Penerbitan, 1984",Kemoralan,
After,2014-01-06,2014,P.U. (A) 4,Printed Documents,Claire Tristram,Allison & Busby Limited,Foreign,,"[""English""]",Obscene / Immoral Publications,Erotic/Immoral Content,"Akta Mesin Cetak Dan Penerbitan, 1984",Kemoralan,
Fifty Shades Of Grey,2015-02-27,2015,P.U. (A) 37,Printed Documents,E L James,Vintage Books,Foreign,,"[""English""]",Obscene / Immoral Publications,Erotic/Immoral Content,"Akta Mesin Cetak Dan Penerbitan, 1984",Kemoralan,
Fifty Shades Darker,2015-02-27,2015,P.U. (A) 37,Printed Documents,E L James,Vintage Books,Foreign,,"[""English""]",Obscene / Immoral Publications,Erotic/Immoral Content,"Akta Mesin Cetak Dan Penerbitan, 1984",Kemoralan,
Fifty Shades Freed,2015-02-27,2015,P.U. (A) 37,Printed Documents,E L James,Vintage Books,Foreign,,"[""English""]",Obscene / Immoral Publications,Erotic/Immoral Content,"Akta Mesin Cetak Dan Penerbitan, 1984",Kemoralan,
To Love Ru Darkness,2015-06-23,2015,P.U. (A) 129,Printed Documents,Saki Hasemi / Kentaro Yabuki,Tongli Publishing Co.,Unclear,Jia Liang Printing Co.,"[""Chinese""]",Obscene / Immoral Publications,Erotic/Immoral Content,"Akta Mesin Cetak Dan Penerbitan, 1984",Kemoralan,
The Mammoth Book Of Best New Erotica 11,2015-07-01,2015,P.U. (A) 140,Printed Documents,Mazim Jakubowski,Running Press Book Publishers,Foreign,,"[""English""]",Obscene / Immoral Publications,Erotic/Immoral Content,"Akta Mesin Cetak Dan Penerbitan, 1984",Kemoralan,
Grey (Fifty Shades Of Grey As Told By Christians),2016-04-04,2016,P.U. (A) 89,Printed Documents,E L James,Vintage Books,Foreign,,"[""English""]",Obscene / Immoral Publications,Erotic/Immoral Content,"Akta Mesin Cetak Dan Penerbitan, 1984",Kemoralan,
"Sex, Pork, And Persecution : How One Young Man's Fight Against Conformity Led To Imprisonment And Vilification",2016-04-04,2016,P.U. (A) 85,Printed Documents,Alvin Tan,Tan Jye Yee,Local,,"[""English""]",Obscene / Immoral Publications,Erotic/Immoral Content,"Akta Mesin Cetak Dan Penerbitan, 1984",Kemoralan,"Mention Of Nude Photographs And Hardcore Sex Videos Of Alvin Tan On The Internet, Islamophobe"
Fifty Shades Of Bliss: The Guide To Spicing Up Your Sex Life,2016-12-30,2016,P.U. (A) 385,Printed Documents,Lexie Sutton,Summersdale Publishers Ltd,Unclear,"Cpi Group (Uk) Ltd, Croydon","[""English""]",Obscene / Immoral Publications,Erotic/Immoral Content,"Akta Mesin Cetak Dan Penerbitan, 1984",Kemoralan,
Only Two Can Play,2016-12-30,2016,P.U. (A) 392,Printed Documents,Tim Brown,Dragon's World Ltd,Unclear,"Printer Portuguesa, Portugal","[""English""]",Obscene / Immoral Publications,Erotic/Immoral Content,"Akta Mesin Cetak Dan Penerbitan, 1984",Kemoralan,
The Loving Touch,2016-12-30,2016,P.U. (A) 396,Printed Documents,Consultant Dr Andrew Stanway,Book Club Associates By Arrangement With Macdonald & Co (Publishers) Ltd London & Sydney,Foreign,,"[""English""]",Obscene / Immoral Publications,Erotic/Immoral Content,"Akta Mesin Cetak Dan Penerbitan, 1984",Kemoralan,
Revenge Of The Sarong Party Girl,2016-12-30,2016,P.U. (A) 383,Printed Documents,Jim Aitchison & Theseus Chan,Angsana Books (Imprint Of Flame Of The Forest Publishing Pte Ltd),Unclear,,"[""English""]",Obscene / Immoral Publications,Erotic/Immoral Content,"Akta Mesin Cetak Dan Penerbitan, 1984",Kemoralan,Contains Themes Like Promiscuity/Hedonism
Kamasutra & Kecerdasan Seks Modern,2016-12-30,2016,P.U. (A) 386,Printed Documents,Ki Guno Asmoro,"Smile-Books, Perum Sidorejo Bumi Indah (Sbi)",Unclear,Kreasi Wacana Offset,"[""Indonesian""]",Obscene / Immoral Publications,Erotic/Immoral Content,"Akta Mesin Cetak Dan Penerbitan, 1984",Kemoralan,
Pelacur Kelas Pertama,2016-12-30,2016,P.U. (A) 388,Printed Documents,Melati Rahim,Orange Dove Sdn. Bhd,Local,Percetakan Mutalib Uthman,"[""Malay""]",Obscene / Immoral Publications,Erotic/Immoral Content,"Akta Mesin Cetak Dan Penerbitan, 1984",Kemoralan,
Nikmatnya Melayari Bahtara Malam Pertama,2016-12-30,2016,P.U. (A) 387,Printed Documents,Mazlan B. Yahya,Best Seller Publication,Local,,"[""Malay""]",Obscene / Immoral Publications,Erotic/Immoral Content,"Akta Mesin Cetak Dan Penerbitan, 1984",Kemoralan,
The Book Of Loving Sex,2017-01-20,2017,P.U. (A) 23,Printed Documents,Nitya Lacroix,Ultimate Edition Imprint Of Anness Publishing Limited,Unclear,Star Standard Industries Pte Ltd Singapore,"[""English""]",Obscene / Immoral Publications,Erotic/Immoral Content,"Akta Mesin Cetak Dan Penerbitan, 1984",Kemoralan,
Drive Me Wild,2017-07-27,2017,P.U. (A) 215,Printed Documents,Christine Warren,St. Martin's Press,Foreign,,"[""English""]",Obscene / Immoral Publications,Erotic/Immoral Content,"Akta Mesin Cetak Dan Penerbitan, 1984",Kemoralan,
28 Hari: Jurnal Rock N' Roll + Anarki Di Kuala Lumpur,2017-07-27,2017,P.U. (A) 220,Printed Documents,Mohd Jayzuan,Lejen Press,Local,Vinlin Press Sdn Bhd,"[""Malay""]",Obscene / Immoral Publications,Erotic/Immoral Content,"Akta Mesin Cetak Dan Penerbitan, 1984",Kemoralan,"Promote Countercultural Themes, Including Rock Music And Anarchism; Depiction Of Rebellious Or Subversive Lifestyle"
Guo Nan Nv No.2,2017-12-19,2017,P.U. (A) 393,Printed Documents,,,Unclear,,"[""Chinese""]",Obscene / Immoral Publications,Erotic/Immoral Content,"Akta Mesin Cetak Dan Penerbitan, 1984",Kemoralan,
Intense Pleasure,2017-12-19,2017,P.U. (A) 392,Printed Documents,Lora Leigh,St. Martin's Paperbacks,Unclear,,"[""English""]",Obscene / Immoral Publications,Erotic/Immoral Content,"Akta Mesin Cetak Dan Penerbitan, 1984",Kemoralan,
Hidden Agendas,2018-04-24,2018,P.U. (A) 106,Printed Documents,Lora Leigh,St. Martin's Press,Foreign,St. Martin's Paperbacks Usa,"[""English""]",Obscene / Immoral Publications,Erotic/Immoral Content,"Akta Mesin Cetak Dan Penerbitan, 1984",Kemoralan,
Confesions: A Secret Diary,2018-04-24,2018,P.U. (A) 108,Printed Documents,Amber Stephens,Avon A Division Of Harpercollins Publishers,Foreign,Clays Ltd,"[""English""]",Obscene / Immoral Publications,Erotic/Immoral Content,"Akta Mesin Cetak Dan Penerbitan, 1984",Kemoralan,
Kamasutra: A Position A Day 365 Days A Year,2019-03-06,2019,P.U. (A) 67,Printed Documents,Claudia Blake,Dorling Kindersley,Foreign,,"[""English""]",Obscene / Immoral Publications,Erotic/Immoral Content,"Akta Mesin Cetak Dan Penerbitan, 1984",Kemoralan,
Infernal Goatrashing Aggression,2019-04-01,2019,P.U. (A) 102,Audio/Recordings,,Evil Dead Production,Unclear,As Design & Print Sdn Bhd,"[""Malay""]",Obscene / Immoral Publications,Erotic/Immoral Content,"Akta Mesin Cetak Dan Penerbitan, 1984",Kepentingan Awam,"The Album Has Black/Trash Metal Content; Lyrics That Promote Satanism, Violence, And Anti-Religious Sentiments"
Kama Sutra For 21St Century Lovers,2021-01-26,2021,P.U. (A) 28,Printed Documents,Ann Hooper,Dorling Kindersley,Foreign,Toppan Printing Co,"[""English""]",Obscene / Immoral Publications,Erotic/Immoral Content,"Akta Mesin Cetak Dan Penerbitan, 1984",Kemoralan,
Chelsia Amanda (Berdasarkan Kisah Benar),2022-10-12,2022,P.U. (A) 328,Audio/Recordings,Mizs Flower,Bwb Production,Unclear,Pbe One Stop Centre,"[""Malay""]",Obscene / Immoral Publications,Erotic/Immoral Content,"Akta Mesin Cetak Dan Penerbitan, 1984",Kemoralan,"Obscene And Immoral Instead Of Erotic Because The Book Is More On Fictionalised Memoir Being In The Msian Sex Industry, Not Intending To Cause Arousal"
Cekik,2022-10-12,2022,P.U. (A) 330,Printed Documents,Ridhwan Saidi,Buku Fixi Sdn Bhd,Local,Vinlin Press Sdn Bhd,"[""Malay""]",Obscene / Immoral Publications,Erotic/Immoral Content,"Akta Mesin Cetak Dan Penerbitan, 1984",Kemoralan,
Aku,2023-01-20,2023,P.U. (A) 26,Printed Documents,Shaz Johar,Buku Fixi Sdn Bhd,Local,Vinlin Press Sdn Bhd,"[""Malay""]",Obscene / Immoral Publications,Erotic/Immoral Content,"Akta Mesin Cetak Dan Penerbitan, 1984",Kemoralan,
Punai,2024-12-19,2024,P.U. (A) 411,Printed Documents,Asyraf Bakti,Buku Fixi Sdn.Bhd.,Local,,"[""Malay""]",Obscene / Immoral Publications,Erotic/Immoral Content,"Akta Mesin Cetak Dan Penerbitan, 1984",Kemoralan,Punai Is Slang For Penis
"Love, Theoretically",2025-04-15,2025,P.U. (A) 120,Printed Documents,Ali Hazelwood,"Sphere An Imprint Of Little, Brown Book Group",Foreign,,"[""English""]",Obscene / Immoral Publications,Erotic/Immoral Content,,,"It's Not Heavily Erotic Per Se, But Most Probably Deemed So By The Goverment Bcs Of The Cover Page; Two People Kissing (Heterosexual)"
The American Roommate Experiment,2025-04-17,2025,P.U. (A) 128,Printed Documents,Elena Armas,Simon & Schuster Uk Ltd,Foreign,,"[""English""]",Obscene / Immoral Publications,Erotic/Immoral Content,"Akta Mesin Cetak Dan Penerbitan, 1984",Kemoralan,
Kougar 2,2025-04-17,2025,P.U. (A) 127,Printed Documents,Shaz Johar,Buku Fixi Sdn.Bhd.,Local,,"[""Malay""]",Obscene / Immoral Publications,Erotic/Immoral Content,"Akta Mesin Cetak Dan Penerbitan, 1984",Kemoralan,
Chase Me,2025-07-01,2025,P.U. (A) 203,Printed Documents,Tessa Bailey,Avon An Imprint Of Harpercollins Publisher,Foreign,,"[""English""]",Obscene / Immoral Publications,Erotic/Immoral Content,,,
I'll Always Be With You,2026-02-27,2026,P.U. (A) 109,Printed Documents,Monica Murphy,Penguin Random House,Foreign,,"[""English""]",Obscene / Immoral Publications,Erotic/Immoral Content,,,
Things I Wanted To Say,2026-02-27,2026,P.U. (A) 108,Printed Documents,Monica Murphy,Penguin Random House,Foreign,,"[""English""]",Obscene / Immoral Publications,Erotic/Immoral Content,"Akta Mesin Cetak Dan Penerbitan, 1984",Kemoralan,
Things I Wanted To Say But Never Did,2026-02-27,2026,P.U. (A) 107,Printed Documents,Monica Murphy,Penguin Random House,Foreign,,"[""English""]",Obscene / Immoral Publications,Erotic/Immoral Content,"Akta Mesin Cetak Dan Penerbitan, 1984",Kemoralan,
You Said I Was Your Favorite,2026-02-27,2026,P.U. (A) 106,Printed Documents,Monica Murphy,Penguin Random House,Foreign,,"[""English""]",Obscene / Immoral Publications,Erotic/Immoral Content,"Akta Mesin Cetak Dan Penerbitan, 1984",Kemoralan,
Eyes On Me,2026-03-02,2026,P.U. (A) 117,Printed Documents,Sara Cate,Sourcebooks Casablanca,Foreign,,"[""English""]",Obscene / Immoral Publications,Erotic/Immoral Content,"Akta Mesin Cetak Dan Penerbitan, 1984",Kemoralan,Incest
Play With Me,2026-03-02,2026,P.U. (A) 114,Printed Documents,Becka Mack,Simon & Schuster (Australia) Pty Limited,,,"[""English""]",Obscene / Immoral Publications,Erotic/Immoral Content,"Akta Mesin Cetak Dan Penerbitan, 1984",Kemoralan,
Promises We Meant To Keep,2026-03-02,2026,P.U. (A) 112,Printed Documents,Monica Murphy,Penguin Random House,,,"[""English""]",Obscene / Immoral Publications,Erotic/Immoral Content,"Akta Mesin Cetak Dan Penerbitan, 1984",Kemoralan,
Men Out Of Uniform,2026-03-02,2026,P.U. (A) 118,Printed Documents,"Maya Banks, Sylvia Day Dan Karin Tabke",Penguin Group,,,"[""English""]",Obscene / Immoral Publications,Erotic/Immoral Content,"Akta Mesin Cetak Dan Penerbitan, 1984",Kemoralan,
"It's Perfectly Normal Changing Bodies, Growing Up, Sex, Gender, And Sexual Health",2026-03-02,2026,P.U. (A) 115,Printed Documents,Robie H. Harris Dan Michael Emberley,Candlewick Press,Foreign,,"[""English""]",Obscene / Immoral Publications,Erotic/Immoral Content,,,Sex Education Books
Permata Baiduri 3,2026-03-02,2026,P.U. (A) 116,Printed Documents,Puteri Izma (Mohamad Abdul Hamid),Usnie Publisher,,,"[""Malay""]",Obscene / Immoral Publications,Erotic/Immoral Content,"Akta Mesin Cetak Dan Penerbitan, 1984",Kemoralan,
Seni Nafkah Batin Permata Yang Hilang,2026-03-02,2026,P.U. (A) 119,Printed Documents,Ibnu Yusof,"Penerbitan Al-Kafilah, Kota Bharu",Local,,"[""Malay""]",Obscene / Immoral Publications,Erotic/Immoral Content,"Akta Mesin Cetak Dan Penerbitan, 1984",Kemoralan,Seems To Be A Book About Sex
Siapa Jodoh Anda?,2026-03-02,2026,P.U. (A) 113,Printed Documents,Hatta Al Mukmin,Mukminin Publications,,,"[""Malay""]",Obscene / Immoral Publications,Erotic/Immoral Content,"Akta Mesin Cetak Dan Penerbitan, 1984",Kemoralan,
Rang Undang-Undang Bahasa Kebangsaan Menuju Ke Arah Penggunaan Berbilang Bahasa Ke Mana Arah Tujuan Bahasa Melayu,1967-03-20,1967,P.U.148,Printed Documents,,Barisan Bertindak Bahasa Kebangsaan Pusat Kuala Lumpur,Local,Malay Language(Rumi),"[""Malay""]","Race, Religion & Royalty (3R Issues)",Ethnic Incitement,,,Cannot Determine On Sub-Cluster
Ketetapan Rang Undang-Undang Bahasa Kebangsaan 1967,1967-03-20,1967,P.U.148,Printed Documents,,Barisan Bertindak Bahasa Kebangsaan Pusat Kuala Lumpur,Local,Malay Language(Rumi),"[""Malay""]","Race, Religion & Royalty (3R Issues)",Ethnic Incitement,,,Same As Item 33
"Suratan Bertajuk ""Chinese-Be Unuted""",1978-07-13,1978,P.U. (A) 200,Printed Documents,Kirk Ng Seng,,Unclear,,"[""English""]","Race, Religion & Royalty (3R Issues)",Ethnic Incitement,,,
"Suratan Bertajuk ""M.I.C. Is Anti-Islam And A Threat To Religious Harmony""",1978-07-13,1978,P.U. (A) 203,Printed Documents,,Concerned Indian Muslims,Foreign,,"[""English""]","Race, Religion & Royalty (3R Issues)",Ethnic Incitement,,,
"Suratan Bertajuk ""Dr. Mahathir Dan Bukunya The Malay Dilemma' """,1978-07-13,1978,P.U. (A) 201,Printed Documents,,,Unclear,,"[""Malay""]","Race, Religion & Royalty (3R Issues)",Ethnic Incitement,,,
"Suratan Bertajuk ""Mic Anti Islam""",1978-07-13,1978,P.U. (A) 202,Printed Documents,,India Muslim Yang Insaf,Foreign,,"[""Malay""]","Race, Religion & Royalty (3R Issues)",Ethnic Incitement,,,
"""Chinese Be United""",1978-07-27,1978,P.U. (A) 222,Printed Documents,Kirk Ng Seng,,Unclear,,"[""English""]","Race, Religion & Royalty (3R Issues)",Ethnic Incitement,,,
"1.1 ""Mahathir-Menyalahgunakan Kuasa"" 1.2 ""Mahathir-Mengkhianati Bumiputra"" 1.3 Mahathir-Anti Dakwah-Anti Islam"" 1.4 ""Mahathir-Perlaku Teknik Kotor""",1980-02-21,1980,P.U. (A) 48,Printed Documents,,,Unclear,,,"Race, Religion & Royalty (3R Issues)",Ethnic Incitement,,,
Malaysia Negara Rakyat China.Anggota Dap Selurohnya,1981-04-15,1981,P.U. (A) 109,Printed Documents,,,Unclear,,"[""Malay""]","Race, Religion & Royalty (3R Issues)",Ethnic Incitement,,,
Malaysia Negara China,1981-04-15,1981,P.U. (A) 109,Printed Documents,,,Unclear,,"[""Malay""]","Race, Religion & Royalty (3R Issues)",Ethnic Incitement,,,
"Risalah Bertajuk ""Malaysia Negara Rakyat China-Anggota Dap Seluruh Cawangan Perak""",1982-01-21,1982,P.U. (A) 13,Printed Documents,,,Unclear,,"[""Malay""]","Race, Religion & Royalty (3R Issues)",Ethnic Incitement,,,
3R The Dilemma Of The Non Malay Students,1982-02-18,1982,P.U. (A) 37,Printed Documents,V. David,,Unclear,,"[""English""]","Race, Religion & Royalty (3R Issues)",Ethnic Incitement,,,
"Nazi Goreng: Young Malay, Fanatic, Skinheads",2015-07-01,2015,P.U. (A) 139,Printed Documents,Marco Ferrarese,Monsoon Books Ptd. Ltd.,Foreign,,"[""English""]","Race, Religion & Royalty (3R Issues)",Ethnic Incitement,"Akta Mesin Cetak Dan Penerbitan, 1984",Ketenteraman Awam,
Nazi Goreng,2016-12-30,2016,P.U. (A) 394,Printed Documents,Marco Ferrarese,Dubook Press Sdn. Bhd.,Local,Percetakan Mutalib Uthman,"[""Malay""]","Race, Religion & Royalty (3R Issues)",Ethnic Incitement,"AKTA MESIN CETAK DAN PENERBITAN, 1984",Kemoralan,"Provocative Potrayal Of Racial Tensions, Subcultures; Ethnic Violence, Drug Trafficking"
When I Was A Kid 3,2023-09-25,2023,P.U. (A) 283,Printed Documents,Cheeming Boey,Grey Pigeon Sdn. Bhd.,Local,,"[""English""]","Race, Religion & Royalty (3R Issues)",Ethnic Incitement,"Akta Mesin Cetak Dan Penerbitan, 1984",Kemoralan,Derogatory Potrayal Of An Indonesian Maid Akin To A Monkey Climbing A Tree
"Suratan Yang Mengandungi Ayat-Ayat Suci Al-Quran Bersama-Sama Dengan, Atau Dimana Di Belakangnya Terdapat Gambar-Gambar Binatang-Binatang Atau Benda-Benda Yang Dihina Atau Yang Dianggap Najis Di Dalam",1983-06-09,1983,P.U. (A) 210,Printed Documents,,,Unclear,,,"Race, Religion & Royalty (3R Issues)",Insults To Religion,,,
The Torn Veil,1988-08-04,1988,P.U. (A) 241,Printed Documents,Thelma Sangster,Marshalls Paperbaks,Unclear,Anchor Brendon Ltd.,"[""English""]","Race, Religion & Royalty (3R Issues)",Insults To Religion,"Akta Mesin Cetak Dan Penerbitan, 1984",Ketenteraman Awam,"A True Story Of Freedom And Miraculous Healing As A Muslim Girl Finds Faith In Christ When Gulshan Esther, A Devout Muslim Girl, Was Six Months Old, Typhoid Left Her A Cripple."
The Satanic Verses,1989-03-30,1989,P.U. (A) 94,Printed Documents,Salman Rushdie,The Penguin Group,Foreign,"Richard Clay Ltd,","[""English""]","Race, Religion & Royalty (3R Issues)",Insults To Religion,"Akta Mesin Cetak Dan Penerbitan, 1984",Ketenteraman Awam,It Is In The Senarai Judul Buku Berunsur Islam But I Felt Like Insults Is More Fitting.
The Islamic Invasion,1994-05-19,1994,P.U. (A) 187,Printed Documents,Robert Morey,Harvest House Publishers,Foreign,,"[""English""]","Race, Religion & Royalty (3R Issues)",Insults To Religion,"Akta Mesin Cetak Dan Penerbitan, 1984",Ketenteraman Awam,
The Male Homosexual Of Today,1971-07-15,1971,P.U. (A) 241,Printed Documents,Russel Trainer,Macfadden Bartell Corp.,Foreign,,"[""English""]",Subversive Ideological And Political Content,LGBT,,,
Lesbos-A Photo Book Of Lesbian Love,1974-12-26,1974,P.U (A) 445,Printed Documents,,Reverhaven Ltd.,Foreign,J.H Paul &Co. Ltd.,"[""English""]",Subversive Ideological And Political Content,LGBT,,,Should We Put It In Obsecene Instead?
Women On Women 2,1995-09-28,1995,P.U. (A) 332,Printed Documents,Naomi Holoch And Joan Nestle,"Penguin Books Usa Inc.,",Foreign,,"[""English""]",Subversive Ideological And Political Content,LGBT,"Akta Mesin Cetak Dan Penerbitan, 1984",Kemoralan,
Gadis Jelita Yang Menukar Jantina (A Sex-Changed Girl),1996-02-15,1996,P.U. (A) 66,Printed Documents,,Uranus Publishing House,Foreign,,"[""Chinese""]",Subversive Ideological And Political Content,LGBT,"Akta Mesin Cetak Dan Penerbitan, 1984",Kemoralan,
Flesh And The World 4- Gay Erotic Confessionals,1999-12-30,1999,P.U. (A) 517,Printed Documents,Michael Louenthac,Peguin Group Usa Inc.,Foreign,,"[""English""]",Subversive Ideological And Political Content,LGBT,"Akta Mesin Cetak Dan Penerbitan, 1984",Kemoralan,
Panduan Hidup Mak Nyah Kembali Pada Fitrah,2001-03-01,2001,P.U. (A) 52,Printed Documents,Mohd.Nur Najmi Abdullah,Yakin Jitu Sdn.Bhd.Desa Tun Razak Kuala Lumpur,Local,,"[""Malay""]",Subversive Ideological And Political Content,LGBT,"Akta Mesin Cetak Dan Penerbitan, 1984",Ketenteraman Awam,
Best American Gay Fiction,2004-10-14,2004,P.U. (A) 349,Printed Documents,Brian Bouldrey,"Little, Brown & Company (Canada) Limited",Foreign,United States Of America,"[""English""]",Subversive Ideological And Political Content,LGBT,"Akta Mesin Cetak Dan Penerbitan, 1984",Kemoralan,
The Gay Guy's Guide To Love,2004-10-14,2004,P.U. (A) 349,Printed Documents,Ken Hanes,Crown Trade Paperbacks,Unclear,United States Of America,"[""English""]",Subversive Ideological And Political Content,LGBT,"Akta Mesin Cetak Dan Penerbitan, 1984",Kemoralan,
The Mammoth Book Of Gay Erotica,2004-10-14,2004,P.U. (A) 349,Printed Documents,Lawrence Schimel,"Carrol & Graf Publishers,Inc.",Foreign,United States Of America,"[""English""]",Subversive Ideological And Political Content,LGBT,"Akta Mesin Cetak Dan Penerbitan, 1984",Kemoralan,
My Secret Life Part Two,2004-10-14,2004,P.U. (A) 349,Printed Documents,Anonymous,"Book-Of-The-Month Club, New York",Foreign,United States Of America,"[""English""]",Subversive Ideological And Political Content,LGBT,"Akta Mesin Cetak Dan Penerbitan, 1984",Kemoralan,
Lesbian Couple A Guide Ti Creating Healthy Relationships,2005-09-22,2005,P.U. (A) 349,Printed Documents,D.Merilee Clunis & G.Dorsey,Seal Press,Foreign,Dicetak Di Kanada,"[""English""]",Subversive Ideological And Political Content,LGBT,"Akta Mesin Cetak Dan Penerbitan, 1984",Kemoralan,
Lesbian,2005-09-22,2005,P.U. (A) 350,Printed Documents,Radzi Sayed,Ar Communications.,Local,Lian Yew Press Sdn.Bhd.,"[""Malay""]",Subversive Ideological And Political Content,LGBT,"Akta Mesin Cetak Dan Penerbitan, 1984",Kemoralan,
The Queer Movie Poster Book,2006-06-15,2006,P.U. (A) 231,Printed Documents,Jenni Olson,Chronicle Books Llc,Foreign,,"[""English""]",Subversive Ideological And Political Content,LGBT,"Akta Mesin Cetak Dan Penerbitan, 1984",Kemoralan,
Gakuen Heaven,2007-09-07,2007,P.U. (A) 302,Printed Documents,You Ren,Ri Yue Publishing Co. Ltd,Unclear,Da Zhong Plate Printing Co. Ltd.,"[""Chinese""]",Subversive Ideological And Political Content,LGBT,"Akta Mesin Cetak Dan Penerbitan, 1984",Kemoralan,
Rintihan Jiwa Seorang Lesbian,2009-07-09,2009,P.U. (A) 244,Audio/Recordings,,M&S Production,Unclear,Percetakan Megah,"[""Malay""]",Subversive Ideological And Political Content,LGBT,"Akta Mesin Cetak Dan Penerbitan, 1984",Kemoralan,
Islam And Homosexuality Volume 1,2016-07-04,2016,P.U. (A) 192,Printed Documents,Samar Habib,Praeger ( An Imprint Of Abc-Cleo),Unclear,Praeger ( An Imprint Of Abc-Cleo),"[""English""]",Subversive Ideological And Political Content,LGBT,"Akta Mesin Cetak Dan Penerbitan, 1984",Menggemparkan Fikiran Orang Ramai,
Sexual Intimacy For Women: A Guide For Same-Sex Couples,2016-07-18,2016,P.U. (A) 201,Printed Documents,Dr. Glenda Corwin,Seal Press,Foreign,,"[""English""]",Subversive Ideological And Political Content,LGBT,"Akta Mesin Cetak Dan Penerbitan, 1984",Kemoralan,
The Whole Lesbian Sex Book A Passionate Guide For All Of Us,2016-07-18,2016,P.U. (A) 201,Printed Documents,Felice Newman,Cleis Press Inc.,Foreign,,"[""English""]",Subversive Ideological And Political Content,LGBT,"Akta Mesin Cetak Dan Penerbitan, 1984",Kemoralan,
Lesbian Sex Positions: 100 Passionate Positions From Intimate And Sensual To Wild And Naughty,2016-07-18,2016,P.U. (A) 201,Printed Documents,Shanna Katz,Amorata Press,Unclear,We Sp (Four Color Print Group),"[""English""]",Subversive Ideological And Political Content,LGBT,"Akta Mesin Cetak Dan Penerbitan, 1984",Kemoralan,
Habibi,2017-07-27,2017,P.U. (A) 216,Printed Documents,Craig Thompson,"Pantheon Books,",Foreign,,"[""English""]",Subversive Ideological And Political Content,LGBT,"Akta Mesin Cetak Dan Penerbitan, 1984",Kemoralan,"Explore Themes Of Love, Cultural Identity, And Religion; Interpreted As Endorsing Homosexuality"
Gay Is Ok! A Christian Perspective,2020-11-27,2020,P.U. (A) 340,Printed Documents,Ngeo Boon Lin,Gerakbudaya Enterprise,Local,Vinlin Press Sdn Bhd,"[""English""]",Subversive Ideological And Political Content,LGBT,"Akta Mesin Cetak Dan Penerbitan, 1984",Kemoralan,
Heartstopper Volume 2,2022-10-12,2022,P.U. (A) 329,Printed Documents,Alice Oseman,Hodder Children's Books,Foreign,Clays Ltd. Elcograf S.Pp.A,"[""English""]",Subversive Ideological And Political Content,LGBT,"Akta Mesin Cetak Dan Penerbitan, 1984",Kemoralan,
Jacob's Room To Choose,2023-01-20,2023,P.U. (A) 25,Printed Documents,Sarah And Ian Hoffman,Magination Press,Foreign,Phoenix Color Hagerstown Md,"[""English""]",Subversive Ideological And Political Content,LGBT,"Akta Mesin Cetak Dan Penerbitan, 1984",Kemoralan,
The Tale Of Steven,2023-01-20,2023,P.U. (A) 24,Printed Documents,Rebecca Sugar,Abrams,Foreign,,"[""English""]",Subversive Ideological And Political Content,LGBT,"Akta Mesin Cetak Dan Penerbitan, 1984",Kemoralan,"""Steven Universe"" Narrative Includes Non-Binary And Gender-Fluid Characters"
"Apa-Apa Penerbitan Yang Berkaitan Dengan Lesbian, Gay, Bisexual, Transgender,Gueer And + Plus (Lgbtq+) Dalam Apa-Apa Bentuk Yang Terdapat Pada Jam Swatch Dalam Apa-Apa Koleksi Termasuk Kotak, ....",2023-08-10,2023,P.U. (A) 236,Physical Goods,,Swatch Limited,Foreign,,,Subversive Ideological And Political Content,LGBT,"AKTA MESIN CETAK DAN PENERBITAN, 1984",Kemoralan,
Scattered Showers,2024-12-19,2024,P.U. (A) 412,Printed Documents,Rainbow Rowell,Macmillan Children's Books,Foreign,,"[""English""]",Subversive Ideological And Political Content,LGBT,"Akta Mesin Cetak Dan Penerbitan, 1984",Kemoralan,
Lose You To Find Me,2024-12-19,2024,P.U. (A) 410,Printed Documents,Erik J. Brown,Balzer + Gray,Foreign,,"[""English""]",Subversive Ideological And Political Content,LGBT,"Akta Mesin Cetak Dan Penerbitan, 1984",Kemoralan,
What If It's Us,2024-12-19,2024,P.U. (A) 414,Printed Documents,Becky Albertalli Dan Adam Silverra,Balzer + Gray,Foreign,,"[""English""]",Subversive Ideological And Political Content,LGBT,"Akta Mesin Cetak Dan Penerbitan, 1984",Kemoralan,
When Everything Feels Like The Movies,2024-12-19,2024,P.U. (A) 413,Printed Documents,Raziel Reid,Arsenal Pulp Press,Foreign,,"[""English""]",Subversive Ideological And Political Content,LGBT,"Akta Mesin Cetak Dan Penerbitan, 1984",Kemoralan,
My Shadow Is Purple,2025-01-21,2025,P.U. (A) 26,Printed Documents,Scott Stuart,Larrikin House 2022,Foreign,,"[""English""]",Subversive Ideological And Political Content,LGBT,"Akta Mesin Cetak Dan Penerbitan, 1984",Kemoralan,
All That's Left In The World,2025-01-22,2025,P.U. (A) 32,Printed Documents,Erik J. Brown,Balzer + Gray,Foreign,,"[""English""]",Subversive Ideological And Political Content,LGBT,"Akta Mesin Cetak Dan Penerbitan, 1984",Kemoralan,
Tales From Beyond The Rainbow,2025-08-04,2025,P.U. (A) 248,Printed Documents,Pete Jordi Wood,Penguin Random House Uk,Foreign,,"[""English""]",Subversive Ideological And Political Content,LGBT,"Akta Mesin Cetak Dan Penerbitan, 1984",Kemoralan,
I Am Jazz,2025-08-04,2025,P.U. (A) 245,Printed Documents,Jessica Herthel & Jazz Jennings,Penguin Group (Usa) Llc,Foreign,,"[""English""]",Subversive Ideological And Political Content,LGBT,"Akta Mesin Cetak Dan Penerbitan, 1984",Kemoralan,
A Day In The Life Of Marlon Bundo,2025-08-04,2025,P.U. (A) 243,Printed Documents,Marlon Bundo With Jill Twiss,Chronicle Books Llc,Foreign,,"[""English""]",Subversive Ideological And Political Content,LGBT,"Akta Mesin Cetak Dan Penerbitan, 1984",Kemoralan,
The (Nearly) Teenage Boy's Guide To (Almost) Everything,2025-08-04,2025,P.U. (A) 242,Printed Documents,Dr.Sharie Coombes,Autumn Publishing An Imprint Of Igloo Books Ltd.,Foreign,,"[""English""]",Subversive Ideological And Political Content,LGBT,"Akta Mesin Cetak Dan Penerbitan, 1984",Kemoralan,
The (Nearly) Teenage Girl's Guide To (Almost) Everything,2025-08-04,2025,P.U. (A) 244,Printed Documents,Dr.Sharie Coombes,Autumn Publishing An Imprint Of Igloo Books Ltd.,Foreign,,"[""English""]",Subversive Ideological And Political Content,LGBT,"Akta Mesin Cetak Dan Penerbitan, 1984",Kemoralan,
Call Me By Your Name,2025-08-04,2025,P.U. (A) 247,Printed Documents,Andre Aciman,Atlantic Books An Imprint Of Atlantic Books Ltd,Foreign,,"[""English""]",Subversive Ideological And Political Content,LGBT,"Akta Mesin Cetak Dan Penerbitan, 1984",Kemoralan,
Grandad's Camper,2025-08-04,2025,P.U. (A) 246,Printed Documents,Harry Woodgate,Andersen Press Ltd.,Foreign,,"[""English""]",Subversive Ideological And Political Content,LGBT,"Akta Mesin Cetak Dan Penerbitan, 1984",Kemoralan,
Just By Looking At Him,2025-08-06,2025,P.U. (A) 253,Printed Documents,Ryan O Connell,"Sphere An Imprint Of Little, Brown Book Group",Foreign,,"[""English""]",Subversive Ideological And Political Content,LGBT,"Akta Mesin Cetak Dan Penerbitan, 1984",Kemoralan,
David Bowie Made Me Gay 100 Years Of Lgbt Music,2025-08-06,2025,P.U. (A) 252,Printed Documents,Darryl W. Bullock,Duckworth Overlook,Foreign,,"[""English""]",Subversive Ideological And Political Content,LGBT,"Akta Mesin Cetak Dan Penerbitan, 1984",Kemoralan,
Julian Is A Mermaid,2025-08-27,2025,P.U. (A) 276,Printed Documents,Jessica Love,Walker Books Ltd.,Foreign,,"[""English""]",Subversive Ideological And Political Content,LGBT,"Akta Mesin Cetak Dan Penerbitan, 1984",Kemoralan,
Siapa Tah Tuhan Dan Juru Selamat Manusia Itu,1951-04-09,1951,L.N. 186,Printed Documents,,South China Peniel Press,Foreign,,,Religious Doctrinal Deviance,Other,,,
Awake,1952-06-12,1952,L.N. 329,Printed Documents,,Watch Tower Bible & Tract Society,Foreign,,"[""English""]",Religious Doctrinal Deviance,Other,,,
Watch Tower,1952-06-12,1952,L.N. 329,Printed Documents,,Watch Tower Bible & Tract Society,Foreign,,"[""English""]",Religious Doctrinal Deviance,Other,,,
What Has Religion Done For Mankind,1952-06-12,1952,L.N. 329,Printed Documents,,Watch Tower Bible & Tract Society,Foreign,,"[""English""]",Religious Doctrinal Deviance,Other,,,
The Koran...,1961-09-21,1961,L.N. 289,Printed Documents,N.J.Dawood,The Whitefriars Press Ltd. London & Tonbridge (Teh Penguin Classics),Foreign,,,Religious Doctrinal Deviance,Other,,,
Risalat Yang Mengandong Akan Khutbah Juma'at Dan Khutbah Dua Hari Raya Dan Khutbah Nikah Dan Talkin Mayat Dengan Bahasa Melayu,1962-06-28,1962,L.N. 168,Printed Documents,Al-Sheikh Abdul Mutalib Al-Mandili,United Press,Unclear,,"[""Malay""]",Religious Doctrinal Deviance,Other,,,
Siasah Dan Loteri Serta Alim Ulama,1963-06-06,1963,L.N. 137,Printed Documents,Abdul Kadir Bin Abdul Muttalib Al-Indonesia Al-Mandili,Chap Matba'atul Annuar,Unclear,Malay Language(Jawi) And Arabic,,Religious Doctrinal Deviance,Other,,,
Islam: Its Meaning For Modern Man,1964-08-27,1964,L.N. 260,Printed Documents,Mohamed Zafrulla Khan,"Routnedge And Kegan Paul,Ltd",Unclear,Richard Clay Ltd,"[""English""]",Religious Doctrinal Deviance,Other,,,Not Sure Why Its Banned. Quick Glance On The Content It Seems To Be Sunni And Alright.
The Great Religious Leaders,1964-09-24,1964,L.N. 290,Printed Documents,Charles Francis Potter,"Washington Square Press,Inc Executive Offices",Unclear,,"[""English""]",Religious Doctrinal Deviance,Other,,,Described As Christian Biography
World Religions A Dialogue,1968-06-06,1968,P.U.241,Printed Documents,Niniam Smith,Penguin Books Ltd. England,Foreign,,"[""English""]",Religious Doctrinal Deviance,Other,,,
Marshaf Al Harmain (Koran Yang Tidak Cukup Ayat-Ayatnya),1974-12-05,1974,P.U (A) 420,Printed Documents,,,Unclear,Printed In Beirut,"[""Arabic""]",Religious Doctrinal Deviance,Other,,,Seems To Refer To Damaged Quran
The Message Of The Quran Oleh Hashim Amir-Ali,1977-05-26,1977,P.U. (A) 128,Printed Documents,,Charles E. Tuttle Company,Unclear,Thomson Press ( India ) Ltd,"[""English""]",Religious Doctrinal Deviance,Other,,,Assume That KDN Deemed Its A Bad Interpretation Of The QURAN
Manusia Bertanya Tuhan Allah Menjawab,1981-04-15,1981,P.U. (A) 108,Printed Documents,,,Unclear,,"[""Malay""]",Religious Doctrinal Deviance,Other,,,
Soal Jawab Tentang Berbagai Masaalah Ugama,1982-01-21,1982,P.U. (A) 14,Printed Documents,"A.Hassan, Mohd. Ma`Sum, H.Mahmud Aziz, Abd. Kadir Hassan Dan Haji Yunan Hasyim",C.V. Diponegoro Bandung,Foreign,,,Religious Doctrinal Deviance,Other,,,
Alkitab,1982-05-13,1982,P.U. (A) 134,Printed Documents,,Lembaga Alkitab Indonesia Jakarta 1979,Foreign,Dicetak Di Korea,"[""Indonesian""]",Religious Doctrinal Deviance,Other,,,
"""Nadi Insan"" Bulan Disember 1982",1983-01-27,1983,P.U. (A) 18,Printed Documents,,Institut Analisa Sosial (Insan),Local,Champion Printers Sdn. Bhd.,"[""Malay""]",Religious Doctrinal Deviance,Other,,,
Perjanjian Baru,1983-05-26,1983,P.U. (A) 196,Printed Documents,,Lembaga Alkitab Indonesia,Foreign,"Percitakan Lembaga Alkitab Ciluar, Bogor","[""Indonesian""]",Religious Doctrinal Deviance,Other,,,New Testament??
Kalam Hidup,1983-05-26,1983,P.U. (A) 195,Printed Documents,,Kalam Hidup (Kemah Injil Gereja Masehi Indonesia) Ji,Foreign,,"[""Indonesian""]",Religious Doctrinal Deviance,Other,,,
"""Nadi Insan"" Bil. 51 Bulan Julai 1983",1983-08-11,1983,P.U. (A) 316,Printed Documents,,Institut Analisa Sosial (Insan),Local,Printsystem Sdn. Bhd.,"[""Malay""]",Religious Doctrinal Deviance,Other,,,
Think And Grow Rich,1985-01-17,1985,P.U. (A) 29,Printed Documents,Napoleon Hill,Melvin Powers Wilshire Book Company,Foreign,,"[""English""]",Religious Doctrinal Deviance,Other,"Akta Mesin Cetak Dan Penerbitan, 1984",Ketenteraman Awam,
"Syahed Di Tanjung Periok, Jakarta",1985-01-17,1985,P.U. (A) 30,Printed Documents,Ustaz Abdul Qadir Djaelani,Gedong Gua,Local,,"[""Indonesian""]",Religious Doctrinal Deviance,Other,"Akta Mesin Cetak Dan Penerbitan, 1984",Ketenteraman Awam,
"Syahed Ii Di Tanjung Periok, Indonesia",1985-01-17,1985,P.U. (A) 30,Printed Documents,Ustaz Abdul Qadir Djaelani,Gedong Gua,Local,,"[""Indonesian""]",Religious Doctrinal Deviance,Other,"Akta Mesin Cetak Dan Penerbitan, 1984",Ketenteraman Awam,
Penindasan Terhadap Iman Dan Islam Di Indonesia,1985-01-17,1985,P.U. (A) 30,Printed Documents,Syarifin Moloko Sh.,Gedong Gua,Local,,"[""Indonesian""]",Religious Doctrinal Deviance,Other,"Akta Mesin Cetak Dan Penerbitan, 1984",Ketenteraman Awam,
A Christian's Response To Islam,1985-01-17,1985,P.U. (A) 29,Printed Documents,William M.Miller,"Tyndale House Publishers,Inc.",Foreign,,"[""English""]",Religious Doctrinal Deviance,Other,"Akta Mesin Cetak Dan Penerbitan, 1984",Ketenteraman Awam,
A Christian's Response To Islam,1985-01-17,1985,P.U. (A) 29,Printed Documents,William M. Miller,"Tyndale House Publishers, Inc.",Foreign,,"[""English""]",Religious Doctrinal Deviance,Other,"Akta Mesin Cetak Dan Penerbitan, 1984",Ketenteraman Awam,
Sketches From Church History,1985-07-11,1985,P.U. (A) 302,Printed Documents,S.M. Houghton,The Banner Of Truth,Unclear,Morrison & Gibb Ltd.,"[""English""]",Religious Doctrinal Deviance,Other,"Akta Mesin Cetak Dan Penerbitan, 1984",Ketenteraman Awam,
Pas Masuk Lubuk Merbau,1985-07-11,1985,P.U. (A) 297,Physical Goods,Subky Latif,Penerbitan Gedung Gua,Local,Lian Bee Press Kuala Lumpur,"[""Malay""]",Religious Doctrinal Deviance,Other,"Akta Mesin Cetak Dan Penerbitan, 1984",Kepentingan Negara,
Sketches From Church History,1985-07-11,1985,P.U. (A) 302,Printed Documents,S.M. Houghton,The Banner Of Truth Trust 3 Murrayfield Road,Foreign,"Morrison & Gibb Ltd,",,Religious Doctrinal Deviance,Other,"Akta Mesin Cetak Dan Penerbitan, 1984",Ketenteraman Awam,"This Is More On History Of Church, Christian Proletyzation Mayhaps"
Menjawab Cabaran Buku Hadis Satu Penilaian Semula,1987-12-10,1987,P.U. (A) 401,Printed Documents,,Persatuan Ulama Malaysia,Local,,"[""Malay""]",Religious Doctrinal Deviance,Other,"Akta Mesin Cetak Dan Penerbitan, 1984",Ketenteraman Awam,
"Jawapan Kepada Buku ""Hadis Satu Penilaian Semula""",1987-12-10,1987,P.U. (A) 401,Printed Documents,,"Fakulti Pengajian Islam, Universiti Kebangsaan Malaysia",Local,,"[""Malay""]",Religious Doctrinal Deviance,Other,"Akta Mesin Cetak Dan Penerbitan, 1984",Ketenteraman Awam,
Berita Alam Gaib Sebelum Dan Sesudah Hari Kemudian,1988-03-10,1988,P.U. (A) 65,Printed Documents,Ustaz Musaniff Effendie,M.A. Jaya,Foreign,,"[""English""]",Religious Doctrinal Deviance,Other,"Akta Mesin Cetak Dan Penerbitan, 1984",Ketenteraman Awam,
Kafir Mengkafir Siapakah Yang Kafir?,1988-03-10,1988,P.U. (A) 65,Printed Documents,Khalid Salleh,Tintmas,Unclear,Percetakan Cahaya,"[""Malay""]",Religious Doctrinal Deviance,Other,"Akta Mesin Cetak Dan Penerbitan, 1984",Ketenteraman Awam,
Purdah Oh Purdah,1988-03-10,1988,P.U. (A) 65,Printed Documents,Ustaz Haji Tajul Ariffin,Penerbitan Al-Munir,Local,Academe Arts,"[""Malay""]",Religious Doctrinal Deviance,Other,"Akta Mesin Cetak Dan Penerbitan, 1984",Ketenteraman Awam,
Gayong Bersambut,1988-03-10,1988,P.U. (A) 65,Printed Documents,Hashim A.Ghani,Ktp Institut,Unclear,"Off Set Duplicating, Ktf Institut","[""Malay""]",Religious Doctrinal Deviance,Other,"Akta Mesin Cetak Dan Penerbitan, 1984",Ketenteraman Awam,
Early Islam,1988-08-04,1988,P.U. (A) 241,Printed Documents,Desmond Stewart,"Time-Life Books International, (Nederland) N.V.",Foreign,,"[""English""]",Religious Doctrinal Deviance,Other,"AKTA MESIN CETAK DAN PENERBITAN, 1984",Ketenteraman Awam,
Islam - A Christian Perspective,1988-08-04,1988,P.U. (A) 241,Printed Documents,Michael Nazir Ali,"The Westminster Press Philadelphia, Pennsylvania",Foreign,,"[""English""]",Religious Doctrinal Deviance,Other,"Akta Mesin Cetak Dan Penerbitan, 1984",Ketenteraman Awam,
The Islamic World,1988-08-04,1988,P.U. (A) 241,Printed Documents,Disunting Oleh William H.Mcneil Dan Marilyn Robinson Waldman,The University Of Chicago Press,Unclear,,"[""English""]",Religious Doctrinal Deviance,Other,"Akta Mesin Cetak Dan Penerbitan, 1984",Ketenteraman Awam,
The Collection Of The Qur'an,1988-08-04,1988,P.U. (A) 241,Printed Documents,John Burton,Syndics Of The Cambridge University Press,Foreign,"Redwood Burn Ltd,","[""English""]",Religious Doctrinal Deviance,Other,"Akta Mesin Cetak Dan Penerbitan, 1984",Ketenteraman Awam,
Islam And Christian Witness,1988-08-04,1988,P.U. (A) 241,Printed Documents,Martin Goldsmith,Send The Light (Operation Mobilisation),Foreign,Cox And Wyman Ltd,"[""English""]",Religious Doctrinal Deviance,Other,"Akta Mesin Cetak Dan Penerbitan, 1984",Ketenteraman Awam,
Studies On Islam-A Simple Outline Of The Islamic Faith,1988-08-04,1988,P.U. (A) 241,Printed Documents,Disusun Oleh Jack Budd,Red Sea Mission Team,Unclear,Stanley L. Hunt (Printers) Ltd.,"[""English""]",Religious Doctrinal Deviance,Other,"Akta Mesin Cetak Dan Penerbitan, 1984",Ketenteraman Awam,
Islam In The World,1988-08-04,1988,P.U. (A) 241,Printed Documents,Malise Ruthven,"Penguin Books Ltd,",Foreign,"Cox & Wyman Ltd,","[""English""]",Religious Doctrinal Deviance,Other,"Akta Mesin Cetak Dan Penerbitan, 1984",Ketenteraman Awam,
Muhammad,1988-08-04,1988,P.U. (A) 241,Printed Documents,Michael Cook,Oxford University Press,Foreign,"The Guernsey Press, Company Limited","[""English""]",Religious Doctrinal Deviance,Other,"Akta Mesin Cetak Dan Penerbitan, 1984",Ketenteraman Awam,
Practical Lessons For Evangelism Among Muslims,1988-08-04,1988,P.U. (A) 241,Printed Documents,Vivienne Stacey,Orientdienst Ev Wiesbaden Germany,Unclear,,"[""English""]",Religious Doctrinal Deviance,Other,"Akta Mesin Cetak Dan Penerbitan, 1984",Ketenteraman Awam,
An Introduction To Islam,1988-08-04,1988,P.U. (A) 241,Printed Documents,Frederick Mathewson Denny,Macmillan Pub. Company,Foreign,,"[""English""]",Religious Doctrinal Deviance,Other,"Akta Mesin Cetak Dan Penerbitan, 1984",Ketenteraman Awam,
Miracles & Metaphors,1988-08-04,1988,P.U. (A) 241,Printed Documents,Mirza Abdul Fald- Terjemahan Dan Catatan Oleh Juan Ricardo Cole,Kalimat Press Los Angeles,Unclear,,"[""English""]",Religious Doctrinal Deviance,Other,"Akta Mesin Cetak Dan Penerbitan, 1984",Ketenteraman Awam,
Understanding The Islamic Explosion,1988-08-04,1988,P.U. (A) 241,Printed Documents,Bernard Palmer,Horizon House Publishers,Unclear,,"[""English""]",Religious Doctrinal Deviance,Other,"Akta Mesin Cetak Dan Penerbitan, 1984",Ketenteraman Awam,
Your Muslim Guest,1988-08-04,1988,P.U. (A) 241,Printed Documents,Uncle Bill,Fellowship Of Faith For Muslim,Unclear,,"[""English""]",Religious Doctrinal Deviance,Other,"Akta Mesin Cetak Dan Penerbitan, 1984",Ketenteraman Awam,
Muhammadan Festivals,1988-08-04,1988,P.U. (A) 241,Printed Documents,G.E. Von Grunebaum,Curzon Press Ltd,Unclear,,"[""English""]",Religious Doctrinal Deviance,Other,,,
Beyond The Mosque Christians Within Muslim Community,1988-08-04,1988,P.U. (A) 241,Printed Documents,Phill Parshall,Baker Book House,Foreign,,"[""English""]",Religious Doctrinal Deviance,Other,"Akta Mesin Cetak Dan Penerbitan, 1984",Ketenteraman Awam,
Quran: The Final Scripture (Authorized English Version),1988-11-24,1988,P.U. (A) 418,Printed Documents,,,Unclear,Percetakan Watan Sdn.Bhd,"[""English""]",Religious Doctrinal Deviance,Other,,,
Muzakarah Umno Dan Pas?,1988-11-24,1988,P.U. (A) 419,Printed Documents,A. Ghani Ismail,Pustaka Islah Sdn. Bhd.,Local,Penerbitan Seri Kota,"[""Malay""]",Religious Doctrinal Deviance,Other,"Akta Mesin Cetak Dan Penerbitan, 1984",Ketenteraman Awam,
Roh Setelah Maut,1989-09-21,1989,P.U. (A) 278,Printed Documents,Drs Rahmanmat,Time News Distributor,Unclear,Percetakan Dan Perniagaan Berlian Sdn. Bhd,"[""Malay""]",Religious Doctrinal Deviance,Other,"Akta Mesin Cetak Dan Penerbitan, 1984",Ketenteraman Awam,
Rahsia Hidup Dalam Islam,1989-09-21,1989,P.U. (A) 278,Printed Documents,Hamidin Bin Kasim) Pak Wa,,Unclear,Syarikat Percetakan Saravana,"[""Malay""]",Religious Doctrinal Deviance,Other,"Akta Mesin Cetak Dan Penerbitan, 1984",Ketenteraman Awam,
Neraka,1989-09-21,1989,P.U. (A) 278,Printed Documents,,M.A. Jaya,Foreign,Pustaka Muda,"[""Malay""]",Religious Doctrinal Deviance,Other,"Akta Mesin Cetak Dan Penerbitan, 1984",Ketenteraman Awam,
Khadijah Isteri Rasulullah,1989-09-21,1989,P.U. (A) 278,Printed Documents,Abdul Aziz Muhammad,Amir Enterprise,Local,"Papyrus Printers & Stationers Sdn. Bhd.,","[""Malay""]",Religious Doctrinal Deviance,Other,"Akta Mesin Cetak Dan Penerbitan, 1984",Ketenteraman Awam,
Morbid Angel Altars Of Madness,1991-05-30,1991,P.U. (A) 205,Audio/Recordings,,"Earache Songs U.K, Valentine Sound Productions Sdn Bhd",Local,"Percetakan Cergas (M) Sdn. Bhd.,","[""Chinese""]",Religious Doctrinal Deviance,Other,"Akta Mesin Cetak Dan Penerbitan, 1984",Ketenteraman Awam,
The Prophet,1992-08-20,1992,P.U. (A) 315,Printed Documents,Kahlil Gibran,William Heinemann Ltd.,Foreign,"Richard Clay (The Chaucer Press) Ltd., Bungay, Suffolk","[""English""]",Religious Doctrinal Deviance,Other,"Akta Mesin Cetak Dan Penerbitan, 1984",Ketenteraman Awam,Gibran Have Ties With Bahai
Perspectives On The World Christian Movement,1992-08-20,1992,P.U. (A) 315,Printed Documents,Ralph D. Winter And Steven C. Hawthorne,William Carey Library,Foreign,,"[""English""]",Religious Doctrinal Deviance,Other,"Akta Mesin Cetak Dan Penerbitan, 1984",Ketenteraman Awam,
Ten Muslims Meet Christ,1992-08-20,1992,P.U. (A) 315,Printed Documents,William Mcelwee Miller,"William B.Eerdmans Publishing Company,",Foreign,,"[""English""]",Religious Doctrinal Deviance,Other,"Akta Mesin Cetak Dan Penerbitan, 1984",Ketenteraman Awam,Should We Include Christian Proletyzation Into A Different Category From Religious Doctrinal Deviance?
Gospel And Islam,1992-08-20,1992,P.U. (A) 315,Printed Documents,Don M. Mccurry,"The Samuel Zwemer Institute,",Foreign,,"[""English""]",Religious Doctrinal Deviance,Other,"Akta Mesin Cetak Dan Penerbitan, 1984",Ketenteraman Awam,
Christian Reply To Muslim Objections,1992-08-20,1992,P.U. (A) 315,Printed Documents,W. St. Clair Tisdall,Society For Promoting Kristian Knowledge,Foreign,Light Of Life,"[""English""]",Religious Doctrinal Deviance,Other,"Akta Mesin Cetak Dan Penerbitan, 1984",Ketenteraman Awam,
Sexuality In Islam,1992-08-20,1992,P.U. (A) 315,Printed Documents,Abdelwahab Bouhdiba,Routledge & Kegan Paul,Foreign,,"[""English""]",Religious Doctrinal Deviance,Other,,,"From The Description, It Does Seems To Signal With Deconstructing Heterosexual's Sexual Status In Islam, Which Made Me Thought If It Should Be In Subversive Ideology But It Seems More Akin To Being Banned Due To Islam"
So What's The Difference?,1992-08-20,1992,P.U. (A) 315,Printed Documents,Fritz Ridenour,"Regal Books A Division Of Gl Publications Ventura,",Foreign,,"[""English""]",Religious Doctrinal Deviance,Other,"Akta Mesin Cetak Dan Penerbitan, 1984",Ketenteraman Awam,
The Koran Interpreted,1992-08-20,1992,P.U. (A) 315,Printed Documents,A Translation By Arthur J. Arberry,"Macmillan Publishing Co. Inc., Collier Macmillan Canada, Inc.",Foreign,,"[""English""]",Religious Doctrinal Deviance,Other,"Akta Mesin Cetak Dan Penerbitan, 1984",Ketenteraman Awam,
A Cry From The Heart,1992-08-20,1992,P.U. (A) 315,Printed Documents,William Sears,George Ronald,Foreign,"Richard Clay (The Chaucer Press) Ltd., Bungay, Suffolk","[""English""]",Religious Doctrinal Deviance,Other,"Akta Mesin Cetak Dan Penerbitan, 1984",Ketenteraman Awam,Bahai
Leadership For The 21St Century,1992-08-20,1992,P.U. (A) 315,Printed Documents,Ron Boehme,"Frontline Communications,",Foreign,,"[""English""]",Religious Doctrinal Deviance,Other,"Akta Mesin Cetak Dan Penerbitan, 1984",Ketenteraman Awam,
I Dared To Call Him Father,1992-08-20,1992,P.U. (A) 315,Printed Documents,Bilquis Sheikh With Richard H. Schneider,"Chosen Books Publishing Co., Ltd",Foreign,,"[""English""]",Religious Doctrinal Deviance,Other,"Akta Mesin Cetak Dan Penerbitan, 1984",Ketenteraman Awam,
Among The Believers,1992-08-20,1992,P.U. (A) 315,Printed Documents,V.S.Naipaul,"Alfred A. Knopf, Inc. New York",Foreign,,"[""English""]",Religious Doctrinal Deviance,Other,"Akta Mesin Cetak Dan Penerbitan, 1984",Ketenteraman Awam,
Women In Islam,1992-08-20,1992,P.U. (A) 315,Printed Documents,Wiebke Walther,"Abner Schram Ltd., George Prior Associated Publishers Ltd.,",Foreign,,"[""English""]",Religious Doctrinal Deviance,Other,"Akta Mesin Cetak Dan Penerbitan, 1984",Ketenteraman Awam,
Islam,1992-10-08,1992,P.U. (A) 364,Printed Documents,Alfred Guillaume,Vicking Penguin,Foreign,,"[""English""]",Religious Doctrinal Deviance,Other,"Akta Mesin Cetak Dan Penerbitan, 1984",Ketenteraman Awam,Claims Of Bias (Author Is Christian) And Inclusion Of Historical Records Not Agreed Upon By Scholars
Unleashed Where No Life Dwells,1992-10-08,1992,P.U. (A) 362,Audio/Recordings,,"Valentine Sound Productions Sdn. Bhd.,",Local,"Percetakan Cergas (M) Sdn. Bhd.,","[""English""]",Religious Doctrinal Deviance,Other,"Akta Mesin Cetak Dan Penerbitan, 1984",Kemoralan,Metal Songs
Sodom Mortal Way Of Live,1992-10-08,1992,P.U. (A) 362,Audio/Recordings,,"Valentine Sound Productions Sdn. Bhd.,",Local,"Percetakan Cergas (M) Sdn. Bhd.,","[""English""]",Religious Doctrinal Deviance,Other,"Akta Mesin Cetak Dan Penerbitan, 1984",Ketenteraman Awam,
Massacre From Beyond,1992-10-08,1992,P.U. (A) 362,Audio/Recordings,,"Valentine Sound Productions Sdn. Bhd.,",Local,"Percetakan Cergas (M) Sdn. Bhd.,","[""English""]",Religious Doctrinal Deviance,Other,"Akta Mesin Cetak Dan Penerbitan, 1984",Ketenteraman Awam,
Risk The Reborn,1992-10-08,1992,P.U. (A) 362,Audio/Recordings,,"Valentine Sound Productions Sdn. Bhd.,",Local,Audio Art Press Sdn. Bhd.,"[""English""]",Religious Doctrinal Deviance,Other,"Akta Mesin Cetak Dan Penerbitan, 1984",Ketenteraman Awam,
"The Mohammedan Controversy, Biographies Of Mohamed, Sprengeron Tradition, The Indina Liturgy And The Psalter",1992-10-08,1992,P.U. (A) 364,Printed Documents,Sir William Muir,"Suresh Kumar For R.S. Publishing House,",Foreign,"Jayyed Press,","[""English""]",Religious Doctrinal Deviance,Other,"Akta Mesin Cetak Dan Penerbitan, 1984",Ketenteraman Awam,
Dance '91 The Final Volume,1992-10-08,1992,P.U. (A) 362,Audio/Recordings,,"Polygram Pte. Ltd., Singapore",Foreign,,"[""English""]",Religious Doctrinal Deviance,Other,"Akta Mesin Cetak Dan Penerbitan, 1984",Ketenteraman Awam,
Al Ghazali's Mishkat Al Anwar (The Nicher For Lights),1992-10-08,1992,P.U. (A) 364,Printed Documents,W.H.T. Gairdener,Nusrat Ali Nasri For Kitab Bhavan,Foreign,,"[""English""]",Religious Doctrinal Deviance,Other,"Akta Mesin Cetak Dan Penerbitan, 1984",Ketenteraman Awam,Sufiism
Reaching Muslims Today,1992-10-08,1992,P.U. (A) 364,Printed Documents,,North Africa Mission,Foreign,,"[""English""]",Religious Doctrinal Deviance,Other,"Akta Mesin Cetak Dan Penerbitan, 1984",Ketenteraman Awam,
The Koran,1992-10-08,1992,P.U. (A) 364,Printed Documents,J.M. Rodwell,J.M. Denf & Sons Ltd.,Foreign,,"[""English""]",Religious Doctrinal Deviance,Other,"Akta Mesin Cetak Dan Penerbitan, 1984",Ketenteraman Awam,
Mohammed The Man And His Faith,1992-10-08,1992,P.U. (A) 364,Printed Documents,Tor Andrae,Harper Torch Books,Foreign,,"[""English""]",Religious Doctrinal Deviance,Other,"Akta Mesin Cetak Dan Penerbitan, 1984",Ketenteraman Awam,
Ninety-Nine Names Of Allah,1992-10-08,1992,P.U. (A) 364,Printed Documents,Shems Fridlanderwith Al-Hajj Shaikh Muzaffereddin,"Graham Brash Pte. Ltd.,",Foreign,,"[""English""]",Religious Doctrinal Deviance,Other,"Akta Mesin Cetak Dan Penerbitan, 1984",Ketenteraman Awam,Author Seems To Have Ties With Sufism
Prophet Mohammad,1992-10-08,1992,P.U. (A) 364,Printed Documents,,"Educational Publications Bureau Pte. Ltd.,",Foreign,,"[""English""]",Religious Doctrinal Deviance,Other,"Akta Mesin Cetak Dan Penerbitan, 1984",Ketenteraman Awam,
The World's Living Religions,1992-10-08,1992,P.U. (A) 364,Printed Documents,Robert E. Hume,Charles Scribner's Sons.,Foreign,,"[""English""]",Religious Doctrinal Deviance,Other,"Akta Mesin Cetak Dan Penerbitan, 1984",Ketenteraman Awam,
Doa-Doa Dari Prayers From Al-Quran,1992-11-05,1992,P.U. (A) 420,Printed Documents,Idris Abdul Rahman,I.A.R. Enterprise,Local,,"[""Malay"", ""English""]",Religious Doctrinal Deviance,Other,,,
Risdah Kamarul Huda,1992-11-05,1992,P.U. (A) 420,Printed Documents,,,Local,,"[""Malay"", ""JAWI""]",Religious Doctrinal Deviance,Other,"Akta Mesin Cetak Dan Penerbitan, 1984",Ketenteraman Awam,In The List
Bintang Dua Belas,1992-11-05,1992,P.U. (A) 420,Printed Documents,Abu Abdul Qadir,Haji Mohd. Ali Bin Haji Mohd. Dawa,Local,Persama Press,"[""Malay"", ""JAWI""]",Religious Doctrinal Deviance,Other,"Akta Mesin Cetak Dan Penerbitan, 1984",Ketenteraman Awam,Astrologi And Horoscopes
Kitab Abi Ma'syaril Falak Al-Kabir,1992-11-05,1992,P.U. (A) 420,Printed Documents,Atar Rahman,"Al-Haraman,",Local,,"[""Malay"", ""JAWI""]",Religious Doctrinal Deviance,Other,"Akta Mesin Cetak Dan Penerbitan, 1984",Ketenteraman Awam,Ilmu Falak.
Manusia Dalam Dosa Atau Pahala,1992-11-05,1992,P.U. (A) 420,Printed Documents,"Abdullah Sani, Sh","Thinker's Library Sdn. Bhd.,",Local,"Thinker's Library Sdn. Bhd.,","[""Malay""]",Religious Doctrinal Deviance,Other,"Akta Mesin Cetak Dan Penerbitan, 1984",Ketenteraman Awam,
Tauhid Dan Logika Al-Quran Tentang Manusia Dan Ekonomi,1992-11-05,1992,P.U. (A) 420,Printed Documents,Nazwar Syamsu,"Thinker's Library Sdn. Bhd.,",Local,"Thinker's Library Sdn. Bhd.,","[""Malay""]",Religious Doctrinal Deviance,Other,"Akta Mesin Cetak Dan Penerbitan, 1984",Ketenteraman Awam,Alternative Understanding Of Islam.
"Tauhid Dan Logika Al-Quran Tentang Syalat, Puasa Dan Waktu",1992-11-05,1992,P.U. (A) 420,Printed Documents,Nazwar Syamsu,"Thinker's Library Sdn. Bhd.,",Local,"Thinker's Library Sdn. Bhd.,","[""Malay""]",Religious Doctrinal Deviance,Other,"Akta Mesin Cetak Dan Penerbitan, 1984",Ketenteraman Awam,
Tauhid Dan Logika Al-Quran Dasar Tanya Jawab Ilmiah Serta Pelengkap,1992-11-05,1992,P.U. (A) 420,Printed Documents,Nazwar Syamsu,"Thinker's Library Sdn. Bhd.,",Local,"Thinker's Library Sdn. Bhd.,","[""Malay""]",Religious Doctrinal Deviance,Other,"Akta Mesin Cetak Dan Penerbitan, 1984",Ketenteraman Awam,
Tauhid Dan Logika Al-Quran Tentang Manusia Dan Masyarakat,1992-11-05,1992,P.U. (A) 420,Printed Documents,Nazwar Syamsu,"Thinker's Library Sdn. Bhd.,",Local,"Thinker's Library Sdn. Bhd.,","[""Malay""]",Religious Doctrinal Deviance,Other,"Akta Mesin Cetak Dan Penerbitan, 1984",Ketenteraman Awam,
Haji Qiran (Siri Buku As Sunnah),1992-11-05,1992,P.U. (A) 420,Printed Documents,H. Hashim A. Ghani,Percetakan K.F.T,Local,Percetakan K.F.T,"[""Malay""]",Religious Doctrinal Deviance,Other,"Akta Mesin Cetak Dan Penerbitan, 1984",Ketenteraman Awam,
Hakikat Insan,1992-11-05,1992,P.U. (A) 420,Printed Documents,Haji Ahmad Laksamana Bin Omar,,Unclear,,"[""Malay""]",Religious Doctrinal Deviance,Other,"Akta Mesin Cetak Dan Penerbitan, 1984",Ketenteraman Awam,"Pemikiran Dalam Buku Ini Telah Difatwakan Sebagai Menyeleweng Daripada Ajaran Islam Yang Sebenar, Khususnya Dalam Soal Tauhid Dan Syariat."
Pendedahan Kebenaran Adalah Dari Tuhan Mu-Hadith Di-Dalan Al-Quran,1992-11-05,1992,P.U. (A) 420,Printed Documents,Idris Abdul Rahman,I.A.R. Enterprise,Local,"Direct Art Company,","[""Malay""]",Religious Doctrinal Deviance,Other,,,
Memo Kepada Perdana Menteri,1992-11-05,1992,P.U. (A) 420,Printed Documents,Syed Hussein Alatas,Al-Suhaimi,Unclear,Al-Suhaimi,"[""Malay""]",Religious Doctrinal Deviance,Other,"Akta Mesin Cetak Dan Penerbitan, 1984",Ketenteraman Awam,
Alam Sebagai Saksi,1993-09-23,1993,P.U. (A) 280,Printed Documents,Mohamad Zain Bin Hassan,Pustaka Ansharullah,Local,,"[""Malay""]",Religious Doctrinal Deviance,Other,"Akta Mesin Cetak Dan Penerbitan, 1984",Ketenteraman Awam,
Isa Al-Masih Masih Hidup Ataukah Sudah Mati,1993-09-23,1993,P.U. (A) 280,Printed Documents,Joesoef Sou`Yb,Pustaka Alhusna,Local,Mutiara Sumber Widya Offset Jakarta,"[""Malay""]",Religious Doctrinal Deviance,Other,"Akta Mesin Cetak Dan Penerbitan, 1984",Ketenteraman Awam,
Penemuan Ilmiah Tentang Kandungan Al-Quran,1993-09-23,1993,P.U. (A) 280,Printed Documents,Dr Rashad Khalifa,Pt Bina Ilmu,Foreign,,"[""Malay""]",Religious Doctrinal Deviance,Other,"Akta Mesin Cetak Dan Penerbitan, 1984",Ketenteraman Awam,
Apakah Judi Itu,1993-09-23,1993,P.U. (A) 280,Printed Documents,Prof. K.H. Ibrahim Hosen. Lml.,"Lembaga Kajian Ilmiah Institut Ilmu Al-Quran (11Q), Jakarta",Foreign,,"[""Malay""]",Religious Doctrinal Deviance,Other,"Akta Mesin Cetak Dan Penerbitan, 1984",Ketenteraman Awam,
Jimak (Hubungan Kelamin Cara Islam),1993-09-23,1993,P.U. (A) 280,Printed Documents,A. Hamid Othman,Karya Abazie,Unclear,Percetakan Selaseh,"[""Malay""]",Religious Doctrinal Deviance,Other,"Akta Mesin Cetak Dan Penerbitan, 1984",Ketenteraman Awam,
Pendekatan Dunia Islam Dan Kristien,1993-09-23,1993,P.U. (A) 280,Printed Documents,Prof. Drs K.H. Hasbullah Bakry Sh.,"Grafindo Utama, Jakarta Indonesia",Foreign,,"[""Malay""]",Religious Doctrinal Deviance,Other,"Akta Mesin Cetak Dan Penerbitan, 1984",Ketenteraman Awam,
Permata Yang Indah (Ad-Durrun Nafis),1993-09-23,1993,P.U. (A) 280,Printed Documents,Syekh M.Nafis Bin Idris Al Banjarie,Cv. Amin Surabaya,Foreign,,"[""Malay""]",Religious Doctrinal Deviance,Other,"Akta Mesin Cetak Dan Penerbitan, 1984",Ketenteraman Awam,
Permata Yang Hilang (Seni Nafkah Batin),1993-09-23,1993,P.U. (A) 280,Printed Documents,Ibnu Yusuf,Add Sell,Unclear,,"[""Malay""]",Religious Doctrinal Deviance,Other,"Akta Mesin Cetak Dan Penerbitan, 1984",Ketenteraman Awam,
Muhammad A Western Attempt To Understand Islam,1994-01-13,1994,P.U. (A) 8,Printed Documents,Karen Amstrong,"Victor Gollancz Ltd.,",Foreign,Butler And Tanner Ltd,"[""English""]",Religious Doctrinal Deviance,Other,"Akta Mesin Cetak Dan Penerbitan, 1984",Ketenteraman Awam,
The March Of Islam,1994-01-13,1994,P.U. (A) 8,Printed Documents,Time-Life Books,"Time-Life Books Inc., U.S.A.",Foreign,,"[""English""]",Religious Doctrinal Deviance,Other,"Akta Mesin Cetak Dan Penerbitan, 1984",Ketenteraman Awam,
The Computer Speak: God's Message To The World,1994-01-13,1994,P.U. (A) 8,Printed Documents,Rashad Khalifa,Renaissance Productions International,Unclear,,"[""English""]",Religious Doctrinal Deviance,Other,"Akta Mesin Cetak Dan Penerbitan, 1984",Ketenteraman Awam,
Christ In Islam And Christianity,1994-01-13,1994,P.U. (A) 8,Printed Documents,Neal Robinson,"Macmillan Press Ltd.,",Foreign,Billing & Sons Ltd.,"[""English""]",Religious Doctrinal Deviance,Other,"Akta Mesin Cetak Dan Penerbitan, 1984",Ketenteraman Awam,
Islam In The Modern World A Christian Perspective,1994-01-13,1994,P.U. (A) 8,Printed Documents,Norman Anderson,Apollos (An Imprint Of Inter-Varsity Press),Foreign,"Collins Glasgow, Great Britain","[""English""]",Religious Doctrinal Deviance,Other,"Akta Mesin Cetak Dan Penerbitan, 1984",Ketenteraman Awam,
What Is Religions An Introduction,1994-09-15,1994,P.U. (A) 348,Printed Documents,John F.Haught,Paulist Press New York And New Jersey,Foreign,,"[""English""]",Religious Doctrinal Deviance,Other,,,
In Search Of The Treasure Of Faith,1994-09-15,1994,P.U. (A) 348,Printed Documents,Robert J. Wieland,All Africa Publication,Unclear,,"[""English""]",Religious Doctrinal Deviance,Other,"Akta Mesin Cetak Dan Penerbitan, 1984",Ketenteraman Awam,
Panduan Menghadapi Sakit,1994-09-15,1994,P.U. (A) 347,Printed Documents,,Penerbit Hikmah,Local,Percetakan Cs Kuala Lumpur,"[""Malay""]",Religious Doctrinal Deviance,Other,"Akta Mesin Cetak Dan Penerbitan, 1984",Ketenteraman Awam,
Berdakwah Di Istana Bersalib,1994-09-29,1994,P.U. (A) 367,Printed Documents,Amiyati,,Unclear,,"[""Malay""]",Religious Doctrinal Deviance,Other,,,
Siri 5 Tamrin Ghafar Mp Kenyataan Akhbar,1994-09-29,1994,P.U. (A) 367,Printed Documents,,,Unclear,,"[""Malay""]",Religious Doctrinal Deviance,Other,"Akta Mesin Cetak Dan Penerbitan, 1984",Ketenteraman Awam,He Is Mentioned A Lot Here
Panduan & Kebesaran Selawat Berserta 200 Sifat Rasulullah Sifat Tubuh Badannya Himpunan Salawat,1994-09-29,1994,P.U. (A) 367,Printed Documents,Ustaz Hanafi Bin A. Rashid,Syeikh Publisher,Local,Vinlin Press Sdn Bhd,"[""Malay""]",Religious Doctrinal Deviance,Other,"Akta Mesin Cetak Dan Penerbitan, 1984",Ketenteraman Awam,
Bertaubatlah Sebelum Terlambat,1994-09-29,1994,P.U. (A) 367,Printed Documents,Mohd. Solehan Sharif,Syeikh Publisher,Local,Vinlin Press Sdn.Bhd.,"[""Malay""]",Religious Doctrinal Deviance,Other,"Akta Mesin Cetak Dan Penerbitan, 1984",Ketenteraman Awam,
Pembentukan Peribadi Mukmin,1994-09-29,1994,P.U. (A) 367,Printed Documents,Abdullah Nasih Ulwan,Syeikh Publisher,Local,Polygraphic Marketing Sdn.Bhd.,"[""Malay""]",Religious Doctrinal Deviance,Other,"Akta Mesin Cetak Dan Penerbitan, 1984",Ketenteraman Awam,
Fardhu Ain,1994-09-29,1994,P.U. (A) 366,Printed Documents,,Penerbitan Ehya`,Local,Syarikat Prema,"[""Malay""]",Religious Doctrinal Deviance,Other,"Akta Mesin Cetak Dan Penerbitan, 1984",Ketenteraman Awam,
Al Qiadah,1994-09-29,1994,P.U. (A) 366,Printed Documents,Wan Mohd Azmin Wan Dolah,Penerbitan Al-Munir,Local,Pustaka Jaya,"[""Malay""]",Religious Doctrinal Deviance,Other,"Akta Mesin Cetak Dan Penerbitan, 1984",Ketenteraman Awam,
Amal,1994-09-29,1994,P.U. (A) 366,Printed Documents,Pahrol Muhamad Juoi,Penerbitan Al-Munir,Local,Pustaka Abadi Sdn. Bhd,"[""Malay""]",Religious Doctrinal Deviance,Other,"Akta Mesin Cetak Dan Penerbitan, 1984",Ketenteraman Awam,
Anak Soleh,1994-09-29,1994,P.U. (A) 366,Printed Documents,Mohd Nor Rfuzi Razali,Penerbitan Al-Munir,Local,Pustaka Jaya,"[""Malay""]",Religious Doctrinal Deviance,Other,"Akta Mesin Cetak Dan Penerbitan, 1984",Ketenteraman Awam,
An Nasihah,1994-09-29,1994,P.U. (A) 366,Printed Documents,Laila Ahmad,Penerbitan Al-Munir,Local,Pustaka Jaya,"[""Malay""]",Religious Doctrinal Deviance,Other,"Akta Mesin Cetak Dan Penerbitan, 1984",Ketenteraman Awam,
Pendidikan: Penyelesaian Mengikut Jalan Allah,1994-09-29,1994,P.U. (A) 366,Printed Documents,Tamrin Bin Abdul Ghafar,,Unclear,,"[""Malay""]",Religious Doctrinal Deviance,Other,"Akta Mesin Cetak Dan Penerbitan, 1984",Ketenteraman Awam,
W.A.S.P. First Blood Last Cuts,1994-11-17,1994,P.U. (A) 480,Audio/Recordings,W.A.S.P,"Santuary Productions Inc., Under Exclusive Licence To Capitol Records Ins.",Foreign,,"[""English""]",Religious Doctrinal Deviance,Other,"Akta Mesin Cetak Dan Penerbitan, 1984",Ketenteraman Awam,
Babes In Toyland/Fontanelle,1994-11-17,1994,P.U. (A) 480,Audio/Recordings,Babes In Toyland,Reprise Records,Foreign,,"[""English""]",Religious Doctrinal Deviance,Other,"Akta Mesin Cetak Dan Penerbitan, 1984",Ketenteraman Awam,
Heavy Bones,1994-11-17,1994,P.U. (A) 480,Audio/Recordings,Heavy Bones,Reprise Records,Foreign,,"[""English""]",Religious Doctrinal Deviance,Other,"Akta Mesin Cetak Dan Penerbitan, 1984",Ketenteraman Awam,
Motley Crue,1994-11-17,1994,P.U. (A) 480,Audio/Recordings,,"Elektra Entertainment A Division Of Warner Communications Inc., A Time Warner Company",Foreign,,"[""English""]",Religious Doctrinal Deviance,Other,"Akta Mesin Cetak Dan Penerbitan, 1984",Ketenteraman Awam,
Savatage/Edge Of Thorns,1994-11-17,1994,P.U. (A) 480,Audio/Recordings,Savatage,Atlantic Recording Corporation,Foreign,,"[""English""]",Religious Doctrinal Deviance,Other,"Akta Mesin Cetak Dan Penerbitan, 1984",Ketenteraman Awam,Thrash Metal.
Testament/Return To The Apocalyptic City,1994-11-17,1994,P.U. (A) 480,Audio/Recordings,Testament,Atlantic Recording Corporation,Foreign,,"[""English""]",Religious Doctrinal Deviance,Other,"Akta Mesin Cetak Dan Penerbitan, 1984",Ketenteraman Awam,
Warner Music Rock -Too Hot To Handle,1995-02-23,1995,P.U. (A) 59,Audio/Recordings,,"Warner Music (Malaysia) Sdn. Bhd.,",Local,,"[""Malay""]",Religious Doctrinal Deviance,Other,,,
Mutiara Taman Wangi,1995-06-08,1995,P.U. (A) 214,Printed Documents,Ibnu Yusof,Al Kafilah Enterprise,Local,,"[""Malay""]",Religious Doctrinal Deviance,Other,"Akta Mesin Cetak Dan Penerbitan, 1984",Kemoralan,Not In The List.
Bacaan,1995-07-22,1995,P.U. (A) 261,Printed Documents,Othman Ali,"Omar Brothers Publications (Pte. Ltd), Alexandra",Foreign,,"[""Malay""]",Religious Doctrinal Deviance,Other,"Akta Mesin Cetak Dan Penerbitan, 1984",Ketenteraman Awam,
Permata Gemilang,1995-09-07,1995,P.U. (A) 313,Printed Documents,Ibnu Yusof,Al-Kafilah Enterprise,Local,,"[""Malay""]",Religious Doctrinal Deviance,Other,"Akta Mesin Cetak Dan Penerbitan, 1984",Kemoralan,
Refleksi Pembaharuan Pemikiran Islam 70 Tahun Harun Nasution,1995-10-19,1995,P.U. (A) 365,Printed Documents,Panitia Penerbitan Buku Dan 70 Tahun Harun Nasutionbekerjasama Dengan Lembaga Studi Agama Dan Filsafat,Lembaga Studi Agama Dan Filsafat,Unclear,Cv. Guna Aksara,"[""Malay""]",Religious Doctrinal Deviance,Other,"Akta Mesin Cetak Dan Penerbitan, 1984",Ketenteraman Awam,
Amanat Rasulullah S.A.W,1995-12-28,1995,P.U. (A) 449,Printed Documents,Mohamad Zain Bin Hassan,Pustaka Ansharullah,Local,,"[""Malay""]",Religious Doctrinal Deviance,Other,"AKTA MESIN CETAK DAN PENERBITAN, 1984",Ketenteraman Awam,
Iqra',1995-12-28,1995,P.U. (A) 454,Printed Documents,,Jema'ah Al-Quran Malaysia,Local,Jutaprint,"[""Malay""]",Religious Doctrinal Deviance,Other,"Akta Mesin Cetak Dan Penerbitan, 1984",Ketenteraman Awam,
The Koran Complete Dictionary & Literal Translation,1996-03-28,1996,P.U. (A) 134,Printed Documents,"Mohamed Ahmed & His Daughter, Samira","M., J., & S. Ahmed,",Unclear,"M., J., & S.Ahmed","[""English""]",Religious Doctrinal Deviance,Other,"Akta Mesin Cetak Dan Penerbitan, 1984",Ketenteraman Awam,
"Katakanlah (Ya Muhammad),",1996-03-28,1996,P.U. (A) 135,Printed Documents,Nik Hashim El Muhammady,,Unclear,,"[""Malay""]",Religious Doctrinal Deviance,Other,"Akta Mesin Cetak Dan Penerbitan, 1984",Ketenteraman Awam,
Rahsia Mengenal Diri,1996-04-25,1996,P.U. (A) 174,Printed Documents,Ustaz Hal Azwan,Citakhidmat (M) Sdn. Bhd.,Local,Percetakan Polygraphic (M) Sdn. Bhd,"[""Malay""]",Religious Doctrinal Deviance,Other,"Akta Mesin Cetak Dan Penerbitan, 1984",Ketenteraman Awam,
Intan Istana Khalifah,1996-04-25,1996,P.U. (A) 175,Printed Documents,Ibnu Yusof,Al-Kafilah Enterprise,Local,,"[""Malay""]",Religious Doctrinal Deviance,Other,"Akta Mesin Cetak Dan Penerbitan, 1984",Kemoralan,
Karma Akhirat,1996-12-26,1996,P.U. (A) 614,Printed Documents,,M.A. Jaya Indonesia,Foreign,,"[""Malay""]",Religious Doctrinal Deviance,Other,"Akta Mesin Cetak Dan Penerbitan, 1984",Ketenteraman Awam,
Sejarah Nabi Zulkifli,1996-12-26,1996,P.U. (A) 614,Printed Documents,,M.A. Jaya Indonesia,Foreign,,"[""Malay""]",Religious Doctrinal Deviance,Other,,,
Riwayat Nabi Yunus A.S,1996-12-26,1996,P.U. (A) 614,Printed Documents,,M.A. Jaya Indonesia,Foreign,,"[""Malay""]",Religious Doctrinal Deviance,Other,"AKTA MESIN CETAK DAN PENERBITAN, 1984",Ketenteraman Awam,
Riwayat Bilal,1996-12-26,1996,P.U. (A) 614,Printed Documents,,M.A. Jaya Indonesia,Foreign,,"[""Malay""]",Religious Doctrinal Deviance,Other,"Akta Mesin Cetak Dan Penerbitan, 1984",Ketenteraman Awam,
Riwayat Siti Asiah Dan Masyitoh,1996-12-26,1996,P.U. (A) 614,Printed Documents,,M.A. Jaya Indonesia,Foreign,,"[""Malay""]",Religious Doctrinal Deviance,Other,"Akta Mesin Cetak Dan Penerbitan, 1984",Ketenteraman Awam,
Riwayat Nabi Musa A.S Dan Qarun,1996-12-26,1996,P.U. (A) 614,Printed Documents,,M.A. Jaya Indonesia,Foreign,,"[""Malay""]",Religious Doctrinal Deviance,Other,"Akta Mesin Cetak Dan Penerbitan, 1984",Ketenteraman Awam,
Adam Dan Hawa,1996-12-26,1996,P.U. (A) 614,Printed Documents,,M.A. Jaya Indonesia,Foreign,,"[""Malay""]",Religious Doctrinal Deviance,Other,"Akta Mesin Cetak Dan Penerbitan, 1984",Ketenteraman Awam,
Riwayat Nabi Sulaiman A.S. Dengan Burung Garuda,1996-12-26,1996,P.U. (A) 614,Printed Documents,,M.A. Jaya Indonesia,Foreign,,"[""Malay""]",Religious Doctrinal Deviance,Other,"Akta Mesin Cetak Dan Penerbitan, 1984",Ketenteraman Awam,
Kisah: Al'qomah Kutukan Seorang Ibu,1996-12-26,1996,P.U. (A) 614,Printed Documents,,M.A. Jaya Indonesia,Foreign,,"[""Malay""]",Religious Doctrinal Deviance,Other,"Akta Mesin Cetak Dan Penerbitan, 1984",Ketenteraman Awam,
Neraka,1996-12-26,1996,P.U. (A) 614,Printed Documents,,M.A. Jaya Indonesia,Foreign,,"[""Malay""]",Religious Doctrinal Deviance,Other,"Akta Mesin Cetak Dan Penerbitan, 1984",Ketenteraman Awam,
Abrahah (Raja Terkutuk),1996-12-26,1996,P.U. (A) 614,Printed Documents,,M.A. Jaya Indonesia,Foreign,,"[""Malay""]",Religious Doctrinal Deviance,Other,"Akta Mesin Cetak Dan Penerbitan, 1984",Ketenteraman Awam,
Bangkit Dari Kubur,1996-12-26,1996,P.U. (A) 614,Printed Documents,,M.A. Jaya Indonesia,Foreign,,"[""Malay""]",Religious Doctrinal Deviance,Other,"Akta Mesin Cetak Dan Penerbitan, 1984",Ketenteraman Awam,
Hari Pembalasan,1996-12-26,1996,P.U. (A) 614,Printed Documents,,M.A. Jaya Indonesia,Foreign,,"[""Malay""]",Religious Doctrinal Deviance,Other,"Akta Mesin Cetak Dan Penerbitan, 1984",Ketenteraman Awam,
Rasul Allah Kedatangan Iblis,1996-12-26,1996,P.U. (A) 614,Printed Documents,,M.A. Jaya Indonesia,Foreign,,"[""Malay""]",Religious Doctrinal Deviance,Other,"Akta Mesin Cetak Dan Penerbitan, 1984",Ketenteraman Awam,
Dajjal (Nabi Palsu),1996-12-26,1996,P.U. (A) 614,Printed Documents,,M.A. Jaya Indonesia,Foreign,,"[""Malay""]",Religious Doctrinal Deviance,Other,"Akta Mesin Cetak Dan Penerbitan, 1984",Ketenteraman Awam,
Kisah: Nabi Musa A.S,1996-12-26,1996,P.U. (A) 614,Printed Documents,,M.A. Jaya Indonesia,Foreign,,"[""Malay""]",Religious Doctrinal Deviance,Other,"AKTA MESIN CETAK DAN PENERBITAN, 1984",Ketenteraman Awam,
Pedoman Fardhu Ain (Buku 1 & 2),1998-02-05,1998,P.U. (A) 48,Printed Documents,Abu Abdul Rahman An-Nairusiy,Syarikat Nurulhas,Local,Majujaya Indah Sdn. Bhd,"[""Malay""]",Religious Doctrinal Deviance,Other,"Akta Mesin Cetak Dan Penerbitan, 1984",Ketenteraman Awam,
Taqwa Bekalan Menuju Akhirat,1998-02-05,1998,P.U. (A) 48,Printed Documents,Mohd. Fadli Bin Ismail,Pustaka Al Irshad,Local,P.S. Press,"[""Malay""]",Religious Doctrinal Deviance,Other,"Akta Mesin Cetak Dan Penerbitan, 1984",Ketenteraman Awam,
"""Pembelaan...""",1998-02-05,1998,P.U. (A) 48,Printed Documents,"Paul Tan Chee Ing, D.J.",Pusat Penyelidikan Katolik (Catholic Research Centre),Local,Academe Art & Printing Services Sdn. Bhd Kuala Lumpur,"[""Malay""]",Religious Doctrinal Deviance,Other,"Akta Mesin Cetak Dan Penerbitan, 1984",Ketenteraman Awam,
Mujarobat Besar Dan Lengkap,1998-02-05,1998,P.U. (A) 47,Printed Documents,Muh. Sunarto,C.V. 'Cahaya Indah,Foreign,,"[""Malay""]",Religious Doctrinal Deviance,Other,"Akta Mesin Cetak Dan Penerbitan, 1984",Ketenteraman Awam,
Keramat Wali-Wali,1998-02-05,1998,P.U. (A) 48,Printed Documents,H.A.Fuad Said,Badan Book Store Sdn Bhd,Local,Percetakan Zafar Sdn.Bhd.,"[""Malay""]",Religious Doctrinal Deviance,Other,"Akta Mesin Cetak Dan Penerbitan, 1984",Ketenteraman Awam,
Conspiracies Against The Quran,1999-05-20,1999,P.U. (A) 203,Printed Documents,Syed Abdul Wadud,Zalfan Publishers,Unclear,,"[""English""]",Religious Doctrinal Deviance,Other,"Akta Mesin Cetak Dan Penerbitan, 1984",Ketenteraman Awam,
After Imam,1999-05-20,1999,P.U. (A) 203,Printed Documents,Syed Jaffar Al Sagoff,University Publications,Unclear,,"[""English""]",Religious Doctrinal Deviance,Other,"Akta Mesin Cetak Dan Penerbitan, 1984",Ketenteraman Awam,
Lore Of Light Stories From The Live Of The Prophets,1999-05-20,1999,P.U. (A) 203,Printed Documents,Hajjah Aminah Hatun,A.S. Noordeen,Unclear,,"[""English""]",Religious Doctrinal Deviance,Other,"Akta Mesin Cetak Dan Penerbitan, 1984",Ketenteraman Awam,
Kuliah Agama Murtad Siri Kedua Menurut Perlembagaan Negara,1999-05-20,1999,P.U. (A) 204,Printed Documents,Peguam Zulkifly Nordin,,Unclear,,"[""Malay""]",Religious Doctrinal Deviance,Other,"Akta Mesin Cetak Dan Penerbitan, 1984",Menggemparkan Fikiran Orang Ramai,
Intipati Rahsia Sembahyang,1999-06-03,1999,P.U. (A) 242,Printed Documents,Hal Azwan Al-Haj,Tinta Merah,Local,Tinggi Press Sdn. Bhd.,"[""Malay""]",Religious Doctrinal Deviance,Other,"Akta Mesin Cetak Dan Penerbitan, 1984",Ketenteraman Awam,
Kitab Ilmu Perubatan Kesufian,1999-06-03,1999,P.U. (A) 243,Printed Documents,Sheikh Hakim Moinuddin Chishti,Thinker's Library Sdn. Bhd.,Local,,"[""Malay""]",Religious Doctrinal Deviance,Other,,,
Setiap Bid'ah Menyesatkan,1999-06-03,1999,P.U. (A) 242,Printed Documents,Rasul Dahri,Perniagaan Jahabersa,Local,"Percetakan Iwc Sdn. Bhd.,","[""Malay""]",Religious Doctrinal Deviance,Other,"Akta Mesin Cetak Dan Penerbitan, 1984",Ketenteraman Awam,
Persoalan Bid'ah Dan Percanggahannya,1999-06-03,1999,P.U. (A) 242,Printed Documents,Rasul Dahri,Perniagaan Jahabersa,Local,"Percetakan Iwc Sdn. Bhd.,","[""Malay""]",Religious Doctrinal Deviance,Other,"Akta Mesin Cetak Dan Penerbitan, 1984",Ketenteraman Awam,
Mujarrobat Melayu,1999-06-03,1999,P.U. (A) 243,Printed Documents,,Maktabah Wa Matbaah Darul Ma'arof,Foreign,,"[""Malay""]",Religious Doctrinal Deviance,Other,"Akta Mesin Cetak Dan Penerbitan, 1984",Ketenteraman Awam,
Kasful Al-Ghaibiyah,1999-06-03,1999,P.U. (A) 243,Printed Documents,Syeikh Zainal Abidin Bin Mohamad Al Fatani,Maktabah Wa Matbaah Darul Ma'arof,Foreign,,"[""Malay""]",Religious Doctrinal Deviance,Other,"Akta Mesin Cetak Dan Penerbitan, 1984",Ketenteraman Awam,
Mengenal Lelaki,1999-06-03,1999,P.U. (A) 243,Printed Documents,Ibnu Yusof,Al-Kafilah Enterprise,Local,,"[""Malay""]",Religious Doctrinal Deviance,Other,"Akta Mesin Cetak Dan Penerbitan, 1984",Ketenteraman Awam,
Aku Percaya Akan Penglihatan,1999-08-26,1999,P.U. (A) 357,Printed Documents,Kenneth E. Hagin,Yayasan Perkhabaran Injil,Local,Yayasan Perkhabaran Injil,"[""Malay""]",Religious Doctrinal Deviance,Other,"Akta Mesin Cetak Dan Penerbitan, 1984",Ketenteraman Awam,
Al-Kitab Dan Ilmu Pengetahuan,1999-08-26,1999,P.U. (A) 357,Printed Documents,Jeff Harvey & C. Pallaghy,Yayasan Perkhabaran Injil,Local,Yayasan Perkhabaran Injil,"[""Malay""]",Religious Doctrinal Deviance,Other,"Akta Mesin Cetak Dan Penerbitan, 1984",Ketenteraman Awam,
Analisa Al-Kitab,1999-08-26,1999,P.U. (A) 357,Printed Documents,Howard M. Gering,Yayasan Perkhabaran Injil,Local,Yayasan Perkhabaran Injil,"[""Malay""]",Religious Doctrinal Deviance,Other,"Akta Mesin Cetak Dan Penerbitan, 1984",Ketenteraman Awam,
Apakah Yesus Itu Anak Allah,1999-08-26,1999,P.U. (A) 357,Printed Documents,Gordon Lindsay,Yayasan Perkhabaran Injil,Local,Yayasan Perkhabaran Injil,"[""Malay""]",Religious Doctrinal Deviance,Other,"Akta Mesin Cetak Dan Penerbitan, 1984",Ketenteraman Awam,
Bagaimana Anda Bisa Disembuhkan Atau Segala Yang Berhubung Dengan Kesembuhan Ilahi,1999-08-26,1999,P.U. (A) 357,Printed Documents,Gordon Lindsay,Yayasan Perkhabaran Injil,Local,Yayasan Perkhabaran Injil,"[""Malay""]",Religious Doctrinal Deviance,Other,"Akta Mesin Cetak Dan Penerbitan, 1984",Ketenteraman Awam,
Baptisandan Koruniarohul Kudus,1999-08-26,1999,P.U. (A) 357,Printed Documents,Aril Envondsen,Yayasan Perkhabaran Injil,Local,Yayasan Perkhabaran Injil,"[""Malay""]",Religious Doctrinal Deviance,Other,,,
Bukan Sekedar Jumlah,1999-08-26,1999,P.U. (A) 357,Printed Documents,Dr. Paul Y. Cho,Yayasan Perkhabaran Injil,Local,Yayasan Perkhabaran Injil,"[""Malay""]",Religious Doctrinal Deviance,Other,"Akta Mesin Cetak Dan Penerbitan, 1984",Ketenteraman Awam,
Dimensi Ke Empat,1999-08-26,1999,P.U. (A) 357,Printed Documents,Dr. Paul Y. Cho,Yayasan Perkhabaran Injil,Local,Yayasan Perkhabaran Injil,"[""Malay""]",Religious Doctrinal Deviance,Other,"Akta Mesin Cetak Dan Penerbitan, 1984",Ketenteraman Awam,
Kamus Al-Kitab,1999-08-26,1999,P.U. (A) 357,Printed Documents,Howard M. Gering,Yayasan Perkhabaran Injil,Local,Yayasan Perkhabaran Injil,"[""Malay""]",Religious Doctrinal Deviance,Other,"Akta Mesin Cetak Dan Penerbitan, 1984",Ketenteraman Awam,
Ucapan Baru,1999-08-26,1999,P.U. (A) 357,Printed Documents,Morris Cerullo,Yayasan Perkhabaran Injil,Local,Yayasan Perkhabaran Injil,"[""Malay""]",Religious Doctrinal Deviance,Other,"Akta Mesin Cetak Dan Penerbitan, 1984",Ketenteraman Awam,
Tubuhku Hidupku,1999-08-26,1999,P.U. (A) 357,Printed Documents,Dr. Paul G. Trulin,Yayasan Perkhabaran Injil,Local,Yayasan Perkhabaran Injil,"[""Malay""]",Religious Doctrinal Deviance,Other,"Akta Mesin Cetak Dan Penerbitan, 1984",Ketenteraman Awam,
Tanda-Tanda Kedatangan Kristian,1999-08-26,1999,P.U. (A) 357,Printed Documents,Gordon Lindsay,Yayasan Perkhabaran Injil,Local,Yayasan Perkhabaran Injil,"[""Malay""]",Religious Doctrinal Deviance,Other,"Akta Mesin Cetak Dan Penerbitan, 1984",Ketenteraman Awam,
Kedatangan Kristus Yang Kedua Kali,1999-08-26,1999,P.U. (A) 357,Printed Documents,Gordon Lindsay,Yayasan Perkhabaran Injil,Local,Yayasan Perkhabaran Injil,"[""Malay""]",Religious Doctrinal Deviance,Other,"Akta Mesin Cetak Dan Penerbitan, 1984",Ketenteraman Awam,
Keajaiban Anugerah,1999-08-26,1999,P.U. (A) 357,Printed Documents,Oswald J.Smith,Yayasan Perkhabaran Injil,Local,Yayasan Perkhabaran Injil,"[""Malay""]",Religious Doctrinal Deviance,Other,"Akta Mesin Cetak Dan Penerbitan, 1984",Ketenteraman Awam,
Kebutuhan Utama Orang Beriman,1999-08-26,1999,P.U. (A) 357,Printed Documents,John Osteen,Yayasan Perkhabaran Injil,Local,Yayasan Perkhabaran Injil,"[""Malay""]",Religious Doctrinal Deviance,Other,"Akta Mesin Cetak Dan Penerbitan, 1984",Ketenteraman Awam,
Peta Zaman,1999-08-26,1999,P.U. (A) 357,Printed Documents,Jeff Harvey & Annette Harvey,Yayasan Perkhabaran Injil,Local,Yayasan Perkhabaran Injil,"[""Malay""]",Religious Doctrinal Deviance,Other,"Akta Mesin Cetak Dan Penerbitan, 1984",Ketenteraman Awam,
Konkordansi Al-Kitab,1999-08-26,1999,P.U. (A) 357,Printed Documents,Howard M. Gering,Yayasan Perkhabaran Injil,Local,Yayasan Perkhabaran Injil,"[""Malay""]",Religious Doctrinal Deviance,Other,,,
Kehidupan Yang Penuh Kemenangan Di Dalam Kristus,1999-08-26,1999,P.U. (A) 357,Printed Documents,Rev. Alex W. Ness,Yayasan Perkhabaran Injil,Local,Yayasan Perkhabaran Injil,"[""Malay""]",Religious Doctrinal Deviance,Other,"Akta Mesin Cetak Dan Penerbitan, 1984",Ketenteraman Awam,
Pertanyaan Anda Terjawab,1999-08-26,1999,P.U. (A) 357,Printed Documents,Dr. Paul Y. Cho,Yayasan Perkhabaran Injil,Local,Yayasan Perkhabaran Injil,"[""Malay""]",Religious Doctrinal Deviance,Other,"Akta Mesin Cetak Dan Penerbitan, 1984",Ketenteraman Awam,
Manusia Dalam Tiga Dimensi,1999-08-26,1999,P.U. (A) 357,Printed Documents,Kenneth E. Hagin,Yayasan Perkhabaran Injil,Local,Yayasan Perkhabaran Injil,"[""Malay""]",Religious Doctrinal Deviance,Other,"Akta Mesin Cetak Dan Penerbitan, 1984",Ketenteraman Awam,
Persepuluh (10%),1999-08-26,1999,P.U. (A) 357,Printed Documents,Jeff & Annetteharvey,Yayasan Perkhabaran Injil,Local,Yayasan Perkhabaran Injil,"[""Malay""]",Religious Doctrinal Deviance,Other,"Akta Mesin Cetak Dan Penerbitan, 1984",Ketenteraman Awam,
"Korban, Kaabah & Imamat",1999-08-26,1999,P.U. (A) 357,Printed Documents,Jeff & Annette Harvey,Yayasan Perkhabaran Injil,Local,Yayasan Perkhabaran Injil,"[""Malay""]",Religious Doctrinal Deviance,Other,"Akta Mesin Cetak Dan Penerbitan, 1984",Ketenteraman Awam,
Mengenal Korunia-Korunia Roh Kudus,1999-08-26,1999,P.U. (A) 357,Printed Documents,Kenneth E. Hagin,Yayasan Perkhabaran Injil,Local,Yayasan Perkhabaran Injil,"[""Malay""]",Religious Doctrinal Deviance,Other,,,
Meruntuhkan Benteng-Benteng Pertahanan,1999-08-26,1999,P.U. (A) 357,Printed Documents,John Osteen,Yayasan Perkhabaran Injil,Local,Yayasan Perkhabaran Injil,"[""Malay""]",Religious Doctrinal Deviance,Other,"Akta Mesin Cetak Dan Penerbitan, 1984",Ketenteraman Awam,
Orang Kristian Sebagai Pembawa Doa Syaffat,1999-08-26,1999,P.U. (A) 357,Printed Documents,Kenneth E. Hagin,Yayasan Perkhabaran Injil,Local,Yayasan Perkhabaran Injil,"[""Malay""]",Religious Doctrinal Deviance,Other,"Akta Mesin Cetak Dan Penerbitan, 1984",Ketenteraman Awam,
Nama Yesus,1999-08-26,1999,P.U. (A) 357,Printed Documents,Kenneth E. Hagin,Yayasan Perkhabaran Injil,Local,Yayasan Perkhabaran Injil,"[""Malay""]",Religious Doctrinal Deviance,Other,"Akta Mesin Cetak Dan Penerbitan, 1984",Ketenteraman Awam,
Mengapa Al-Kitab Disebut Firman Allah,1999-08-26,1999,P.U. (A) 357,Printed Documents,Gordon Lindsay,Yayasan Perkhabaran Injil,Local,Yayasan Perkhabaran Injil,"[""Malay""]",Religious Doctrinal Deviance,Other,"Akta Mesin Cetak Dan Penerbitan, 1984",Ketenteraman Awam,
Kesembuhan Adalah Hak Mutlak Kita,1999-08-26,1999,P.U. (A) 357,Printed Documents,Kenneth E. Hagin,Yayasan Perkhabaran Injil,Local,Yayasan Perkhabaran Injil,"[""Malay""]",Religious Doctrinal Deviance,Other,"Akta Mesin Cetak Dan Penerbitan, 1984",Ketenteraman Awam,
Kewibawaan Orang Beriman,1999-08-26,1999,P.U. (A) 357,Printed Documents,Kenneth E. Hagin,Yayasan Perkhabaran Injil,Local,Yayasan Perkhabaran Injil,"[""Malay""]",Religious Doctrinal Deviance,Other,"Akta Mesin Cetak Dan Penerbitan, 1984",Ketenteraman Awam,
Hati Yang Berkenaan Kepada Allah,1999-08-26,1999,P.U. (A) 357,Printed Documents,Luis Palau,Yayasan Perkhabaran Injil,Local,Yayasan Perkhabaran Injil,"[""Malay""]",Religious Doctrinal Deviance,Other,"Akta Mesin Cetak Dan Penerbitan, 1984",Ketenteraman Awam,
Bila Percubaan Datang Apakah Patut Kita Buat,1999-08-26,1999,P.U. (A) 357,Printed Documents,Joln Osteen,Yayasan Perkhabaran Injil,Local,Yayasan Perkhabaran Injil,"[""Malay""]",Religious Doctrinal Deviance,Other,"Akta Mesin Cetak Dan Penerbitan, 1984",Ketenteraman Awam,
Baptisan Dan Kepenuhan,1999-08-26,1999,P.U. (A) 357,Printed Documents,Dr. Harun Hadiwijono,Yayasan Perkhabaran Injil,Local,Yayasan Perkhabaran Injil,"[""Malay""]",Religious Doctrinal Deviance,Other,"Akta Mesin Cetak Dan Penerbitan, 1984",Ketenteraman Awam,
Cara Berpikir Yang Benar Dan Yang Keliru,1999-08-26,1999,P.U. (A) 357,Printed Documents,Kenneth E. Hagin,Yayasan Perkhabaran Injil,Local,Yayasan Perkhabaran Injil,"[""Malay""]",Religious Doctrinal Deviance,Other,"Akta Mesin Cetak Dan Penerbitan, 1984",Ketenteraman Awam,
Dimensi Ke Empat Jilid Dua,1999-08-26,1999,P.U. (A) 357,Printed Documents,Dr. Paul Y. Cho,Yayasan Perkhabaran Injil,Local,Yayasan Perkhabaran Injil,"[""Malay""]",Religious Doctrinal Deviance,Other,"Akta Mesin Cetak Dan Penerbitan, 1984",Ketenteraman Awam,
Bagaimana Mengubah Keadaan Putus Asa Sekeliling Kita,1999-08-26,1999,P.U. (A) 357,Printed Documents,Kenneth E. Hagin,Yayasan Perkhabaran Injil,Local,Yayasan Perkhabaran Injil,"[""Malay""]",Religious Doctrinal Deviance,Other,"Akta Mesin Cetak Dan Penerbitan, 1984",Ketenteraman Awam,
Beritakanlah Firman (Pedoman Menghurai Dan Menyajikan Firman Allah Bagi Setiap Penghotbah),1999-08-26,1999,P.U. (A) 357,Printed Documents,Denis J.V. Lane,Yayasan Komunikasi Bina,Local,Yayasan Komunikasi Bina,"[""Malay""]",Religious Doctrinal Deviance,Other,"Akta Mesin Cetak Dan Penerbitan, 1984",Ketenteraman Awam,
Perencana Dan Pemimpin,1999-08-26,1999,P.U. (A) 357,Printed Documents,Luis Palau,"Yakin, Genting Besar 85 Surabaya, Indonesia",Foreign,"Yakin, Genting Besar 85 Surabaya, Indonesia","[""Malay""]",Religious Doctrinal Deviance,Other,"Akta Mesin Cetak Dan Penerbitan, 1984",Ketenteraman Awam,
Saat Untuk Bersorak,1999-08-26,1999,P.U. (A) 357,Printed Documents,Luis Palau,"Yakin, Genting Besar 85 Surabaya, Indonesia",Foreign,"Yakin, Genting Besar 85 Surabaya, Indonesia","[""Malay""]",Religious Doctrinal Deviance,Other,"Akta Mesin Cetak Dan Penerbitan, 1984",Ketenteraman Awam,
Bagaimana Kita Patut Berdoa,1999-08-26,1999,P.U. (A) 357,Printed Documents,R.A. Torvey,"Yakin, Genting Besar 85 Surabaya, Indonesia",Foreign,"Yakin, Genting Besar 85 Surabaya, Indonesia","[""Malay""]",Religious Doctrinal Deviance,Other,"Akta Mesin Cetak Dan Penerbitan, 1984",Ketenteraman Awam,
Penuntut Ke Dalam Perjanjian Baru,1999-08-26,1999,P.U. (A) 357,Printed Documents,Hensy H. Halley,"Yakin, Genting Besar 85 Surabaya, Indonesia",Foreign,"Yakin, Genting Besar 85 Surabaya, Indonesia","[""Malay""]",Religious Doctrinal Deviance,Other,"Akta Mesin Cetak Dan Penerbitan, 1984",Ketenteraman Awam,
Tafsiran Kejadian,1999-08-26,1999,P.U. (A) 357,Printed Documents,R.E. Harlow,"Yakin, Genting Besar 85 Surabaya, Indonesia",Foreign,"Yakin, Genting Besar 85 Surabaya, Indonesia","[""Malay""]",Religious Doctrinal Deviance,Other,"Akta Mesin Cetak Dan Penerbitan, 1984",Ketenteraman Awam,
Teologi Kekinian,1999-08-26,1999,P.U. (A) 357,Printed Documents,Charles Goldwel Ryrie,"Yakin, Genting Besar 85 Surabaya, Indonesia",Foreign,"Yakin, Genting Besar 85 Surabaya, Indonesia","[""Malay""]",Religious Doctrinal Deviance,Other,"Akta Mesin Cetak Dan Penerbitan, 1984",Ketenteraman Awam,
Tafsiran Injil Yohanes,1999-08-26,1999,P.U. (A) 357,Printed Documents,A.W.Pink,"Yakin, Genting Besar 85 Surabaya, Indonesia",Foreign,"Yakin, Genting Besar 85 Surabaya, Indonesia","[""Malay""]",Religious Doctrinal Deviance,Other,"Akta Mesin Cetak Dan Penerbitan, 1984",Ketenteraman Awam,
Yesus Usang Mesias,1999-08-26,1999,P.U. (A) 357,Printed Documents,Dennis E. Clark,"Yakin, Genting Besar 85 Surabaya, Indonesia",Foreign,"Yakin, Genting Besar 85 Surabaya, Indonesia","[""Malay""]",Religious Doctrinal Deviance,Other,"Akta Mesin Cetak Dan Penerbitan, 1984",Ketenteraman Awam,
Bagaimana Berkhutbah (Jenis Exsposotori),1999-08-26,1999,P.U. (A) 357,Printed Documents,J. Gulleson,"Yakin, Genting Besar 85 Surabaya, Indonesia",Foreign,"Yakin, Genting Besar 85 Surabaya, Indonesia","[""Malay""]",Religious Doctrinal Deviance,Other,"Akta Mesin Cetak Dan Penerbitan, 1984",Ketenteraman Awam,
Berkerjasama Dalam Membangun,1999-08-26,1999,P.U. (A) 357,Printed Documents,Charles R. Swindoll,"Yakin, Genting Besar 85 Surabaya, Indonesia",Foreign,"Yakin, Genting Besar 85 Surabaya, Indonesia","[""Malay""]",Religious Doctrinal Deviance,Other,"Akta Mesin Cetak Dan Penerbitan, 1984",Ketenteraman Awam,
Khotbah Masa Kini,1999-08-26,1999,P.U. (A) 357,Printed Documents,Jeff Gullesan,"Yakin, Genting Besar 85 Surabaya, Indonesia",Foreign,"Yakin, Genting Besar 85 Surabaya, Indonesia","[""Malay""]",Religious Doctrinal Deviance,Other,"Akta Mesin Cetak Dan Penerbitan, 1984",Ketenteraman Awam,
Marilah Yang Berlelah,1999-08-26,1999,P.U. (A) 357,Printed Documents,Stephen Tong,"Yakin, Genting Besar 85 Surabaya, Indonesia",Foreign,"Yakin, Genting Besar 85 Surabaya, Indonesia","[""Malay""]",Religious Doctrinal Deviance,Other,"Akta Mesin Cetak Dan Penerbitan, 1984",Ketenteraman Awam,
Perumpamaan-Perumpamaan Tuhan Yesus,1999-08-26,1999,P.U. (A) 357,Printed Documents,J.M Boice,"Yakin, Genting Besar 85 Surabaya, Indonesia",Foreign,"Yakin, Genting Besar 85 Surabaya, Indonesia","[""Malay""]",Religious Doctrinal Deviance,Other,,,
Yesus Kristus Tuhan Kita,1999-08-26,1999,P.U. (A) 357,Printed Documents,John F. Walvoord,"Yakin, Genting Besar 85 Surabaya, Indonesia",Foreign,"Yakin, Genting Besar 85 Surabaya, Indonesia","[""Malay""]",Religious Doctrinal Deviance,Other,"Akta Mesin Cetak Dan Penerbitan, 1984",Ketenteraman Awam,
Tafsiran Kisah Para Rasul,1999-08-26,1999,P.U. (A) 357,Printed Documents,R. Dixon,"Yakin, Genting Besar 85 Surabaya, Indonesia",Foreign,"Yakin, Genting Besar 85 Surabaya, Indonesia","[""Malay""]",Religious Doctrinal Deviance,Other,"Akta Mesin Cetak Dan Penerbitan, 1984",Ketenteraman Awam,
Hidup Sejahtera,1999-08-26,1999,P.U. (A) 357,Printed Documents,Ruth Parsun,"Yakin, Genting Besar 85 Surabaya, Indonesia",Foreign,"Yakin, Genting Besar 85 Surabaya, Indonesia","[""Malay""]",Religious Doctrinal Deviance,Other,"Akta Mesin Cetak Dan Penerbitan, 1984",Ketenteraman Awam,
Kuasa Kerana Doa,1999-08-26,1999,P.U. (A) 357,Printed Documents,E.M. Bounds,"Yakin Surabaya, Indonesia",Foreign,"Yakin Surabaya, Indonesia","[""Malay""]",Religious Doctrinal Deviance,Other,"Akta Mesin Cetak Dan Penerbitan, 1984",Ketenteraman Awam,
Keseimbangan Dalam Pelayaran Kristen,1999-08-26,1999,P.U. (A) 357,Printed Documents,Steven Tong,"Yakin Surabaya, Indonesia",Foreign,"Yakin Surabaya, Indonesia","[""Malay""]",Religious Doctrinal Deviance,Other,"Akta Mesin Cetak Dan Penerbitan, 1984",Ketenteraman Awam,
Maju Tiga Langkah Mundur Dua Langkah,1999-08-26,1999,P.U. (A) 357,Printed Documents,Charles R. Swindoll,"Yakin Surabaya, Indonesia",Foreign,"Yakin Surabaya, Indonesia","[""Malay""]",Religious Doctrinal Deviance,Other,"Akta Mesin Cetak Dan Penerbitan, 1984",Ketenteraman Awam,
Penginjilan Dan Pelayanan Pribadi,1999-08-26,1999,P.U. (A) 357,Printed Documents,W. Stanley Heath,"Yakin Surabaya, Indonesia",Foreign,"Yakin Surabaya, Indonesia","[""Malay""]",Religious Doctrinal Deviance,Other,"Akta Mesin Cetak Dan Penerbitan, 1984",Ketenteraman Awam,
Tanggalkan Topeng Anda,1999-08-26,1999,P.U. (A) 357,Printed Documents,Charles R. Swindoll,"Yakin Surabaya, Indonesia",Foreign,"Yakin Surabaya, Indonesia","[""Malay""]",Religious Doctrinal Deviance,Other,"Akta Mesin Cetak Dan Penerbitan, 1984",Ketenteraman Awam,
Temperamen Yang Diubahkan,1999-08-26,1999,P.U. (A) 357,Printed Documents,Tim Lahaye,"Yakin Surabaya, Indonesia",Foreign,"Yakin, Genting Besar 85 Surabaya, Indonesia","[""Malay""]",Religious Doctrinal Deviance,Other,"Akta Mesin Cetak Dan Penerbitan, 1984",Ketenteraman Awam,
Priorotas: Mana Yang Lebih Dulu,1999-08-26,1999,P.U. (A) 357,Printed Documents,J. Grant Howard,"Yakin 11, Genting Besar Surabaya, Indonesia",Foreign,"Yakin 11, Genting Besar Surabaya, Indonesia","[""Malay""]",Religious Doctrinal Deviance,Other,"Akta Mesin Cetak Dan Penerbitan, 1984",Ketenteraman Awam,
Perjanjian Baru Mazmur Dan Amsal,1999-08-26,1999,P.U. (A) 357,Printed Documents,,The Gideon,Unclear,The Gideon,"[""Malay""]",Religious Doctrinal Deviance,Other,"Akta Mesin Cetak Dan Penerbitan, 1984",Ketenteraman Awam,
Berita Alam Ghaib Sebelum Dan Sesudah Hari Pembalasan,1999-08-26,1999,P.U. (A) 357,Printed Documents,Drs. Muh Anwar,"S.A. Alydrus, Jakarta Surabaya, Indonesia",Foreign,"S.A Alydrus, Jakarta Surabaya, Indonesia","[""Malay""]",Religious Doctrinal Deviance,Other,"Akta Mesin Cetak Dan Penerbitan, 1984",Ketenteraman Awam,
Temukanlah Sendiri (2) Sukacita Dalam Mengajarkan Penelahan Al-Kitab,1999-08-26,1999,P.U. (A) 357,Printed Documents,Oletta Wald,Penerbitan Gandum Mas Kotak Pos 46 Malang,Local,Penerbitan Gandum Mas Kotak Pos 46 Malang,"[""Malay""]",Religious Doctrinal Deviance,Other,"Akta Mesin Cetak Dan Penerbitan, 1984",Ketenteraman Awam,
Timur Tengah Ungkapan Nubuat,1999-08-26,1999,P.U. (A) 357,Printed Documents,Derek Prince,Penerbitan Gandum Mas Kotak Pos 46 Malang,Local,Penerbitan Gandum Mas Kotak Pos 46 Malang,"[""Malay""]",Religious Doctrinal Deviance,Other,"Akta Mesin Cetak Dan Penerbitan, 1984",Ketenteraman Awam,
Firman Allah Yang Hidup,1999-08-26,1999,P.U. (A) 357,Printed Documents,,Iruing Bibles International Bauduy,Unclear,Iruing Bibles International Bauduy,"[""Malay""]",Religious Doctrinal Deviance,Other,"Akta Mesin Cetak Dan Penerbitan, 1984",Ketenteraman Awam,
Iblis Sudah Keok,1999-08-26,1999,P.U. (A) 357,Printed Documents,Frederick S. Leahy,"Bpk, Gunung Mulia Jakarta Pusat",Foreign,"Bpk, Gunung Mulia Jakarta Pusat","[""Malay""]",Religious Doctrinal Deviance,Other,"Akta Mesin Cetak Dan Penerbitan, 1984",Ketenteraman Awam,
Renungan Masa Kini,1999-08-26,1999,P.U. (A) 357,Printed Documents,Harry Faster,"Bpk, Gunung Mulia Jakarta Pusat",Foreign,"Bpk, Gunung Mulia Jakarta Pusat","[""Malay""]",Religious Doctrinal Deviance,Other,"Akta Mesin Cetak Dan Penerbitan, 1984",Ketenteraman Awam,
Titi Dan Toto 4,1999-08-26,1999,P.U. (A) 357,Printed Documents,Zinmia Bryan,"Bpk, Gunung Mulia Jakarta Pusat",Foreign,"Bpk, Gunung Mulia Jakarta Pusat","[""Malay""]",Religious Doctrinal Deviance,Other,"Akta Mesin Cetak Dan Penerbitan, 1984",Ketenteraman Awam,
Tiang Agama,2000-07-06,2000,P.U. (A) 251,Printed Documents,,Pusat Tarbiyyah,Unclear,,"[""Malay""]",Religious Doctrinal Deviance,Other,"Akta Mesin Cetak Dan Penerbitan, 1984",Ketenteraman Awam,
Mujarrobat Madiinatul Asroor,2000-08-03,2000,P.U. (A) 286,Printed Documents,,M.A.Jaya Jakarta,Foreign,,"[""Malay""]",Religious Doctrinal Deviance,Other,"Akta Mesin Cetak Dan Penerbitan, 1984",Ketenteraman Awam,
Doa-Doa Jaljalut Shugro,2000-08-03,2000,P.U. (A) 286,Printed Documents,Abd.Hamid Zahwan,C.V.Gunung Mas Pekalongan Jakarta,Foreign,,"[""Malay""]",Religious Doctrinal Deviance,Other,"Akta Mesin Cetak Dan Penerbitan, 1984",Ketenteraman Awam,
Cara Mengundang Dan Menyuruh Ruh Halus,2000-08-03,2000,P.U. (A) 286,Printed Documents,Abdul Hamid,C.V.Gunung Mas Pekalongan Jakarta,Foreign,,"[""Malay""]",Religious Doctrinal Deviance,Other,"Akta Mesin Cetak Dan Penerbitan, 1984",Ketenteraman Awam,
Intisari Ilmu Ghaib,2000-08-03,2000,P.U. (A) 286,Printed Documents,M. Musyaffa' Asmuni,C.V.Bahagia Pekalongan Jakarta,Foreign,,"[""Malay""]",Religious Doctrinal Deviance,Other,"Akta Mesin Cetak Dan Penerbitan, 1984",Ketenteraman Awam,
"Ilmu Penerawangan Dan Kesaktian Pusaka Aji-Aji Para Aulia', Shuhada Dan Shalih",2000-08-03,2000,P.U. (A) 286,Printed Documents,Abd.Hamid Zahwan,"C.V.Aneka Solo, Jakarta",Foreign,,"[""Malay""]",Religious Doctrinal Deviance,Other,"Akta Mesin Cetak Dan Penerbitan, 1984",Ketenteraman Awam,
Primbon Lengkap Kunci Kesembuhan,2000-08-03,2000,P.U. (A) 286,Printed Documents,Ahmad Thoha Abdul Ghoni,C.V. Bahagia Pekalongan Jakarta,Foreign,,"[""Malay""]",Religious Doctrinal Deviance,Other,"Akta Mesin Cetak Dan Penerbitan, 1984",Ketenteraman Awam,
Kehebatan Dan Kesaktian Ilmu Para Wali,2000-08-03,2000,P.U. (A) 286,Printed Documents,Kurdi Ismail Hj. Za,Al-Ikhwani Batang Pekalongan Jakarta,Foreign,,"[""Malay""]",Religious Doctrinal Deviance,Other,"Akta Mesin Cetak Dan Penerbitan, 1984",Ketenteraman Awam,
Seri Dasar-Dasar Filsafat Islam Prinsip-Prinsip Islam (Dalam Al-Quran),2001-03-01,2001,P.U. (A) 51,Printed Documents,Dr.Bahesty & Dr.Bahonar,Risalah Masa Jl.Awaluddin Ii,Foreign,,"[""Malay""]",Religious Doctrinal Deviance,Other,,,
"Siapa, Mengapa Ahlul -Bayt",2001-03-01,2001,P.U. (A) 51,Printed Documents,Hasan Abdul Qadir,Pintu Ilmu Bandung,Foreign,,"[""Malay""]",Religious Doctrinal Deviance,Other,,,
Sebahagian Daripada Rawatan Pesakit Menurut Al-Quran Dan As-Sunnah,2001-03-01,2001,P.U. (A) 52,Printed Documents,Dr.Amran Kasimi Prof.Dr.Harun,Percetakan Watan Sdn.Bhd.,Local,,"[""Malay""]",Religious Doctrinal Deviance,Other,"Akta Mesin Cetak Dan Penerbitan, 1984",Ketenteraman Awam,
Babi Halal Babi Haram,2001-03-01,2001,P.U. (A) 51,Printed Documents,Abdurrahman Al-Baghdadi,Geme Insani Press,Unclear,,"[""Malay""]",Religious Doctrinal Deviance,Other,"Akta Mesin Cetak Dan Penerbitan, 1984",Ketenteraman Awam,
Tafsir Al-Mizan (Mengupas Ayat-Ayat Ruh Dan Alam Barzah),2001-03-01,2001,P.U. (A) 51,Printed Documents,Allamah Sayyid Muhammad Husein Thabathaba`I,Cv Firdays Ji,Foreign,,"[""Malay""]",Religious Doctrinal Deviance,Other,"Akta Mesin Cetak Dan Penerbitan, 1984",Ketenteraman Awam,
Inilah Hikayat Nur Muhammad Dan Nabi Bercukur Dan Nabi Wafat Adanya,2001-03-01,2001,P.U. (A) 52,Printed Documents,,Almuarif Press,Unclear,,"[""Malay""]",Religious Doctrinal Deviance,Other,"Akta Mesin Cetak Dan Penerbitan, 1984",Ketenteraman Awam,
200 Bid'ah Hari Jumaat Di Dunia Islam,2001-03-01,2001,P.U. (A) 52,Printed Documents,Abdullah Al-Qari B.Hj.Salleh,Al-Hidayah Publisher,Local,,"[""Malay""]",Religious Doctrinal Deviance,Other,"Akta Mesin Cetak Dan Penerbitan, 1984",Ketenteraman Awam,
"Amalan Bid'ah Pada Bulan Muharram,Rejab,Sya'aban Dan Ramadhan",2001-03-01,2001,P.U. (A) 52,Printed Documents,Dr.Abdul Ghani Azmi Bin Hj.Idr,Al-Hidayah,Local,,"[""Malay""]",Religious Doctrinal Deviance,Other,,,
Pengakuan Paderi Melayu Kristiankan Beribu-Ribu Orang Melayu,2001-05-31,2001,P.U. (A) 162,Printed Documents,Azizan Ahmad,Mawar Co-Production,Unclear,Percetakan Maju Jaya,"[""Malay""]",Religious Doctrinal Deviance,Other,"Akta Mesin Cetak Dan Penerbitan, 1984",Ketenteraman Awam,
Kumpulan Mujarobat Kesembuhan,2002-02-14,2002,P.U. (A) 65,Printed Documents,Ustadz Ms Mariyah,Victory Agencie,Local,Tajzia Press Sdn.Bhd.,"[""Malay""]",Religious Doctrinal Deviance,Other,"Akta Mesin Cetak Dan Penerbitan, 1984",Ketenteraman Awam,
Kunci Mencari Rezeki,2002-02-14,2002,P.U. (A) 65,Printed Documents,Kh.Zahwan Anwar,Speedy Self Study System,Foreign,,"[""Malay""]",Religious Doctrinal Deviance,Other,"Akta Mesin Cetak Dan Penerbitan, 1984",Ketenteraman Awam,Foreign (Surabaya Indonesia)
Kebenaran Al-Quran,2002-09-12,2002,P.U. (A) 384,Printed Documents,Ibrahim Batcha,,Unclear,,"[""Tamil""]",Religious Doctrinal Deviance,Other,"Akta Mesin Cetak Dan Penerbitan, 1984",Ketenteraman Awam,
Bekal Hidup,2003-03-27,2003,P.U. (A) 83,Printed Documents,"Atha, Muhammad Abdul Qadir",Cv Haji Masagung,Foreign,-Sama-,"[""Malay""]",Religious Doctrinal Deviance,Other,"Akta Mesin Cetak Dan Penerbitan, 1984",Ketenteraman Awam,About Jesus (Isa A.S) And The End Times
Sorga Firdaus 2,2003-03-27,2003,P.U. (A) 84,Printed Documents,,M.A.Jaya,Foreign,,"[""Malay""]",Religious Doctrinal Deviance,Other,"Akta Mesin Cetak Dan Penerbitan, 1984",Ketenteraman Awam,
Syurga Di Bawah Tapak Kaki Ibu Dengan Iman Dan Takwa,2003-03-27,2003,P.U. (A) 84,Printed Documents,,M.A.Jaya,Foreign,,"[""Malay""]",Religious Doctrinal Deviance,Other,"Akta Mesin Cetak Dan Penerbitan, 1984",Ketenteraman Awam,
Bangkit Dari Kubur,2003-03-27,2003,P.U. (A) 84,Printed Documents,Ustaz Musannif Effendie Alwi.S,M.A.Jaya,Foreign,,"[""Malay""]",Religious Doctrinal Deviance,Other,"Akta Mesin Cetak Dan Penerbitan, 1984",Ketenteraman Awam,
Antara Syorga Dan Neraka,2003-03-27,2003,P.U. (A) 84,Printed Documents,Zaery,M.A.Jaya,Foreign,,"[""Malay""]",Religious Doctrinal Deviance,Other,"Akta Mesin Cetak Dan Penerbitan, 1984",Ketenteraman Awam,
Berdasarkan Al-Hadits' Dengan Riwayat:Risalah Durhaka,2003-03-27,2003,P.U. (A) 84,Printed Documents,,M.A.Jaya,Foreign,,"[""Malay""]",Religious Doctrinal Deviance,Other,,,
Sirrul Asrar,2003-03-27,2003,P.U. (A) 84,Printed Documents,As-Syeikh Abdul Qadir Jailani,Thinker's Library Sdn Bhd.,Local,,"[""Malay""]",Religious Doctrinal Deviance,Other,"Akta Mesin Cetak Dan Penerbitan, 1984",Ketenteraman Awam,
Ilmu Tapak Tangan,2003-03-27,2003,P.U. (A) 84,Printed Documents,Sabri Al-Kafawi,Pustaka Muda,Local,Percetakan Pusataka Muda,"[""Malay""]",Religious Doctrinal Deviance,Other,"Akta Mesin Cetak Dan Penerbitan, 1984",Ketenteraman Awam,
Tokoh-Tokoh Terkemuka Ahlul Bait Nabi Imam Muhammad Al-Baqir A.S Imam Jafar Ash Shadiq A.S Jilid 7-8,2003-03-27,2003,P.U. (A) 84,Printed Documents,Ali Muhammad Ali,Pustaka Jiwa Sdn. Bhd,Local,,"[""Malay""]",Religious Doctrinal Deviance,Other,"Akta Mesin Cetak Dan Penerbitan, 1984",Ketenteraman Awam,
Tokoh-Tokoh Terkemuka Ahlul Bait Nabi Rasulullah Saw Fatimah Az-Zahra Jilid 1-2,2003-03-27,2003,P.U. (A) 84,Printed Documents,Ali Muhammad Ali,Pustaka Jiwa Sdn Bhd,Local,,"[""Malay""]",Religious Doctrinal Deviance,Other,"Akta Mesin Cetak Dan Penerbitan, 1984",Ketenteraman Awam,
Tokoh-Tokoh Terkemuka Ahlul Bait Nabi Imam Ali Bin Abi Thalib A.S Imam Hasan Bin Ali A.S Jilid 3-4,2003-03-27,2003,P.U. (A) 84,Printed Documents,Ali Muhammad Ali,Pustaka Jiwa Sdn Bhd,Local,,"[""Malay""]",Religious Doctrinal Deviance,Other,"Akta Mesin Cetak Dan Penerbitan, 1984",Ketenteraman Awam,
Tokoh-Tokoh Terkemuka Ahlul Bait Nabi Imam Musa Al-Kadzim A.S Imam Ali Ar Ridha,2003-03-27,2003,P.U. (A) 84,Printed Documents,Al Muhammad Ali,Pustaka Jiwa Sdn Bhd,Local,,"[""Malay""]",Religious Doctrinal Deviance,Other,,,
Tokoh-Tokoh Terkemuka Ahlul Bait Nabi Imam Muhammad Al-Jawad A.S Imam Ali Al-Hadi A.S Jilid 11-12,2003-03-27,2003,P.U. (A) 84,Printed Documents,Ali Muhammad Ali,Pustaka Jiwa Sdn Bhd,Local,,"[""Malay""]",Religious Doctrinal Deviance,Other,"Akta Mesin Cetak Dan Penerbitan, 1984",Ketenteraman Awam,
Tokoh-Tokoh Terkemuka Ahlul Bait Nabi Imam Hasan Al-Askari A.S Imam Muhammad Al-Mahdi A.S Jilid 13-1,2003-03-27,2003,P.U. (A) 84,Printed Documents,Ali Muhammad Ali,Pustaka Jiwa Sdn Bhd,Local,,"[""Malay""]",Religious Doctrinal Deviance,Other,,,
Usul Kerohanian Islam (1),2003-03-27,2003,P.U. (A) 84,Printed Documents,Ariffin Bin Ngah (Abn)Nasution,Pustaka Hatnas,Local,Prospectra Printers,"[""Malay""]",Religious Doctrinal Deviance,Other,"Akta Mesin Cetak Dan Penerbitan, 1984",Ketenteraman Awam,
Alkitab:Buku Untuk Masa Kini,2003-03-27,2003,P.U. (A) 83,Printed Documents,John R.W.Stott,Ppa Jalan Cempaka Putih Tengah,Foreign,-Sama-,"[""Malay""]",Religious Doctrinal Deviance,Other,,,
Memahami Isi Alkitab,2003-03-27,2003,P.U. (A) 83,Printed Documents,John R.W.Stott,Ppa Jalan Cempaka Putih Tengah,Foreign,-Sama-,"[""Malay""]",Religious Doctrinal Deviance,Other,"Akta Mesin Cetak Dan Penerbitan, 1984",Ketenteraman Awam,
Metode Penelaahan Alkitab,2003-03-27,2003,P.U. (A) 83,Printed Documents,Dick & Tinem Maitimoe,"Persekutuan Pembaca Alkitab,",Local,Persekutuan Pembaca Alkitab,"[""Malay""]",Religious Doctrinal Deviance,Other,"Akta Mesin Cetak Dan Penerbitan, 1984",Ketenteraman Awam,
Seri Pemahaman Doktrin: Kebenaran,2003-03-27,2003,P.U. (A) 83,Printed Documents,William L.Lane Th.D,Persekutuan Pembaca Alkitab,Local,Persekutuan Pembaca Alkitab,"[""Malay""]",Religious Doctrinal Deviance,Other,"Akta Mesin Cetak Dan Penerbitan, 1984",Ketenteraman Awam,
Seri Pemahaman Doktrin Alkitabiah : Manusia Baru,2003-03-27,2003,P.U. (A) 83,Printed Documents,"Jl Packer Ma,/ D.Phill",Persekutuan Pembaca Alkitab,Local,Persekutuan Pembaca Alkitab,"[""Malay""]",Religious Doctrinal Deviance,Other,,,
Belajar Berjalan Dengan Allah,2003-03-27,2003,P.U. (A) 83,Printed Documents,Charlie Riggs,Persekutuan Pembaca Alkitab,Local,-Sama-,"[""Malay""]",Religious Doctrinal Deviance,Other,"Akta Mesin Cetak Dan Penerbitan, 1984",Ketenteraman Awam,
Seri Pemahaman Doktrin Al-Kitab: Dunia Kepunyaan Allah,2003-03-27,2003,P.U. (A) 83,Printed Documents,"Arthur E.Cundall Ba, Bd",Persekutuan Pembaca Alkitab,Local,Persekutuan Pembaca Alkitab,"[""Malay""]",Religious Doctrinal Deviance,Other,"Akta Mesin Cetak Dan Penerbitan, 1984",Ketenteraman Awam,
Hukum Mengenai Rokok & Mencukur Janggut,2003-03-27,2003,P.U. (A) 84,Printed Documents,Rasul Dahri,Perniagaan Jahabersa,Local,Percetakan Nasional Malaysia Berhad Caw.Jb,"[""Malay""]",Religious Doctrinal Deviance,Other,"Akta Mesin Cetak Dan Penerbitan, 1984",Ketenteraman Awam,
Hakikat Sembahyang,2003-03-27,2003,P.U. (A) 84,Printed Documents,Imam Al Soouti,Perniagaan Jahabersa,Local,Percetakan Zafar Sdn.Bhd,"[""Malay""]",Religious Doctrinal Deviance,Other,"Akta Mesin Cetak Dan Penerbitan, 1984",Ketenteraman Awam,
Tafsiran Alkitab Wahyu Yohanes 1,2003-03-27,2003,P.U. (A) 83,Printed Documents,Drs.J.J. Di Heer,Percetakan Bpk Bunung Mulia,Local,-Sama-,"[""Malay""]",Religious Doctrinal Deviance,Other,"Akta Mesin Cetak Dan Penerbitan, 1984",Ketenteraman Awam,
Surat-Surat Paulus 2,2003-03-27,2003,P.U. (A) 83,Printed Documents,Lembaga Biblika Indonesia,Penerbitan Kanisius,Local,-Sama-,"[""Malay""]",Religious Doctrinal Deviance,Other,"Akta Mesin Cetak Dan Penerbitan, 1984",Ketenteraman Awam,
Doa Santap,2003-03-27,2003,P.U. (A) 83,Printed Documents,Sr.Bernadette Pmy,Penerbitan Kanisius,Local,-Sama-,"[""Malay""]",Religious Doctrinal Deviance,Other,"Akta Mesin Cetak Dan Penerbitan, 1984",Ketenteraman Awam,
Sejarah Singkat Liturgi Barat,2003-03-27,2003,P.U. (A) 83,Printed Documents,Theodor Klauser,Penerbit Kanisius,Local,Penerbit Kanisius,"[""Malay""]",Religious Doctrinal Deviance,Other,"Akta Mesin Cetak Dan Penerbitan, 1984",Ketenteraman Awam,
Sejarah Kerajaan Allah Jilid 1/2 Perjanjian Lama,2003-03-27,2003,P.U. (A) 83,Printed Documents,Dr.F.L.Bakker,P.D.Nilakandi,Foreign,P.D.Nilakandi,"[""Malay""]",Religious Doctrinal Deviance,Other,"Akta Mesin Cetak Dan Penerbitan, 1984",Ketenteraman Awam,
Tokoh-Tokoh Terkemuka Ahlul Bait Nabi Imam Husain Bin Ali A.S Imam Ali Zainal Abidin Jilid 5-6,2003-03-27,2003,P.U. (A) 84,Printed Documents,Ali Muhammad Ali,,Unclear,,"[""Malay""]",Religious Doctrinal Deviance,Other,"Akta Mesin Cetak Dan Penerbitan, 1984",Ketenteraman Awam,
Hikmat Dan Keaijaban Ayat Kursi Dan Surah Yaasin Serta Doa Burung Cenderawasih,2003-03-27,2003,P.U. (A) 84,Printed Documents,Walid Muhammad,Jasmin Enterprise Berinovatif Dan Berkreatif,Local,,"[""Malay""]",Religious Doctrinal Deviance,Other,"Akta Mesin Cetak Dan Penerbitan, 1984",Ketenteraman Awam,
Amalan Murah Rezeki,2003-03-27,2003,P.U. (A) 84,Printed Documents,M.Ali Hassan Umar,Darul Nu'man,Local,,"[""Malay""]",Religious Doctrinal Deviance,Other,"Akta Mesin Cetak Dan Penerbitan, 1984",Ketenteraman Awam,
Mengenal Tulisan Perjanjian Baru,2003-09-12,2003,P.U. (A) 83,Printed Documents,I.Suharyo Pr.,Penerbitan Kanisius,Local,Penerbit Kanisius,"[""Malay""]",Religious Doctrinal Deviance,Other,"Akta Mesin Cetak Dan Penerbitan, 1984",Ketenteraman Awam,
The Rough Guide History Of Islam,2003-10-30,2003,P.U. (A) 412,Printed Documents,Justin Wintle,Rought Guides Ltd,Unclear,"Graphy Cems, Spain","[""English""]",Religious Doctrinal Deviance,Other,"Akta Mesin Cetak Dan Penerbitan, 1984",Ketenteraman Awam,
The Word Of Islam,2005-04-14,2005,P.U. (A) 156,Printed Documents,John Alden Williams,Thames And Hudson Ltd. London,Foreign,Printed In Usa,"[""English""]",Religious Doctrinal Deviance,Other,"Akta Mesin Cetak Dan Penerbitan, 1984",Ketenteraman Awam,
The Sterling Dictionary Of Religion,2005-04-14,2005,P.U. (A) 156,Printed Documents,Amrita Sharma,Sterling Publishers Pvt.Ltd.,Foreign,"Shagun Offset Press,","[""English""]",Religious Doctrinal Deviance,Other,"Akta Mesin Cetak Dan Penerbitan, 1984",Ketenteraman Awam,
Mercy Ocean's Lovestream,2005-04-14,2005,P.U. (A) 156,Printed Documents,Sheikh Nazim Al-Qubrusi,Sheik Nazim C/O Baysal Gulboy,Unclear,Sebat Offset Printers Konya/Turkey,"[""English""]",Religious Doctrinal Deviance,Other,"Akta Mesin Cetak Dan Penerbitan, 1984",Ketenteraman Awam,
Great Religions Of The World,2005-04-14,2005,P.U. (A) 156,Printed Documents,,National Geographic Society,Foreign,,"[""English""]",Religious Doctrinal Deviance,Other,"Akta Mesin Cetak Dan Penerbitan, 1984",Ketenteraman Awam,
Mysterious Facts Strange World,2005-04-14,2005,P.U. (A) 156,Printed Documents,Richard O`Neill,Grange Books,Foreign,,"[""English""]",Religious Doctrinal Deviance,Other,"Akta Mesin Cetak Dan Penerbitan, 1984",Ketenteraman Awam,
Mysterious Facts Gods & Demons,2005-04-14,2005,P.U. (A) 156,Printed Documents,Amanda O`Neill,Grange Books,Foreign,,"[""English""]",Religious Doctrinal Deviance,Other,"Akta Mesin Cetak Dan Penerbitan, 1984",Ketenteraman Awam,
Women And Islam,2005-04-14,2005,P.U. (A) 157,Printed Documents,Fatima Mernissi,Blackwell Publishers,Unclear,Athenaeum Press Ltd,"[""English""]",Religious Doctrinal Deviance,Other,"Akta Mesin Cetak Dan Penerbitan, 1984",Ketenteraman Awam,
The Cross And The Crescent,2005-04-14,2005,P.U. (A) 156,Printed Documents,Phil Parshall,"Tyndale House Publisher, Inc.,Wheaton, Illinois",Foreign,U.S.A.,"[""English""]",Religious Doctrinal Deviance,Other,"Akta Mesin Cetak Dan Penerbitan, 1984",Ketenteraman Awam,
Muhammad A Biography Of The Prophet,2005-04-14,2005,P.U. (A) 157,Printed Documents,Karen Armstrong,Harper Collins Publishers,Foreign,Print In Usa,"[""English""]",Religious Doctrinal Deviance,Other,"Akta Mesin Cetak Dan Penerbitan, 1984",Ketenteraman Awam,
Messiah War In The Middle East & Road To Armageddon,2005-04-14,2005,P.U. (A) 156,Printed Documents,Grant R. Jeffrey,Frontier Research Publications,Unclear,Harmony Printing Limited Canada,"[""English""]",Religious Doctrinal Deviance,Other,"Akta Mesin Cetak Dan Penerbitan, 1984",Ketenteraman Awam,
Permata Baiduri Ii ( Petua Merawat Semula Dara Yang Telah Hilang ),2005-09-22,2005,P.U. (A) 350,Printed Documents,Puteri Izma (Mohamad Abd.Hamid),Usnie Publisher,Local,,"[""Malay""]",Religious Doctrinal Deviance,Other,,,
Permata Baiduri ( Tujuh Rormula Mengenal Gadis Masih Dara Atau Tidak ),2005-09-22,2005,P.U. (A) 350,Printed Documents,Puteri Izma(Mohamad Abd.Hamid),Usnie Publisher,Local,,"[""Malay""]",Religious Doctrinal Deviance,Other,,,
40 Hari Khalwat Catatan Harian Seorang Psikologi Dalam Pengasingan Diri Sufistik,2005-11-10,2005,P.U. (A) 467,Printed Documents,Michaela Ozelsel,Pustaka Hidayah,Local,,"[""Malay""]",Religious Doctrinal Deviance,Other,"Akta Mesin Cetak Dan Penerbitan, 1984",Ketenteraman Awam,
Quran Menurut Perempuan,2005-11-10,2005,P.U. (A) 467,Printed Documents,Amina Wadud,Pt Serambi Ilmu Semesta,Foreign,,"[""Malay""]",Religious Doctrinal Deviance,Other,"Akta Mesin Cetak Dan Penerbitan, 1984",Ketenteraman Awam,
Mengapa Kita Mencintai Keluarga Nabi Saw,2005-11-10,2005,P.U. (A) 467,Printed Documents,Muhammad Kadzim Muhammad,Pt Lentera Basritama,Foreign,,"[""Malay""]",Religious Doctrinal Deviance,Other,"Akta Mesin Cetak Dan Penerbitan, 1984",Ketenteraman Awam,
Hakikat Lafadz A.L.L.A.H.,2005-11-10,2005,P.U. (A) 467,Printed Documents,Muhyiddin Ibnu Arabi,Penerbit Pustaka Progressif,Local,,"[""Malay""]",Religious Doctrinal Deviance,Other,"Akta Mesin Cetak Dan Penerbitan, 1984",Ketenteraman Awam,
Setetes Rahasia Alam Tuhan Melalui Peristiwa Metafisika Al-Mi'raj,2005-11-10,2005,P.U. (A) 467,Printed Documents,Kh.Bahaudin Mudhary,Penerbit Pustaka Progressif,Local,,"[""Malay""]",Religious Doctrinal Deviance,Other,"Akta Mesin Cetak, 1948",Ketenteraman Awam,
Jemaat Yang Mengalami Terobosan Strategi-Strategi Apostolik,2005-11-10,2005,P.U. (A) 467,Printed Documents,Dr.Jonathan David,Nafiri Gabriel,Unclear,,"[""Malay""]",Religious Doctrinal Deviance,Other,"Akta Mesin Cetak Dan Penerbitan, 1984",Ketenteraman Awam,
Kisah Tongkat Nabi Musa,2005-11-10,2005,P.U. (A) 467,Printed Documents,Kh.Abdullah Zakiy Al-Kaaf,Cv Pustaka Setia,Foreign,,"[""Malay""]",Religious Doctrinal Deviance,Other,"Akta Mesin Cetak Dan Penerbitan, 1984",Ketenteraman Awam,
Delapan Adzab Allah Swt,2005-11-10,2005,P.U. (A) 467,Printed Documents,Kh. Abdullah Zakiy Al-Kaaf,Cv Pustaka Setia,Foreign,,"[""Malay""]",Religious Doctrinal Deviance,Other,"Akta Mesin Cetak Dan Penerbitan, 1984",Ketenteraman Awam,
Dari Zaman Nabi Muhammad Saw Dan Para Sahabat,2005-11-10,2005,P.U. (A) 467,Printed Documents,Kh. Abdullah Zakiy Al-Kaaf Drs. Maman Abd. Djaliel,Cv Pustaka Setia,Foreign,,"[""Malay""]",Religious Doctrinal Deviance,Other,"Akta Mesin Cetak Dan Penerbitan, 1984",Ketenteraman Awam,
Al-Audah Ila Al-Quran ( Kembali Kepada Al-Quran ),2005-11-10,2005,P.U. (A) 467,Printed Documents,Kassim Ahmad,Maktabah Madbuli Al-Saghir,Foreign,,,Religious Doctrinal Deviance,Other,,,
"Artikel Bertajuk ""Cartoon Not Much Impact Here""",2006-02-09,2006,P.U. (A) 56,Printed Documents,,The Sarawak Press Sdn.Bhd.,Local,The Sarawak Press Sdn.Bhd.,"[""English""]",Religious Doctrinal Deviance,Other,"Akta Mesin Cetak Dan Penerbitan, 1984",Menggemparkan Fikiran Orang Ramai,
"Artikel Bertajuk ""Media Eropah Siarkan Semula Karikatur Meningkatkan Kontroversi Akhbar Denmark Hina Agama Islam, Mohom Maaf"" Yang Disiarkan Dalam Akhbar Guan Ming Daily Edisi Petang Pada 3 Februari 2",2006-02-15,2006,P.U. (A) 58,Printed Documents,,Guang Ming Ribao Sdn Bhd.,Local,Guan Ming Ribao Sdn. Bhd,"[""Chinese""]",Religious Doctrinal Deviance,Other,"Akta Mesin Cetak Dan Penerbitan, 1984",Ketenteraman Awam,
Hakikat & Hikmah 7 Hari Dalam Seminggu,2006-06-08,2006,P.U. (A) 216,Printed Documents,Abu Nashr Al-Hamdaniy,Pustaka Ilmi,Local,,"[""Malay""]",Religious Doctrinal Deviance,Other,"Akta Mesin Cetak Dan Penerbitan, 1984",Ketenteraman Awam,
A Fundamental Fear Eurocentrism And The Emergence Of Islamism,2006-06-08,2006,P.U. (A) 214,Printed Documents,Bobby S Sayyid,Zed Books Ltd,Foreign,Biddles Ltd.Guildford And King's Lynn,"[""English""]",Religious Doctrinal Deviance,Other,"Akta Mesin Cetak Dan Penerbitan, 1984",Ketenteraman Awam,
Islam Revealed A Christian Arab's View Of Islam,2006-06-08,2006,P.U. (A) 214,Printed Documents,Dr. Anis A. Shorrosh,"Thomas Nelson Publishers Nashville,Tennessee",Foreign,United States Of Emerica,"[""English""]",Religious Doctrinal Deviance,Other,"Akta Mesin Cetak Dan Penerbitan, 1984",Ketenteraman Awam,
Islam,2006-06-08,2006,P.U. (A) 214,Printed Documents,Matthew S. Gordon,"Oxford University Press.Inc,198.Madison Avenue,New York,Ny,10016-4314",Foreign,Imago (Singapore),"[""English""]",Religious Doctrinal Deviance,Other,"Akta Mesin Cetak Dan Penerbitan, 1984",Ketenteraman Awam,
What Everyone Needs To Know About Islam,2006-06-08,2006,P.U. (A) 214,Printed Documents,John L. Esposito,"Oxford University Press,Inc.",Foreign,United States Of America,"[""English""]",Religious Doctrinal Deviance,Other,"Akta Mesin Cetak Dan Penerbitan, 1984",Ketenteraman Awam,
Mini-Skirts Mothers & Muslims,2006-06-08,2006,P.U. (A) 215,Printed Documents,Christine Mallouhi,,Unclear,,"[""English""]",Religious Doctrinal Deviance,Other,"Akta Mesin Cetak Dan Penerbitan, 1984",Ketenteraman Awam,
Sacred Books Of The East,2006-06-08,2006,P.U. (A) 215,Printed Documents,Epiphanius Wilson,J-Jetley Asian Educational Services,Unclear,Konark Press,"[""English""]",Religious Doctrinal Deviance,Other,"Akta Mesin Cetak Dan Penerbitan, 1984",Ketenteraman Awam,
"The Battle For God Fundamentalism In Judaism,Christianity And Islam",2006-06-08,2006,P.U. (A) 215,Printed Documents,Karen Amstrong,Harpercollins Publishers,Foreign,Clays Ltd. St Ives Plc,"[""English""]",Religious Doctrinal Deviance,Other,,,
Kontroversi Hukum Hudud,2006-06-08,2006,P.U. (A) 217,Printed Documents,Kassim Ahmad,Forum Iqra' Berhad,Local,Lau & Son Publishing & Printing Sdn.Bhd,"[""English""]",Religious Doctrinal Deviance,Other,"Akta Mesin Cetak Dan Penerbitan, 1984",Ketenteraman Awam,
Risalah No.2 Dilema Umat Islam - Antara Hadis Dan Quran,2006-06-08,2006,P.U. (A) 217,Printed Documents,Kassim Ahmad,Forum Iqra' Berhad,Local,,"[""English""]",Religious Doctrinal Deviance,Other,"Akta Mesin Cetak Dan Penerbitan, 1984",Ketenteraman Awam,
"Cult, World Religions And The Occult",2006-06-08,2006,P.U. (A) 215,Printed Documents,Kenneth Boa,Chariot Victor Publishing,Unclear,Sp Publications Inc.,"[""English""]",Religious Doctrinal Deviance,Other,"Akta Mesin Cetak Dan Penerbitan, 1984",Ketenteraman Awam,
The Bargaining For Israel: In The Shadow Of Amargeddon,2006-06-08,2006,P.U. (A) 214,Printed Documents,Mona Johnian,"Bridge-Logos,Publishers",Unclear,,"[""English""]",Religious Doctrinal Deviance,Other,"Akta Mesin Cetak Dan Penerbitan, 1984",Ketenteraman Awam,
Sharing Your Faith With A Muslim,2006-06-08,2006,P.U. (A) 215,Printed Documents,Abdiyah Akbar Abdul-Haqq,Bethany House Publishers,Foreign,Bethany Press International,"[""English""]",Religious Doctrinal Deviance,Other,"Akta Mesin Cetak Dan Penerbitan, 1984",Ketenteraman Awam,
Lifting The Veil,2006-06-08,2006,P.U. (A) 214,Printed Documents,Trudio Crawford,Apple Oh Gold,Local,United States Of America,"[""English""]",Religious Doctrinal Deviance,Other,"Akta Mesin Cetak Dan Penerbitan, 1984",Ketenteraman Awam,
"Petua Dan Doa Pendinding,Penawar, Penyembuh Penyakit",2006-06-08,2006,P.U. (A) 216,Printed Documents,Awang Mohd Yahya,Usnie Publisher,Local,,"[""Malay""]",Religious Doctrinal Deviance,Other,,,
Siri 7 Amalan-Amalan Bid'ah Pada Bulan Syaban,2006-06-08,2006,P.U. (A) 217,Printed Documents,Ustaz Rasul Bin Dahri,Perniagaan Jahabersa,Local,Percetakan Putrajaya Sdn.Bhd,"[""Malay""]",Religious Doctrinal Deviance,Other,"Akta Mesin Cetak Dan Penerbitan, 1984",Ketenteraman Awam,
Skin Shows The Tattoo Bible,2006-06-15,2006,P.U. (A) 231,Printed Documents,Chris Wroblewski,Collins & Brown Chrysalis Books Group Plc,Unclear,Imprint Bagi Chrysalis Books Group Plc,"[""English""]",Religious Doctrinal Deviance,Other,"Akta Mesin Cetak Dan Penerbitan, 1984",Kemoralan,
Kundalini For Beginners,2006-08-06,2006,P.U. (A) 215,Printed Documents,Ravindra Kumar,Health Harmony B. Jain Publishers (P) Ltd.,Foreign,Unisons Techno Financial Consultants (P) Ltd.,"[""English""]",Religious Doctrinal Deviance,Other,"AKTA MESIN CETAK DAN PENERBITAN, 1984",Ketenteraman Awam,
Rahsia Penyegar Tenaga Batin Suami Isteri,2006-10-12,2006,P.U. (A) 373,Printed Documents,Dr.Ruhani,Al-Hidayah Publishers,Local,Percetakan Putrajaya Sdn.Bhd.,"[""Malay""]",Religious Doctrinal Deviance,Other,"Akta Mesin Cetak Dan Penerbitan, 1984",Kemoralan,
Jejak-Jejak Sufi Di Malaysia Dan Kesannya Ke Atas Dakwah Islamiah,2006-11-16,2006,P.U. (A) 403,Printed Documents,Abu Nu`Man Sulaiman Ibrahim Al-Bahuri,Jabatan Mufti Wilayah Negeri Sembilan Malaysia,Local,,"[""Arabic""]",Religious Doctrinal Deviance,Other,"Akta Mesin Cetak Dan Penerbitan, 1984",Ketenteraman Awam,
Bahaya Taqlid Buta & Ta`Sub Mazhab,2006-11-16,2006,P.U. (A) 403,Printed Documents,Rasul Dahri,Perniagaan Jahabersa,Local,Percetakan Icw Sdn.Bhd Kuala Lumpur,"[""Malay""]",Religious Doctrinal Deviance,Other,"Akta Mesin Cetak Dan Penerbitan, 1984",Ketenteraman Awam,
"Siri 2: Imam Syafie (Rahimanhullah) Mengharamkan Kenduri Arwah, Tahlilan, Yasinan & Selamatan",2006-11-16,2006,P.U. (A) 403,Printed Documents,Ustaz Rasul Bin Dahri,Perniagaan Jahabersa,Local,,"[""Malay""]",Religious Doctrinal Deviance,Other,"Akta Mesin Cetak Dan Penerbitan, 1984",Ketenteraman Awam,
Islam And The West - A New Political And Religious Order Post September 11,2006-12-21,2006,P.U. (A) 428,Printed Documents,Robert Van De Weyer,Synergy Books International,Unclear,"Guernsey, Channel Island","[""English""]",Religious Doctrinal Deviance,Other,"Akta Mesin Cetak Dan Penerbitan, 1984",Ketenteraman Awam,
Negara Tuhan,2006-12-21,2006,P.U. (A) 427,Printed Documents,Penterjemah - Tigga,Putra Langit,Unclear,,"[""Malay""]",Religious Doctrinal Deviance,Other,"Akta Mesin Cetak Dan Penerbitan, 1984",Ketenteraman Awam,
Buku Pintar Al Qur`An Referensi Lengkap Memahami Kitab Suci Al-Qur`An,2006-12-21,2006,P.U. (A) 427,Printed Documents,"Penterjemah - Sudarmaji.,S.Pd@Gruphermes.Mlg",Ladang Pustaka & Intimedia,Foreign,,"[""Malay""]",Religious Doctrinal Deviance,Other,,,
The Origin Of Species - Asal-Usul Spesies,2006-12-21,2006,P.U. (A) 427,Printed Documents,Penterjemah - F.Susilohardo / Basuku Hernowo,Ikon Teralitera,Local,,"[""Malay""]",Religious Doctrinal Deviance,Other,"Akta Mesin Cetak Dan Penerbitan, 1984",Ketenteraman Awam,
Islam : A Short History / Sepintas Sejarah Islam,2006-12-21,2006,P.U. (A) 427,Printed Documents,Penterjemah : Ira Puspito Rini,Ikon Teralitera,Local,,"[""Malay""]",Religious Doctrinal Deviance,Other,,,
Siapakah Muslim?,2006-12-21,2006,P.U. (A) 429,Printed Documents,,Sathiyamey Jeyam,Foreign,,"[""Tamil""]",Religious Doctrinal Deviance,Other,"Akta Mesin Cetak Dan Penerbitan, 1984",Ketenteraman Awam,
Mac 8,2006-12-28,2006,P.U. (A) 438,Printed Documents,K.Arumugam,Separuthi Publications Sdn.Bhd. (409768-U),Local,,"[""Tamil""]",Religious Doctrinal Deviance,Other,"Akta Mesin Cetak Dan Penerbitan, 1984",Ketenteraman Awam,
Feminism And Islamic Fundamentalism The Limits Of Postmodern Analysis,2007-04-26,2007,P.U. (A) 168,Printed Documents,Haideh Moghissi,Zed Books Ltd,Foreign,Biddles Ltd.,"[""English""]",Religious Doctrinal Deviance,Other,"Akta Mesin Cetak Dan Penerbitan, 1984",Ketenteraman Awam,
Unveiled At Last,2007-04-26,2007,P.U. (A) 168,Printed Documents,Bob Sjogren,Ymaw Publishing A Ministry Of Youth With A Mission,Unclear,Amerika Syarikat,"[""English""]",Religious Doctrinal Deviance,Other,"Akta Mesin Cetak Dan Penerbitan, 1984",Ketenteraman Awam,
Heart Of The Koran,2007-04-26,2007,P.U. (A) 168,Printed Documents,Lex Hixon,The Theosophical Publishing House,Foreign,,"[""English""]",Religious Doctrinal Deviance,Other,"Akta Mesin Cetak Dan Penerbitan, 1984",Ketenteraman Awam,
The Fifth Pillar A Spritual Pilgrimage,2007-04-26,2007,P.U. (A) 168,Printed Documents,David Zeidan,Piquant,Unclear,,"[""English""]",Religious Doctrinal Deviance,Other,"Akta Mesin Cetak Dan Penerbitan, 1984",Ketenteraman Awam,
My Journey From The Christianity Of Ahlul Sunnah Wal Jamaah To The Islam Of The Prophet,2007-04-26,2007,P.U. (A) 168,Printed Documents,Saim Bakar,,Unclear,,"[""English""]",Religious Doctrinal Deviance,Other,"Akta Mesin Cetak Dan Penerbitan, 1984",Ketenteraman Awam,
Now You Can Knows What Muslims Believe,2007-04-26,2007,P.U. (A) 168,Printed Documents,,Ministries To Muslims,Unclear,,"[""English""]",Religious Doctrinal Deviance,Other,"Akta Mesin Cetak Dan Penerbitan, 1984",Ketenteraman Awam,
"Introducing Islam. Islam, Christianity, And Judaism",2007-04-26,2007,P.U. (A) 168,Printed Documents,Dorothy Kavanaugh,Mason Crest Publishers,Foreign,Hashemite Kingdom Of Jordan,"[""English""]",Religious Doctrinal Deviance,Other,"Akta Mesin Cetak Dan Penerbitan, 1984",Ketenteraman Awam,
Introdusing Islam. Islam:The Basics,2007-04-26,2007,P.U. (A) 168,Printed Documents,Kim Whiteheads,Mason Crest Publishers,Foreign,Hashemite Kingdom Of Jordan,"[""English""]",Religious Doctrinal Deviance,Other,,,
The Life And Times Of Muhammad,2007-04-26,2007,P.U. (A) 168,Printed Documents,Sir John Glubb,Mardison Books,Foreign,Stein & Day,"[""English""]",Religious Doctrinal Deviance,Other,"Akta Mesin Cetak Dan Penerbitan, 1984",Ketenteraman Awam,
Murder In The Name Of Allah,2007-04-26,2007,P.U. (A) 168,Printed Documents,Harzat Mirza Tahir Ahmad,Lutterworth Press,Unclear,The Guernsey Press Co.Ltd.,"[""English""]",Religious Doctrinal Deviance,Other,"Akta Mesin Cetak Dan Penerbitan, 1984",Ketenteraman Awam,
The Last Of The Giants,2007-04-26,2007,P.U. (A) 168,Printed Documents,George Parshall,Fleming H.Revell A Division Of Baker Book House Company,Foreign,,"[""English""]",Religious Doctrinal Deviance,Other,"Akta Mesin Cetak Dan Penerbitan, 1984",Ketenteraman Awam,
Jesus And Muhammad Profound Differences And Surprising Similarities,2007-04-26,2007,P.U. (A) 168,Printed Documents,"Mark A. Gabriel, Phd",Charisma House A Strang Company,Unclear,,"[""English""]",Religious Doctrinal Deviance,Other,"Akta Mesin Cetak Dan Penerbitan, 1984",Ketenteraman Awam,
Answering Islam The Cresent In Light Of The Cross,2007-04-26,2007,P.U. (A) 168,Printed Documents,Norman I Geisler Abdul Saleeb,Bakers Books A Division Of Baker Book House Company,Foreign,,"[""English""]",Religious Doctrinal Deviance,Other,"Akta Mesin Cetak Dan Penerbitan, 1984",Ketenteraman Awam,
Inside The Community: Understanding Muslims Through Their Traditions,2007-04-26,2007,P.U. (A) 168,Printed Documents,Phil Parshall,Baker Books A Division Of Baker Book House Company,Foreign,,"[""English""]",Religious Doctrinal Deviance,Other,"Akta Mesin Cetak Dan Penerbitan, 1984",Ketenteraman Awam,
"Islam In Context Past, Present, And Future",2007-04-26,2007,P.U. (A) 168,Printed Documents,Peter G.Riddell Peter Cootterell,Baker Books A Division Of Baker Book House Company,Foreign,,"[""English""]",Religious Doctrinal Deviance,Other,"Akta Mesin Cetak Dan Penerbitan, 1984",Ketenteraman Awam,
"Islam At The Crossroads Understanding Its Beliefs, History, And Conflicts",2007-04-26,2007,P.U. (A) 168,Printed Documents,Paul Marshall Roberts Green Lela Gilbert,Baker Books A Division Of Baker Book House Company,Foreign,,"[""English""]",Religious Doctrinal Deviance,Other,"Akta Mesin Cetak Dan Penerbitan, 1984",Ketenteraman Awam,
New Paths In Muslim Evangelism Evangelical Approaches To Contextualization,2007-04-26,2007,P.U. (A) 168,Printed Documents,Phill Parshall,Baker Book House,Foreign,,"[""English""]",Religious Doctrinal Deviance,Other,"Akta Mesin Cetak Dan Penerbitan, 1984",Ketenteraman Awam,
Glad News! God Loves You My Muslim Friend,2007-04-26,2007,P.U. (A) 168,Printed Documents,Samy Tanagho,Authentic Mmemdia,Unclear,,"[""English""]",Religious Doctrinal Deviance,Other,"Akta Mesin Cetak Dan Penerbitan, 1984",Ketenteraman Awam,
Blind Following Of Madhabs,2007-04-26,2007,P.U. (A) 168,Printed Documents,Shaykh Muhammad Sultaan Al-Ma`Oomee Al-Khajnadee,Al-Hidayah Publishing & Distribution,Local,"All Trade Printers, Birmingham U.K","[""English""]",Religious Doctrinal Deviance,Other,"Akta Mesin Cetak Dan Penerbitan, 1984",Ketenteraman Awam,
Ombak Hidup Mengalami Damai Di Masa Taufan,2007-04-26,2007,P.U. (A) 170,Printed Documents,,Yayasan Isahi Nusantara (Yin),Local,,"[""Malay""]",Religious Doctrinal Deviance,Other,"Akta Mesin Cetak Dan Penerbitan, 1984",Ketenteraman Awam,
Rahsia Manusia Menyingkap Ruh Ilahi,2007-04-26,2007,P.U. (A) 170,Printed Documents,Syekh Nur Ad-Din Ar Raniri,Pustaka Sufi,Local,Futuh Printika,"[""Malay""]",Religious Doctrinal Deviance,Other,"Akta Mesin Cetak Dan Penerbitan, 1984",Ketenteraman Awam,
Tasawuf Dalam Qur`An,2007-04-26,2007,P.U. (A) 170,Printed Documents,Dr. Mir Valiudin/Tim Pustaka Firdaus,Pustaka Firdaus Ji,Local,,"[""Malay""]",Religious Doctrinal Deviance,Other,"Akta Mesin Cetak Dan Penerbitan, 1984",Ketenteraman Awam,
Pilihan Do`A Jaljalut Mengantisipasi Gejolak Zaman Modern,2007-04-26,2007,P.U. (A) 170,Printed Documents,Muh. Rofi` Si,Pt Grafikatama Jaya,Foreign,,"[""Malay""]",Religious Doctrinal Deviance,Other,"Akta Mesin Cetak Dan Penerbitan, 1984",Ketenteraman Awam,
Pengantar Psikologi Al-Quran Dimensi Keilmuan Di Balik Mushaf Utsmani,2007-04-26,2007,P.U. (A) 170,Printed Documents,Dr. Lukman Saksonro. M Se Drs Anharudin,Pt Grafikatama Jaya,Foreign,,"[""Malay""]",Religious Doctrinal Deviance,Other,,,
Bahaya Tarikat Sufi/Tasawuf Terhadap Masyarakat,2007-04-26,2007,P.U. (A) 169,Printed Documents,Ustaz Rasul Bin Dahri,Perniagaan Jahabersa,Local,Percetakan Putrajaya Sdn Bhd,"[""Malay""]",Religious Doctrinal Deviance,Other,"Akta Mesin Cetak Dan Penerbitan, 1984",Ketenteraman Awam,
Menyoal Relevensi Sunnah Dalam Islam Modern,2007-04-26,2007,P.U. (A) 170,Printed Documents,Daniel W.Brown/Jaziar Radiiati Dan Entin Sriani Muslim,Penerbitan Mizan Anggota Ikapi,Local,,"[""Malay""]",Religious Doctrinal Deviance,Other,"Akta Mesin Cetak Dan Penerbitan, 1984",Ketenteraman Awam,
One True God Risiko Sejarah Bertuhan Satu,2007-04-26,2007,P.U. (A) 170,Printed Documents,Rodney Stark /M. Sadat Ismail,Penerbit Qalam Ji,Local,,"[""Malay""]",Religious Doctrinal Deviance,Other,"Akta Mesin Cetak Dan Penerbitan, 1984",Ketenteraman Awam,
Islam Tanpa Syariat Menggali Universalitas Tradisi,2007-04-26,2007,P.U. (A) 170,Printed Documents,Ziauddin Sardar,Penerbit Grafindo Khazanah Ilmu Pp Pemuda Muhammadiyah,Local,,"[""Malay""]",Religious Doctrinal Deviance,Other,"Akta Mesin Cetak Dan Penerbitan, 1984",Ketenteraman Awam,
The Passion Of The Christ Kesengsaraan Al-Masihi,2007-04-26,2007,P.U. (A) 170,Printed Documents,,,Unclear,,"[""Malay""]",Religious Doctrinal Deviance,Other,,,
"Inside Islam The Faith, The People And The Conflicts Of The Word`S Fastest Growing Religion",2007-04-26,2007,P.U. (A) 168,Printed Documents,,Marlowe & Company An Imprint Of Avalon Publishing Group Incorporated,Foreign,,"[""Malay""]",Religious Doctrinal Deviance,Other,"Akta Mesin Cetak Dan Penerbitan, 1984",Ketenteraman Awam,
Wahdat Al-Adyan Dialog Pluralisme Agama,2007-04-26,2007,P.U. (A) 170,Printed Documents,Fathimah Usman,Lk Isyogyakarta Salakan Baru,Foreign,Lk Is Yogyakarta Ji,"[""Malay""]",Religious Doctrinal Deviance,Other,"Akta Mesin Cetak Dan Penerbitan, 1984",Ketenteraman Awam,
Ringkasan Mafatih Al-Jinan Kunci Pembuka Syurga,2007-04-26,2007,P.U. (A) 169,Printed Documents,Syeikh At-Tusiy,Jasmin Enterprise,Local,,"[""Malay""]",Religious Doctrinal Deviance,Other,,,
Mujarobat Ilmu Kekebalan,2007-04-26,2007,P.U. (A) 170,Printed Documents,Ahmad Toha Abdu Ghoni,Cv. Bintang Pelajar,Unclear,,"[""Malay""]",Religious Doctrinal Deviance,Other,"Akta Mesin Cetak Dan Penerbitan, 1984",Ketenteraman Awam,
Ikhtisar Tajul Muluk (Mahkota Raja),2007-04-26,2007,P.U. (A) 170,Printed Documents,Abdul Hamid Zahwan,Cv. Aneka,Unclear,,"[""Malay""]",Religious Doctrinal Deviance,Other,"Akta Mesin Cetak Dan Penerbitan, 1984",Ketenteraman Awam,
Petunjuk Membuat Azimat Dan Benda Bertuah,2007-04-26,2007,P.U. (A) 170,Printed Documents,Abd. Hamid Zahwan,Cv. Aneka,Unclear,,"[""Malay""]",Religious Doctrinal Deviance,Other,"Akta Mesin Cetak Dan Penerbitan, 1984",Ketenteraman Awam,
Al-Kafilah Siapakah Yang Dikatakan Gadis,2007-05-31,2007,P.U. (A) 198,Printed Documents,Puteri Izma (Mohamad Abdul Hamid),Usnie Pulisher,Unclear,,"[""Malay""]",Religious Doctrinal Deviance,Other,"Akta Mesin Cetak Dan Penerbitan, 1984",Kemoralan,
Pendidikan Seks Rumah Tangga Kemuncak Rahsia Kebahagiaan & Kasih Sayang Sejati Rahsia Menguatkan Tenaga Batin Teknik Bercumbu Dan Berjimak,2007-05-31,2007,P.U. (A) 198,Printed Documents,Jaafar Salleh,Al-Hidayah Publishers,Local,Percetakan Zafar Sdn. Bhd,"[""Malay""]",Religious Doctrinal Deviance,Other,"Akta Mesin Cetak Dan Penerbitan, 1984",Kemoralan,
Islamic Fundamentalism Since 1945,2007-06-07,2007,P.U. (A) 214,Printed Documents,Beverly Milon - Edwards,Routledge,Foreign,Tj International Ltd.,"[""English""]",Religious Doctrinal Deviance,Other,"Akta Mesin Cetak Dan Penerbitan, 1984",Keselamatan,
Onward Muslim Soldier,2007-06-07,2007,P.U. (A) 214,Printed Documents,Robert Spencer,Regnery Publishing Inc,Unclear,,"[""English""]",Religious Doctrinal Deviance,Other,"Akta Mesin Cetak Dan Penerbitan, 1984",Keselamatan,
The Qur'an,2007-06-07,2007,P.U. (A) 215,Printed Documents,M.A.S. Abdel Haleem,"Oxford University Press Inc., New York",Foreign,,"[""English""]",Religious Doctrinal Deviance,Other,"Akta Mesin Cetak Dan Penerbitan, 1984",Ketenteraman Awam,
Who Can Be Saved? And World Religions,2007-06-07,2007,P.U. (A) 214,Printed Documents,Terrance L.Tiessen,"Inter-Varsity Press,",Foreign,,"[""English""]",Religious Doctrinal Deviance,Other,"Akta Mesin Cetak Dan Penerbitan, 1984",Keselamatan,
The Koran,2007-06-07,2007,P.U. (A) 215,Printed Documents,M.H. Shakir,Goodword Books,Unclear,,"[""English""]",Religious Doctrinal Deviance,Other,"Akta Mesin Cetak Dan Penerbitan, 1984",Ketenteraman Awam,
Islamic Aesthetics: An Introduction,2007-06-07,2007,P.U. (A) 214,Printed Documents,Oliver Leaman,Edinburgh University Press Ltd,Unclear,Mpg Books Ltd. Bodmin Great Britain,"[""English""]",Religious Doctrinal Deviance,Other,"Akta Mesin Cetak Dan Penerbitan, 1984",Ketenteraman Awam,
The Koran : Selected Suras,2007-06-07,2007,P.U. (A) 215,Printed Documents,Arthur Jeffery,"Dover Publications, Inc",Unclear,,"[""English""]",Religious Doctrinal Deviance,Other,,,
"War, Terror & Peace In The Qur'an And In Islam: Insights For Military & Goverment Leaders",2007-06-07,2007,P.U. (A) 214,Printed Documents,T.P.Schwartz Barcott,Army War College Foundation Press,Unclear,,"[""English""]",Religious Doctrinal Deviance,Other,"Akta Mesin Cetak Dan Penerbitan, 1984",Ketenteraman Awam,
Penyembuhan Cara Sufi,2007-10-26,2007,P.U. (A) 358,Printed Documents,Saykh Ghulam Moinuddin,Yayasan Bentang Budaya,Local,Hepi El Rais,"[""Malay""]",Religious Doctrinal Deviance,Other,"Akta Mesin Cetak Dan Penerbitan, 1984",Ketenteraman Awam,
Tasawuf Perenial Kearifan Kritis Kaum Sufi,2007-10-26,2007,P.U. (A) 358,Printed Documents,Kautsar Azhari Noer,Pt Serambi Ilmu Semesta,Foreign,,"[""Malay""]",Religious Doctrinal Deviance,Other,"Akta Mesin Cetak Dan Penerbitan, 1984",Ketenteraman Awam,
The Muslim Jesus: Kisah Dan Sabda Yesus Dalam Literatur Islam,2007-10-26,2007,P.U. (A) 358,Printed Documents,Tarif Khalidi,Pt Serambi Ilmu Semesta,Foreign,,"[""Malay""]",Religious Doctrinal Deviance,Other,"Akta Mesin Cetak Dan Penerbitan, 1984",Ketenteraman Awam,
Tajul Muluk,2007-10-26,2007,P.U. (A) 357,Printed Documents,Tuan Husin Besut Ibn Al Marhum Tuan Ishak Fatani,Percetakan Almuarif Sdn. Bhd;,Local,,"[""Malay""]",Religious Doctrinal Deviance,Other,"Akta Mesin Cetak Dan Penerbitan, 1984",Ketenteraman Awam,
Kitab Kaysf Al-Asrar,2007-10-26,2007,P.U. (A) 358,Printed Documents,Al Sheikh Muhamad Salleh Bin Abdullah Mengkabui,,Unclear,Al Ahmadiyah Press,"[""Malay""]",Religious Doctrinal Deviance,Other,"Akta Mesin Cetak Dan Penerbitan, 1984",Ketenteraman Awam,
Kumpulan Ilmu Ghaib,2007-10-26,2007,P.U. (A) 358,Printed Documents,Imam Ghazali,Mahkota Surabaya,Foreign,,"[""Malay""]",Religious Doctrinal Deviance,Other,"Akta Mesin Cetak Dan Penerbitan, 1984",Ketenteraman Awam,
Fiqh Perempuan,2007-10-26,2007,P.U. (A) 358,Printed Documents,Kh. Husein Muhamad,Lkis Yogyakarta Gambiran,Foreign,Lkis Yogyakarta Gambiran,"[""Malay""]",Religious Doctrinal Deviance,Other,"Akta Mesin Cetak Dan Penerbitan, 1984",Ketenteraman Awam,
Secrets Of The Koran: Revealing Insights Into Islam's Holy Book,2008-01-17,2008,P.U. (A) 14,Printed Documents,Don Richardson,Regal Books,Foreign,,"[""English""]",Religious Doctrinal Deviance,Other,"Akta Mesin Cetak Dan Penerbitan, 1984",Ketenteraman Awam,
Qur'an And Women Rereading The Sacred Text From A Woman's Perspective,2008-01-17,2008,P.U. (A) 14,Printed Documents,Amina Wadud,Oxford University Press,Foreign,,"[""English""]",Religious Doctrinal Deviance,Other,"Akta Mesin Cetak Dan Penerbitan, 1984",Ketenteraman Awam,
The Importance Of Muhammad,2008-01-17,2008,P.U. (A) 14,Printed Documents,Marilyn Tower Oliver,Lucent Books,Foreign,,"[""English""]",Religious Doctrinal Deviance,Other,"Akta Mesin Cetak Dan Penerbitan, 1984",Ketenteraman Awam,
"World Faiths Islam Worship, Festival And Ceremonies From Aroundthe World",2008-01-17,2008,P.U. (A) 14,Printed Documents,Trevor Barnes,Kingfisher,Foreign,,"[""English""]",Religious Doctrinal Deviance,Other,"Akta Mesin Cetak Dan Penerbitan, 1984",Ketenteraman Awam,
What Makes Me A Muslim,2008-01-17,2008,P.U. (A) 14,Printed Documents,Catherine M. Petrini,"Kidhaven Press,",Unclear,,"[""English""]",Religious Doctrinal Deviance,Other,"Akta Mesin Cetak Dan Penerbitan, 1984",Ketenteraman Awam,
Women In Islam,2008-01-17,2008,P.U. (A) 14,Printed Documents,Margaret Speaker Yuan,Green Haven Press,Unclear,,"[""English""]",Religious Doctrinal Deviance,Other,"Akta Mesin Cetak Dan Penerbitan, 1984",Ketenteraman Awam,
Islam Unveiled: Disturbing Questions About The World's Fastest-Growing Faith,2008-01-17,2008,P.U. (A) 14,Printed Documents,Robert Spencer,Encounter Books,Foreign,,"[""English""]",Religious Doctrinal Deviance,Other,"Akta Mesin Cetak Dan Penerbitan, 1984",Ketenteraman Awam,
The Two Faces Of Islam: Saudi Fundamentalism And Its Role In Terrorism,2008-01-17,2008,P.U. (A) 14,Printed Documents,Stephen Schwartz,Anchor Books,Foreign,,"[""English""]",Religious Doctrinal Deviance,Other,"Akta Mesin Cetak Dan Penerbitan, 1984",Ketenteraman Awam,
Islam & Pluralisme,2008-01-17,2008,P.U. (A) 14,Printed Documents,"Al-Mustaqeem Mahmod Radhi,Khairul Anam Che Mentri",Middle-Eastern Graduate Centre Sdn.Bhd.(Megc),Local,Perniagaan Maju Jaya,"[""Malay""]",Religious Doctrinal Deviance,Other,"Akta Mesin Cetak Dan Penerbitan, 1984",Ketenteraman Awam,
Amalan Kemurahan Rezeki,2008-01-17,2008,P.U. (A) 14,Printed Documents,Iffa Karimah,Jasmin Enterprise,Local,,"[""Malay""]",Religious Doctrinal Deviance,Other,"Akta Mesin Cetak Dan Penerbitan, 1984",Ketenteraman Awam,
Rahsia Jalan Yang Lurus,2008-01-17,2008,P.U. (A) 14,Printed Documents,,Al Mustaqiim,Unclear,,"[""Malay""]",Religious Doctrinal Deviance,Other,"Akta Mesin Cetak Dan Penerbitan, 1984",Ketenteraman Awam,
Pelik Tapi Benar Dalam Solat,2008-07-31,2008,P.U. (A) 260,Printed Documents,Ustaz Abdul Rahman Mohamed,Telaga Biru Sdn.Bhd.,Local,Fdz Design & Communication,"[""Malay""]",Religious Doctrinal Deviance,Other,"Akta Mesin Cetak Dan Penerbitan, 1984",Ketenteraman Awam,
Permata Gemilang,2009-07-09,2009,P.U. (A) 244,Printed Documents,Hj. Wan Halim Bashah (Ibhar),Percetakan S.T. Sdn. Bhd.,Local,Percetakan S.T. Sdn. Bhd.,"[""Malay""]",Religious Doctrinal Deviance,Other,"Akta Mesin Cetak Dan Penerbitan, 1984",Kemoralan,
Rahsia Dalam Rahsia Di Sebalik Tirai Kamar Suami Isteri,2009-07-09,2009,P.U. (A) 244,Printed Documents,Othman Haji Jaafar,Darul Nu'man,Local,,"[""Malay""]",Religious Doctrinal Deviance,Other,"Akta Mesin Cetak Dan Penerbitan, 1984",Kemoralan,
Khazanah Mutiara Hikmah Suami Isteri & Bakal Pengantin,2009-07-09,2009,P.U. (A) 244,Printed Documents,Ustaz Hj Ibrahim Muhammad,Darul Nu'man,Local,,"[""Malay""]",Religious Doctrinal Deviance,Other,"Akta Mesin Cetak Dan Penerbitan, 1984",Kemoralan,
God Is Not Great How Religion Poisons Everything,2009-07-30,2009,P.U. (A) 271,Printed Documents,Christopher Hitchens,Twelve Hachette Book Group Usa,Foreign,Dicetak Di Amerika Syarikat,"[""English""]",Religious Doctrinal Deviance,Other,"Akta Mesin Cetak Dan Penerbitan, 1984",Ketenteraman Awam,
The Qur'an A New Translation,2009-07-30,2009,P.U. (A) 271,Printed Documents,Thomas Cleary,Starlatch Press,Foreign,Dicetak Di Amerika Syarikat,"[""English""]",Religious Doctrinal Deviance,Other,"Akta Mesin Cetak Dan Penerbitan, 1984",Ketenteraman Awam,
The Trouble With Islam Today,2009-07-30,2009,P.U. (A) 271,Printed Documents,Irshad Manji,St. Martin's Press,Foreign,Dicetak Di Amerika Syarikat,"[""English""]",Religious Doctrinal Deviance,Other,"Akta Mesin Cetak Dan Penerbitan, 1984",Ketenteraman Awam,
The Politically Incorrect Guide To Islam (And The Crusades),2009-07-30,2009,P.U. (A) 271,Printed Documents,Robert Spencer,Regnery Publishing,Unclear,Dicetak Di Amerika Syarikat,"[""English""]",Religious Doctrinal Deviance,Other,"Akta Mesin Cetak Dan Penerbitan, 1984",Ketenteraman Awam,
Antichrist Islam's Awaited Messiah,2009-07-30,2009,P.U. (A) 271,Printed Documents,Joel Richardson,Pleasant Word (A Division Of Wine Press Publishing),Unclear,Dicetak Di Amerika Syarikat,"[""English""]",Religious Doctrinal Deviance,Other,"Akta Mesin Cetak Dan Penerbitan, 1984",Ketenteraman Awam,
Islam And The West The Making Of An Image,2009-07-30,2009,P.U. (A) 271,Printed Documents,Norman Daniel,Oneworld Publications (Sales And Editorial),Unclear,Dicetak Di England,"[""English""]",Religious Doctrinal Deviance,Other,"Akta Mesin Cetak Dan Penerbitan, 1984",Ketenteraman Awam,
Qabil & Habil,2009-07-30,2009,P.U. (A) 271,Printed Documents,S. Aneesa,Little Angels' World,Foreign,Little Offset Works,"[""English""]",Religious Doctrinal Deviance,Other,"Akta Mesin Cetak Dan Penerbitan, 1984",Ketenteraman Awam,
Ibrahim A.S. And Sarah,2009-07-30,2009,P.U. (A) 271,Printed Documents,S. Aneesa,Little Angels' World,Foreign,Little Offset Works,"[""English""]",Religious Doctrinal Deviance,Other,"Akta Mesin Cetak Dan Penerbitan, 1984",Ketenteraman Awam,
The Jewel Of Medina,2009-07-30,2009,P.U. (A) 271,Printed Documents,Sherry Jones,"Beaufort Books, New York",Foreign,Dicetak Di Amerika Syarikat,"[""English""]",Religious Doctrinal Deviance,Other,"Akta Mesin Cetak Dan Penerbitan, 1984",Ketenteraman Awam,
Hamka Bercerita Kisah Nabi & Rasul Jilid 1,2009-10-22,2009,P.U. (A) 373,Printed Documents,M. Saribi Afn,Pustaka Dini Sdn. Bhd.,Local,Percetakan Rahim Razak Sdn. Bhd.,"[""Malay""]",Religious Doctrinal Deviance,Other,"Akta Mesin Cetak Dan Penerbitan, 1984",Ketenteraman Awam,
Hamka Bercerita Kisah Nabi & Rasul Jilid 2,2009-10-22,2009,P.U. (A) 373,Printed Documents,M. Saribi Afn,Pustaka Dini Sdn. Bhd.,Local,Percetakan Rahim Razak Sdn Bhd,"[""Malay""]",Religious Doctrinal Deviance,Other,"AKTA MESIN CETAK DAN PENERBITAN, 1984",Ketenteraman Awam,
Allah Paling Hebat,2009-10-22,2009,P.U. (A) 373,Printed Documents,Hf Rahadian,Pts One Sdn. Bhd.,Local,Bs Print (M) Sdn. Bhd.,"[""Malay""]",Religious Doctrinal Deviance,Other,"Akta Mesin Cetak Dan Penerbitan, 1984",Ketenteraman Awam,
Islam Evil In The Name Of God,2011-07-07,2011,P.U. (A) 230,Printed Documents,,Felibri Publications,Unclear,,"[""English""]",Religious Doctrinal Deviance,Other,"Akta Mesin Cetak Dan Penerbitan, 1984",,
Pengantar Ilmu-Ilmu Islam,2012-03-01,2012,P.U. (A) 56,Printed Documents,Murtadha Muthahhari,Pustaka Zahra,Local,,"[""Malay""]",Religious Doctrinal Deviance,Other,"Akta Mesin Cetak Dan Penerbitan, 1984",Ketenteraman Awam,
Tafsir Sufi Al-Fatihah Mukadimah,2012-03-01,2012,P.U. (A) 56,Printed Documents,Jalaluddin Rakhmat,Pt Remaja Rosdakarya,Foreign,Pt Remaja Rosdakarya Offset,"[""Malay""]",Religious Doctrinal Deviance,Other,"Akta Mesin Cetak Dan Penerbitan, 1984",Ketenteraman Awam,
Dialog Sunnah Syi'ah,2012-03-01,2012,P.U. (A) 56,Printed Documents,A. Syarafuddin Al-Musawi,Penerbit Mizan,Local,,"[""Malay""]",Religious Doctrinal Deviance,Other,"Akta Mesin Cetak Dan Penerbitan, 1984",Ketenteraman Awam,
"""Where Did I Come From?""",2012-03-02,2012,P.U. (A) 65,Printed Documents,Peter Mayle,Kensington Publishing Corp.,Foreign,,"[""English""]",Religious Doctrinal Deviance,Other,"Akta Mesin Cetak Dan Penerbitan, 1984",Kemoralan,
"Allah, Liberty And Love",2012-05-29,2012,P.U (A) 162,Printed Documents,Irshad Manji,Free Press,Foreign,United States Of America,"[""English""]",Religious Doctrinal Deviance,Other,"Akta Mesin Cetak Dan Penerbitan, 1984",Ketenteraman Awam,
"Allah, Kebebasan & Cinta",2012-05-29,2012,P.U. (A) 162,Printed Documents,Irshad Manji,Zi Publications Sdn. Bhd.,Local,Nexisprint Solution Enterprise,"[""Malay""]",Religious Doctrinal Deviance,Other,"Akta Mesin Cetak Dan Penerbitan, 1984",Ketenteraman Awam,
Tegar Di Atas Tauhid,2013-02-08,2013,P.U. (A) 45,Printed Documents,Abu Sulaiman Aman Abdurrahman,Shotul Haq,Unclear,,"[""Malay""]",Religious Doctrinal Deviance,Other,"Akta Mesin Cetak Dan Penerbitan, 1984",Ketenteraman Awam,
Jihadmagz,2013-02-08,2013,P.U. (A) 45,Printed Documents,Drs. M. Fachry,Ar-Rahmah Media Group,Unclear,,"[""Malay""]",Religious Doctrinal Deviance,Other,"Akta Mesin Cetak Dan Penerbitan, 1984",Ketenteraman Awam,
Memories Of Muhammad: Why The Prophet Matters,2014-01-09,2014,P.U. (A) 13,Printed Documents,Omid Safi,Harper Collins Publishers,Foreign,,"[""English""]",Religious Doctrinal Deviance,Other,"Akta Mesin Cetak Dan Penerbitan, 1984",Ketenteraman Awam,
Saling Memberi Saling Menerima,2014-01-09,2014,P.U. (A) 13,Printed Documents,Sayyid Mahdi As Sadr / Ali Bin Yahya,Pustaka Zahra,Local,Madani Grafika,"[""Malay""]",Religious Doctrinal Deviance,Other,"Akta Mesin Cetak Dan Penerbitan, 1984",Ketenteraman Awam,
Imamul Muhtadin 'Ali Bin Abi Thalib,2014-01-09,2014,P.U. (A) 13,Printed Documents,H.M.H Hamid Al-Husaini,Pustaka Hidayah,Local,,"[""Malay""]",Religious Doctrinal Deviance,Other,,,
Fatimah Az-Zahra' & 9 Keturunannya Yang Mulia,2014-01-09,2014,P.U. (A) 13,Printed Documents,Tarikuddin Bin Haji Hassan,Perniagaan Jahabersa,Local,Percetakan Impian Sdn. Bhd.,"[""Malay""]",Religious Doctrinal Deviance,Other,"Akta Mesin Cetak Dan Penerbitan, 1984",Ketenteraman Awam,
Agama Politik Nalar Politik Islam,2014-01-09,2014,P.U. (A) 13,Printed Documents,Ahmad Vaezi / Ali Syahab,Penerbit Citra,Local,,"[""Malay""]",Religious Doctrinal Deviance,Other,"Akta Mesin Cetak Dan Penerbitan, 1984",Ketenteraman Awam,
Fatwa-Fatwa 2 Soal-Jawab Seputar Muamalah Ahlulbait,2014-01-09,2014,P.U. (A) 13,Printed Documents,Ayatullah Al-Uzhma Imam Ali Khamenei / Muhsin Labib,Penerbit Al-Huda,Local,,"[""Malay""]",Religious Doctrinal Deviance,Other,,,
Teladan Abadi Ja'far Shadiq Sang Mahaguru,2014-01-09,2014,P.U. (A) 13,Printed Documents,Husain Nahrawi,Penerbit Al-Huda,Local,,"[""Malay""]",Religious Doctrinal Deviance,Other,"Akta Mesin Cetak Dan Penerbitan, 1984",Ketenteraman Awam,
Teladan Abadi Hasan Askari Tumpuan Kaum Papa,2014-01-09,2014,P.U. (A) 13,Printed Documents,M. Ilyas & Hasan Al-Habsyi,Penerbit Al-Huda,Local,,"[""Malay""]",Religious Doctrinal Deviance,Other,"Akta Mesin Cetak Dan Penerbitan, 1984",Ketenteraman Awam,
Teladan Abadi Husain Syahid,2014-01-09,2014,P.U. (A) 13,Printed Documents,Abdullah Beik,Penerbit Al-Huda,Local,,"[""Malay""]",Religious Doctrinal Deviance,Other,"Akta Mesin Cetak Dan Penerbitan, 1984",Ketenteraman Awam,
Akhirnya Ku Temui Kebenaran,2014-01-09,2014,P.U. (A) 13,Printed Documents,Dr. Muhammad Al-Tijani Al-Samawi/ Terjemahan Kumpulan Pengajian Islam Uia,,Unclear,Percetakan Darul Iman,"[""Malay""]",Religious Doctrinal Deviance,Other,"Akta Mesin Cetak Dan Penerbitan, 1984",Ketenteraman Awam,
99 Wasiat Imam Ja'far Ash-Shadiq Lentera Ilahi,2014-01-09,2014,P.U. (A) 13,Printed Documents,Rahmani Astuti,Mizan Media Utama (Mmu),Foreign,,"[""Malay""]",Religious Doctrinal Deviance,Other,"Akta Mesin Cetak Dan Penerbitan, 1984",Ketenteraman Awam,
Ultraman The Ultra Power,2014-02-18,2014,P.U. (A) 45,Printed Documents,,Resign Publications,Unclear,Network Printers,"[""Malay""]",Religious Doctrinal Deviance,Other,"Akta Mesin Cetak Dan Penerbitan, 1984",Ketenteraman Awam,Https://Www.Mstar.Com.My/Lokal/Semasa/2014/03/07/Buku-Ultraman
Perempuan Nan Bercinta,2014-04-22,2014,P.U. (A) 111,Printed Documents,Faisal Tehrani,Institut Terjemahan & Buku Malaysia Berhad,Local,Percetakan Nasional Malaysia Berhad (Pnmb),"[""Malay""]",Religious Doctrinal Deviance,Other,"Akta Mesin Cetak Dan Penerbitan, 1984",Ketenteraman Awam,Contains Hadith-Hadith Mawduc
Mengenal Diri Ilmu Peninggalan Tok' Kenali Kelantan,2014-05-21,2014,P.U. (A) 134,Printed Documents,Mohd Yusof Che Wook,Penyuluh Hati Enterprise,Local,Addy Print,"[""Malay""]",Religious Doctrinal Deviance,Other,"Akta Mesin Cetak Dan Penerbitan, 1984",Ketenteraman Awam,
Al Fathun Nawa Jilid 1/2011,2014-05-21,2014,P.U. (A) 134,Printed Documents,"Dr. Halo-N / Salma, M.Ag",Cv Pustaka Al Fathun Nawa,Foreign,Mazz Print Sdn. Bhd. (844701-A),"[""Malay""]",Religious Doctrinal Deviance,Other,"Akta Mesin Cetak Dan Penerbitan, 1984",Ketenteraman Awam,
Where Did I Come From?,2014-08-12,2014,P.U. (A) 234,Printed Documents,Peter Mayle,Tian Xia Magazine Co. Ltd.,Unclear,Innovation Graphic Arts Co. Ltd,"[""Chinese""]",Religious Doctrinal Deviance,Other,"Akta Mesin Cetak Dan Penerbitan, 1984",Kemoralan,
The Meaning Of The Holy Qur'an For Kids,2014-08-12,2014,P.U. (A) 234,Printed Documents,Yahiya J. Emerick,Ifna Bookstore,Foreign,,"[""English""]",Religious Doctrinal Deviance,Other,"Akta Mesin Cetak Dan Penerbitan, 1984",Ketenteraman Awam,
Metodologi Fiqih Islam Kontemporer,2014-08-12,2014,P.U. (A) 233,Printed Documents,Dr. Ir. Muhammad Shahrur,Penerbit Elsaq,Local,,"[""Malay""]",Religious Doctrinal Deviance,Other,"Akta Mesin Cetak Dan Penerbitan, 1984",Ketenteraman Awam,
Ilmu Pengasihan Sejati,2014-09-22,2014,P.U. (A) 261,Printed Documents,S. Rahayu Wibowo,Penerbit Cv. Aneka (Anggota Ikapi),Local,Araya,"[""Indonesian""]",Religious Doctrinal Deviance,Other,"Akta Mesin Cetak Dan Penerbitan, 1984",Ketenteraman Awam,
Ilmu Kharang Tinggi,2014-09-22,2014,P.U. (A) 261,Printed Documents,L.T. Prabowo,Penerbit Cv. Aneka (Anggota Ikapi),Local,,"[""Indonesian""]",Religious Doctrinal Deviance,Other,"Akta Mesin Cetak Dan Penerbitan, 1984",Ketenteraman Awam,
Aji Mantra Cinta Dan Peraih Cinta,2014-09-22,2014,P.U. (A) 261,Printed Documents,Fuad Kauma,Penerbit Cv. Aneka (Anggota Ikapi),Local,Aic-Offset-Solo,"[""Indonesian""]",Religious Doctrinal Deviance,Other,,,
Primbon Mujarobat Ketabiban Dalam Islam,2014-09-22,2014,P.U. (A) 261,Printed Documents,Ust. T.M Sanihiyyah Mz./ Ust. Labib Mz,Bintang Usaha Jaya,Local,,"[""Indonesian""]",Religious Doctrinal Deviance,Other,"Akta Mesin Cetak Dan Penerbitan, 1984",Ketenteraman Awam,
Kisah Paling Menarik Yang Pernah Diceritakan,2014-10-24,2014,P.U. (A) 283,Printed Documents,,Bibles Internatoinal Of Canada,Foreign,,"[""Indonesian""]",Religious Doctrinal Deviance,Other,"Akta Mesin Cetak Dan Penerbitan, 1984",Ketenteraman Awam,
In The Path Of God Islam And Political Power,2015-04-10,2015,P.U. (A) 72,Printed Documents,Daniel Pipes,Transaction Publishers,Foreign,,"[""English""]",Religious Doctrinal Deviance,Other,"Akta Mesin Cetak Dan Penerbitan, 1984",Kepentingan Awam,
English Translation Of The Meanings Of The Holy Quran,2015-04-10,2015,P.U. (A) 73,Printed Documents,"The Message International- Usa, Saheeh International Uk, Dar Al Mountada-Saudi Arabia, Al-Qummah-Eygpt",The Massage International,Foreign,,"[""English""]",Religious Doctrinal Deviance,Other,"Akta Mesin Cetak Dan Penerbitan, 1984",Kepentingan Awam,
Pagar Hikmah Himpunan Amalan Tok Janggut,2015-04-10,2015,P.U. (A) 75,Printed Documents,Haji Abdul Razak Bin Kasman (Tok Janggut),Pustaka Muda,Local,,"[""Malay""]",Religious Doctrinal Deviance,Other,"Akta Mesin Cetak Dan Penerbitan, 1984",Ketenteraman Awam,
Dunia Hikmat,2015-04-10,2015,P.U. (A) 75,Printed Documents,Ali Zulfakar,Pustaka Muda,Local,Pustaka Muda,"[""Malay""]",Religious Doctrinal Deviance,Other,"Akta Mesin Cetak Dan Penerbitan, 1984",Ketenteraman Awam,
Islam: Politik Dan Spiritual,2015-04-10,2015,P.U. (A) 71,Printed Documents,Hafidz Abdurrahman,Penerbit Lisan Ul-Haq,Local,,"[""Malay""]",Religious Doctrinal Deviance,Other,"Akta Mesin Cetak Dan Penerbitan, 1984",Menggemparkan Fikiran Orang Ramai,
Amalan Hikmat & Rahsia Dari Al-Quran,2015-04-10,2015,P.U. (A) 75,Printed Documents,Ustaz Kurdi Ismail Hj. Za,Darul Nu'man,Local,,"[""Malay""]",Religious Doctrinal Deviance,Other,"Akta Mesin Cetak Dan Penerbitan, 1984",Ketenteraman Awam,
Rahsia & Khasiat Huruf-Huruf Hijaiyah (Siri Perubatan Islam),2015-04-10,2015,P.U. (A) 74,Printed Documents,Abu Al Baqir Ad-Dusuki ( Ustaz Mohd Fadil Bin Ariffin),Al Baqir Enterprise,Local,,"[""Malay""]",Religious Doctrinal Deviance,Other,,,
The Golden Laws: History Through The Eyes Of The Eternal Buddha,2015-06-09,2015,P.U. (A) 116,Printed Documents,"Ryuho Okawa/ Lantern Books A Division Of Booklight Inc. Lantern Books A Division Of 128 Second Place Brooklyn, Ny 11231",Lantern Books,Foreign,,"[""English""]",Religious Doctrinal Deviance,Other,"Akta Mesin Cetak Dan Penerbitan, 1984",Ketenteraman Awam,
Muhammad: A Story Of God's Messengger And The Revelation That Change The World,2015-06-09,2015,P.U. (A) 116,Printed Documents,Deepak Chopra,"Harpercollins Publishers,",Foreign,,"[""English""]",Religious Doctrinal Deviance,Other,"Akta Mesin Cetak Dan Penerbitan, 1984",Ketenteraman Awam,
55 Dongeng Teladan Untuk Anak Muslim,2015-06-09,2015,P.U. (A) 115,Printed Documents,Mb. Rahimsyah. Ar,Penerbit Putra Jaya Surabaya,Foreign,,"[""Indonesian""]",Religious Doctrinal Deviance,Other,"Akta Mesin Cetak Dan Penerbitan, 1984",Ketenteraman Awam,
Sakit Apakah Ubatnya? Penelitian Daripada Al-Quran Dan Hadis,2015-06-09,2015,P.U. (A) 115,Printed Documents,Wan Md Jamal Bin Hj. Wan Md Saman,Wjsb Resources,Unclear,,"[""Malay""]",Religious Doctrinal Deviance,Other,,,
Misteri Aneh Dan Ganjil 2 Membongkar Kewujudan Makhluk Halus,2015-06-09,2015,P.U. (A) 115,Printed Documents,Abu Talhah Iqamuddin,Pustaka Al-Ehsan,Local,Power Press & Design (M) Sdn. Bhd.,"[""Malay""]",Religious Doctrinal Deviance,Other,"Akta Mesin Cetak Dan Penerbitan, 1984",Ketenteraman Awam,
Misteri Aneh Dan Ganjil Bukti Keagungan Allah,2015-06-09,2015,P.U. (A) 115,Printed Documents,Abu Talhah Iqamuddin,Pustaka Al Ehsan,Local,Fourbass Prints Sdn. Bhd.,"[""Malay""]",Religious Doctrinal Deviance,Other,"Akta Mesin Cetak Dan Penerbitan, 1984",Ketenteraman Awam,
Teacher's And Parent's Guide (Pre-School Level),2015-07-01,2015,P.U. (A) 141,Printed Documents,Institutes Department Of Curriculum Studies,Islamic Publications Limited For The Institute Of Ismaili Studies,Foreign,Newnorth Print Limited,"[""English""]",Religious Doctrinal Deviance,Other,"Akta Mesin Cetak Dan Penerbitan, 1984",Ketenteraman Awam,
Mawlana Ali Peace Be On Him,2015-07-01,2015,P.U. (A) 141,Printed Documents,Institutes Department Of Curriculum Studies,Islamic Publications Limited For The Institute Of Ismaili Studies,Foreign,Newnorth Print Limited,"[""English""]",Religious Doctrinal Deviance,Other,"Akta Mesin Cetak Dan Penerbitan, 1984",Ketenteraman Awam,
Mawlana Hazir Imam,2015-07-01,2015,P.U. (A) 141,Printed Documents,Institutes Department Of Curriculum Studies,Islamic Publications Limited For The Institute Of Ismaili Studies,Foreign,Newnorth Print Limited,"[""English""]",Religious Doctrinal Deviance,Other,"Akta Mesin Cetak Dan Penerbitan, 1984",Ketenteraman Awam,
Ya Ali Madad,2015-07-01,2015,P.U. (A) 141,Printed Documents,Institutes Department Of Curriculum Studies,Islamic Publications Limited For The Institute Of Ismaili Studies,Foreign,Newnorth Print Limited,"[""English""]",Religious Doctrinal Deviance,Other,"Akta Mesin Cetak Dan Penerbitan, 1984",Ketenteraman Awam,
Hadits Pilihan Shahih Bukhari,2015-08-17,2015,P.U. (A) 186,Printed Documents,Ust. Labib Mz,Bintang Usaha Jaya,Foreign,,"[""Indonesian""]",Religious Doctrinal Deviance,Other,"Akta Mesin Cetak Dan Penerbitan, 1984",Menggemparkan Fikiran Orang Ramai,
Perukonan Romanise,2015-08-17,2015,P.U. (A) 184,Printed Documents,Norain H. Muhammad,H. Hashim Bin H. Abdullah,Unclear,Al Ahmadiah Press (Pte.) Ltd.,"[""Malay""]",Religious Doctrinal Deviance,Other,"Akta Mesin Cetak Dan Penerbitan, 1984",Kepentingan Awam,
Siri Pahlawan Islam Bilal Bin Rabah,2015-08-17,2015,P.U. (A) 185,Printed Documents,Mohamad Fadhil Umar,Buku Prima Sdn. Bhd.,Local,Dasae Cetak(M) Sdn. Bhd.,"[""Malay""]",Religious Doctrinal Deviance,Other,"Akta Mesin Cetak Dan Penerbitan, 1984",Menggemparkan Fikiran Orang Ramai,
Warisan Ilmu Tok Kenali Kelantan: Mengenal Diri,2015-11-03,2015,P.U. (A) 259,Printed Documents,Mohd Yusof Cik Wook,Tujuh Likur Enterprise,Local,Litmus Print,"[""Malay""]",Religious Doctrinal Deviance,Other,"Akta Mesin Cetak Dan Penerbitan, 1984",Ketenteraman Awam,
Warisan Ilmu Tok Kenali Kelantan: Mati Sebelum Mati,2015-11-03,2015,P.U. (A) 259,Printed Documents,Mohd Yusof Cik Wook / Hj. Shaari Bin Hj. Mohd Yusof,Tujuh Likur Enterprise,Local,Litmus Print,"[""Malay""]",Religious Doctrinal Deviance,Other,"Akta Mesin Cetak Dan Penerbitan, 1984",Ketenteraman Awam,
Warisan Ilmu Tok Kenali Kelantan: 7 Petala Langit Dan 7 Petala Bumi,2015-11-03,2015,P.U. (A) 259,Printed Documents,Mohd Yusof Cik Wook / Hj. Shaari Bin Hj. Mohd Yusof,Tujuh Likur Enterprise,Local,Litmus Print,"[""Malay""]",Religious Doctrinal Deviance,Other,"Akta Mesin Cetak Dan Penerbitan, 1984",Ketenteraman Awam,
Warisan Ilmu Tok Kenali Kelantan: Mengenal Allah,2015-11-03,2015,P.U. (A) 259,Printed Documents,Mohd Yusof Cik Wook,Tujuh Likur Enterprise,Local,Bs Print (M) Sdn Bhd,"[""Malay""]",Religious Doctrinal Deviance,Other,"Akta Mesin Cetak Dan Penerbitan, 1984",Ketenteraman Awam,
Pusaka Ilmu Tok Kenali Mengenal Allah (Tok Kenali Kelantan),2015-11-03,2015,P.U. (A) 259,Printed Documents,Mohd Yusof Cik Wook,Tujuh Likur Enterprise,Local,Bs Print (M) Sdn Bhd,"[""Malay""]",Religious Doctrinal Deviance,Other,"Akta Mesin Cetak Dan Penerbitan, 1984",Ketenteraman Awam,
Pusaka Ilmu Tok Kenali Mengenal Diri (Tok Kenali Kelantan),2015-11-03,2015,P.U. (A) 259,Printed Documents,Mohd Yusof Cik Wook,Tujuh Likur Enterprise,Local,Bs Print (M) Sdn Bhd,"[""Malay""]",Religious Doctrinal Deviance,Other,"Akta Mesin Cetak Dan Penerbitan, 1984",Ketenteraman Awam,
Warisan Ilmu Tok Kenali Kelantan: Cahaya Di Atas Cahaya,2015-11-03,2015,P.U. (A) 259,Printed Documents,Mohd Yusof Cik Wook / Hj. Shaari Bin Hj. Mohd Yusof,Tujuh Likur Enterprise,Local,Litmus Print,,Religious Doctrinal Deviance,Other,"Akta Mesin Cetak Dan Penerbitan, 1984",Ketenteraman Awam,
"The Teachings Of ""The Quran""",2015-11-26,2015,P.U. (A) 270,Printed Documents,H.U. Weitbrecht Stanton,Discovery Publishing House,Foreign,Tarun Offset Printers,"[""English""]",Religious Doctrinal Deviance,Other,"Akta Mesin Cetak Dan Penerbitan, 1984",Menggemparkan Fikiran Orang Ramai,
Baha'ullah And The New Era An Introduction To The Bahai Faith,2015-11-26,2015,P.U. (A) 271,Printed Documents,J.E. Esslemont,Baha'i Publishing,Foreign,Baha'i Publishing Trust Of The United States,"[""English""]",Religious Doctrinal Deviance,Other,"Akta Mesin Cetak Dan Penerbitan, 1984",Ketenteraman Awam,
"Detik-Detik Pembongkaran Agama: Mempopulerkan Agama Kebajikan, Mengagas Pluralisme-Pembebasan",2015-11-26,2015,P.U. (A) 272,Printed Documents,Nur Khalik Ridhwan / Sirsaeba Alafsana,Cv. Arruz Book Gallery Penerbit Naskhah Nusantara,Foreign,,"[""Indonesian""]",Religious Doctrinal Deviance,Other,"Akta Mesin Cetak Dan Penerbitan, 1984",Ketenteraman Awam,
Jalan Yang Lurus : Kita Harus Meneroka Jalan Ini,2015-11-26,2015,P.U. (A) 273,Printed Documents,Kassim Ahmad,Pekan Ilmu Publications Sdn. Bhd.,Local,Power Press & Design (M) Sdn. Bhd.,"[""Malay""]",Religious Doctrinal Deviance,Other,"Akta Mesin Cetak Dan Penerbitan, 1984",Ketenteraman Awam,
Tabut: Penjelasan Tentang Segala Sesuatu,2015-11-26,2015,P.U. (A) 274,Printed Documents,Abdul Kahar Bin Ahmad Jalal,,Unclear,,"[""Malay""]",Religious Doctrinal Deviance,Other,"Akta Mesin Cetak Dan Penerbitan, 1984",Ketenteraman Awam,
Ajaran Makrifat Syekh Siti Jenar,2016-03-29,2016,P.U. (A) 76,Printed Documents,Abu Fajar Al-Qalami,"Pustaka Media, Surabaya",Foreign,"Pustaka Media, Surabaya","[""Indonesian""]",Religious Doctrinal Deviance,Other,"Akta Mesin Cetak Dan Penerbitan, 1984",Ketenteraman Awam,
Israk Mikraj : Tinjauan Saintifik Di Sebalik Kontroversi,2016-03-29,2016,P.U. (A) 77,Printed Documents,Armansyah / Yusammir Yusuf,Pts Islamika Sdn. Bhd.,Local,Bs Print Sdn. Bhd.,"[""Malay""]",Religious Doctrinal Deviance,Other,"Akta Mesin Cetak Dan Penerbitan, 1984",Ketenteraman Awam,
Orang Ngomong Anjing Gong Gong,2016-04-04,2016,P.U. (A) 88,Printed Documents,Mutalib Uthman,Dubook Press Sdn. Bhd.,Local,Percetakan Mutalib Uthman,"[""Malay""]",Religious Doctrinal Deviance,Other,"Akta Mesin Cetak Dan Penerbitan, 1984",Ketenteraman Awam,Satirical
Rasulullah Saw.: Sejak Hijrah Hingga Wafat,2016-04-22,2016,P.U. (A) 109,Printed Documents,Dr. Ali Syariati/Dr. Afif Muhammad,Pustaka Hidayah,Foreign,,"[""Indonesian""]",Religious Doctrinal Deviance,Other,"Akta Mesin Cetak Dan Penerbitan, 1984",Ketenteraman Awam,
Tafsir Ayat-Ayat Kematian,2016-04-22,2016,P.U. (A) 110,Printed Documents,Muhammad Husain Al-Hasani Al-Husaini Ath-Thabathabai(Alamah Thabathabai) / Irwan Kurniawan,Pustaka Hidayah,Foreign,,"[""Indonesian""]",Religious Doctrinal Deviance,Other,"Akta Mesin Cetak Dan Penerbitan, 1984",Ketenteraman Awam,
Sinema Spiritual: Dramaturgi Dan Kritikan,2016-04-22,2016,P.U. (A) 108,Printed Documents,Faisal Tehrani,Unit Buku Harakah,Local,Percetakan Maju Jaya,"[""Malay""]",Religious Doctrinal Deviance,Other,"Akta Mesin Cetak Dan Penerbitan, 1984",Ketenteraman Awam,
Malaysia And The Club Of Doom: The Collapse Of The Islamic Countries,2016-06-14,2016,P.U. (A) 170,Printed Documents,Syed Akbar Ali,Syed Akbar Ali,Local,Thirumagal Printers Sdn. Bhd.,"[""English""]",Religious Doctrinal Deviance,Other,"Akta Mesin Cetak Dan Penerbitan, 1984",Ketenteraman Awam,
The Koran : A Very Short Introduction,2016-06-14,2016,P.U. (A) 172,Printed Documents,Micheal Cook,"Oxford University Press Inc.,",Foreign,"Tj International Ltd.,","[""English""]",Religious Doctrinal Deviance,Other,"Akta Mesin Cetak Dan Penerbitan, 1984",Ketenteraman Awam,
Pergolakan Pemikiran Islam: Catatan Harian Ahmad Wahib,2016-06-14,2016,P.U. (A) 169,Printed Documents,Ahmad Wahib,"Middle-Eastern Graduates Centre Sdn. Bhd. (Megc),",Foreign,,"[""Indonesian""]",Religious Doctrinal Deviance,Other,"Akta Mesin Cetak Dan Penerbitan, 1984",Ketenteraman Awam,
Isu Semasa Dalam Risalah: Kahwin Campur Antara Muslim Dengan Non Muslim,2016-07-04,2016,P.U. (A) 191,Printed Documents,,Middle-Eastern Graduates Centre Sdn. Bhd,Local,One Touch Creative,"[""Malay""]",Religious Doctrinal Deviance,Other,,,
Kissing Cousins? Christians And Muslims Face To Face,2016-07-18,2016,P.U. (A) 204,Printed Documents,Bill A. Musk,Monarch Books,Foreign,,"[""English""]",Religious Doctrinal Deviance,Other,"Akta Mesin Cetak Dan Penerbitan, 1984",Ketenteraman Awam,
A Treasury Of Asian Literature,2016-07-18,2016,P.U. (A) 204,Printed Documents,John D. Yohannan,"Meridian (Penguin Group), Penguin Books Usa Inc",Foreign,,"[""English""]",Religious Doctrinal Deviance,Other,"Akta Mesin Cetak Dan Penerbitan, 1984",Ketenteraman Awam,
What Went Wrong? The Clash Between Islam And Modernity In The Middle East,2016-07-18,2016,P.U. (A) 204,Printed Documents,Bernard Lewis,Harper Perennial,Foreign,,"[""English""]",Religious Doctrinal Deviance,Other,"Akta Mesin Cetak Dan Penerbitan, 1984",Ketenteraman Awam,
Nomad: From Islam To America A Personal Journey Through The Clash Of Civilizations,2016-07-18,2016,P.U. (A) 207,Printed Documents,Ayaan Hirsi Ali,"Free Press A Division Of Simon & Schuster, Inc",Foreign,,"[""English""]",Religious Doctrinal Deviance,Other,"Akta Mesin Cetak Dan Penerbitan, 1984",Ketenteraman Awam,
Perimbon Wanita Dan Tafsir Mimpi (Lengkap),2016-07-18,2016,P.U. (A) 203,Printed Documents,Ny. Ninik Happianti,Sandro Jaya Jakarta,Foreign,,"[""Indonesian""]",Religious Doctrinal Deviance,Other,"Akta Mesin Cetak Dan Penerbitan, 1984",Ketenteraman Awam,
Sejarah Syekh Abdul Wahab Tuan Guru Babussalam,2016-07-18,2016,P.U. (A) 203,Printed Documents,H. Ahmad Fuad Said,Pustaka Rokam Medan,Foreign,,"[""Indonesian""]",Religious Doctrinal Deviance,Other,"Akta Mesin Cetak Dan Penerbitan, 1984",Ketenteraman Awam,
Kitab Berlian Syahadat,2016-07-18,2016,P.U. (A) 203,Printed Documents,Kh Syeh Muhammad Yusuf Mr,Pusat Kuliah Ma`Rifatullah Penguruan Tinggi Ilmu Rohiniyah Al-Firdaus,Foreign,,"[""Indonesian""]",Religious Doctrinal Deviance,Other,"Akta Mesin Cetak Dan Penerbitan, 1984",Ketenteraman Awam,
Ibnu Taimiyah: Rekam Jejak Sang Pembaharu,2016-07-18,2016,P.U. (A) 203,Printed Documents,Sha`Ib Abdul Hamid,Penerbit Citra,Foreign,,"[""Indonesian""]",Religious Doctrinal Deviance,Other,"Akta Mesin Cetak Dan Penerbitan, 1984",Ketenteraman Awam,
Mencontoh Para Wali,2016-07-18,2016,P.U. (A) 202,Printed Documents,M.Z. Hasan Amruhi,Penerbit Al-Huda,Foreign,,"[""Indonesian""]",Religious Doctrinal Deviance,Other,"Akta Mesin Cetak Dan Penerbitan, 1984",Ketenteraman Awam,
Syi'ar Manifestasi Tuhan Dalam Wanita,2016-07-18,2016,P.U. (A) 202,Printed Documents,,Penerbit Al-Huda,Foreign,,"[""Indonesian""]",Religious Doctrinal Deviance,Other,"Akta Mesin Cetak Dan Penerbitan, 1984",Ketenteraman Awam,
1000 Hikmat,2016-07-18,2016,P.U. (A) 208,Printed Documents,Ali Zulkafar,Percetakan Almuarif Sdn. Bhd,Local,Percetakan Almuaraf Sdn Bhd,"[""Malay""]",Religious Doctrinal Deviance,Other,"Akta Mesin Cetak Dan Penerbitan, 1984",Ketenteraman Awam,
Sabda Rasulullah S.A.W; Mahdi Aku Ada Dua Tanda,2016-07-18,2016,P.U. (A) 208,Printed Documents,Mohd Zain Bin Hassan,,Local,,"[""Malay""]",Religious Doctrinal Deviance,Other,"Akta Mesin Cetak Dan Penerbitan, 1984",Ketenteraman Awam,
Misteri Alam Arwah: Persiapan Menjelang Ajal Dan Kisah-Kisah Mayat,2016-07-18,2016,P.U. (A) 206,Printed Documents,Abu Sulaiman Ad Darani,Jasmin Enterprise,Local,Percetakan Zafar Sdn. Bhd,"[""Malay""]",Religious Doctrinal Deviance,Other,"Akta Mesin Cetak Dan Penerbitan, 1984",Ketenteraman Awam,
Senjata Mukmin,2016-07-18,2016,P.U. (A) 208,Printed Documents,Abu Mazaya Al Hafiz,Al-Hidayah Publication,Local,Percetakan Zafar Sdn. Bhd,"[""Malay""]",Religious Doctrinal Deviance,Other,"Akta Mesin Cetak Dan Penerbitan, 1984",Ketenteraman Awam,
The Gospel Of Ali Penghargaan Islam Ata Yesus,2016-12-30,2016,P.U. (A) 398,Printed Documents,Mehdi Montazer Qaem ( Mahdi Muntazhir Qaim) / Satrio Pinandito,Penerbit Citra,Foreign,,"[""Indonesian""]",Religious Doctrinal Deviance,Other,"Akta Mesin Cetak Dan Penerbitan, 1984",Menggemparkan Fikiran Orang Ramai,
"Tafsir Al-'Usyr Al-Akhir Dari Al-Quran Al-Karim Jus (28,29,30) Disertai Hukum-Hukum Penting Bagi Seorang Muslim",2016-12-30,2016,P.U. (A) 397,Printed Documents,,,Foreign,,"[""Indonesian""]",Religious Doctrinal Deviance,Other,,,
Bila Anak-Anak Bertanya Tentang Allah Dan Alam Ghaib Inilah 48 Jawapannya...,2016-12-30,2016,P.U. (A) 393,Printed Documents,Muhammad Muhyidin,Rijal Media,Local,Mihas Grafik Sdn. Bhd,"[""Malay""]",Religious Doctrinal Deviance,Other,"Akta Mesin Cetak Dan Penerbitan, 1984",Menggemparkan Fikiran Orang Ramai,
Isu Semasa Dalam Risalah: Hukum Barat Pun Islam,2017-03-22,2017,P.U. (A) 81,Printed Documents,Mun`Im A. Sirry/ Al-Mustaqeem Mahmod Radhi,Middle-Eastern Graduates Ceter Sdn. Bhd Dengan Kerjasama Konrad Adenauer Foundation,Local,One Touch Creative,"[""Malay""]",Religious Doctrinal Deviance,Other,"Akta Mesin Cetak Dan Penerbitan, 1984",Ketenteraman Awam,
Isu Semasa Dalam Risalah: Konsep Kebebasan Dan Agama,2017-03-22,2017,P.U. (A) 82,Printed Documents,Al-Mustaqueem Mahmod Radhi,Middle-Eastern Graduates Centre Sdn Bhd Dengan Kerjasama Adenaue Founder,Local,One Touch Creative,"[""Malay""]",Religious Doctrinal Deviance,Other,"Akta Mesin Cetak Dan Penerbitan, 1984",Ketenteraman Awam,
Menuju Reformasi Peruntukan Islam,2017-03-23,2017,P.U. (A) 85,Printed Documents,"Abdullahi Ahmed An-Na`Im / Al-Mustaqeem Mahmod Radhi, Adib Zalkapli, Omarsaid",Middle-Eastern Graduates Center Sdn Bhd,Local,Lian Soon Printing,"[""Malay""]",Religious Doctrinal Deviance,Other,"Akta Mesin Cetak Dan Penerbitan, 1984",Ketenteraman Awam,
Zainab Srikandi Cucu Baginda Muhammad S.A.W,2017-03-23,2017,P.U. (A) 83,Printed Documents,Nurfaridah Rubani,Kharisma Network Sdn Bhd,Local,Percetakan Bumi Restu Sdn. Bhd.,"[""Malay""]",Religious Doctrinal Deviance,Other,"Akta Mesin Cetak Dan Penerbitan, 1984",Ketenteraman Awam,
Humanisme Islam: Kajian Terhadap Pemikiran Filosofis Muhammad Arkoun,2017-07-27,2017,P.U. (A) 218,Printed Documents,Baedhowi M. Ag/ Prof. Dr M. Amin Abdullah,Pustaka Pelajar,Foreign,,"[""Indonesian""]",Religious Doctrinal Deviance,Other,"Akta Mesin Cetak Dan Penerbitan, 1984",Menggemparkan Fikiran Orang Ramai,
Menanti Buah Hati Dan Hadiah Untuk Yang Dinanti,2017-07-27,2017,P.U. (A) 217,Printed Documents,Abdul Hakim Bin Amir (Abu Unaisah),"Pustaka Mu`Awiyah Bin Abi Sufyan,",Foreign,,"[""Indonesian""]",Religious Doctrinal Deviance,Other,"Akta Mesin Cetak Dan Penerbitan, 1984",Kepentingan Awam,
Kisah Para Nabi,2017-07-27,2017,P.U. (A) 206,Printed Documents,Abu Al-Fida` Ismail Bin Katsir / M. Abdul Ghoffar,Pustaka Azzam,Foreign,,"[""Indonesian""]",Religious Doctrinal Deviance,Other,"Akta Mesin Cetak Dan Penerbitan, 1984",Ketenteraman Awam,
Bid`Ah Menurut Ahli Sunnah Wal-Jamaah (Di Dalam Buku Ini Terjawab Berbagai Persoalan Bid`Ah) Jilid 1,2017-07-27,2017,P.U. (A) 208,Printed Documents,Ust Rasul Bin Dahri,Syarikat Umul Qura Sdn Bhd.,Local,Percetakan Impian Sdn Bhd,"[""Malay""]",Religious Doctrinal Deviance,Other,"Akta Mesin Cetak Dan Penerbitan, 1984",Ketenteraman Awam,
Aina Allah? Di Mana Allah,2017-07-27,2017,P.U. (A) 208,Printed Documents,Mohd Hairi Nonchi,Perniagaan Jahabersa,Local,Percetakan Impian Sdn Bhd,"[""Malay""]",Religious Doctrinal Deviance,Other,"Akta Mesin Cetak Dan Penerbitan, 1984",Ketenteraman Awam,
Piramid: Rahsia Purba Yang Dapat Anda Manfaatkan,2017-07-27,2017,P.U. (A) 211,Printed Documents,Prof. Dr. Mohd Arief Ph.D,Perguruan Seni Bela Diri Cakra Alam Malaysia,Local,,"[""Malay""]",Religious Doctrinal Deviance,Other,"Akta Mesin Cetak Dan Penerbitan, 1984",Ketenteraman Awam,
Menyingkap Misteri Pulau Besar,2017-07-27,2017,P.U. (A) 210,Printed Documents,Ana Faqir,Penerbitan Seribu Dinar Sdn Bhd,Local,Power Press & Design (M) Sdn Bhd,"[""Malay""]",Religious Doctrinal Deviance,Other,"Akta Mesin Cetak Dan Penerbitan, 1984",Ketenteraman Awam,
Agama Allah Rahmat Dan Penyelamat Bagi Seluruh Alam,2017-07-27,2017,P.U. (A) 212,Printed Documents,Tuan Abdul Rahim Al Hassaniyah,,Local,,"[""Malay""]",Religious Doctrinal Deviance,Other,"Akta Mesin Cetak Dan Penerbitan, 1984",Ketenteraman Awam,
Misteri Merong Maha Wangsa Dan Penyebaran Islam Di Timur ( Part 1) Kisah Khalifah Sharif Yang Di-Pertuan Kedah Dan Legasinya,2017-07-27,2017,P.U. (A) 219,Printed Documents,Megat Al-Jefri,,Local,,"[""Malay""]",Religious Doctrinal Deviance,Other,"Akta Mesin Cetak Dan Penerbitan, 1984",Keselamatan,
Kasyaf Al-Haq (Mengenal Allah),2017-07-27,2017,P.U. (A) 212,Printed Documents,Mohd Yusof Cik Wok/ Hj. Shaari Hj. Mohd Yusof,Likur Enterprise,Local,Addy Print,"[""Malay""]",Religious Doctrinal Deviance,Other,"Akta Mesin Cetak Dan Penerbitan, 1984",Ketenteraman Awam,
Fatimah Az Zahara Wanita Solehah Sinaran Zaman,2017-07-27,2017,P.U. (A) 214,Printed Documents,Rosline Harun/ Nurfaridah Rubani,Kharisma Network Sdn Bhd,Local,Percetakan Bumi Restu Sdn. Bhd.,"[""Malay""]",Religious Doctrinal Deviance,Other,"Akta Mesin Cetak Dan Penerbitan, 1984",Kepentingan Awam,
Berdialog Dengan Jin Islam,2017-07-27,2017,P.U. (A) 213,Audio/Recordings,Muhammad Isa Dawud/ Suzilawati Abdullah,Hijjaz Records Publishing,Local,Vinlin Press Sdn Bhd,"[""Malay""]",Religious Doctrinal Deviance,Other,"Akta Mesin Cetak Dan Penerbitan, 1984",Ketenteraman Awam,
Kisah-Kisah Ghaib Dalam Ahdis Sahih,2017-07-27,2017,P.U. (A) 212,Printed Documents,Prof. Dr. Umar Sulaiman/ Al-Asyqar/ Ruqayyah Mansur/ Arifin Ladari,Berlian Publications Sdn Bhd,Local,Ps Potensi Enterprise,"[""Malay""]",Religious Doctrinal Deviance,Other,"Akta Mesin Cetak Dan Penerbitan, 1984",Ketenteraman Awam,
At-Thariq Ilallah Thariqat Al-Hassaniyyah,2017-07-27,2017,P.U. (A) 212,Printed Documents,Tuan Haji Abdul Rahim Al-Hassaniyyah,An Nisa Publication,Local,,"[""Malay""]",Religious Doctrinal Deviance,Other,,,
The Meaning Of The Holy Quran ( Chinese Translation Edition),2017-09-28,2017,P.U. (A) 277,Printed Documents,,Khawaja Moinuddin Chisti Welfare Association (Kuala Lumpur & Selangor ) Malaysia,Local,,"[""Chinese""]",Religious Doctrinal Deviance,Other,"Akta Mesin Cetak Dan Penerbitan, 1984",Menggemparkan Fikiran Orang Ramai,
Islam Without Extremes : A Muslim Case For Liberty,2017-09-28,2017,P.U. (A) 282,Printed Documents,Mustafa Akyol,"W.W. Norton & Company, Inc.",Foreign,,"[""English""]",Religious Doctrinal Deviance,Other,"Akta Mesin Cetak Dan Penerbitan, 1984",Ketenteraman Awam,
The Quran Modern English Translation,2017-09-28,2017,P.U. (A) 277,Printed Documents,Abdullah Yusuf Ali,Sam Synergy Media Sdn Bhd,Local,A2Z Media,"[""English""]",Religious Doctrinal Deviance,Other,"Akta Mesin Cetak Dan Penerbitan, 1984",Menggemparkan Fikiran Orang Ramai,
Translation Of The Quran,2017-09-28,2017,P.U. (A) 277,Printed Documents,Abdullah Yusuf Ali,Multiracial Reverted Muslims,Local,Percetakan Zafar Sdn Bhd,"[""English""]",Religious Doctrinal Deviance,Other,"Akta Mesin Cetak Dan Penerbitan, 1984",Menggemparkan Fikiran Orang Ramai,
Translation Of The Quran,2017-09-28,2017,P.U. (A) 277,Printed Documents,Abdullah Yusuf Ali,Multiracial Reverted Muslims,Local,Percetakan Zafar Sdn. Bhd.,"[""English""]",Religious Doctrinal Deviance,Other,"Akta Mesin Cetak Dan Penerbitan, 1984",Menggemparkan Fikiran Orang Ramai,
Al-Qur'an Translation,2017-09-28,2017,P.U. (A) 277,Printed Documents,Abdullah Yusuf Ali,Knowledge Inbound Sdn. Bhd.,Local,Percetakan Zafar Sdn Bhd,"[""English""]",Religious Doctrinal Deviance,Other,"Akta Mesin Cetak Dan Penerbitan, 1984",Menggemparkan Fikiran Orang Ramai,
Tantra: The Search For Ecstasy,2017-09-28,2017,P.U. (A) 278,Printed Documents,Indra Sinha,"Hamlyn, And Imprint Of Reed Consumer Books Limited,",Foreign,,"[""English""]",Religious Doctrinal Deviance,Other,"Akta Mesin Cetak Dan Penerbitan, 1984",Kemoralan,
Islam Kemodernan Dan Keindonesiaan,2017-09-28,2017,P.U. (A) 281,Printed Documents,Nurcholish Madjid / Agus Edi Santoso,Penerbit Mizan,Foreign,,"[""Indonesian""]",Religious Doctrinal Deviance,Other,"Akta Mesin Cetak Dan Penerbitan, 1984",Ketenteraman Awam,
Islam Dan Iman : Aturan-Aturan Pokok,2017-09-28,2017,P.U. (A) 281,Printed Documents,Dr. Muhammad Syahrur / Sabrur R.Soenardi,Penerbit Jendela,Foreign,,"[""Indonesian""]",Religious Doctrinal Deviance,Other,"Akta Mesin Cetak Dan Penerbitan, 1984",Berlawanan Dengan Undang- Undang,
Sekitar Masalah Thariqat (Naqsyabandiyah),2017-09-28,2017,P.U. (A) 280,Printed Documents,Drs. H. Imron Abu Amar,"""Menara"" Kudus",Foreign,"""Menara"" Kudus","[""Indonesian""]",Religious Doctrinal Deviance,Other,,,
The Meaning Of The Glorious Qur'an Korean Edition,2017-09-28,2017,P.U. (A) 277,Printed Documents,,Persatuan Kebajikan Khawaja Moinuddin Chisti (Kuala Lumpur & Selangor),Local,Percetakan Zafar Sdn Bhd,"[""Korean""]",Religious Doctrinal Deviance,Other,"Akta Mesin Cetak Dan Penerbitan, 1984",Menggemparkan Fikiran Orang Ramai,
Terjemahan Al-Quran Bahasa Melayu,2017-09-28,2017,P.U. (A) 277,Printed Documents,,Sam Synergy Media Sdn Bhd,Local,A2Z Media,"[""Malay""]",Religious Doctrinal Deviance,Other,,,
Meniti Jalan Hidayah Menuju Toriqah Khotmul-Auliya,2017-09-28,2017,P.U. (A) 280,Printed Documents,Sayidi Ahmad Al-Hadi Al-Hasani Al-Maghribi/ Ust Mohd Bakri At-Tijany,,Foreign,,"[""Malay""]",Religious Doctrinal Deviance,Other,"Akta Mesin Cetak Dan Penerbitan, 1984",Ketenteraman Awam,Promote Specific Sufi (Tijaniyyah) Practices And Teachings; Deviant From Sunni Islamic Doctrine
Terjemahan Al-Qur'an,2017-09-28,2017,P.U. (A) 277,Printed Documents,,Knowledge Inbound Sdn Bhd,Local,Percetakan Zafar Sdn Bhd,"[""Malay""]",Religious Doctrinal Deviance,Other,,,
Wacana Pemikiran Reformis (Jilid Ii),2017-09-28,2017,P.U. (A) 283,Printed Documents,Ahmad Farouk Musa,Islamis Renaissance Front Berhad,Local,Academe Art & Printing Services Sdn. Bhd.,"[""Malay""]",Religious Doctrinal Deviance,Other,"Akta Mesin Cetak Dan Penerbitan, 1984",Ketenteraman Awam,
Islam Tanpa Keekstreman : Berhujah Untuk Kebebasan,2017-09-28,2017,P.U. (A) 282,Printed Documents,Mustafa Akyol/ Nur Asyhraff Mohd Noor/ Shuhaib Ar Rumy Ismail & Ahmad Farouk Musa,Islamic Renaissance Front Berhad,Local,Ss Graphics Printers (M) Sdn. Bhd.,"[""Malay""]",Religious Doctrinal Deviance,Other,"Akta Mesin Cetak Dan Penerbitan, 1984",Ketenteraman Awam,
Wacana Pemikiran Reformis (Jilid 1),2017-09-28,2017,P.U. (A) 283,Printed Documents,Ahmad Farouk Musa,Islamic Renaissance Front Berhad,Local,Wai Xin Industries Sdn. Bhd.,"[""Malay""]",Religious Doctrinal Deviance,Other,"Akta Mesin Cetak Dan Penerbitan, 1984",Ketenteraman Awam,
Ulama Yang Bukan Pewaris Nabi,2017-09-28,2017,P.U.(284),Printed Documents,Wan Ji Wan Hussin,Ilham Books,Local,Vinlin Press Sdn. Bhd.,"[""Malay""]",Religious Doctrinal Deviance,Other,"Akta Mesin Cetak Dan Penerbitan, 1984",Ketenteraman Awam,
"Aku___, Maka Aku Ada!",2017-09-28,2017,P.U. (A) 279,Printed Documents,Faisal Tehrani,Dubook Press Sdn Bhd,Local,Percetakan Mutalib Uthman,"[""Malay""]",Religious Doctrinal Deviance,Other,,,Promote Shia Islamic Teachings
It's All About Muhammad: A Biography Of The World's Most Notorious Prophet,2017-12-19,2017,P.U. (A) 396,Printed Documents,F.W Burleigh,Zenga Books,Foreign,,"[""English""]",Religious Doctrinal Deviance,Other,"Akta Mesin Cetak Dan Penerbitan, 1984",Menggemparkan Fikiran Orang Ramai,
Agama Masa Depan: Perspektif Filasafat Perennial,2017-12-19,2017,P.U. (A) 399,Printed Documents,Komaruddin Hidayat Dan Muhammad Wahyuni Nafis,Penerbit Paramadina,Foreign,"Pt Temprint, Jakarta","[""Indonesian""]",Religious Doctrinal Deviance,Other,"Akta Mesin Cetak Dan Penerbitan, 1984",Kepentingan Awam,
Amalan Mustajab & Murah Rezeki,2017-12-19,2017,P.U. (A) 400,Printed Documents,Nurhafidz Abdullah,Pustaka Azhar,Local,Ps Potensi Enterprise,"[""Malay""]",Religious Doctrinal Deviance,Other,"Akta Mesin Cetak Dan Penerbitan, 1984",Ketenteraman Awam,Risk Promoting Bid'ah
Warisan Ilmu Tok Kenali - Hampir Tidak Kesampaian Berakhir Tiada Kesudahan,2017-12-19,2017,P.U. (A) 398,Printed Documents,Mohd Yusof Che Wook,Penyuluh Qalbu Enterprise,Local,Kalam Rohani Enterprise,"[""Malay""]",Religious Doctrinal Deviance,Other,"Akta Mesin Cetak Dan Penerbitan, 1984",Ketenteraman Awam,
Warisan Ilmu Tok Kenali - Dimanakan Ku Cari Ganti,2017-12-19,2017,P.U. (A) 398,Printed Documents,Mohd Yusof Che Wook,Penyuluh Qalbu Enterprise,Local,Kalam Rohani Enterprise,"[""Malay""]",Religious Doctrinal Deviance,Other,"Akta Mesin Cetak Dan Penerbitan, 1984",Ketenteraman Awam,
Warisan Ilmu Tok Kenali - Jangan Sampai Terlihat Adanya Diri,2017-12-19,2017,P.U. (A) 398,Printed Documents,Mohd Yusof Che Wook,Penyuluh Qalbu Enterprise,Local,Kalam Rohani Enterprise,"[""Malay""]",Religious Doctrinal Deviance,Other,"Akta Mesin Cetak Dan Penerbitan, 1984",Ketenteraman Awam,
Warisan Ilmu Tok Kenali - Pencarian Ilmu Dipenghujung Rasa,2017-12-19,2017,P.U. (A) 398,Printed Documents,Mohd Yusof Che Wook,Penyuluh Qalbu Enterprise,Local,Kalam Rohani Enterprise,"[""Malay""]",Religious Doctrinal Deviance,Other,"Akta Mesin Cetak Dan Penerbitan, 1984",Ketenteraman Awam,
100 Keajaiban Dunia,2017-12-19,2017,P.U. (A) 400,Printed Documents,Muhammad Miqdad,Penerbitan Seribu Dinar Sdn Bhd,Local,Power Press & Design (M) Sdn Bhd,"[""Malay""]",Religious Doctrinal Deviance,Other,"Akta Mesin Cetak Dan Penerbitan, 1984",Ketenteraman Awam,
Anti Thesis,2017-12-19,2017,P.U. (A) 394,Printed Documents,Amir Hamzah Akal Ali (Benz Ali),Dubook Press Sdn Bhd,Local,Percetakan Mutalib Othman,"[""Malay""]",Religious Doctrinal Deviance,Other,"Akta Mesin Cetak Dan Penerbitan, 1984",Ketenteraman Awam,
Senjata & Pendinding Mukmin,2017-12-19,2017,P.U. (A) 400,Printed Documents,Idrus H. Alkaf,Darul Nu'man,Local,Percetakan Putrajaya Sdn Bhd,"[""Malay""]",Religious Doctrinal Deviance,Other,"Akta Mesin Cetak Dan Penerbitan, 1984",Ketenteraman Awam,
Asma Ul Husna: Rahsia & Amalan 99 Nama Allah,2017-12-19,2017,P.U. (A) 400,Printed Documents,Syahrin Jasah,Darul Nu'man,Local,Percetakan Putrajaya Sdn Bhd,"[""Malay""]",Religious Doctrinal Deviance,Other,"Akta Mesin Cetak Dan Penerbitan, 1984",Ketenteraman Awam,
Rahsia & Kelebihan Kayu Kokka: Jenis Kayu Bahtera Nabi Nuh As - Tongkat Nabi Musa As,2017-12-19,2017,P.U. (A) 400,Printed Documents,Fathur Rahman,Darul Nu'man,Local,,"[""Malay""]",Religious Doctrinal Deviance,Other,"Akta Mesin Cetak Dan Penerbitan, 1984",Ketenteraman Awam,
25 Kisah Mukjizat Rasulullah,2017-12-19,2017,P.U. (A) 391,Printed Documents,Nurul Asmayani,Al-Madinah,Local,Ss Graphic Printers (M) Sdn Bhd,"[""Malay""]",Religious Doctrinal Deviance,Other,"Akta Mesin Cetak Dan Penerbitan, 1984",Menggemparkan Fikiran Orang Ramai,
Meneladani Rasulullah & Cerita Lain,2017-12-19,2017,P.U. (A) 391,Printed Documents,Dewi Mulyani,Al-Madinah,Local,Ss Graphic Printers (M) Sdn Bhd,"[""Malay""]",Religious Doctrinal Deviance,Other,"Akta Mesin Cetak Dan Penerbitan, 1984",Menggemparkan Fikiran Orang Ramai,
Islam Dan Teologi Pembebasan,2018-04-24,2018,P.U. (A) 109,Printed Documents,Asghar Ali Engineer / Agung Prihantoro,Pustaka Pelajar,Foreign,Pustaka Pelajar Offset,"[""Indonesian""]",Religious Doctrinal Deviance,Other,"Akta Mesin Cetak Dan Penerbitan, 1984",Ketenteraman Awam,
The Road To Muhammad,2018-04-24,2018,P.U. (A) 109,Printed Documents,Jalaluddin Rakhmat,Penerbitan Mizan,Local,,"[""Indonesian""]",Religious Doctrinal Deviance,Other,"Akta Mesin Cetak Dan Penerbitan, 1984",Ketenteraman Awam,
Mutiara Sastra Ali: Muhammad Hashem Edisi Surat & Aforisme,2018-04-24,2018,P.U. (A) 109,Printed Documents,Muhammad Hashem,Penerbitan Al-Huda,Local,,"[""Indonesian""]",Religious Doctrinal Deviance,Other,"Akta Mesin Cetak Dan Penerbitan, 1984",Ketenteraman Awam,
Mengenal Allah Melalui Agama-Agama Purba: Gautama Buddha Seorang Nabi?,2018-04-24,2018,P.U. (A) 107,Printed Documents,Kamaludin Endol,Pustaka Kanzun Mahfiyyan,Local,Vinlin Press Sdn. Bhd,"[""Malay""]",Religious Doctrinal Deviance,Other,,,
Suka Duka Perjalanan Dhul-Qarnain Cyrus The Great Dan Iskandar Agung,2025-03-10,2025,P.U. (A) 77,Printed Documents,,,Local,,"[""Malay""]",Religious Doctrinal Deviance,Other,,,
Suhuf Abraham,2025-04-17,2025,P.U. (A) 125,Printed Documents,,,Local,,"[""Malay""]",Religious Doctrinal Deviance,Other,"Akta Mesin Cetak Dan Penerbitan, 1984",Ketenteraman Awam,
The Personal Records Of A Playboy,1965-10-14,1965,L.N. 386,Printed Documents,Yang Tien Chen,"Universal Pictorials & Magazines Publishing Society,Hong Kong",Foreign,,"[""Chinese""]",Obscene / Immoral Publications,Pornography,,,
Lustful Dreams,1968-05-23,1968,P.U. 217,Printed Documents,Hsia Fei,Amusement Publishing Society,Foreign,,"[""Chinese""]",Obscene / Immoral Publications,Pornography,,,
Lustful Maids,1968-05-23,1968,P.U.217,Printed Documents,Hsia Fei,Amusement Publishing Society,Foreign,,"[""Chinese""]",Obscene / Immoral Publications,Pornography,,,
The Lewd Story Of A Rich Widow,1968-08-08,1968,P.U.345,Printed Documents,Hsia Fei,Amusement Publishing Society,Foreign,,"[""Chinese""]",Obscene / Immoral Publications,Pornography,,,
"I, A Lover",1969-07-31,1969,P.U. (A) 287,Printed Documents,Stiig Holm,Dell Publishing Co. Inc.,Foreign,,"[""English""]",Obscene / Immoral Publications,Pornography,,,
A Gallery Of Nudes,1969-07-31,1969,P.U. (A) 287,Printed Documents,J. Hume Parkinson,"Brandon House, N. Hollywood, California",Foreign,,"[""English""]",Obscene / Immoral Publications,Pornography,,,
Girls Of The Month,1974-12-26,1974,P.U (A) 444,Printed Documents,,The Pretty Girl Publishing Co.,Foreign,,"[""English""]",Obscene / Immoral Publications,Pornography,,,
Pretty Girl,1974-12-26,1974,P.U (A) 444,Printed Documents,,The Pretty Girl Pub Co,Unclear,,"[""English""]",Obscene / Immoral Publications,Pornography,,,
Edsel,1974-12-26,1974,P.U (A) 445,Printed Documents,Karl Shapiro,The New American Library Inc.,Foreign,,"[""English""]",Obscene / Immoral Publications,Pornography,,,
The Dirty Rotten Truth,1974-12-26,1974,P.U (A) 445,Printed Documents,,The New American Library Inc.,Foreign,,"[""English""]",Obscene / Immoral Publications,Pornography,,,
The Golden Girls,1974-12-26,1974,P.U (A) 445,Printed Documents,Sydney Box,Sphare Books Limited,Foreign,,"[""English""]",Obscene / Immoral Publications,Pornography,,,
Topper Spring Annual,1974-12-26,1974,P.U (A) 444,Printed Documents,,Rotop Inc.,Foreign,,"[""English""]",Obscene / Immoral Publications,Pornography,,,
Topper Summer Annual,1974-12-26,1974,P.U (A) 444,Printed Documents,,Rotop Inc.,Foreign,,"[""English""]",Obscene / Immoral Publications,Pornography,,,
Rogue Spring Annual,1974-12-26,1974,P.U (A) 444,Printed Documents,,Rotop Inc.,Foreign,,"[""English""]",Obscene / Immoral Publications,Pornography,,,
Penthouse,1974-12-26,1974,P.U. (A) 444,Printed Documents,,Penthouse Publications Ltd,Foreign,Wisconsin Cuneo Press,"[""English""]",Obscene / Immoral Publications,Pornography,"Akta Mesin Cetak Dan Penerbitan, 1984",Ketenteraman Awam,
Men Only,1974-12-26,1974,P.U. (A) 444,Printed Documents,,Paul Raymond Publications Ltd,Foreign,"Hunter Print Ltd,Hertfordshire","[""English""]",Obscene / Immoral Publications,Pornography,,,
Club International,1974-12-26,1974,P.U. (A) 444,Printed Documents,,Paul Raymond Publications Ltd,Foreign,"Hunter Print Ltd,Hertfordshire","[""English""]",Obscene / Immoral Publications,Pornography,,,
"I, Jan Cremer",1974-12-26,1974,P.U (A) 445,Printed Documents,R.E Wyngaard & Alexander Trocchi,Panther Books Ltd.,Foreign,The Philips Park Press,"[""English""]",Obscene / Immoral Publications,Pornography,,,
I Jan Cremer,1974-12-26,1974,P.U. (A) 445,Printed Documents,R.E.Wyngaard & Alexander Trocchi,Panther Books Ltd,Foreign,The Philips Park Press,"[""English""]",Obscene / Immoral Publications,Pornography,,,
Mistress Of Pain,1974-12-26,1974,P.U (A) 445,Printed Documents,Aldo Lucchesi,Lancer Books Inc.,Foreign,,"[""English""]",Obscene / Immoral Publications,Pornography,,,
Lady Mildfred's Memoirs,1974-12-26,1974,P.U (A) 445,Printed Documents,,Lancer Books Inc.,Foreign,,"[""English""]",Obscene / Immoral Publications,Pornography,,,
Percintaan Di Gelanggang Ragbi (Love At The Rugby Field),1990-06-21,1990,P.U. (A) 156,Printed Documents,,"Zheng Da Limited Co.,",Unclear,Mei Mei Printing Factory,"[""Chinese""]",Obscene / Immoral Publications,Pornography,"Akta Mesin Cetak Dan Penerbitan, 1984",Kemoralan,
Waris (Inheritor),1990-06-21,1990,P.U. (A) 156,Printed Documents,,"Zheng Da Limited Co.,",Unclear,Mei Mei Printing Factory,"[""Chinese""]",Obscene / Immoral Publications,Pornography,"Akta Mesin Cetak Dan Penerbitan, 1984",Kemoralan,
Mimpi Yang Hancur (Broken Dream),1990-06-21,1990,P.U. (A) 156,Printed Documents,,"Zheng Da Limited Co.,",Unclear,Mei Mei Printing Factory,"[""Chinese""]",Obscene / Immoral Publications,Pornography,"Akta Mesin Cetak Dan Penerbitan, 1984",Kemoralan,
Raja Penipu Yang Bernama Lo Xiao Qian (Master Conman Lo Xiao Qian),1990-06-21,1990,P.U. (A) 156,Printed Documents,,Si Wei Publishing House,Unclear,"He Yi Printing Limited Co.,","[""Chinese""]",Obscene / Immoral Publications,Pornography,"Akta Mesin Cetak Dan Penerbitan, 1984",Kemoralan,
Berangan-Angan (Day Dream),1990-06-21,1990,P.U. (A) 156,Printed Documents,,Chuang Yi Comics Publishing House,Unclear,,"[""Chinese""]",Obscene / Immoral Publications,Pornography,"Akta Mesin Cetak Dan Penerbitan, 1984",Kemoralan,
Sungai Besar Berdarah (Big Bloody River),1990-06-21,1990,P.U. (A) 156,Printed Documents,,Chuang Yi Comics Publishing House,Unclear,,"[""Chinese""]",Obscene / Immoral Publications,Pornography,"Akta Mesin Cetak Dan Penerbitan, 1984",Kemoralan,
The Book Of Sex Lists,1990-11-01,1990,P.U. (A) 354,Printed Documents,Albert B Gerber,W.H.Allen & Co. Ltd,Foreign,"Cox & Wyman Ltd, Reading, Great Britain","[""English""]",Obscene / Immoral Publications,Pornography,"Akta Mesin Cetak Dan Penerbitan, 1984",Kemoralan,No Info Online But Mentioned SEX And It Doesnt Sounds Like Erotica So Porn It Is Then.
Guide To Sexual Pleasure,1990-11-01,1990,P.U. (A) 354,Printed Documents,Pat Littlewood,,Unclear,,"[""English""]",Obscene / Immoral Publications,Pornography,"Akta Mesin Cetak Dan Penerbitan, 1984",Kemoralan,This Guides Have Photos. I Believe People Can Goon To This.
Voyeur,1990-11-01,1990,P.U. (A) 354,Printed Documents,Jeff Dunas,"Melrose Publishing Company, Inc.",Foreign,,"[""English""]",Obscene / Immoral Publications,Pornography,"Akta Mesin Cetak Dan Penerbitan, 1984",Kemoralan,Picture Book Of Nude Women. Closer To Porn Than Erotica.
Mistress,1990-11-01,1990,P.U. (A) 354,Printed Documents,Jean-Francois Jonvalle,"Melrose Publishing Company, Inc.",Foreign,,"[""English""]",Obscene / Immoral Publications,Pornography,,,
The Kamasutra Of Vatsyayana Special Collector's Edition. Includes Explicit Photographs,1991-09-12,1991,P.U. (A) 331,Printed Documents,,,Unclear,,"[""English""]",Obscene / Immoral Publications,Pornography,"Akta Mesin Cetak Dan Penerbitan, 1984",Kemoralan,Explicit Photo
The Kamasutra Of Vatsyayana,1991-09-12,1991,P.U. (A) 331,Printed Documents,Aditya Patankar,Lustre Press Pvt. Ltd.,Foreign,"Lustre Print Media Pvt. Ltd., & Tien Wah Press (Pte) Ltd.,","[""English""]",Obscene / Immoral Publications,Pornography,"Akta Mesin Cetak Dan Penerbitan, 1984",Kemoralan,
Koleksi Gambar-Gambar Amy Yip,1992-04-30,1992,P.U. (A) 179,Printed Documents,,Yong Xing Publishing Co.,Unclear,"Xiang An Printing Co.,","[""Chinese""]",Obscene / Immoral Publications,Pornography,,,
Joan Chan Dalam Majalah Penthouse,1992-04-30,1992,P.U. (A) 179,Printed Documents,,Xin Sheng Publishing House,Unclear,Li Ming Printing Factory,"[""Chinese""]",Obscene / Immoral Publications,Pornography,"Akta Mesin Cetak Dan Penerbitan, 1984",Kemoralan,
Lelaki Gagah,1992-04-30,1992,P.U. (A) 179,Printed Documents,,Progress Publishing House,Unclear,First Printing Co.Ltd,"[""Chinese""]",Obscene / Immoral Publications,Pornography,"Akta Mesin Cetak Dan Penerbitan, 1984",Kemoralan,
Wanita-Wanita Yang Cantik,1992-04-30,1992,P.U. (A) 179,Printed Documents,,Progress Publishing House,Unclear,First Printing Co. Ltd.,"[""Chinese""]",Obscene / Immoral Publications,Pornography,"Akta Mesin Cetak Dan Penerbitan, 1984",Kemoralan,
Gadis Hebat,1992-04-30,1992,P.U. (A) 179,Printed Documents,,Prince Publishing House,Unclear,"Mei Li Printing Co. Ltd.,","[""Chinese""]",Obscene / Immoral Publications,Pornography,"Akta Mesin Cetak Dan Penerbitan, 1984",Kemoralan,
Koleksi Gambar-Gambar Bogel,1992-04-30,1992,P.U. (A) 179,Printed Documents,,Prince Publishing House,Unclear,"Mei Li Printing Co. Ltd.,","[""Chinese""]",Obscene / Immoral Publications,Pornography,,,
Koleksi Gambar-Gambar Gadis Comel,1992-04-30,1992,P.U. (A) 179,Printed Documents,,"Penguin Publishing House,",Unclear,"Southern Printing Co.,","[""Chinese""]",Obscene / Immoral Publications,Pornography,,,
Gambar-Gambar Lucah Amy Yip/,1992-04-30,1992,P.U. (A) 178,Printed Documents,,,Unclear,,"[""Chinese""]",Obscene / Immoral Publications,Pornography,"Akta Mesin Cetak Dan Penerbitan, 1984",Kemoralan,
Wanita Yang Cantik,1992-04-30,1992,P.U. (A) 179,Printed Documents,,,Unclear,Hip Ho Offset Printing Factory,"[""Chinese""]",Obscene / Immoral Publications,Pornography,"Akta Mesin Cetak Dan Penerbitan, 1984",Kemoralan,
Koleksi Gambar-Gambar Bogel Bintang Filem,1992-04-30,1992,P.U. (A) 179,Printed Documents,,,Unclear,"Bei Chun Printing Co.,","[""Chinese""]",Obscene / Immoral Publications,Pornography,,,
No. 18 (Mini) No. 18,1992-04-30,1992,P.U. (A) 179,Printed Documents,,Kwok Ngai Publishing House,Unclear,,"[""Chinese""]",Obscene / Immoral Publications,Pornography,"Akta Mesin Cetak Dan Penerbitan, 1984",Kemoralan,
No. 11 (Sahabat) No.11,1992-04-30,1992,P.U. (A) 179,Printed Documents,,Jin Gan Investment Co. Ltd.,Unclear,"Pu Xin Printing Co. Ltd.,","[""Chinese""]",Obscene / Immoral Publications,Pornography,"Akta Mesin Cetak Dan Penerbitan, 1984",Kemoralan,
Wanita-Wanita Yang Cantik Sekali,1992-04-30,1992,P.U. (A) 179,Printed Documents,,Hong Kong Super Publishing House,Foreign,Golden Star Colour Separation & Printing Factory,"[""Chinese""]",Obscene / Immoral Publications,Pornography,"Akta Mesin Cetak Dan Penerbitan, 1984",Kemoralan,
Amy Yip Yang Berbuah Dada Besar Dan Berotak,1992-10-08,1992,P.U. (A) 363,Audio/Recordings,Tidak Diketahui,Fly Rainbow Musical Production,Unclear,"King Musical Industrial Sdn Bhd.,","[""Chinese""]",Obscene / Immoral Publications,Pornography,"Akta Mesin Cetak Dan Penerbitan, 1984",Kemoralan,
Koleksi Foto Wang Xiao Feng Dalam Penthouse,1992-12-31,1992,P.U. (A) 556,Printed Documents,,"Youngder Hall Limited,",Foreign,"Dai Nippon Printing Co.,(H.K) Ltd.,","[""Chinese""]",Obscene / Immoral Publications,Pornography,"Akta Mesin Cetak Dan Penerbitan, 1984",Kemoralan,Source
Cerita-Cerita Ajaib Dunia,1992-12-31,1992,P.U. (A) 556,Printed Documents,,"King Kong Publishing House,",Unclear,Chao Qun Printing Co.,"[""Chinese""]",Obscene / Immoral Publications,Pornography,"Akta Mesin Cetak Dan Penerbitan, 1984",Kemoralan,
Black Kiss,1993-06-03,1993,P.U. (A) 145,Printed Documents,Howard Chaykin,"Vortex Comics, Incorporated",Foreign,,"[""English""]",Obscene / Immoral Publications,Pornography,"Akta Mesin Cetak Dan Penerbitan, 1984",Kemoralan,
The Sex Machine,1993-06-03,1993,P.U. (A) 145,Printed Documents,Troy Conway,"Top Sellers Ltd.,",Foreign,The Philips Park Press Manchester,"[""English""]",Obscene / Immoral Publications,Pornography,,,
Glamour Photography,1993-06-03,1993,P.U. (A) 145,Printed Documents,Peter Gowland,"Crown Publisher Inc.,",Foreign,,"[""English""]",Obscene / Immoral Publications,Pornography,"Akta Mesin Cetak Dan Penerbitan, 1984",Kemoralan,
Crepak & Steveson,1993-06-03,1993,P.U. (A) 145,Printed Documents,Maurice Horn,Catalan Communications,Foreign,,"[""English""]",Obscene / Immoral Publications,Pornography,"Akta Mesin Cetak Dan Penerbitan, 1984",Kemoralan,
Squeak The Mouse,1993-06-03,1993,P.U. (A) 145,Printed Documents,Massimo Mattioli,Catalan Communications,Foreign,,"[""English""]",Obscene / Immoral Publications,Pornography,"Akta Mesin Cetak Dan Penerbitan, 1984",Kemoralan,
Necron,1993-06-03,1993,P.U. (A) 145,Printed Documents,Magnus,Catalan Communications,Foreign,,"[""English""]",Obscene / Immoral Publications,Pornography,"Akta Mesin Cetak Dan Penerbitan, 1984",Kemoralan,
Libertore (Video Clips),1993-06-03,1993,P.U. (A) 145,Visual Media,,Catalan Communications,Foreign,,"[""English""]",Obscene / Immoral Publications,Pornography,"Akta Mesin Cetak Dan Penerbitan, 1984",Kemoralan,
Nafsu Seks Yang Tidak Puas-Puas,1993-09-02,1993,P.U. (A) 253,Printed Documents,Wei Wei,New Tide Publishing House,Unclear,New Tide Printing Factory,"[""Chinese""]",Obscene / Immoral Publications,Pornography,"Akta Mesin Cetak Dan Penerbitan, 1984",Kemoralan,
Gadis Intim,1993-09-02,1993,P.U. (A) 253,Printed Documents,Wei Wei,New Tide Publishing House,Unclear,New Tide Printing Factory,"[""Chinese""]",Obscene / Immoral Publications,Pornography,"Akta Mesin Cetak Dan Penerbitan, 1984",Kemoralan,
Perkahwinan Percubaan,1993-09-02,1993,P.U. (A) 253,Printed Documents,Wei Wei,New Tide Publishing House,Unclear,New Tide Printing Factory,"[""Chinese""]",Obscene / Immoral Publications,Pornography,"Akta Mesin Cetak Dan Penerbitan, 1984",Kemoralan,
Muslihat Jejaka Tampan,1993-09-02,1993,P.U. (A) 253,Printed Documents,Wei Wei,New Tide Publishing House,Unclear,New Tide Printing Factory,"[""Chinese""]",Obscene / Immoral Publications,Pornography,"Akta Mesin Cetak Dan Penerbitan, 1984",Kemoralan,
Rasa Malu,1993-09-02,1993,P.U. (A) 253,Printed Documents,Wei Wei,New Tide Publishing House,Unclear,New Tide Printing Factory,"[""Chinese""]",Obscene / Immoral Publications,Pornography,"Akta Mesin Cetak Dan Penerbitan, 1984",Kemoralan,
Sumber Percintaan,1993-09-02,1993,P.U. (A) 253,Printed Documents,Wei Wei,New Tide Publishing House,Unclear,New Tide Printing Factory,"[""Chinese""]",Obscene / Immoral Publications,Pornography,"Akta Mesin Cetak Dan Penerbitan, 1984",Kemoralan,
Gigolo,1993-09-02,1993,P.U. (A) 253,Printed Documents,Wei Wei,New Tide Publishing House,Unclear,New Tide Printing Factory,"[""Chinese""]",Obscene / Immoral Publications,Pornography,"Akta Mesin Cetak Dan Penerbitan, 1984",Kemoralan,
Percintaan Antara Guru Dengan Pelajar,1993-09-02,1993,P.U. (A) 253,Printed Documents,Wei Wei,New Tide Publishing House,Unclear,New Tide Printing Factory,"[""Chinese""]",Obscene / Immoral Publications,Pornography,"Akta Mesin Cetak Dan Penerbitan, 1984",Kemoralan,
Godaan,1993-09-02,1993,P.U. (A) 253,Printed Documents,Wei Wei,New Tide Publishing House,Unclear,New Tide Printing Factory,"[""Chinese""]",Obscene / Immoral Publications,Pornography,,,
Mulut Manis,1993-09-02,1993,P.U. (A) 253,Printed Documents,Wei Wei,New Tide Publishing House,Unclear,New Tide Printing Factory,"[""Chinese""]",Obscene / Immoral Publications,Pornography,,,
Raja Seks,1993-09-02,1993,P.U. (A) 253,Printed Documents,Wei Wei,"New Life Publishing House,",Unclear,Li Ming Printing Factory,"[""Chinese""]",Obscene / Immoral Publications,Pornography,,,
Lelaki Miang,1993-09-02,1993,P.U. (A) 253,Printed Documents,Wei Wei,New Life Publishing House,Unclear,Li Ming Printing Factory,"[""Chinese""]",Obscene / Immoral Publications,Pornography,,,
Perempuan Gatal,1993-09-02,1993,P.U. (A) 253,Printed Documents,Wei Wei,New Life Publishing House,Unclear,Li Ming Printing Factory,"[""Chinese""]",Obscene / Immoral Publications,Pornography,,,
Gadis Yang Meragut Nyawa,1993-09-02,1993,P.U. (A) 253,Printed Documents,Wei Wei,New Life Publishing House,Unclear,Li Ming Printing Factory,"[""Chinese""]",Obscene / Immoral Publications,Pornography,,,
Permaisuri,1993-09-02,1993,P.U. (A) 253,Printed Documents,Wei Wei,"King Kong Publishing House,",Unclear,Chao Qun Printing Co.,"[""Chinese""]",Obscene / Immoral Publications,Pornography,"Akta Mesin Cetak Dan Penerbitan, 1984",Kemoralan,
Gasang,1993-09-02,1993,P.U. (A) 253,Printed Documents,Wei Wei,"King Kong Publishing House,",Unclear,Chao Qun Printing Co.,"[""Chinese""]",Obscene / Immoral Publications,Pornography,"Akta Mesin Cetak Dan Penerbitan, 1984",Kemoralan,
Gadis Yang Bertenaga,1993-09-02,1993,P.U. (A) 253,Printed Documents,Shi Gang,"King Kong Publishing House,",Unclear,Chao Qun Printing Co.,"[""Chinese""]",Obscene / Immoral Publications,Pornography,"Akta Mesin Cetak Dan Penerbitan, 1984",Kemoralan,
Bunga Tuberose (Tuberose),1995-09-07,1995,P.U. (A) 312,Printed Documents,,Hong Kong Giant Publishing Co.,Foreign,,"[""Chinese""]",Obscene / Immoral Publications,Pornography,"Akta Mesin Cetak Dan Penerbitan, 1984",Kemoralan,
Godaan Yang Kuat (Great Charms),1995-09-07,1995,P.U. (A) 312,Printed Documents,,Hong Kong Giant Publishing Co.,Foreign,,"[""Chinese""]",Obscene / Immoral Publications,Pornography,"Akta Mesin Cetak Dan Penerbitan, 1984",Kemoralan,
Kisah Seks Bintang Filem (Sex Story Of A Film Star),1995-09-28,1995,P.U. (A) 334,Visual Media,,,Unclear,,"[""Chinese""]",Obscene / Immoral Publications,Pornography,"Akta Mesin Cetak Dan Penerbitan, 1984",Kemoralan,
Kelab Kaki Perempuan (Playboy Club),1995-09-28,1995,P.U. (A) 334,Printed Documents,,Hong Kong New Tide Publishing Co.,Foreign,,"[""Chinese""]",Obscene / Immoral Publications,Pornography,"Akta Mesin Cetak Dan Penerbitan, 1984",Kemoralan,
Adik-Beradik Baru (New Sisters),1995-09-28,1995,P.U. (A) 334,Printed Documents,,Hong Kong Giant Publishing Co.,Foreign,,"[""Chinese""]",Obscene / Immoral Publications,Pornography,"Akta Mesin Cetak Dan Penerbitan, 1984",Kemoralan,
Cinta Percubaan,2000-06-08,2000,P.U. (A) 202,Printed Documents,Sachiko Kayano / Zhan Yi Ding,Tong Li Publishing Co.Ltd.,Foreign,Jia Liang Printing,"[""Chinese""]",Obscene / Immoral Publications,Pornography,,,
Escort Vol 19 No 4,2001-03-22,2001,P.U. (A) 76,Printed Documents,James Hundleby,Paul Raymond Publication.Ltd.,Foreign,The Artisan Press Ltd.England,"[""English""]",Obscene / Immoral Publications,Pornography,"Akta Mesin Cetak Dan Penerbitan, 1984",Kemoralan,
Twoblue Couples Volume 3 Issue 5,2001-03-22,2001,P.U. (A) 76,Printed Documents,David Spenser,Galaxy Publications Ltd.,Foreign,England,"[""English""]",Obscene / Immoral Publications,Pornography,"Akta Mesin Cetak Dan Penerbitan, 1984",Kemoralan,
Fista Volume 31 Issue 2,2001-03-22,2001,P.U. (A) 76,Printed Documents,Ross Gilfillan,Galaxy Publications Ltd.,Foreign,England,"[""English""]",Obscene / Immoral Publications,Pornography,"Akta Mesin Cetak Dan Penerbitan, 1984",Kemoralan,
Knave Ebony & Ivory No.11,2001-03-22,2001,P.U. (A) 76,Printed Documents,Ross Gilfillan,Galaxy Publication Ltd.,Foreign,England,"[""English""]",Obscene / Immoral Publications,Pornography,"Akta Mesin Cetak Dan Penerbitan, 1984",Kemoralan,
Ravers Volume 4 Issue 1,2001-03-22,2001,P.U. (A) 76,Printed Documents,David Spenser His Abba Tattoo,Galaxy Publication Ltd.,Foreign,England,"[""English""]",Obscene / Immoral Publications,Pornography,"Akta Mesin Cetak Dan Penerbitan, 1984",Kemoralan,
Sentuhan Merangsang,2002-04-04,2002,P.U. (A) 127,Printed Documents,Madonna,Kantamas-Kuala Lumpur,Local,"Sinar Enterprise Shah Alam, Selangor D.E","[""Malay""]",Obscene / Immoral Publications,Pornography,"Akta Mesin Cetak Dan Penerbitan, 1984",Kemoralan,
Batas Akhir Gairah,2002-04-04,2002,P.U. (A) 127,Printed Documents,Marina S.,Kantamas-Kuala Lumpur,Local,,"[""Malay""]",Obscene / Immoral Publications,Pornography,"Akta Mesin Cetak Dan Penerbitan, 1984",Kemoralan,
Bersatu Mereguk Kenikmatan,2002-04-04,2002,P.U. (A) 127,Printed Documents,Ratna Juwita,Kantamas-Kuala Lumpur,Local,"Sinar Enterprise Shah Alam, Selangor Darul Ehsan","[""Malay""]",Obscene / Immoral Publications,Pornography,"Akta Mesin Cetak Dan Penerbitan, 1984",Kemoralan,
Koleksi Cerita Lucah,2004-08-26,2004,P.U. (A) 297,Printed Documents,Kikuni Masahiko/Yang Feng Song,Tong Yuan Publishing House,Unclear,Fan Cai Printing Co. Ltd.,"[""Chinese""]",Obscene / Immoral Publications,Pornography,"Akta Mesin Cetak Dan Penerbitan, 1984",Kemoralan,
Pornografi,2004-08-26,2004,P.U. (A) 297,Printed Documents,Wu Zhao Ming,Sun Empire Creation Ltd.,Unclear,Tye Yap (Hong Kong) Co. Ltd.,"[""Chinese""]",Obscene / Immoral Publications,Pornography,"Akta Mesin Cetak Dan Penerbitan, 1984",Kemoralan,
Rahsia Wanita,2005-09-22,2005,P.U. (A) 350,Printed Documents,,Zzan Publication,Unclear,"Ritlite Printers, 48 Jalan 2/10, 68100 Batu Caves, Selangor","[""Malay""]",Obscene / Immoral Publications,Pornography,"Akta Mesin Cetak Dan Penerbitan, 1984",Kemoralan,
Korban Nafsu,2005-09-22,2005,P.U. (A) 350,Printed Documents,A Hamid Osman,Teguh Ringgit Publishing House.,Local,"Majujaya Indah Sdn.Bhd. 68 Jalan 14E, Ampang New Village, 68000 Selangor","[""Malay""]",Obscene / Immoral Publications,Pornography,"Akta Mesin Cetak Dan Penerbitan, 1984",Kemoralan,
Malam Pengantin - Indahkah Malam Pengantin Anda Berdua?,2005-09-22,2005,P.U. (A) 350,Printed Documents,Puteri Izma Mohamad Abdul,Progressive Publishing House Sdn.Bhd.,Local,,"[""Malay""]",Obscene / Immoral Publications,Pornography,"Akta Mesin Cetak Dan Penerbitan, 1984",Kemoralan,
Pengantin Remaja ( Pelamin Impianku ),2005-09-22,2005,P.U. (A) 350,Printed Documents,Puteri Izma,Progressive Publishing House Sdn.Bhd.,Local,,"[""Malay""]",Obscene / Immoral Publications,Pornography,,,
Air Mata Gadis,2005-09-22,2005,P.U. (A) 350,Printed Documents,Puteri Izma(Mohamad Abd.Hamid),Progressive Publihing House Sdn.Bhd.,Local,Majujaya Indah Sdn.Bhd.,"[""Malay""]",Obscene / Immoral Publications,Pornography,"Akta Mesin Cetak Dan Penerbitan, 1984",Kemoralan,
Permata Sukma,2005-09-22,2005,P.U. (A) 350,Printed Documents,Rozai Sulaiman,Mediakota Publishing,Local,Majujaya Indah Sdn. Bhd.,"[""Malay""]",Obscene / Immoral Publications,Pornography,"Akta Mesin Cetak Dan Penerbitan, 1984",Kemoralan,
Is3Hot,2005-09-22,2005,P.U. (A) 350,Printed Documents,Deq Nan,D Linx Publishers,Unclear,Syarikat Percetakan Liwinner Sdn.Bhd,"[""Malay""]",Obscene / Immoral Publications,Pornography,"Akta Mesin Cetak Dan Penerbitan, 1984",Kemoralan,
Weed World,2006-04-13,2006,P.U. (A) 149,Printed Documents,,Weed World,Unclear,,"[""English""]",Obscene / Immoral Publications,Pornography,"Akta Mesin Cetak Dan Penerbitan, 1984",Kemoralan,
High Times,2006-04-13,2006,P.U. (A) 149,Printed Documents,,Trans-High Corporation,Foreign,Dicetak Di Usa,"[""English""]",Obscene / Immoral Publications,Pornography,"Akta Mesin Cetak Dan Penerbitan, 1984",Kemoralan,
Cannabis Culture,2006-04-13,2006,P.U. (A) 149,Printed Documents,,Avalon Sunsplash Ltd.,Foreign,Dicetak Di Kanada,"[""English""]",Obscene / Immoral Publications,Pornography,"AKTA MESIN CETAK DAN PENERBITAN, 1984",Kemoralan,
The Pornographer's Poem,2006-06-15,2006,P.U. (A) 231,Printed Documents,Michael Tuner,"Vintage Canada,Suatu Bahagian Random House Of Canada Limited",Foreign,Dicetak Di Kanada,"[""English""]",Obscene / Immoral Publications,Pornography,"Akta Mesin Cetak Dan Penerbitan, 1984",Kemoralan,
Lighting For Nude Photograpy,2006-06-15,2006,P.U. (A) 231,Printed Documents,Rod Ashford,Roto Vision Sa,Foreign,,"[""English""]",Obscene / Immoral Publications,Pornography,"Akta Mesin Cetak Dan Penerbitan, 1984",Kemoralan,
Sexual Pleasure Reaching New Heights Of Sexual Arousal And Intimacy,2006-06-15,2006,P.U. (A) 231,Printed Documents,"Barbara Keesling, Ph.D",Orient Paperbacks,Unclear,Rakesh Press,"[""English""]",Obscene / Immoral Publications,Pornography,"Akta Mesin Cetak Dan Penerbitan, 1984",Kemoralan,
Naked Rooms,2006-06-15,2006,P.U. (A) 231,Printed Documents,Peter Gorman,Goliath,Foreign,,"[""English""]",Obscene / Immoral Publications,Pornography,"Akta Mesin Cetak Dan Penerbitan, 1984",Kemoralan,
Erotic Home Photograpy - How To Take Your Own Nude Portraits,2006-06-15,2006,P.U. (A) 231,Printed Documents,Tom Ang Bersama-Sama Wendy Ang,Fire Book(U.S) Inc.,Foreign,Dicetak Di Portugal,"[""English""]",Obscene / Immoral Publications,Pornography,"AKTA MESIN CETAK DAN PENERBITAN, 1984",Kemoralan,
Tristan Taormino's True Lust,2006-06-15,2006,P.U. (A) 231,Printed Documents,Tristan Taormino,Cleis Press Inc.,Foreign,Dicetak Di United States,"[""English""]",Obscene / Immoral Publications,Pornography,"Akta Mesin Cetak Dan Penerbitan, 1984",Kemoralan,
Caught Up!,2006-06-15,2006,P.U. (A) 231,Printed Documents,Winston Chapman,Black Pearl Books,Unclear,Dicetak Di United State Of America,"[""English""]",Obscene / Immoral Publications,Pornography,"Akta Mesin Cetak Dan Penerbitan, 1984",Kemoralan,
Jock Sturges Notes,2006-06-15,2006,P.U. (A) 231,Printed Documents,Jock Sturges,Aperture Foundation,Unclear,,"[""English""]",Obscene / Immoral Publications,Pornography,"Akta Mesin Cetak Dan Penerbitan, 1984",Kemoralan,Made Nude Photography
Classic Nude Photography Techniques And Images,2006-06-15,2006,P.U. (A) 231,Printed Documents,Peter Gowland & Alice Gowland,Amferst Media Inc.,Foreign,Dicetak Di Korea,"[""English""]",Obscene / Immoral Publications,Pornography,"Akta Mesin Cetak Dan Penerbitan, 1984",Kemoralan,
Box Lunch The Layperson's Guide To Cunnilingus,2006-06-15,2006,P.U. (A) 231,Printed Documents,Diana Cage,Alyson Publications,Foreign,Dicetak Di United State Of America,"[""English""]",Obscene / Immoral Publications,Pornography,"Akta Mesin Cetak Dan Penerbitan, 1984",Kemoralan,
Pengakuan Mangsa Rogol,2006-10-12,2006,P.U. (A) 373,Printed Documents,Ayu Mayangsari,Visi Mega Publications,Unclear,Maju Jaya Indah Sdn.Bhd.,"[""Malay""]",Obscene / Immoral Publications,Pornography,"Akta Mesin Cetak Dan Penerbitan, 1984",Kemoralan,
Umee Srimas Pakar Repair `Anu' Lelaki,2006-10-12,2006,P.U. (A) 373,Printed Documents,Webah Salleh,Teguh Ringgit Publishing House,Local,Prinsip Taktik Sdn.Bhd,"[""Malay""]",Obscene / Immoral Publications,Pornography,"Akta Mesin Cetak Dan Penerbitan, 1984",Kemoralan,
Kamasutra Apakah Kebaikannya?,2006-10-12,2006,P.U. (A) 373,Printed Documents,Drs Munir Rahmat,Kalam Ilham Sdn.Bhd.,Local,Fz Enterprise Sdn.Bhd.,"[""Malay""]",Obscene / Immoral Publications,Pornography,"Akta Mesin Cetak Dan Penerbitan, 1984",Kemoralan,
Masalah Seksual Lelaki & Rawatan Alternatif,2007-05-31,2007,P.U. (A) 198,Printed Documents,,Teguh Ringgit Publishing House,Local,Majujaya Indah Sdn. Bhd.,"[""Malay""]",Obscene / Immoral Publications,Pornography,"Akta Mesin Cetak Dan Penerbitan, 1984",Kemoralan,
Love Distortion,2007-09-07,2007,P.U. (A) 302,Printed Documents,Sukune Inugami,Zhang Hong Publishing House Co. Ltd,Unclear,Nan Yi Book Shop Printing Enterprise Co.Ltd,"[""Chinese""]",Obscene / Immoral Publications,Pornography,"Akta Mesin Cetak Dan Penerbitan, 1984",Kemoralan,
Sexual Gift,2007-09-07,2007,P.U. (A) 302,Printed Documents,Hikaru Tohyama,Tian Gong Publication House,Unclear,Yang Guang Printing Co. Ltd.,"[""Chinese""]",Obscene / Immoral Publications,Pornography,"Akta Mesin Cetak Dan Penerbitan, 1984",Kemoralan,
Shamese's Delivery Service,2007-09-07,2007,P.U. (A) 302,Printed Documents,Hikaru Tohyama,Tian Gong Publication House,Unclear,Yang Guang Printing Co. Ltd.,"[""Chinese""]",Obscene / Immoral Publications,Pornography,"Akta Mesin Cetak Dan Penerbitan, 1984",Kemoralan,
Kehidupan Kucar Kacir Dalam Kongsi Gelap,2007-09-07,2007,P.U. (A) 302,Printed Documents,Ah Huo,Hong Dai Yang Manufacture Co. Ltd.,Unclear,,"[""Chinese""]",Obscene / Immoral Publications,Pornography,"Akta Mesin Cetak Dan Penerbitan, 1984",Kemoralan,
Gaya Seksi Musim Bunga,2007-11-15,2007,P.U. (A) 378,Printed Documents,,Xin Hu Publishing House,Unclear,Cheng Xin Printing,"[""Chinese""]",Obscene / Immoral Publications,Pornography,"Akta Mesin Cetak Dan Penerbitan, 1984",Kemoralan,
Gadis Tidak Sopan,2007-11-15,2007,P.U. (A) 378,Printed Documents,,Qiang Ba Publishing House,Unclear,Qi Jian Printing Ltd. Co,"[""Chinese""]",Obscene / Immoral Publications,Pornography,"Akta Mesin Cetak Dan Penerbitan, 1984",Kemoralan,
Sukar Dilupakan,2007-11-15,2007,P.U. (A) 378,Printed Documents,,Qiang Ba Publishing House,Unclear,Qi Jian Printing Ltd. Co,"[""Chinese""]",Obscene / Immoral Publications,Pornography,"Akta Mesin Cetak Dan Penerbitan, 1984",Kemoralan,
Menyingkap Rahsia Keistimewaan Wanita,2009-07-09,2009,P.U. (A) 244,Printed Documents,Ain Aina,Zanzan Production,Unclear,Percetakan Sm Sdn. Bhd.,"[""Malay""]",Obscene / Immoral Publications,Pornography,"Akta Mesin Cetak Dan Penerbitan, 1984",Kemoralan,
Senggama Kubur,2009-07-09,2009,P.U. (A) 244,Printed Documents,Abdullah Harahap,Seramist,Local,,"[""Malay""]",Obscene / Immoral Publications,Pornography,"Akta Mesin Cetak Dan Penerbitan, 1984",Kemoralan,Supernatural/Erotic Themes
Pengantin Remaja,2009-07-09,2009,P.U. (A) 244,Printed Documents,Puteri Izma,Progressive Publishing House Sdn. Bhd.,Local,Percetakan Haji Jantan Sdn. Bhd.,"[""Malay""]",Obscene / Immoral Publications,Pornography,"Akta Mesin Cetak Dan Penerbitan, 1984",Kemoralan,
Cinta Awak Dalam Sehari,2009-07-09,2009,P.U. (A) 244,Printed Documents,,Penerbitan Maju Jaya Center Sdn. Bhd.,Local,Vt Technology (M) Sdn. Bhd.,"[""Malay""]",Obscene / Immoral Publications,Pornography,"Akta Mesin Cetak Dan Penerbitan, 1984",Kemoralan,
Serakah Anak-Anak Zombie,2009-07-09,2009,P.U. (A) 244,Printed Documents,Ron Sikana,Penerbitan Karang Media,Local,Percetakan Maju Jaya Sdn. Bhd.,"[""Malay""]",Obscene / Immoral Publications,Pornography,"Akta Mesin Cetak Dan Penerbitan, 1984",Kemoralan,
55 Masalah Seksual Yang Anda Malu Tanya,2009-07-09,2009,P.U. (A) 244,Printed Documents,Rosaida Roslan B.Sc,Kalam Ilham Sdn. Bhd.,Local,Fz Enterprises Sdn. Bhd.,"[""Malay""]",Obscene / Immoral Publications,Pornography,"Akta Mesin Cetak Dan Penerbitan, 1984",Kemoralan,
Antara Kasih & Dosa,2010-01-21,2010,P.U. (A) 13,Printed Documents,Fahmi Ismail,Penerbitan Metrozone Sdn. Bhd. (255642-K),Local,Percetakan Riches,"[""Malay""]",Obscene / Immoral Publications,Pornography,"Akta Mesin Cetak Dan Penerbitan, 1984",Kemoralan,
Jendela Hati Kompilasi 4 Cerita Terbaik,2010-01-21,2010,P.U. (A) 13,Printed Documents,Jamal Shamsudin,Penerbitan Azam Klasik,Local,,"[""Malay""]",Obscene / Immoral Publications,Pornography,"Akta Mesin Cetak Dan Penerbitan, 1984",Kemoralan,
Gelora Nafsu #6,2010-01-21,2010,P.U. (A) 13,Printed Documents,Nawawi Munir,Penerbitan Azam Klasik,Local,,"[""Malay""]",Obscene / Immoral Publications,Pornography,"Akta Mesin Cetak Dan Penerbitan, 1984",Kemoralan,
Gelora Nafsu 3 Kompilasi 5 Cerita Terbaik,2010-01-21,2010,P.U. (A) 13,Printed Documents,Jamal Shamsudin,Penerbitan Azam Klasik,Local,,"[""Malay""]",Obscene / Immoral Publications,Pornography,"Akta Mesin Cetak Dan Penerbitan, 1984",Kemoralan,
Gelora Nafsu 2 Kompilasi 6 Cerita Terbaik,2010-01-21,2010,P.U. (A) 13,Printed Documents,Nawawi Munir,Penerbitan Azam Klasik,Local,Percetakan Prima Mewah,"[""Malay""]",Obscene / Immoral Publications,Pornography,"Akta Mesin Cetak Dan Penerbitan, 1984",Kemoralan,
Kamasutra Jawa & Kuantum Cinta,2010-01-21,2010,P.U. (A) 13,Printed Documents,Dr Razmi Ali Raden Amir/Siti Nurul Ainor B.Sc,Kalam Ilham Sdn. Bhd. (273791-D),Local,,"[""Malay""]",Obscene / Immoral Publications,Pornography,"Akta Mesin Cetak Dan Penerbitan, 1984",Kemoralan,
Aan-Penn Eruttarai Valkhai,2010-01-21,2010,P.U. (A) 16,Printed Documents,Tamilvanan,Manimegalai Pirasuram,Foreign,Maruthi Press,"[""Tamil""]",Obscene / Immoral Publications,Pornography,"Akta Mesin Cetak Dan Penerbitan, 1984",Kemoralan,
Aanmai Kuraivum-Penmai Kuraivum,2010-01-21,2010,P.U. (A) 16,Printed Documents,Tamilvanan,Manimegalai Pirasuram,Foreign,Sounthara Printers,"[""Tamil""]",Obscene / Immoral Publications,Pornography,,,
Sex Exercise,2010-01-21,2010,P.U. (A) 16,Printed Documents,Tamilvanan,Manimegalai Pirasuram,Foreign,Sounthara Printers,"[""Tamil""]",Obscene / Immoral Publications,Pornography,"Akta Mesin Cetak Dan Penerbitan, 1984",Kemoralan,Publusher Have Published Explicit Content
Hard Magazine,2010-02-04,2010,P.U. (A) 32,Printed Documents,,Chun Jia Co. Ltd.,Unclear,Fei Fan Printing Factory Co. Ltd.,"[""Chinese""]",Obscene / Immoral Publications,Pornography,"Akta Mesin Cetak Dan Penerbitan, 1984",Kemoralan,
Gadis Jelita Yang Matang,2010-03-11,2010,P.U. (A) 67,Printed Documents,,Qiang Ba Publishing House,Unclear,Qi Jian Printing Ltd. Co.,"[""Chinese""]",Obscene / Immoral Publications,Pornography,"Akta Mesin Cetak Dan Penerbitan, 1984",Kemoralan,
Dewi Pesona,2010-03-11,2010,P.U. (A) 67,Printed Documents,,Qiang Ba Publishing House,Unclear,Qi Jian Printing Ltd. Co.,"[""Chinese""]",Obscene / Immoral Publications,Pornography,"Akta Mesin Cetak Dan Penerbitan, 1984",Kemoralan,
Visionary No. 2 - 3,2010-03-11,2010,P.U. (A) 67,Printed Documents,Ujin,Leed Publishing Ltd. Co.,Unclear,Leed Publishing Ltd. Co.,"[""Chinese""]",Obscene / Immoral Publications,Pornography,"Akta Mesin Cetak Dan Penerbitan, 1984",Kemoralan,
X President No. 6,2010-03-11,2010,P.U. (A) 67,Printed Documents,,Da Han Publishing House,Unclear,Ming Yu Printing Ltd. Co.,"[""Chinese""]",Obscene / Immoral Publications,Pornography,"Akta Mesin Cetak Dan Penerbitan, 1984",Kemoralan,
Psiko,2015-07-01,2015,P.U. (A) 138,Printed Documents,Ehsan El Bakri,Lejen Press,Local,Vinlin Press Sdn. Bhd.,"[""Malay""]",Obscene / Immoral Publications,Pornography,"Akta Mesin Cetak Dan Penerbitan, 1984",Kemoralan,
"Maxim (Vol 18, No 9 November 2014) (Usa Edition)",2016-12-30,2016,P.U. (A) 389,Printed Documents,,Maxim Inc,Unclear,,"[""English""]",Obscene / Immoral Publications,Pornography,"Akta Mesin Cetak Dan Penerbitan, 1984",Kemoralan,
Pop Psychedelic,2016-12-30,2016,P.U. (A) 391,Printed Documents,Melissa Lin,Last Gasp,Foreign,,"[""English""]",Obscene / Immoral Publications,Pornography,"Akta Mesin Cetak Dan Penerbitan, 1984",Kemoralan,
Black Men Special Edition,2016-12-30,2016,P.U. (A) 395,Printed Documents,,Enoble Media Group Inc,Unclear,,"[""English""]",Obscene / Immoral Publications,Pornography,"Akta Mesin Cetak Dan Penerbitan, 1984",Kemoralan,
Maxim (Vol18 No5 June 2014) (Usa Edition),2017-01-20,2017,P.U. (A) 25,Printed Documents,,Maxim Inc.,Foreign,,"[""English""]",Obscene / Immoral Publications,Pornography,"Akta Mesin Cetak Dan Penerbitan, 1984",Kemoralan,
Saucy Seaside Postcards,2017-03-23,2017,P.U. (A) 84,Printed Documents,Alan Wykes,Dolphin Publications,Foreign,,"[""English""]",Obscene / Immoral Publications,Pornography,"Akta Mesin Cetak Dan Penerbitan, 1984",Kemoralan,
Qun Jiao Wang Shi,2017-12-19,2017,P.U. (A) 393,Printed Documents,,,Unclear,,"[""Chinese""]",Obscene / Immoral Publications,Pornography,"Akta Mesin Cetak Dan Penerbitan, 1984",Kemoralan,
36F Da Bo Mei De You Huo,2017-12-19,2017,P.U. (A) 393,Printed Documents,,,Unclear,,"[""Chinese""]",Obscene / Immoral Publications,Pornography,"Akta Mesin Cetak Dan Penerbitan, 1984",Kemoralan,
Loaded (Issue 242 June 2014),2017-12-19,2017,P.U. (A) 401,Printed Documents,,Simian Publishing Ltd,Foreign,,"[""English""]",Obscene / Immoral Publications,Pornography,"Akta Mesin Cetak Dan Penerbitan, 1984",Kemoralan,
Peichi,2020-12-15,2020,P.U. (A) 355,Printed Documents,M.Navin,Penerbitan Vallinam,Local,,"[""Tamil""]",Obscene / Immoral Publications,Pornography,"Akta Mesin Cetak Dan Penerbitan, 1984",Kemoralan,"Rape Scene, Cuss Words"
A Million Kisses In Your Lifetime,2024-12-19,2024,P.U. (A) 409,Printed Documents,Monica Murphy,Penguin Books,Foreign,,"[""English""]",Obscene / Immoral Publications,Pornography,"Akta Mesin Cetak Dan Penerbitan, 1984",Kemoralan,Sexual Contents + The Hero's Degrading Attitude Toward Women In Early Chapters
Darlingku Mr. Cold Mafia,2025-04-16,2025,P.U. (A) 123,Printed Documents,Nur Firsha Nadia Binti Mohd Noor Kusairi (Shadhia),Penerbitan Kaki Novel Sdn.Bhd.,Local,,"[""Malay""]",Obscene / Immoral Publications,Pornography,"Akta Mesin Cetak Dan Penerbitan, 1984",Kemoralan,"Include Multiple Instances Of Rape Jokes And Suggestive Dialogue; Normalise Marital Rape, Sexual Violence"
Tuan Ziyad: Forbidden Love,2025-04-16,2025,P.U. (A) 122,Printed Documents,Bellesa,Idea Kreatif Publication,Local,,"[""Malay""]",Obscene / Immoral Publications,Pornography,"Akta Mesin Cetak Dan Penerbitan, 1984",Kemoralan,"Heavy Sugar Daddy/Sugar Baby Trope; Deemed ""Soft Porn"" By Critics"
Mischievous Killer,2025-04-16,2025,P.U. (A) 124,Printed Documents,Amira Syuhairah Noradzan (Ariaseva),Fajar Pakeer Sdn.Bhd.,Local,,"[""Malay""]",Obscene / Immoral Publications,Pornography,"Akta Mesin Cetak Dan Penerbitan, 1984",Kemoralan,"Suggestive Romantic Content, Provocative Dialogue, Normalisation Of Violence In Romantic Context. Immoral: Because The Romanticisation Of Violence Is Not Just Limited To Erotic Contents Here; The Same Applies For Above"
Ammar Zahrain: The Obsessive Husband,2025-07-03,2025,P.U. (A) 204,Printed Documents,Nssignature,Idea Kreatif Publication,Local,,"[""Malay""]",Obscene / Immoral Publications,Pornography,"Akta Mesin Cetak Dan Penerbitan, 1984",Kemoralan,
The Revolutionary View Of Life,1950-07-29,1950,L.N. 331,Printed Documents,Tang Hung,Truth Publishing Socicty,Foreign,,"[""Chinese""]",Subversive Ideological And Political Content,Revolutionary Politics,,,
The Necessity To Understand The Reality Of The Revolution,1950-07-29,1950,L.N. 331,Printed Documents,Tun Hsiao Chuan Chen Hsiaoliang,Shanghai Magazine Co.,Foreign,,"[""Chinese""]",Subversive Ideological And Political Content,Revolutionary Politics,,,
India,1950-07-29,1950,L.N. 331,Printed Documents,Mo Lang,San Lien Bookshop,Foreign,,"[""Chinese""]",Subversive Ideological And Political Content,Revolutionary Politics,,,Sam Lien Here Is Most Probably Probably Sam Luen
October Revolution And China,1950-07-29,1950,L.N. 331,Printed Documents,,Reader's Bookshop,Foreign,,"[""Chinese""]",Subversive Ideological And Political Content,Revolutionary Politics,,,
Knowledge Of The Revolution For The Masses,1950-07-29,1950,L.N. 331,Printed Documents,Huang I Cheng,Hua Hsia Bookshop,Foreign,,"[""Chinese""]",Subversive Ideological And Political Content,Revolutionary Politics,,,
Modern Youth,1950-07-29,1950,L.N. 332,Printed Documents,,Modern Youth Publishing Co.,Foreign,,,Subversive Ideological And Political Content,Revolutionary Politics,,,
Modern Women,1950-07-29,1950,L.N. 332,Printed Documents,,Modern Women Society,Unclear,,,Subversive Ideological And Political Content,Revolutionary Politics,,,Change From Obscene To Subversive.
My Life Story Of Fifty Years,1951-04-27,1951,L.N. 263,Printed Documents,Raja Mahendra Pratap,World Federation,Unclear,,"[""Tamil""]",Subversive Ideological And Political Content,Revolutionary Politics,,,Autobiography Of An Indian Revolutionary And Nationalist
"Indian War Of Independence, 1857",1951-04-27,1951,L.N. 263,Printed Documents,V.D. Savarkar,,Unclear,,"[""Tamil""]",Subversive Ideological And Political Content,Revolutionary Politics,,,
Dravida Nadu,1951-04-27,1951,L.N. 263,Printed Documents,,C.N. Annadurai At Dravidanadu Press,Foreign,,"[""Tamil""]",Subversive Ideological And Political Content,Revolutionary Politics,,,
Song Of Liberation Of Youth,1951-04-27,1951,L.N. 263,Printed Documents,,Tai Chung Arts.,Unclear,,,Subversive Ideological And Political Content,Revolutionary Politics,,,Liberation
Simple Discourse On Social Science,1951-04-27,1951,L.N. 263,Printed Documents,Teng Chu Min,Cultural Publishing Society,Unclear,,,Subversive Ideological And Political Content,Revolutionary Politics,,,Probably A Progressive Textbook / Socialist
"Indian War Of Independence Of 1875, The...",1951-05-04,1951,L.N. 278,Printed Documents,V.D. Savarkar,,Unclear,,,Subversive Ideological And Political Content,Revolutionary Politics,,,"Glorifies Revolutionary Resistance. Anti-Gov Sentiment Instead Of Political Dissent Bcs The Sentiment Might Be Deemed Subversive, Even Though The Sentiment In The Book Is Not Targeting Malaysia"
See The Cultural Contruction Of Liberation Area From A Village,1952-06-12,1952,L.N. 329,Printed Documents,Pak Tou And Others,New Democracy Publishing Society,Unclear,,"[""Chinese""]",Subversive Ideological And Political Content,Revolutionary Politics,,,Change To Revolutionary Politics.
Blood Of Vengeance,1952-06-12,1952,L.N. 329,Printed Documents,"Memorial Service Committee For Former Revolutionary Warriors,Singapore",New Democracy Publishing Society,Unclear,,"[""Chinese""]",Subversive Ideological And Political Content,Revolutionary Politics,,,
"Social Education About Leadership, And Methods Of Organisation",1952-06-12,1952,L.N. 329,Printed Documents,Hiang Pak Jin,"New Democracy Press, Hongkong",Unclear,,"[""Chinese""]",Subversive Ideological And Political Content,Revolutionary Politics,,,
Oppose Old Ideas In The Party,1952-06-12,1952,L.N. 329,Printed Documents,,Hung Min Publishing Society,Foreign,,"[""Chinese""]",Subversive Ideological And Political Content,Revolutionary Politics,,,
Heroines Of The Modern Progress,1952-06-12,1952,L.N. 329,Printed Documents,Elmer C. Adams,World Book Store,Foreign,,"[""English""]",Subversive Ideological And Political Content,Revolutionary Politics,,,Originally Published In 1913. No Definitive Information That Points Why This Book Was Banned Bcs It Is Mainly About Profiles Of Women Involved In Progressive Or Revolutionary Movements
Sedjarah Dan Perdjuangan Di-Malaya,1952-06-12,1952,L.N. 329,Printed Documents,I.K. Agustja,,Unclear,,"[""Malay""]",Subversive Ideological And Political Content,Revolutionary Politics,,,No Evidence Found But Could Be Because The Sejarah Part Is Challenging Official Narratives
Koumodi Vol. Ii Issue No. 42 Vol Iii Issue No. 1,1952-06-12,1952,L.N. 329,Printed Documents,K. Balakrishnan,,Local,,"[""Tamil""]",Subversive Ideological And Political Content,Revolutionary Politics,,,
Hul-Chul,1952-06-12,1952,L.N. 329,Printed Documents,Paras Nat Rai,,Foreign,,"[""Tamil""]",Subversive Ideological And Political Content,Revolutionary Politics,,,
Thondu,1952-06-12,1952,L.N. 329,Printed Documents,"V. Veerasamy, B.A.",,Foreign,,"[""Tamil""]",Subversive Ideological And Political Content,Revolutionary Politics,,,
Mimbar Indonesia,1952-11-14,1952,L.N. 607,Printed Documents,Dr Mohammed Yamin,,Foreign,,"[""Indonesian""]",Subversive Ideological And Political Content,Revolutionary Politics,,,
Thani Arasu Yen?(Why Self-Rule Or Why Separate State?,1953-12-17,1953,L.N. 785,Printed Documents,A.V.P.Asaithambi,"Kalai Manram,Madras 1",Unclear,,"[""Tamil""]",Subversive Ideological And Political Content,Revolutionary Politics,,,
Jen Wern,1955-01-11,1955,L.N. 12,Printed Documents,,"Jen Wern Monthly,Publishing Company,18, Eng Hoon Street,Singapore",Foreign,,"[""Chinese""]",Subversive Ideological And Political Content,Revolutionary Politics,,,"En Wern Is A Chinese Newspaper Banned In 1954 Under The Emergency (Newspaper) Regulations, 1951 For Reproducing Extracts Of Leftist Publications. The Colonial Secretary Issued The Prohibition Order By Way Of A Government Gazette . The Paper Was Deemed To Be Anti-British, With Its Commentaries Assessed To Focus Too Much On ""Discrimination By, And The Superiority Complex Of, British Officials"" And Nationals Living In Colonial Singapore . Source: Jen Wern"
Review Of Indonesia,1960-09-08,1960,L.N. 233,Printed Documents,,The,Unclear,,,Subversive Ideological And Political Content,Revolutionary Politics,,,
Global Digest,1964-09-24,1964,L.N. 289,Printed Documents,,Global Digest Press,Unclear,"Standard Press Ltd,Hong Kong","[""English""]",Subversive Ideological And Political Content,Revolutionary Politics,,,Their Current Website (Not Sure If Related Or Not) Have Human Rights Content. Im Assume Its Progressive Politics.
Revolutionary Songs For All,1965-04-29,1965,L.N. 162,Printed Documents,,"Ying Yuok Publishing Society,Peking",Unclear,,"[""Chinese""]",Subversive Ideological And Political Content,Revolutionary Politics,,,Revolutionary In The Name
Selected Stories Of Revolutionary Heroes,1967-10-26,1967,P.U.501,Printed Documents,,"Propaganda Section,Selangor Division Of Party Rakyat",Local,,"[""Chinese""]",Subversive Ideological And Political Content,Revolutionary Politics,,,
Suara,1967-10-26,1967,P.U.502,Printed Documents,,Penchetak Suara Selangor,Local,,"[""Chinese""]",Subversive Ideological And Political Content,Revolutionary Politics,,,
The Agry Roar Of The Revolution,1967-10-26,1967,P.U.501,Printed Documents,,"Editorial Section,Joint Variety Show",Foreign,,"[""Chinese""]",Subversive Ideological And Political Content,Revolutionary Politics,,,
Pangkalan Dan Perananja Militer Asing,1967-12-21,1967,P.U.606,Printed Documents,,P.T. Pentja,Foreign,,"[""Indonesian""]",Subversive Ideological And Political Content,Revolutionary Politics,,,
Suara Pembebasan,1968-05-02,1968,P.U.188,Printed Documents,,Sharikat Menyiar Suara Pembebasan,Local,,"[""Chinese""]",Subversive Ideological And Political Content,Revolutionary Politics,,,
"Tambahan Khas Merayakan Ulang Tahun Ketujuh Sarawak United Peoples Party,Bahagian Miri Bagi See Hua Daily News Bertarikh 10Hb November 1967",1968-05-09,1968,P.U.191,Printed Documents,,See Hua Daily News Co.Ltd,Local,,"[""Chinese""]",Subversive Ideological And Political Content,Revolutionary Politics,,,
Akhbar Pembebasan,1968-11-14,1968,P.U.446,Printed Documents,,"Gabongan Pembebasan Kebangsaan Kalimantan Utara,Bahagian Satu Sarawak",Unclear,,"[""Chinese""]",Subversive Ideological And Political Content,Revolutionary Politics,,,Seperatist Movement. Unsure If Its Communist/Socialist Since It Happen During Suharto's Regime.
"** Our Call To Students""",1970-07-09,1970,P.U (A) 236,Printed Documents,All Cordinating Committee-Progressive Studens,,Unclear,,"[""English""]",Subversive Ideological And Political Content,Revolutionary Politics,,,Progressive = Revolutionary Politics
Budu Or Twenty Years In Sarawak Borneo,1970-09-17,1970,P.U. (A) 336,Printed Documents,John K.Wilson,Tantallon Press,Foreign,,"[""English""]",Subversive Ideological And Political Content,Revolutionary Politics,,,Ties With Sarawak Progressive's Politic?
Budu Or Twenty Years In Sarawak Boneo,1970-09-17,1970,P.U (A) 336,Printed Documents,John K. Wilson,Tantallon Press,Foreign,,"[""English""]",Subversive Ideological And Political Content,Revolutionary Politics,,,
"Suatu Suratan Bertajuk ""Untuk Bacaan Semua Orang Kaya Miskin Tua Muda"" Bertarikh 6Hb November 1975",1975-12-18,1975,P.U. (A) 420,Printed Documents,Rakyat Jujur,,Local,,"[""Malay""]",Subversive Ideological And Political Content,Revolutionary Politics,,,
"Suatu Suratan Bertajuk ""Di Manakah Demokrasi Dan Kedaulatan Undang-Undang""",1976-01-08,1976,P.U. (A) 5,Printed Documents,Angkatan Melayu Sedar,,Unclear,,"[""Malay""]",Subversive Ideological And Political Content,Revolutionary Politics,,,
Basic Knowledge On Military Science,1976-03-11,1976,P.U. (A) 76,Printed Documents,,"People's Publishing Agency, Shanghai",Foreign,"Chung Hwa Printing Factory, Shanghai","[""Chinese""]",Subversive Ideological And Political Content,Revolutionary Politics,,,
Report Of Amnesty International Mission To The Federation Of Malaysia 18 November 1978 (Including Its Appendixes),1979-08-30,1979,P.U. (A) 197,Printed Documents,Amnesty International,Amnesty International,Foreign,,"[""English""]",Subversive Ideological And Political Content,Revolutionary Politics,,,
"""Surat-Surat Dari Langit""",1980-01-24,1980,P.U. (A) 20,Printed Documents,Ayatolla Malaysia,,Unclear,,"[""Malay""]",Subversive Ideological And Political Content,Revolutionary Politics,,,
"Risalah Bertajuk ""Vox Populi-United We Liberate""",1981-07-16,1981,P.U. (A) 204,Printed Documents,,,Unclear,,"[""English""]",Subversive Ideological And Political Content,Revolutionary Politics,,,
"Risalah Bertajuk ""Jawatankuasa Berhubung Tanahair Benua Besar China-Cawangan Malaysia""",1981-10-23,1981,P.U. (A) 349,Printed Documents,,,Unclear,,"[""Chinese""]",Subversive Ideological And Political Content,Revolutionary Politics,,,
"""Dr Mahathir The Offensive And Oninious Prime Minister Of Malaysia""",1981-12-24,1981,P.U. (A) 408,Printed Documents,Dr Chin Ah Hock,,Unclear,,"[""English""]",Subversive Ideological And Political Content,Revolutionary Politics,,,
** Seruan Keadilan (Dan Sebarang Terjemahannya),1982-01-21,1982,P.U (A) 18,Printed Documents,,Pejabat Suara Keadilan,Local,,"[""Malay""]",Subversive Ideological And Political Content,Revolutionary Politics,,,
"Risalah Bertajuk ""Bersatulah Kamu China""",1982-01-21,1982,P.U. (A) 16,Printed Documents,Dr Ng Sang,,Unclear,,"[""Malay""]",Subversive Ideological And Political Content,Revolutionary Politics,,,
Suara Demokrasi,1982-01-21,1982,P.U. (A) 17,Printed Documents,,,Unclear,,"[""Malay""]",Subversive Ideological And Political Content,Revolutionary Politics,,,
Hancurkan Komplot Bn Yang Hendak Menarik Balik Pas Ke Dalam Bn,1982-01-21,1982,P.U. (A) 19,Printed Documents,,Kelab Pembelajaran Patriotik,Local,,"[""Malay""]",Subversive Ideological And Political Content,Revolutionary Politics,,,
The Chairman's Message To The Bangsa Moro People For Unity,1982-12-01,1982,P.U. (A) 360,Printed Documents,,Bangsa Moro Liberation Organisation,Foreign,,"[""English""]",Subversive Ideological And Political Content,Revolutionary Politics,,,
"Risalah Bertajuk ""Barisan Bersatu Keadilan Masyarakat Malaya: 8 Perkara Penting Untuk Pembelaan""",1984-01-19,1984,P.U. (A) 15,Printed Documents,,,Unclear,,"[""Chinese""]",Subversive Ideological And Political Content,Revolutionary Politics,,,
"Risalah Bertajuk ""We Are The Brown Indians""",1984-01-19,1984,P.U. (A) 15,Printed Documents,,,Unclear,,"[""English""]",Subversive Ideological And Political Content,Revolutionary Politics,,,
"Risalah Bertajuk ""Perang Yang Dipaksa""",1984-01-19,1984,P.U. (A) 15,Printed Documents,,,Unclear,,"[""Malay""]",Subversive Ideological And Political Content,Revolutionary Politics,,,
Melaung Dan Mengaum,1984-10-25,1984,P.U. (A) 391,Printed Documents,Ye Rui Hua,Pustaka Tanah Merah,Local,"Jaya Utara Printing & Stationary Sdn Bhd.,","[""Chinese""]",Subversive Ideological And Political Content,Revolutionary Politics,Akta Mesin Cetak Dan Penerbitan 1984,Ketenteraman Awam,
Syahid Ii Lubuk Merbau,1985-08-29,1985,P.U. (A) 385,Printed Documents,Haji Suhsimi Said,Gedung Gua,Local,,"[""Malay""]",Subversive Ideological And Political Content,Revolutionary Politics,"Akta Mesin Cetak Dan Penerbitan, 1984",Kepentingan Negara,
Analisa Mengenai Dasar Pergerakan Perubahan Demokrasi Malaysia,1985-10-31,1985,P.U. (A) 487,Printed Documents,Luo Zheng Wen,"Malaysian News Magazine, Taipei, Taiwan",Local,,"[""Chinese""]",Subversive Ideological And Political Content,Revolutionary Politics,"Akta Mesin Cetak Dan Penerbitan, 1984",Ketenteraman Awam,
Dari Dilema Melayu Ke Dilema Cina,1985-10-31,1985,P.U. (A) 487,Printed Documents,Luo Zheng Wen,Malaysian News Magazine,Local,,"[""Chinese""]",Subversive Ideological And Political Content,Revolutionary Politics,"Akta Mesin Cetak Dan Penerbitan, 1984",Kemoralan,"No Evident Of The Book Content Or Existence, It Coulddd Be Because Of Ethnic Encitement Though. The Author Have Other Political Publications."
Imperialism-No! Democracy-Yes! Student Movements In The Asean Region,1985-10-31,1985,P.U. (A) 486,Printed Documents,,Institut For Social Analysis (Insan),Local,"Sun U Book Co. Sdn. Bhd.,","[""English""]",Subversive Ideological And Political Content,Revolutionary Politics,"Akta Mesin Cetak Dan Penerbitan, 1984",Ketenteraman Awam,
Zaman Pancaroba,1986-01-09,1986,P.U. (A) 325,Printed Documents,Kassim Ahmad,,Local,,"[""Malay""]",Subversive Ideological And Political Content,Revolutionary Politics,"Akta Mesin Cetak Dan Penerbitan, 1984",Ketenteraman Awam,
Hadis Satu Penilaian Semula,1986-07-10,1986,P.U. (A) 223,Printed Documents,Kassim Ahmad,"Media Intelek Sdn. Bhd.,",Local,,"[""Malay""]",Subversive Ideological And Political Content,Revolutionary Politics,"Akta Mesin Cetak Dan Penerbitan, 1984",Kepentingan Awam,
"Lagu-Lagu ""Long March""",1989-05-25,1989,P.U. (A) 160,Audio/Recordings,,Oriental Record Co.,Foreign,,"[""Chinese""]",Subversive Ideological And Political Content,Revolutionary Politics,"Akta Mesin Cetak Dan Penerbitan, 1984",Ketenteraman Awam,
Israel's Ayatollahs Meir Kahane And The Far Right In Israel,1989-09-14,1989,P.U. (A) 272,Printed Documents,Raphael Mergui & Philippe Simonnot,Saqi Books,Foreign,"Billing And Sons Ltd,","[""English""]",Subversive Ideological And Political Content,Revolutionary Politics,"Akta Mesin Cetak Dan Penerbitan, 1984",Ketenteraman Awam,"Critique On Israeli's Far-Right. Is Not In The ""Senarai Jadual Buku Berunsurkan Islam"" So Cannot Be Due To Doctrinal Deviance. Sympathy To Israel? Left-Wing Critique?"
Poems Of Lu Hsun,1989-12-28,1989,P.U. (A) 446,Printed Documents,Huang Hsin-Chyu,Joint Publishing Co.,Foreign,Chung Hua Book Co. Ltd.,"[""English""]",Subversive Ideological And Political Content,Revolutionary Politics,"Akta Mesin Cetak Dan Penerbitan, 1984",Ketenteraman Awam,
Suara Acheh Merdeka,1994-03-31,1994,P.U. (A) 102,Printed Documents,,Bm Box 3294 London Wc In 3Xx England,Foreign,,"[""Malay""]",Subversive Ideological And Political Content,Revolutionary Politics,"Akta Mesin Cetak Dan Penerbitan, 1984",Kepentingan Awam,
1 Funny Malaysia,2010-06-17,2010,P.U. (A) 208,Printed Documents,Zunar,Kinibooks,Local,Vinlin Press Sdn. Bhd.,"[""English""]",Subversive Ideological And Political Content,Revolutionary Politics,"Akta Mesin Cetak Dan Penerbitan, 1984",Ketenteraman Awam,
Perak Darul Kartun,2010-06-17,2010,P.U. (A) 208,Printed Documents,Zunar,Sepakat Efektif Sdn. Bhd.(857921-P),Local,Polar Vista Sdn. Bhd. (318716-P),"[""Malay""]",Subversive Ideological And Political Content,Revolutionary Politics,"Akta Mesin Cetak Dan Penerbitan, 1984",Ketenteraman Awam,
The March To Putrajaya-Malaysia's New Era Is At Hand,2010-09-27,2010,P.U. (A) 326,Printed Documents,Kim Quek,"Oriengroup Sdn. Bhd,(211571-M)",Local,Polar Vista Sdn. Bhd.(3178716-P),"[""English""]",Subversive Ideological And Political Content,Revolutionary Politics,"Akta Mesin Cetak Dan Penerbitan, 1984",Ketenteraman Awam,
"Apa-Apa Pakaian Berwarna Kuning Dan Yang Mengandungi Perkataan ""Bersih 4"" Dan Apa-Apa Bahan Bercetak Lain Dan Risalah Yang Mendorong Kepada Perhimpunan Bersih 4",2015-08-28,2015,P.U. (A) 200,Physical Goods,,,Unclear,,,Subversive Ideological And Political Content,Revolutionary Politics,"Akta Mesin Cetak Dan Penerbitan, 1984",Ketenteraman Awam,
Torture In Malaysia Prisons: Who You Didn't Know And Need To Know To Act,2016-06-14,2016,P.U. (A) 171,Printed Documents,Varatharajoo Murugan,,Unclear,Mall Jaya Enterprise,"[""English""]",Subversive Ideological And Political Content,Revolutionary Politics,"Akta Mesin Cetak Dan Penerbitan, 1984",Menggemparkan Fikiran Orang Ramai,"Exposes Alleged Torture And Abuses In Malaysian Prisons, Advocating For Reform"
Mereka Adalah Teroris (Sebuah Tinjauan Syari`At),2016-07-18,2016,P.U. (A) 202,Printed Documents,Al Ustadz Luqman Bin Muhammad Ba`Aduh,Pustaka Qaulan Sadida,Local,,"[""Indonesian""]",Subversive Ideological And Political Content,Revolutionary Politics,"Akta Mesin Cetak Dan Penerbitan, 1984",Ketenteraman Awam,
Al-Fatihin: Surat Kabar Bagi Muhajirin Berbahasa Melayu Di Daulah Islamiyyah,2016-12-30,2016,P.U. (A) 390,Printed Documents,,,Unclear,,"[""Malay""]",Subversive Ideological And Political Content,Revolutionary Politics,"Akta Mesin Cetak Dan Penerbitan, 1984",Ketenteraman Awam,Promote Extremist Ideologies And Terrorism
From Majapahit To Putrajaya: Searching For Another Malaysia,2017-03-23,2017,P.U. (A) 87,Printed Documents,Farish A. Noor,Silverfishbooks,Local,Academe Art Printing Sdn Bhd,"[""English""]",Subversive Ideological And Political Content,Revolutionary Politics,"Akta Mesin Cetak Dan Penerbitan, 1984",Ketenteraman Awam,
Al-Yahud: Eternal Islamic Enmity & The Jews,2017-03-23,2017,P.U. (A) 86,Printed Documents,Elias Al-Maqdisi & Sam Solomon,Anm Publishers,Foreign,,"[""English""]",Subversive Ideological And Political Content,Revolutionary Politics,"Akta Mesin Cetak Dan Penerbitan, 1984",Ketenteraman Awam,Promote Hatred And Radicalism; Potray Jews As Eternal Enemies Of Islam
"Rebirth: Reformasi, Resistance, And Hope In New Malaysia",2020-07-01,2020,P.U. (A) 200,Printed Documents,Kean Wong,Strategic Information And Research Development Centre,Local,Vinlin Press Sdn Bhd,"[""English""]",Subversive Ideological And Political Content,Revolutionary Politics,"Akta Mesin Cetak Dan Penerbitan, 1984",Ketenteraman Awam,
Atlas Of Military History,2020-09-07,2020,P.U. (A) 268,Printed Documents,Dr Aaron Ralby,Parragon,Foreign,,"[""English""]",Subversive Ideological And Political Content,Revolutionary Politics,"Akta Mesin Cetak Dan Penerbitan, 1984",Menggemparkan Fikiran Orang Ramai,
Koleksi Puisi Masturbasi,2025-01-22,2025,P.U. (A) 31,Printed Documents,Amir Hamzah Bin Akal Ali (Benz Ali),Orange Dove Sdn.Bhd.,Local,,"[""Malay""]",Subversive Ideological And Political Content,Revolutionary Politics,"Akta Mesin Cetak Dan Penerbitan, 1984",Kemoralan,
Sigandi,2026-03-02,2026,P.U. (A) 111,Printed Documents,M. Navin/ Saravanan Satianandan,Buku Fixi Sdn. Bhd.,Local,,"[""Malay""]",Subversive Ideological And Political Content,Revolutionary Politics,"Akta Mesin Cetak Dan Penerbitan, 1984",Kemoralan,
Spirit World Speaks Where Is His Majesty The King The Sixth Ruler Of Malaysia,1985-10-10,1985,P.U. (A) 454,Printed Documents,Clara Christina Matthews Amanuensis,,Unclear,"The World Press Co. Sdn Bhd,","[""English""]","Race, Religion & Royalty (3R Issues)",Royalty,"Akta Mesin Cetak Dan Penerbitan, 1984",Ketenteraman Awam,
Spirit World Speaks-Where Is His Majesty The King The Sixth Ruler Of Malaysia,1985-10-10,1985,P.U. (A) 454,Printed Documents,,Clara Christina Matthews Amanuensis,Foreign,"The World Press Co. Sdn Bhd.,","[""English""]","Race, Religion & Royalty (3R Issues)",Royalty,"Akta Mesin Cetak Dan Penerbitan, 1984",Ketenteraman Awam,
"Sultan Ismail Petra Of Kelantan, Dethroning Of A Malay Ruler. An Authorised Biographical Account Narrated By Tengku Muhammad Fakhry To The Author",2014-07-01,2014,P.U. (A) 192,Printed Documents,Prof Salleh Buang,,Unclear,,"[""English""]","Race, Religion & Royalty (3R Issues)",Royalty,,,
"Risalah Bertajuk ""Pakatan Jahat Kuasa-Kuasa Besar Terhadap Islam-Imam Khomeini""",1984-01-19,1984,P.U. (A) 15,Printed Documents,,,Unclear,,"[""Malay""]",Religious Doctrinal Deviance,Syiah,,,
Malaysia Daulah Pemuda Bani Tamim,2003-03-27,2003,P.U. (A) 84,Printed Documents,Dr.Ahmad Fauzi Abd.Hamid,Abuku Hebat Sdn Bhd,Local,,"[""Malay""]",Religious Doctrinal Deviance,Syiah,"Akta Mesin Cetak Dan Penerbitan, 1984",Ketenteraman Awam,
Pemuda Bani Tamim Perintis Jalan Imam Mahdi,2006-06-08,2006,P.U. (A) 216,Printed Documents,Abu Muhammad Atta,Penerbit Giliran Timur,Local,,"[""Malay""]",Religious Doctrinal Deviance,Syiah,"Akta Mesin Cetak Dan Penerbitan, 1984",Ketenteraman Awam,
Meniti Titian Kebenaran,2014-01-09,2014,P.U. (A) 13,Printed Documents,Khair Izzah,Al-Muntazar Resourcers,Unclear,,"[""Malay""]",Religious Doctrinal Deviance,Syiah,"Akta Mesin Cetak Dan Penerbitan, 1984",Ketenteraman Awam,
"Doa Jausyan Shaghir (Doa Yastasir Doa Simat, Doa Masylul, Doa Adilah, Ziarah Jami Al Kabir)",2015-06-23,2015,P.U. (A) 128,Printed Documents,Tim Zahra,Zahra Publishing House,Foreign,,"[""Indonesian""]",Religious Doctrinal Deviance,Syiah,"Akta Mesin Cetak Dan Penerbitan, 1984",Ketenteraman Awam,
"Doa Nudbah, Doa Ahd, Doa Faraj(Keluasan), Doa Ziarah & Doa Untuk Kegaiban Imam Mahdi",2015-06-23,2015,P.U. (A) 128,Printed Documents,Tim Zahra/Yudi,Zahra Publishing House,Foreign,,"[""Indonesian""]",Religious Doctrinal Deviance,Syiah,"Akta Mesin Cetak Dan Penerbitan, 1984",Ketenteraman Awam,
Nabiyyurahmah Minzoril Qurani Ahlil Bayt,2016-07-18,2016,P.U. (A) 205,Printed Documents,Muhammaduriyy Sahri,"Darul Hadith Littiba`Ati Wan Nasri, Qom, Iran",Foreign,Darul Hadith,"[""Arabic""]",Religious Doctrinal Deviance,Syiah,"Akta Mesin Cetak Dan Penerbitan, 1984",Ketenteraman Awam,
Imam Mahdi Yang Ditunggu Dan Malapetaka Akhir Zaman,2017-03-23,2017,P.U. (A) 83,Printed Documents,Abdul Latif Rafqi,Jasmin Publication,Local,Ps Potensi Enterprise,"[""Malay""]",Religious Doctrinal Deviance,Syiah,"Akta Mesin Cetak Dan Penerbitan, 1984",Ketenteraman Awam,
Imam Mahdi Di Ambang Pintu: Kedatangan Yang Ditunggu-Tunggu Jilid 1,2017-07-27,2017,P.U. (A) 209,Printed Documents,Muhammad Isa Dawud/ Dr. Syamsuddin Ali Nasution,Pustaka Syuhada,Local,,"[""Malay""]",Religious Doctrinal Deviance,Syiah,,,
Imam Mahdi Di Ambang Pintu: Kedatangan Yang Ditunggu-Tunggu Jilid 2,2017-07-27,2017,P.U. (A) 209,Printed Documents,Muhammad Isa Dawud/ Dr. Syamsuddin Ali Nasution,Percetakan Syuhada,Local,,"[""Malay""]",Religious Doctrinal Deviance,Syiah,,,
Suprise Attack News,1951-04-27,1951,L.N. 263,Printed Documents,,Tu Chik (Surp. Attack) Pub.Society,Foreign,,"[""Chinese""]",Subversive Ideological And Political Content,Terrorism/Militancy,,,
"Indian Struggle, 1920-1935",1951-04-27,1951,L.N. 263,Printed Documents,Subhas C. Bose,,Unclear,,"[""Tamil""]",Subversive Ideological And Political Content,Terrorism/Militancy,,,Militant Nationalism But Lack Of Information
Voice Of The Revolution,1951-04-27,1951,L.N. 263,Printed Documents,,"People's Liberation Army Of Malaya,N.Johore 5Th Brigade,West Section",Unclear,,,Subversive Ideological And Political Content,Terrorism/Militancy,,,Sounds Like Miltancy
Unite Together In Crushing The Fascist Dictatorial Rule,1966-02-24,1966,P.U. 72,Printed Documents,"Lpm, Prm, Perak State Liaison Committee Secretariat",,Unclear,"Lpm, Prm, Perak State Liaison Committee Secretariat","[""Chinese""]",Subversive Ideological And Political Content,Terrorism/Militancy,,,
Kajian Dasar Negara Kita Terhadap Urusan Orang Cina Seberang Laut-Analisis Perkembangannya Selepas 1971),1993-04-29,1993,P.U. (A) 113,Printed Documents,Yan Kuo Yu,"Loong Wen Publishing Co. Ltd.,",Unclear,Lian He Printing Press Co. Ltd.,"[""Chinese""]",Subversive Ideological And Political Content,Terrorism/Militancy,,,